lemma	length	difficulty	morphology_tags	plural_only	zipf_frequency	frequency_rank_for_length	source	status	manual_decision
абзац	5	MEDIUM	NOUN,inan,masc plur,ablt | NOUN,inan,masc plur,accs | NOUN,inan,masc plur,datv | NOUN,inan,masc plur,gent | NOUN,inan,masc plur,loct | NOUN,inan,masc plur,nomn | NOUN,inan,masc sing,ablt | NOUN,inan,masc sing,accs | NOUN,inan,masc sing,datv | NOUN,inan,masc sing,gent | NOUN,inan,masc sing,loct | NOUN,inan,masc sing,nomn	false	3.24	796	TRUSTED_V1	TRUSTED	ALLOW
авария	6	HARD	NOUN,inan,femn plur,ablt | NOUN,inan,femn plur,accs | NOUN,inan,femn plur,datv | NOUN,inan,femn plur,gent | NOUN,inan,femn plur,loct | NOUN,inan,femn plur,nomn | NOUN,inan,femn sing,ablt | NOUN,inan,femn sing,ablt,V-ey | NOUN,inan,femn sing,accs | NOUN,inan,femn sing,datv | NOUN,inan,femn sing,gent | NOUN,inan,femn sing,loct | NOUN,inan,femn sing,nomn	false	4.11	184	WORDFREQ_RANKED	IN_POOL_REVIEW_REQUIRED	
август	6	HARD	NOUN,inan,masc plur,ablt | NOUN,inan,masc plur,accs | NOUN,inan,masc plur,datv | NOUN,inan,masc plur,gent | NOUN,inan,masc plur,loct | NOUN,inan,masc plur,nomn | NOUN,inan,masc sing,ablt | NOUN,inan,masc sing,accs | NOUN,inan,masc sing,datv | NOUN,inan,masc sing,gent | NOUN,inan,masc sing,loct | NOUN,inan,masc sing,nomn	false	4.28	127	WORDFREQ_RANKED	IN_POOL_REVIEW_REQUIRED	
авиация	7	EXPERT	NOUN,inan,femn plur,ablt | NOUN,inan,femn plur,accs | NOUN,inan,femn plur,datv | NOUN,inan,femn plur,gent | NOUN,inan,femn plur,loct | NOUN,inan,femn plur,nomn | NOUN,inan,femn sing,ablt | NOUN,inan,femn sing,ablt,V-ey | NOUN,inan,femn sing,accs | NOUN,inan,femn sing,datv | NOUN,inan,femn sing,gent | NOUN,inan,femn sing,loct | NOUN,inan,femn sing,nomn	false	3.97	224	WORDFREQ_RANKED	IN_POOL_REVIEW_REQUIRED	
авто	4	EASY	NOUN,inan,neut,Fixd plur,ablt | NOUN,inan,neut,Fixd plur,accs | NOUN,inan,neut,Fixd plur,datv | NOUN,inan,neut,Fixd plur,gent | NOUN,inan,neut,Fixd plur,loct | NOUN,inan,neut,Fixd plur,nomn | NOUN,inan,neut,Fixd sing,ablt | NOUN,inan,neut,Fixd sing,accs | NOUN,inan,neut,Fixd sing,datv | NOUN,inan,neut,Fixd sing,gent | NOUN,inan,neut,Fixd sing,loct | NOUN,inan,neut,Fixd sing,nomn	false	4.26	141	WORDFREQ_RANKED	IN_POOL_REVIEW_REQUIRED	
автобус	7	EXPERT	NOUN,inan,masc plur,ablt | NOUN,inan,masc plur,accs | NOUN,inan,masc plur,datv | NOUN,inan,masc plur,gent | NOUN,inan,masc plur,loct | NOUN,inan,masc plur,nomn | NOUN,inan,masc sing,ablt | NOUN,inan,masc sing,accs | NOUN,inan,masc sing,datv | NOUN,inan,masc sing,gent | NOUN,inan,masc sing,loct | NOUN,inan,masc sing,nomn	false	4.54	69	MANUAL_ALLOW	IN_POOL_REVIEW_REQUIRED	ALLOW
автомат	7	EXPERT	NOUN,inan,masc plur,ablt | NOUN,inan,masc plur,accs | NOUN,inan,masc plur,datv | NOUN,inan,masc plur,gent | NOUN,inan,masc plur,loct | NOUN,inan,masc plur,nomn | NOUN,inan,masc sing,ablt | NOUN,inan,masc sing,accs | NOUN,inan,masc sing,datv | NOUN,inan,masc sing,gent | NOUN,inan,masc sing,loct | NOUN,inan,masc sing,nomn	false	4.06	196	WORDFREQ_RANKED	IN_POOL_REVIEW_REQUIRED	
автор	5	MEDIUM	NOUN,anim,masc plur,ablt | NOUN,anim,masc plur,accs | NOUN,anim,masc plur,datv | NOUN,anim,masc plur,gent | NOUN,anim,masc plur,loct | NOUN,anim,masc plur,nomn | NOUN,anim,masc sing,ablt | NOUN,anim,masc sing,accs | NOUN,anim,masc sing,datv | NOUN,anim,masc sing,gent | NOUN,anim,masc sing,loct | NOUN,anim,masc sing,nomn	false	5.13	13	TRUSTED_V1	TRUSTED	ALLOW
агрегат	7	EXPERT	NOUN,inan,masc plur,ablt | NOUN,inan,masc plur,accs | NOUN,inan,masc plur,datv | NOUN,inan,masc plur,gent | NOUN,inan,masc plur,loct | NOUN,inan,masc plur,nomn | NOUN,inan,masc sing,ablt | NOUN,inan,masc sing,accs | NOUN,inan,masc sing,datv | NOUN,inan,masc sing,gent | NOUN,inan,masc sing,loct | NOUN,inan,masc sing,nomn	false	3.51	461	WORDFREQ_RANKED	IN_POOL_REVIEW_REQUIRED	
адвокат	7	EXPERT	NOUN,anim,masc plur,ablt | NOUN,anim,masc plur,accs | NOUN,anim,masc plur,datv | NOUN,anim,masc plur,gent | NOUN,anim,masc plur,loct | NOUN,anim,masc plur,nomn | NOUN,anim,masc sing,ablt | NOUN,anim,masc sing,accs | NOUN,anim,masc sing,datv | NOUN,anim,masc sing,gent | NOUN,anim,masc sing,loct | NOUN,anim,masc sing,nomn	false	4.62	58	WORDFREQ_RANKED	IN_POOL_REVIEW_REQUIRED	
адмирал	7	EXPERT	NOUN,anim,masc plur,ablt | NOUN,anim,masc plur,accs | NOUN,anim,masc plur,datv | NOUN,anim,masc plur,gent | NOUN,anim,masc plur,loct | NOUN,anim,masc plur,nomn | NOUN,anim,masc sing,ablt | NOUN,anim,masc sing,accs | NOUN,anim,masc sing,datv | NOUN,anim,masc sing,gent | NOUN,anim,masc sing,loct | NOUN,anim,masc sing,nomn	false	4.17	163	WORDFREQ_RANKED	IN_POOL_REVIEW_REQUIRED	
адрес	5	MEDIUM	NOUN,inan,masc plur,ablt | NOUN,inan,masc plur,accs | NOUN,inan,masc plur,accs,Infr | NOUN,inan,masc plur,datv | NOUN,inan,masc plur,gent | NOUN,inan,masc plur,loct | NOUN,inan,masc plur,nomn | NOUN,inan,masc plur,nomn,Infr | NOUN,inan,masc sing,ablt | NOUN,inan,masc sing,accs | NOUN,inan,masc sing,datv | NOUN,inan,masc sing,gent | NOUN,inan,masc sing,loct | NOUN,inan,masc sing,nomn	false	4.81	41	TRUSTED_V1	TRUSTED	ALLOW
азбука	6	HARD	NOUN,inan,femn plur,ablt | NOUN,inan,femn plur,accs | NOUN,inan,femn plur,datv | NOUN,inan,femn plur,gent | NOUN,inan,femn plur,loct | NOUN,inan,femn plur,nomn | NOUN,inan,femn sing,ablt | NOUN,inan,femn sing,ablt,V-oy | NOUN,inan,femn sing,accs | NOUN,inan,femn sing,datv | NOUN,inan,femn sing,gent | NOUN,inan,femn sing,loct | NOUN,inan,femn sing,nomn	false	3.54	503	WORDFREQ_RANKED	IN_POOL_REVIEW_REQUIRED	
азот	4	EASY	NOUN,inan,masc plur,ablt | NOUN,inan,masc plur,accs | NOUN,inan,masc plur,datv | NOUN,inan,masc plur,gent | NOUN,inan,masc plur,loct | NOUN,inan,masc plur,nomn | NOUN,inan,masc sing,ablt | NOUN,inan,masc sing,accs | NOUN,inan,masc sing,datv | NOUN,inan,masc sing,gent | NOUN,inan,masc sing,loct | NOUN,inan,masc sing,nomn	false	3.36	457	WORDFREQ_RANKED	IN_POOL_REVIEW_REQUIRED	
аккаунт	7	EXPERT	NOUN,inan,masc plur,ablt | NOUN,inan,masc plur,accs | NOUN,inan,masc plur,datv | NOUN,inan,masc plur,gent | NOUN,inan,masc plur,loct | NOUN,inan,masc plur,nomn | NOUN,inan,masc sing,ablt | NOUN,inan,masc sing,accs | NOUN,inan,masc sing,datv | NOUN,inan,masc sing,gent | NOUN,inan,masc sing,loct | NOUN,inan,masc sing,nomn	false	3.71	345	WORDFREQ_RANKED	IN_POOL_REVIEW_REQUIRED	
актер	5	MEDIUM	NOUN,anim,masc plur,ablt | NOUN,anim,masc plur,accs | NOUN,anim,masc plur,datv | NOUN,anim,masc plur,gent | NOUN,anim,masc plur,loct | NOUN,anim,masc plur,nomn | NOUN,anim,masc sing,ablt | NOUN,anim,masc sing,accs | NOUN,anim,masc sing,datv | NOUN,anim,masc sing,gent | NOUN,anim,masc sing,loct | NOUN,anim,masc sing,nomn	false	4.33	139	TRUSTED_V1	TRUSTED	ALLOW
актриса	7	EXPERT	NOUN,anim,femn plur,ablt | NOUN,anim,femn plur,accs | NOUN,anim,femn plur,datv | NOUN,anim,femn plur,gent | NOUN,anim,femn plur,loct | NOUN,anim,femn plur,nomn | NOUN,anim,femn sing,ablt | NOUN,anim,femn sing,ablt,V-oy | NOUN,anim,femn sing,accs | NOUN,anim,femn sing,datv | NOUN,anim,femn sing,gent | NOUN,anim,femn sing,loct | NOUN,anim,femn sing,nomn	false	4.36	102	WORDFREQ_RANKED	IN_POOL_REVIEW_REQUIRED	
акула	5	MEDIUM	NOUN,anim,femn plur,ablt | NOUN,anim,femn plur,accs | NOUN,anim,femn plur,datv | NOUN,anim,femn plur,gent | NOUN,anim,femn plur,loct | NOUN,anim,femn plur,nomn | NOUN,anim,femn sing,ablt | NOUN,anim,femn sing,ablt,V-oy | NOUN,anim,femn sing,accs | NOUN,anim,femn sing,datv | NOUN,anim,femn sing,gent | NOUN,anim,femn sing,loct | NOUN,anim,femn sing,nomn	false	3.60	484	TRUSTED_V1	TRUSTED	ALLOW
акцент	6	HARD	NOUN,inan,masc plur,ablt | NOUN,inan,masc plur,accs | NOUN,inan,masc plur,datv | NOUN,inan,masc plur,gent | NOUN,inan,masc plur,loct | NOUN,inan,masc plur,nomn | NOUN,inan,masc sing,ablt | NOUN,inan,masc sing,accs | NOUN,inan,masc sing,datv | NOUN,inan,masc sing,gent | NOUN,inan,masc sing,loct | NOUN,inan,masc sing,nomn	false	4.01	219	WORDFREQ_RANKED	IN_POOL_REVIEW_REQUIRED	
акция	5	MEDIUM	NOUN,inan,femn plur,ablt | NOUN,inan,femn plur,accs | NOUN,inan,femn plur,datv | NOUN,inan,femn plur,gent | NOUN,inan,femn plur,loct | NOUN,inan,femn plur,nomn | NOUN,inan,femn sing,ablt | NOUN,inan,femn sing,ablt,V-ey | NOUN,inan,femn sing,accs | NOUN,inan,femn sing,datv | NOUN,inan,femn sing,gent | NOUN,inan,femn sing,loct | NOUN,inan,femn sing,nomn	false	4.37	129	TRUSTED_V1	TRUSTED	ALLOW
алгебра	7	EXPERT	NOUN,inan,femn plur,ablt | NOUN,inan,femn plur,accs | NOUN,inan,femn plur,datv | NOUN,inan,femn plur,gent | NOUN,inan,femn plur,loct | NOUN,inan,femn plur,nomn | NOUN,inan,femn sing,ablt | NOUN,inan,femn sing,ablt,V-oy | NOUN,inan,femn sing,accs | NOUN,inan,femn sing,datv | NOUN,inan,femn sing,gent | NOUN,inan,femn sing,loct | NOUN,inan,femn sing,nomn	false	3.49	478	WORDFREQ_RANKED	IN_POOL_REVIEW_REQUIRED	
аллея	5	MEDIUM	NOUN,inan,femn plur,ablt | NOUN,inan,femn plur,accs | NOUN,inan,femn plur,datv | NOUN,inan,femn plur,gent | NOUN,inan,femn plur,loct | NOUN,inan,femn plur,nomn | NOUN,inan,femn sing,ablt | NOUN,inan,femn sing,ablt,V-ey | NOUN,inan,femn sing,accs | NOUN,inan,femn sing,datv | NOUN,inan,femn sing,gent | NOUN,inan,femn sing,loct | NOUN,inan,femn sing,nomn	false	3.45	599	TRUSTED_V1	TRUSTED	ALLOW
алмаз	5	MEDIUM	NOUN,inan,masc plur,ablt | NOUN,inan,masc plur,accs | NOUN,inan,masc plur,datv | NOUN,inan,masc plur,gent | NOUN,inan,masc plur,loct | NOUN,inan,masc plur,nomn | NOUN,inan,masc sing,ablt | NOUN,inan,masc sing,accs | NOUN,inan,masc sing,datv | NOUN,inan,masc sing,gent | NOUN,inan,masc sing,loct | NOUN,inan,masc sing,nomn	false	3.74	402	TRUSTED_V1	TRUSTED	ALLOW
алфавит	7	EXPERT	NOUN,inan,masc plur,ablt | NOUN,inan,masc plur,accs | NOUN,inan,masc plur,datv | NOUN,inan,masc plur,gent | NOUN,inan,masc plur,loct | NOUN,inan,masc plur,nomn | NOUN,inan,masc sing,ablt | NOUN,inan,masc sing,accs | NOUN,inan,masc sing,datv | NOUN,inan,masc sing,gent | NOUN,inan,masc sing,loct | NOUN,inan,masc sing,nomn	false	3.48	485	WORDFREQ_RANKED	IN_POOL_REVIEW_REQUIRED	
альбом	6	HARD	NOUN,inan,masc plur,ablt | NOUN,inan,masc plur,accs | NOUN,inan,masc plur,datv | NOUN,inan,masc plur,gent | NOUN,inan,masc plur,loct | NOUN,inan,masc plur,nomn | NOUN,inan,masc sing,ablt | NOUN,inan,masc sing,accs | NOUN,inan,masc sing,datv | NOUN,inan,masc sing,gent | NOUN,inan,masc sing,loct | NOUN,inan,masc sing,nomn	false	4.72	53	WORDFREQ_RANKED	IN_POOL_REVIEW_REQUIRED	
альянс	6	HARD	NOUN,inan,masc plur,ablt | NOUN,inan,masc plur,accs | NOUN,inan,masc plur,datv | NOUN,inan,masc plur,gent | NOUN,inan,masc plur,loct | NOUN,inan,masc plur,nomn | NOUN,inan,masc sing,ablt | NOUN,inan,masc sing,accs | NOUN,inan,masc sing,datv | NOUN,inan,masc sing,gent | NOUN,inan,masc sing,loct | NOUN,inan,masc sing,nomn	false	3.97	233	WORDFREQ_RANKED	IN_POOL_REVIEW_REQUIRED	
анализ	6	HARD	NOUN,inan,masc plur,ablt | NOUN,inan,masc plur,accs | NOUN,inan,masc plur,datv | NOUN,inan,masc plur,gent | NOUN,inan,masc plur,loct | NOUN,inan,masc plur,nomn | NOUN,inan,masc sing,ablt | NOUN,inan,masc sing,accs | NOUN,inan,masc sing,datv | NOUN,inan,masc sing,gent | NOUN,inan,masc sing,loct | NOUN,inan,masc sing,nomn	false	4.65	64	WORDFREQ_RANKED	IN_POOL_REVIEW_REQUIRED	
аналог	6	HARD	NOUN,inan,masc plur,ablt | NOUN,inan,masc plur,accs | NOUN,inan,masc plur,datv | NOUN,inan,masc plur,gent | NOUN,inan,masc plur,loct | NOUN,inan,masc plur,nomn | NOUN,inan,masc sing,ablt | NOUN,inan,masc sing,accs | NOUN,inan,masc sing,datv | NOUN,inan,masc sing,gent | NOUN,inan,masc sing,loct | NOUN,inan,masc sing,nomn	false	3.92	253	WORDFREQ_RANKED	IN_POOL_REVIEW_REQUIRED	
ангар	5	MEDIUM	NOUN,inan,masc plur,ablt | NOUN,inan,masc plur,accs | NOUN,inan,masc plur,datv | NOUN,inan,masc plur,gent | NOUN,inan,masc plur,loct | NOUN,inan,masc plur,nomn | NOUN,inan,masc sing,ablt | NOUN,inan,masc sing,accs | NOUN,inan,masc sing,datv | NOUN,inan,masc sing,gent | NOUN,inan,masc sing,loct | NOUN,inan,masc sing,nomn	false	3.10	934	TRUSTED_V1	TRUSTED	ALLOW
анекдот	7	EXPERT	NOUN,inan,masc plur,ablt | NOUN,inan,masc plur,accs | NOUN,inan,masc plur,datv | NOUN,inan,masc plur,gent | NOUN,inan,masc plur,loct | NOUN,inan,masc plur,nomn | NOUN,inan,masc sing,ablt | NOUN,inan,masc sing,accs | NOUN,inan,masc sing,datv | NOUN,inan,masc sing,gent | NOUN,inan,masc sing,loct | NOUN,inan,masc sing,nomn	false	3.67	374	WORDFREQ_RANKED	IN_POOL_REVIEW_REQUIRED	
апостол	7	EXPERT	NOUN,anim,masc plur,ablt | NOUN,anim,masc plur,accs | NOUN,anim,masc plur,datv | NOUN,anim,masc plur,gent | NOUN,anim,masc plur,loct | NOUN,anim,masc plur,nomn | NOUN,anim,masc sing,ablt | NOUN,anim,masc sing,accs | NOUN,anim,masc sing,datv | NOUN,anim,masc sing,gent | NOUN,anim,masc sing,loct | NOUN,anim,masc sing,nomn | NOUN,inan,masc plur,ablt | NOUN,inan,masc plur,accs | NOUN,inan,masc plur,datv | NOUN,inan,masc plur,gent | NOUN,inan,masc plur,loct | NOUN,inan,masc plur,nomn | NOUN,inan,masc sing,ablt | NOUN,inan,masc sing,accs | NOUN,inan,masc sing,datv | NOUN,inan,masc sing,gent | NOUN,inan,masc sing,loct | NOUN,inan,masc sing,nomn	false	3.50	469	WORDFREQ_RANKED	IN_POOL_REVIEW_REQUIRED	
аппарат	7	EXPERT	NOUN,inan,masc plur,ablt | NOUN,inan,masc plur,accs | NOUN,inan,masc plur,datv | NOUN,inan,masc plur,gent | NOUN,inan,masc plur,loct | NOUN,inan,masc plur,nomn | NOUN,inan,masc sing,ablt | NOUN,inan,masc sing,accs | NOUN,inan,masc sing,datv | NOUN,inan,masc sing,gent | NOUN,inan,masc sing,loct | NOUN,inan,masc sing,nomn	false	4.44	87	WORDFREQ_RANKED	IN_POOL_REVIEW_REQUIRED	
аппетит	7	EXPERT	NOUN,inan,masc plur,ablt | NOUN,inan,masc plur,accs | NOUN,inan,masc plur,datv | NOUN,inan,masc plur,gent | NOUN,inan,masc plur,loct | NOUN,inan,masc plur,nomn | NOUN,inan,masc sing,ablt | NOUN,inan,masc sing,accs | NOUN,inan,masc sing,datv | NOUN,inan,masc sing,gen2 | NOUN,inan,masc sing,gent | NOUN,inan,masc sing,loct | NOUN,inan,masc sing,nomn	false	3.81	293	WORDFREQ_RANKED	IN_POOL_REVIEW_REQUIRED	
апрель	6	HARD	NOUN,inan,masc plur,ablt | NOUN,inan,masc plur,accs | NOUN,inan,masc plur,datv | NOUN,inan,masc plur,gent | NOUN,inan,masc plur,loct | NOUN,inan,masc plur,nomn | NOUN,inan,masc sing,ablt | NOUN,inan,masc sing,accs | NOUN,inan,masc sing,datv | NOUN,inan,masc sing,gent | NOUN,inan,masc sing,loct | NOUN,inan,masc sing,nomn	false	4.33	116	WORDFREQ_RANKED	IN_POOL_REVIEW_REQUIRED	
аптека	6	HARD	NOUN,inan,femn plur,ablt | NOUN,inan,femn plur,accs | NOUN,inan,femn plur,datv | NOUN,inan,femn plur,gent | NOUN,inan,femn plur,loct | NOUN,inan,femn plur,nomn | NOUN,inan,femn sing,ablt | NOUN,inan,femn sing,ablt,V-oy | NOUN,inan,femn sing,accs | NOUN,inan,femn sing,datv | NOUN,inan,femn sing,gent | NOUN,inan,femn sing,loct | NOUN,inan,femn sing,nomn	false	3.48	555	MANUAL_ALLOW	IN_POOL_REVIEW_REQUIRED	ALLOW
араб	4	EASY	NOUN,anim,masc plur,ablt | NOUN,anim,masc plur,accs | NOUN,anim,masc plur,datv | NOUN,anim,masc plur,gent | NOUN,anim,masc plur,loct | NOUN,anim,masc plur,nomn | NOUN,anim,masc sing,ablt | NOUN,anim,masc sing,accs | NOUN,anim,masc sing,datv | NOUN,anim,masc sing,gent | NOUN,anim,masc sing,loct | NOUN,anim,masc sing,nomn	false	3.44	405	WORDFREQ_RANKED	IN_POOL_REVIEW_REQUIRED	
арбуз	5	MEDIUM	NOUN,inan,masc plur,ablt | NOUN,inan,masc plur,accs | NOUN,inan,masc plur,datv | NOUN,inan,masc plur,gent | NOUN,inan,masc plur,loct | NOUN,inan,masc plur,nomn | NOUN,inan,masc sing,ablt | NOUN,inan,masc sing,accs | NOUN,inan,masc sing,datv | NOUN,inan,masc sing,gent | NOUN,inan,masc sing,loct | NOUN,inan,masc sing,nomn	false	3.24	797	TRUSTED_V1	TRUSTED	ALLOW
арена	5	MEDIUM	NOUN,inan,femn plur,ablt | NOUN,inan,femn plur,accs | NOUN,inan,femn plur,datv | NOUN,inan,femn plur,gent | NOUN,inan,femn plur,loct | NOUN,inan,femn plur,nomn | NOUN,inan,femn sing,ablt | NOUN,inan,femn sing,ablt,V-oy | NOUN,inan,femn sing,accs | NOUN,inan,femn sing,datv | NOUN,inan,femn sing,gent | NOUN,inan,femn sing,loct | NOUN,inan,femn sing,nomn	false	3.99	274	TRUSTED_V1	TRUSTED	ALLOW
аренда	6	HARD	NOUN,inan,femn plur,ablt | NOUN,inan,femn plur,accs | NOUN,inan,femn plur,datv | NOUN,inan,femn plur,gent | NOUN,inan,femn plur,loct | NOUN,inan,femn plur,nomn | NOUN,inan,femn sing,ablt | NOUN,inan,femn sing,ablt,V-oy | NOUN,inan,femn sing,accs | NOUN,inan,femn sing,datv | NOUN,inan,femn sing,gent | NOUN,inan,femn sing,loct | NOUN,inan,femn sing,nomn	false	3.67	394	WORDFREQ_RANKED	IN_POOL_REVIEW_REQUIRED	
ария	4	EASY	NOUN,inan,femn plur,ablt | NOUN,inan,femn plur,accs | NOUN,inan,femn plur,datv | NOUN,inan,femn plur,gent | NOUN,inan,femn plur,loct | NOUN,inan,femn plur,nomn | NOUN,inan,femn sing,ablt | NOUN,inan,femn sing,ablt,V-ey | NOUN,inan,femn sing,accs | NOUN,inan,femn sing,datv | NOUN,inan,femn sing,gent | NOUN,inan,femn sing,loct | NOUN,inan,femn sing,nomn	false	3.54	366	WORDFREQ_RANKED	IN_POOL_REVIEW_REQUIRED	
арка	4	EASY	NOUN,inan,femn plur,ablt | NOUN,inan,femn plur,accs | NOUN,inan,femn plur,datv | NOUN,inan,femn plur,gent | NOUN,inan,femn plur,loct | NOUN,inan,femn plur,nomn | NOUN,inan,femn sing,ablt | NOUN,inan,femn sing,ablt,V-oy | NOUN,inan,femn sing,accs | NOUN,inan,femn sing,datv | NOUN,inan,femn sing,gent | NOUN,inan,femn sing,loct | NOUN,inan,femn sing,nomn	false	3.40	434	WORDFREQ_RANKED	IN_POOL_REVIEW_REQUIRED	
армия	5	MEDIUM	NOUN,inan,femn plur,ablt | NOUN,inan,femn plur,accs | NOUN,inan,femn plur,datv | NOUN,inan,femn plur,gent | NOUN,inan,femn plur,loct | NOUN,inan,femn plur,nomn | NOUN,inan,femn sing,ablt | NOUN,inan,femn sing,ablt,V-ey | NOUN,inan,femn sing,accs | NOUN,inan,femn sing,datv | NOUN,inan,femn sing,gent | NOUN,inan,femn sing,loct | NOUN,inan,femn sing,nomn	false	4.74	51	TRUSTED_V1	TRUSTED	ALLOW
аромат	6	HARD	NOUN,inan,masc plur,ablt | NOUN,inan,masc plur,accs | NOUN,inan,masc plur,datv | NOUN,inan,masc plur,gent | NOUN,inan,masc plur,loct | NOUN,inan,masc plur,nomn | NOUN,inan,masc sing,ablt | NOUN,inan,masc sing,accs | NOUN,inan,masc sing,datv | NOUN,inan,masc sing,gent | NOUN,inan,masc sing,loct | NOUN,inan,masc sing,nomn	false	3.87	273	WORDFREQ_RANKED	IN_POOL_REVIEW_REQUIRED	
арсенал	7	EXPERT	NOUN,inan,masc plur,ablt | NOUN,inan,masc plur,accs | NOUN,inan,masc plur,datv | NOUN,inan,masc plur,gent | NOUN,inan,masc plur,loct | NOUN,inan,masc plur,nomn | NOUN,inan,masc sing,ablt | NOUN,inan,masc sing,accs | NOUN,inan,masc sing,datv | NOUN,inan,masc sing,gent | NOUN,inan,masc sing,loct | NOUN,inan,masc sing,nomn	false	4.23	139	WORDFREQ_RANKED	IN_POOL_REVIEW_REQUIRED	
артист	6	HARD	NOUN,anim,masc plur,ablt | NOUN,anim,masc plur,accs | NOUN,anim,masc plur,datv | NOUN,anim,masc plur,gent | NOUN,anim,masc plur,loct | NOUN,anim,masc plur,nomn | NOUN,anim,masc sing,ablt | NOUN,anim,masc sing,accs | NOUN,anim,masc sing,datv | NOUN,anim,masc sing,gent | NOUN,anim,masc sing,loct | NOUN,anim,masc sing,nomn	false	4.25	140	WORDFREQ_RANKED	IN_POOL_REVIEW_REQUIRED	
архив	5	MEDIUM	NOUN,inan,masc plur,ablt | NOUN,inan,masc plur,accs | NOUN,inan,masc plur,datv | NOUN,inan,masc plur,gent | NOUN,inan,masc plur,loct | NOUN,inan,masc plur,nomn | NOUN,inan,masc sing,ablt | NOUN,inan,masc sing,accs | NOUN,inan,masc sing,datv | NOUN,inan,masc sing,gent | NOUN,inan,masc sing,loct | NOUN,inan,masc sing,nomn	false	4.37	130	TRUSTED_V1	TRUSTED	ALLOW
аспект	6	HARD	NOUN,inan,masc plur,ablt | NOUN,inan,masc plur,accs | NOUN,inan,masc plur,datv | NOUN,inan,masc plur,gent | NOUN,inan,masc plur,loct | NOUN,inan,masc plur,nomn | NOUN,inan,masc sing,ablt | NOUN,inan,masc sing,accs | NOUN,inan,masc sing,datv | NOUN,inan,masc sing,gent | NOUN,inan,masc sing,loct | NOUN,inan,masc sing,nomn	false	3.72	352	WORDFREQ_RANKED	IN_POOL_REVIEW_REQUIRED	
астра	5	MEDIUM	NOUN,inan,femn plur,ablt | NOUN,inan,femn plur,accs | NOUN,inan,femn plur,datv | NOUN,inan,femn plur,gent | NOUN,inan,femn plur,loct | NOUN,inan,femn plur,nomn | NOUN,inan,femn sing,ablt | NOUN,inan,femn sing,ablt,V-oy | NOUN,inan,femn sing,accs | NOUN,inan,femn sing,datv | NOUN,inan,femn sing,gent | NOUN,inan,femn sing,loct | NOUN,inan,femn sing,nomn	false	3.06		TRUSTED_V1	TRUSTED	ALLOW
асфальт	7	EXPERT	NOUN,inan,masc plur,ablt | NOUN,inan,masc plur,accs | NOUN,inan,masc plur,datv | NOUN,inan,masc plur,gent | NOUN,inan,masc plur,loct | NOUN,inan,masc plur,nomn | NOUN,inan,masc sing,ablt | NOUN,inan,masc sing,accs | NOUN,inan,masc sing,datv | NOUN,inan,masc sing,gent | NOUN,inan,masc sing,loct | NOUN,inan,masc sing,nomn	false	3.73	337	WORDFREQ_RANKED	IN_POOL_REVIEW_REQUIRED	
ателье	6	HARD	NOUN,inan,neut,Fixd plur,ablt | NOUN,inan,neut,Fixd plur,accs | NOUN,inan,neut,Fixd plur,datv | NOUN,inan,neut,Fixd plur,gent | NOUN,inan,neut,Fixd plur,loct | NOUN,inan,neut,Fixd plur,nomn | NOUN,inan,neut,Fixd sing,ablt | NOUN,inan,neut,Fixd sing,accs | NOUN,inan,neut,Fixd sing,datv | NOUN,inan,neut,Fixd sing,gent | NOUN,inan,neut,Fixd sing,loct | NOUN,inan,neut,Fixd sing,nomn	false	3.54	504	WORDFREQ_RANKED	IN_POOL_REVIEW_REQUIRED	
атом	4	EASY	NOUN,inan,masc plur,ablt | NOUN,inan,masc plur,accs | NOUN,inan,masc plur,datv | NOUN,inan,masc plur,gent | NOUN,inan,masc plur,loct | NOUN,inan,masc plur,nomn | NOUN,inan,masc sing,ablt | NOUN,inan,masc sing,accs | NOUN,inan,masc sing,datv | NOUN,inan,masc sing,gent | NOUN,inan,masc sing,loct | NOUN,inan,masc sing,nomn	false	3.49	382	WORDFREQ_RANKED	IN_POOL_REVIEW_REQUIRED	
атташе	6	HARD	NOUN,anim,masc,Fixd plur,ablt | NOUN,anim,masc,Fixd plur,accs | NOUN,anim,masc,Fixd plur,datv | NOUN,anim,masc,Fixd plur,gent | NOUN,anim,masc,Fixd plur,loct | NOUN,anim,masc,Fixd plur,nomn | NOUN,anim,masc,Fixd sing,ablt | NOUN,anim,masc,Fixd sing,accs | NOUN,anim,masc,Fixd sing,datv | NOUN,anim,masc,Fixd sing,gent | NOUN,anim,masc,Fixd sing,loct | NOUN,anim,masc,Fixd sing,nomn	false	3.55	491	WORDFREQ_RANKED	IN_POOL_REVIEW_REQUIRED	
аукцион	7	EXPERT	NOUN,inan,masc plur,ablt | NOUN,inan,masc plur,accs | NOUN,inan,masc plur,datv | NOUN,inan,masc plur,gent | NOUN,inan,masc plur,loct | NOUN,inan,masc plur,nomn | NOUN,inan,masc sing,ablt | NOUN,inan,masc sing,accs | NOUN,inan,masc sing,datv | NOUN,inan,masc sing,gent | NOUN,inan,masc sing,loct | NOUN,inan,masc sing,nomn	false	3.81	294	WORDFREQ_RANKED	IN_POOL_REVIEW_REQUIRED	
афиша	5	MEDIUM	NOUN,inan,femn plur,ablt | NOUN,inan,femn plur,accs | NOUN,inan,femn plur,datv | NOUN,inan,femn plur,gent | NOUN,inan,femn plur,loct | NOUN,inan,femn plur,nomn | NOUN,inan,femn sing,ablt | NOUN,inan,femn sing,ablt,V-ey | NOUN,inan,femn sing,accs | NOUN,inan,femn sing,datv | NOUN,inan,femn sing,gent | NOUN,inan,femn sing,loct | NOUN,inan,femn sing,nomn	false	3.45	600	TRUSTED_V1	TRUSTED	ALLOW
баба	4	EASY	NOUN,anim,femn plur,ablt | NOUN,anim,femn plur,accs | NOUN,anim,femn plur,datv | NOUN,anim,femn plur,gent | NOUN,anim,femn plur,loct | NOUN,anim,femn plur,nomn | NOUN,anim,femn sing,ablt | NOUN,anim,femn sing,ablt,V-oy | NOUN,anim,femn sing,accs | NOUN,anim,femn sing,datv | NOUN,anim,femn sing,gent | NOUN,anim,femn sing,loct | NOUN,anim,femn sing,nomn | NOUN,inan,femn plur,ablt | NOUN,inan,femn plur,accs | NOUN,inan,femn plur,datv | NOUN,inan,femn plur,gent | NOUN,inan,femn plur,loct | NOUN,inan,femn plur,nomn | NOUN,inan,femn sing,ablt | NOUN,inan,femn sing,ablt,V-oy | NOUN,inan,femn sing,accs | NOUN,inan,femn sing,datv | NOUN,inan,femn sing,gent | NOUN,inan,femn sing,loct | NOUN,inan,femn sing,nomn	false	4.10	176	WORDFREQ_RANKED	IN_POOL_REVIEW_REQUIRED	
бабочка	7	EXPERT	NOUN,anim,femn plur,ablt | NOUN,anim,femn plur,accs | NOUN,anim,femn plur,datv | NOUN,anim,femn plur,gent | NOUN,anim,femn plur,loct | NOUN,anim,femn plur,nomn | NOUN,anim,femn sing,ablt | NOUN,anim,femn sing,ablt,V-oy | NOUN,anim,femn sing,accs | NOUN,anim,femn sing,datv | NOUN,anim,femn sing,gent | NOUN,anim,femn sing,loct | NOUN,anim,femn sing,nomn | NOUN,inan,femn plur,ablt | NOUN,inan,femn plur,accs | NOUN,inan,femn plur,datv | NOUN,inan,femn plur,gent | NOUN,inan,femn plur,loct | NOUN,inan,femn plur,nomn | NOUN,inan,femn sing,ablt | NOUN,inan,femn sing,ablt,V-oy | NOUN,inan,femn sing,accs | NOUN,inan,femn sing,datv | NOUN,inan,femn sing,gent | NOUN,inan,femn sing,loct | NOUN,inan,femn sing,nomn	false	3.66	379	WORDFREQ_RANKED	IN_POOL_REVIEW_REQUIRED	
бабуля	6	HARD	NOUN,anim,femn plur,ablt | NOUN,anim,femn plur,accs | NOUN,anim,femn plur,datv | NOUN,anim,femn plur,gent | NOUN,anim,femn plur,loct | NOUN,anim,femn plur,nomn | NOUN,anim,femn sing,ablt | NOUN,anim,femn sing,ablt,V-ey | NOUN,anim,femn sing,accs | NOUN,anim,femn sing,datv | NOUN,anim,femn sing,gent | NOUN,anim,femn sing,loct | NOUN,anim,femn sing,nomn	false	3.58	466	WORDFREQ_RANKED	IN_POOL_REVIEW_REQUIRED	
бабушка	7	EXPERT	NOUN,anim,femn plur,ablt | NOUN,anim,femn plur,accs | NOUN,anim,femn plur,datv | NOUN,anim,femn plur,gent | NOUN,anim,femn plur,loct | NOUN,anim,femn plur,nomn | NOUN,anim,femn sing,ablt | NOUN,anim,femn sing,ablt,V-oy | NOUN,anim,femn sing,accs | NOUN,anim,femn sing,datv | NOUN,anim,femn sing,gent | NOUN,anim,femn sing,loct | NOUN,anim,femn sing,nomn	false	4.54	70	WORDFREQ_RANKED	IN_POOL_REVIEW_REQUIRED	
багаж	5	MEDIUM	NOUN,inan,masc plur,ablt | NOUN,inan,masc plur,accs | NOUN,inan,masc plur,datv | NOUN,inan,masc plur,gent | NOUN,inan,masc plur,loct | NOUN,inan,masc plur,nomn | NOUN,inan,masc sing,ablt | NOUN,inan,masc sing,accs | NOUN,inan,masc sing,datv | NOUN,inan,masc sing,gent | NOUN,inan,masc sing,loct | NOUN,inan,masc sing,nomn	false	3.64	459	TRUSTED_V1	TRUSTED	ALLOW
база	4	EASY	NOUN,inan,femn plur,ablt | NOUN,inan,femn plur,accs | NOUN,inan,femn plur,datv | NOUN,inan,femn plur,gent | NOUN,inan,femn plur,loct | NOUN,inan,femn plur,nomn | NOUN,inan,femn sing,ablt | NOUN,inan,femn sing,ablt,V-oy | NOUN,inan,femn sing,accs | NOUN,inan,femn sing,datv | NOUN,inan,femn sing,gent | NOUN,inan,femn sing,loct | NOUN,inan,femn sing,nomn	false	4.45	104	WORDFREQ_RANKED	IN_POOL_REVIEW_REQUIRED	
базар	5	MEDIUM	NOUN,inan,masc plur,ablt | NOUN,inan,masc plur,accs | NOUN,inan,masc plur,datv | NOUN,inan,masc plur,gent | NOUN,inan,masc plur,loct | NOUN,inan,masc plur,nomn | NOUN,inan,masc sing,ablt | NOUN,inan,masc sing,accs | NOUN,inan,masc sing,datv | NOUN,inan,masc sing,gent | NOUN,inan,masc sing,loct | NOUN,inan,masc sing,nomn	false	3.68	438	TRUSTED_V1	TRUSTED	ALLOW
баланс	6	HARD	NOUN,inan,masc plur,ablt | NOUN,inan,masc plur,accs | NOUN,inan,masc plur,datv | NOUN,inan,masc plur,gent | NOUN,inan,masc plur,loct | NOUN,inan,masc plur,nomn | NOUN,inan,masc sing,ablt | NOUN,inan,masc sing,accs | NOUN,inan,masc sing,datv | NOUN,inan,masc sing,gent | NOUN,inan,masc sing,loct | NOUN,inan,masc sing,nomn	false	4.14	170	WORDFREQ_RANKED	IN_POOL_REVIEW_REQUIRED	
балет	5	MEDIUM	NOUN,inan,masc plur,ablt | NOUN,inan,masc plur,accs | NOUN,inan,masc plur,datv | NOUN,inan,masc plur,gent | NOUN,inan,masc plur,loct | NOUN,inan,masc plur,nomn | NOUN,inan,masc sing,ablt | NOUN,inan,masc sing,accs | NOUN,inan,masc sing,datv | NOUN,inan,masc sing,gent | NOUN,inan,masc sing,loct | NOUN,inan,masc sing,nomn	false	3.86	332	TRUSTED_V1	TRUSTED	ALLOW
балка	5	MEDIUM	NOUN,inan,femn plur,ablt | NOUN,inan,femn plur,accs | NOUN,inan,femn plur,datv | NOUN,inan,femn plur,gent | NOUN,inan,femn plur,loct | NOUN,inan,femn plur,nomn | NOUN,inan,femn sing,ablt | NOUN,inan,femn sing,ablt,V-oy | NOUN,inan,femn sing,accs | NOUN,inan,femn sing,datv | NOUN,inan,femn sing,gent | NOUN,inan,femn sing,loct | NOUN,inan,femn sing,nomn	false	3.18	856	TRUSTED_V1	TRUSTED	ALLOW
балкон	6	HARD	NOUN,inan,masc plur,ablt | NOUN,inan,masc plur,accs | NOUN,inan,masc plur,datv | NOUN,inan,masc plur,gent | NOUN,inan,masc plur,loct | NOUN,inan,masc plur,nomn | NOUN,inan,masc sing,ablt | NOUN,inan,masc sing,accs | NOUN,inan,masc sing,datv | NOUN,inan,masc sing,gent | NOUN,inan,masc sing,loct | NOUN,inan,masc sing,nomn	false	3.62	432	WORDFREQ_RANKED	IN_POOL_REVIEW_REQUIRED	
балл	4	EASY	NOUN,inan,masc plur,ablt | NOUN,inan,masc plur,accs | NOUN,inan,masc plur,datv | NOUN,inan,masc plur,gent | NOUN,inan,masc plur,loct | NOUN,inan,masc plur,nomn | NOUN,inan,masc sing,ablt | NOUN,inan,masc sing,accs | NOUN,inan,masc sing,datv | NOUN,inan,masc sing,gent | NOUN,inan,masc sing,loct | NOUN,inan,masc sing,nomn	false	3.70	299	WORDFREQ_RANKED	IN_POOL_REVIEW_REQUIRED	
банан	5	MEDIUM	NOUN,inan,masc plur,ablt | NOUN,inan,masc plur,accs | NOUN,inan,masc plur,datv | NOUN,inan,masc plur,gent | NOUN,inan,masc plur,loct | NOUN,inan,masc plur,nomn | NOUN,inan,masc sing,ablt | NOUN,inan,masc sing,accs | NOUN,inan,masc sing,datv | NOUN,inan,masc sing,gent | NOUN,inan,masc sing,loct | NOUN,inan,masc sing,nomn	false	3.42	628	TRUSTED_V1	TRUSTED	ALLOW
бандит	6	HARD	NOUN,anim,masc plur,ablt | NOUN,anim,masc plur,accs | NOUN,anim,masc plur,datv | NOUN,anim,masc plur,gent | NOUN,anim,masc plur,loct | NOUN,anim,masc plur,nomn | NOUN,anim,masc sing,ablt | NOUN,anim,masc sing,accs | NOUN,anim,masc sing,datv | NOUN,anim,masc sing,gent | NOUN,anim,masc sing,loct | NOUN,anim,masc sing,nomn	false	3.62	433	WORDFREQ_RANKED	IN_POOL_REVIEW_REQUIRED	
банк	4	EASY	NOUN,inan,masc plur,ablt | NOUN,inan,masc plur,accs | NOUN,inan,masc plur,datv | NOUN,inan,masc plur,gent | NOUN,inan,masc plur,loct | NOUN,inan,masc plur,nomn | NOUN,inan,masc sing,ablt | NOUN,inan,masc sing,accs | NOUN,inan,masc sing,datv | NOUN,inan,masc sing,gent | NOUN,inan,masc sing,loct | NOUN,inan,masc sing,nomn	false	4.78	49	MANUAL_ALLOW	IN_POOL_REVIEW_REQUIRED	ALLOW
банка	5	MEDIUM	NOUN,inan,femn plur,ablt | NOUN,inan,femn plur,accs | NOUN,inan,femn plur,datv | NOUN,inan,femn plur,gent | NOUN,inan,femn plur,loct | NOUN,inan,femn plur,nomn | NOUN,inan,femn sing,ablt | NOUN,inan,femn sing,ablt,V-oy | NOUN,inan,femn sing,accs | NOUN,inan,femn sing,datv | NOUN,inan,femn sing,gent | NOUN,inan,femn sing,loct | NOUN,inan,femn sing,nomn	false	4.71		TRUSTED_V1	TRUSTED	ALLOW
банкир	6	HARD	NOUN,anim,masc plur,ablt | NOUN,anim,masc plur,accs | NOUN,anim,masc plur,datv | NOUN,anim,masc plur,gent | NOUN,anim,masc plur,loct | NOUN,anim,masc plur,nomn | NOUN,anim,masc sing,ablt | NOUN,anim,masc sing,accs | NOUN,anim,masc sing,datv | NOUN,anim,masc sing,gent | NOUN,anim,masc sing,loct | NOUN,anim,masc sing,nomn	false	3.54	505	WORDFREQ_RANKED	IN_POOL_REVIEW_REQUIRED	
баня	4	EASY	NOUN,inan,femn plur,ablt | NOUN,inan,femn plur,accs | NOUN,inan,femn plur,datv | NOUN,inan,femn plur,gent | NOUN,inan,femn plur,loct | NOUN,inan,femn plur,nomn | NOUN,inan,femn sing,ablt | NOUN,inan,femn sing,ablt,V-ey | NOUN,inan,femn sing,accs | NOUN,inan,femn sing,datv | NOUN,inan,femn sing,gent | NOUN,inan,femn sing,loct | NOUN,inan,femn sing,nomn	false	3.66	315	WORDFREQ_RANKED	IN_POOL_REVIEW_REQUIRED	
барабан	7	EXPERT	NOUN,inan,masc plur,ablt | NOUN,inan,masc plur,accs | NOUN,inan,masc plur,datv | NOUN,inan,masc plur,gent | NOUN,inan,masc plur,loct | NOUN,inan,masc plur,nomn | NOUN,inan,masc sing,ablt | NOUN,inan,masc sing,accs | NOUN,inan,masc sing,datv | NOUN,inan,masc sing,gent | NOUN,inan,masc sing,loct | NOUN,inan,masc sing,nomn	false	3.57	428	WORDFREQ_RANKED	IN_POOL_REVIEW_REQUIRED	
баран	5	MEDIUM	NOUN,anim,masc plur,ablt | NOUN,anim,masc plur,accs | NOUN,anim,masc plur,datv | NOUN,anim,masc plur,gent | NOUN,anim,masc plur,loct | NOUN,anim,masc plur,nomn | NOUN,anim,masc sing,ablt | NOUN,anim,masc sing,accs | NOUN,anim,masc sing,datv | NOUN,anim,masc sing,gent | NOUN,anim,masc sing,loct | NOUN,anim,masc sing,nomn	false	3.40	651	TRUSTED_V1	TRUSTED	ALLOW
бардак	6	HARD	NOUN,inan,masc plur,ablt | NOUN,inan,masc plur,accs | NOUN,inan,masc plur,datv | NOUN,inan,masc plur,gent | NOUN,inan,masc plur,loct | NOUN,inan,masc plur,nomn | NOUN,inan,masc sing,ablt | NOUN,inan,masc sing,accs | NOUN,inan,masc sing,datv | NOUN,inan,masc sing,gent | NOUN,inan,masc sing,loct | NOUN,inan,masc sing,nomn	false	3.62	434	WORDFREQ_RANKED	IN_POOL_REVIEW_REQUIRED	
баржа	5	MEDIUM	NOUN,inan,femn plur,ablt | NOUN,inan,femn plur,accs | NOUN,inan,femn plur,datv | NOUN,inan,femn plur,gent | NOUN,inan,femn plur,gent,Infr | NOUN,inan,femn plur,loct | NOUN,inan,femn plur,nomn | NOUN,inan,femn sing,ablt | NOUN,inan,femn sing,ablt,Infr | NOUN,inan,femn sing,ablt,V-ey | NOUN,inan,femn sing,ablt,V-oy,Infr | NOUN,inan,femn sing,accs | NOUN,inan,femn sing,datv | NOUN,inan,femn sing,gent | NOUN,inan,femn sing,loct | NOUN,inan,femn sing,nomn	false	2.79	1306	TRUSTED_V1	TRUSTED	ALLOW
барс	4	EASY	NOUN,anim,masc plur,ablt | NOUN,anim,masc plur,accs | NOUN,anim,masc plur,datv | NOUN,anim,masc plur,gent | NOUN,anim,masc plur,loct | NOUN,anim,masc plur,nomn | NOUN,anim,masc sing,ablt | NOUN,anim,masc sing,accs | NOUN,anim,masc sing,datv | NOUN,anim,masc sing,gent | NOUN,anim,masc sing,loct | NOUN,anim,masc sing,nomn	false	3.77	273	WORDFREQ_RANKED	IN_POOL_REVIEW_REQUIRED	
барышня	7	EXPERT	NOUN,anim,femn plur,ablt | NOUN,anim,femn plur,accs | NOUN,anim,femn plur,datv | NOUN,anim,femn plur,gent | NOUN,anim,femn plur,loct | NOUN,anim,femn plur,nomn | NOUN,anim,femn sing,ablt | NOUN,anim,femn sing,ablt,V-ey | NOUN,anim,femn sing,accs | NOUN,anim,femn sing,datv | NOUN,anim,femn sing,gent | NOUN,anim,femn sing,loct | NOUN,anim,femn sing,nomn	false	3.46	498	WORDFREQ_RANKED	IN_POOL_REVIEW_REQUIRED	
барьер	6	HARD	NOUN,inan,masc plur,ablt | NOUN,inan,masc plur,accs | NOUN,inan,masc plur,datv | NOUN,inan,masc plur,gent | NOUN,inan,masc plur,loct | NOUN,inan,masc plur,nomn | NOUN,inan,masc sing,ablt | NOUN,inan,masc sing,accs | NOUN,inan,masc sing,datv | NOUN,inan,masc sing,gent | NOUN,inan,masc sing,loct | NOUN,inan,masc sing,nomn	false	3.85	281	WORDFREQ_RANKED	IN_POOL_REVIEW_REQUIRED	
бассейн	7	EXPERT	NOUN,inan,masc plur,ablt | NOUN,inan,masc plur,accs | NOUN,inan,masc plur,datv | NOUN,inan,masc plur,gent | NOUN,inan,masc plur,loct | NOUN,inan,masc plur,nomn | NOUN,inan,masc sing,ablt | NOUN,inan,masc sing,accs | NOUN,inan,masc sing,datv | NOUN,inan,masc sing,gent | NOUN,inan,masc sing,loct | NOUN,inan,masc sing,nomn	false	4.20	150	WORDFREQ_RANKED	IN_POOL_REVIEW_REQUIRED	
батарея	7	EXPERT	NOUN,inan,femn plur,ablt | NOUN,inan,femn plur,accs | NOUN,inan,femn plur,datv | NOUN,inan,femn plur,gent | NOUN,inan,femn plur,loct | NOUN,inan,femn plur,nomn | NOUN,inan,femn sing,ablt | NOUN,inan,femn sing,ablt,V-ey | NOUN,inan,femn sing,accs | NOUN,inan,femn sing,datv | NOUN,inan,femn sing,gent | NOUN,inan,femn sing,loct | NOUN,inan,femn sing,nomn	false	3.69	360	WORDFREQ_RANKED	IN_POOL_REVIEW_REQUIRED	
батон	5	MEDIUM	NOUN,inan,masc plur,ablt | NOUN,inan,masc plur,accs | NOUN,inan,masc plur,datv | NOUN,inan,masc plur,gent | NOUN,inan,masc plur,loct | NOUN,inan,masc plur,nomn | NOUN,inan,masc sing,ablt | NOUN,inan,masc sing,accs | NOUN,inan,masc sing,datv | NOUN,inan,masc sing,gent | NOUN,inan,masc sing,loct | NOUN,inan,masc sing,nomn	false	3.03	1010	TRUSTED_V1	TRUSTED	ALLOW
батя	4	EASY	NOUN,anim,masc plur,ablt | NOUN,anim,masc plur,accs | NOUN,anim,masc plur,datv | NOUN,anim,masc plur,gent | NOUN,anim,masc plur,loct | NOUN,anim,masc plur,nomn | NOUN,anim,masc sing,ablt | NOUN,anim,masc sing,ablt,V-ey | NOUN,anim,masc sing,accs | NOUN,anim,masc sing,datv | NOUN,anim,masc sing,gent | NOUN,anim,masc sing,loct | NOUN,anim,masc sing,nomn	false	3.26	525	WORDFREQ_RANKED	IN_POOL_REVIEW_REQUIRED	
башня	5	MEDIUM	NOUN,inan,femn plur,ablt | NOUN,inan,femn plur,accs | NOUN,inan,femn plur,datv | NOUN,inan,femn plur,gent | NOUN,inan,femn plur,loct | NOUN,inan,femn plur,nomn | NOUN,inan,femn sing,ablt | NOUN,inan,femn sing,ablt,V-ey | NOUN,inan,femn sing,accs | NOUN,inan,femn sing,datv | NOUN,inan,femn sing,gent | NOUN,inan,femn sing,loct | NOUN,inan,femn sing,nomn	false	4.08	235	TRUSTED_V1	TRUSTED	ALLOW
баян	4	EASY	NOUN,inan,masc plur,ablt | NOUN,inan,masc plur,accs | NOUN,inan,masc plur,datv | NOUN,inan,masc plur,gent | NOUN,inan,masc plur,loct | NOUN,inan,masc plur,nomn | NOUN,inan,masc sing,ablt | NOUN,inan,masc sing,accs | NOUN,inan,masc sing,datv | NOUN,inan,masc sing,gent | NOUN,inan,masc sing,loct | NOUN,inan,masc sing,nomn	false	3.41	426	WORDFREQ_RANKED	IN_POOL_REVIEW_REQUIRED	
бегство	7	EXPERT	NOUN,inan,neut plur,ablt | NOUN,inan,neut plur,accs | NOUN,inan,neut plur,datv | NOUN,inan,neut plur,gent | NOUN,inan,neut plur,loct | NOUN,inan,neut plur,nomn | NOUN,inan,neut sing,ablt | NOUN,inan,neut sing,accs | NOUN,inan,neut sing,datv | NOUN,inan,neut sing,gent | NOUN,inan,neut sing,loct | NOUN,inan,neut sing,nomn	false	3.72	341	WORDFREQ_RANKED	IN_POOL_REVIEW_REQUIRED	
беда	4	EASY	NOUN,inan,femn plur,ablt | NOUN,inan,femn plur,accs | NOUN,inan,femn plur,datv | NOUN,inan,femn plur,gent | NOUN,inan,femn plur,loct | NOUN,inan,femn plur,nomn | NOUN,inan,femn sing,ablt | NOUN,inan,femn sing,ablt,V-oy | NOUN,inan,femn sing,accs | NOUN,inan,femn sing,datv | NOUN,inan,femn sing,gent | NOUN,inan,femn sing,loct | NOUN,inan,femn sing,nomn	false	4.31	130	MANUAL_ALLOW	IN_POOL_REVIEW_REQUIRED	ALLOW
безумие	7	EXPERT	NOUN,inan,neut plur,ablt | NOUN,inan,neut plur,ablt,V-be | NOUN,inan,neut plur,accs | NOUN,inan,neut plur,accs,V-be | NOUN,inan,neut plur,datv | NOUN,inan,neut plur,datv,V-be | NOUN,inan,neut plur,gent | NOUN,inan,neut plur,loct | NOUN,inan,neut plur,loct,V-be | NOUN,inan,neut plur,nomn | NOUN,inan,neut plur,nomn,V-be | NOUN,inan,neut sing,ablt | NOUN,inan,neut sing,ablt,V-be | NOUN,inan,neut sing,accs | NOUN,inan,neut sing,accs,V-be | NOUN,inan,neut sing,datv | NOUN,inan,neut sing,datv,V-be | NOUN,inan,neut sing,gent | NOUN,inan,neut sing,gent,V-be | NOUN,inan,neut sing,loct | NOUN,inan,neut sing,loct,V-be | NOUN,inan,neut sing,loct,V-be,V-bi | NOUN,inan,neut sing,nomn | NOUN,inan,neut sing,nomn,V-be	false	3.81	295	WORDFREQ_RANKED	IN_POOL_REVIEW_REQUIRED	
белка	5	MEDIUM	NOUN,anim,femn plur,ablt | NOUN,anim,femn plur,accs | NOUN,anim,femn plur,datv | NOUN,anim,femn plur,gent | NOUN,anim,femn plur,loct | NOUN,anim,femn plur,nomn | NOUN,anim,femn sing,ablt | NOUN,anim,femn sing,ablt,V-oy | NOUN,anim,femn sing,accs | NOUN,anim,femn sing,datv | NOUN,anim,femn sing,gent | NOUN,anim,femn sing,loct | NOUN,anim,femn sing,nomn	false	4.10		TRUSTED_V1	TRUSTED	ALLOW
бензин	6	HARD	NOUN,inan,masc plur,ablt | NOUN,inan,masc plur,accs | NOUN,inan,masc plur,datv | NOUN,inan,masc plur,gent | NOUN,inan,masc plur,loct | NOUN,inan,masc plur,nomn | NOUN,inan,masc sing,ablt | NOUN,inan,masc sing,accs | NOUN,inan,masc sing,datv | NOUN,inan,masc sing,gen2 | NOUN,inan,masc sing,gent | NOUN,inan,masc sing,loct | NOUN,inan,masc sing,nomn	false	4.07	198	WORDFREQ_RANKED	IN_POOL_REVIEW_REQUIRED	
берег	5	MEDIUM	NOUN,inan,masc plur,ablt | NOUN,inan,masc plur,accs | NOUN,inan,masc plur,datv | NOUN,inan,masc plur,gent | NOUN,inan,masc plur,loct | NOUN,inan,masc plur,nomn | NOUN,inan,masc sing,ablt | NOUN,inan,masc sing,accs | NOUN,inan,masc sing,datv | NOUN,inan,masc sing,gent | NOUN,inan,masc sing,loc2 | NOUN,inan,masc sing,loct | NOUN,inan,masc sing,nomn	false	4.38	123	TRUSTED_V1	TRUSTED	ALLOW
беседа	6	HARD	NOUN,inan,femn plur,ablt | NOUN,inan,femn plur,accs | NOUN,inan,femn plur,datv | NOUN,inan,femn plur,gent | NOUN,inan,femn plur,loct | NOUN,inan,femn plur,nomn | NOUN,inan,femn sing,ablt | NOUN,inan,femn sing,ablt,V-oy | NOUN,inan,femn sing,accs | NOUN,inan,femn sing,datv | NOUN,inan,femn sing,gent | NOUN,inan,femn sing,loct | NOUN,inan,femn sing,nomn	false	3.83	292	WORDFREQ_RANKED	IN_POOL_REVIEW_REQUIRED	
бета	4	EASY	NOUN,inan,femn plur,ablt | NOUN,inan,femn plur,accs | NOUN,inan,femn plur,datv | NOUN,inan,femn plur,gent | NOUN,inan,femn plur,loct | NOUN,inan,femn plur,nomn | NOUN,inan,femn sing,ablt | NOUN,inan,femn sing,ablt,V-oy | NOUN,inan,femn sing,accs | NOUN,inan,femn sing,datv | NOUN,inan,femn sing,gent | NOUN,inan,femn sing,loct | NOUN,inan,femn sing,nomn	false	3.90	233	WORDFREQ_RANKED	IN_POOL_REVIEW_REQUIRED	
бетон	5	MEDIUM	NOUN,inan,masc plur,ablt | NOUN,inan,masc plur,accs | NOUN,inan,masc plur,datv | NOUN,inan,masc plur,gent | NOUN,inan,masc plur,loct | NOUN,inan,masc plur,nomn | NOUN,inan,masc sing,ablt | NOUN,inan,masc sing,accs | NOUN,inan,masc sing,datv | NOUN,inan,masc sing,gent | NOUN,inan,masc sing,loct | NOUN,inan,masc sing,nomn	false	3.43	609	TRUSTED_V1	TRUSTED	ALLOW
биатлон	7	EXPERT	NOUN,inan,masc plur,ablt | NOUN,inan,masc plur,accs | NOUN,inan,masc plur,datv | NOUN,inan,masc plur,gent | NOUN,inan,masc plur,loct | NOUN,inan,masc plur,nomn | NOUN,inan,masc sing,ablt | NOUN,inan,masc sing,accs | NOUN,inan,masc sing,datv | NOUN,inan,masc sing,gent | NOUN,inan,masc sing,loct | NOUN,inan,masc sing,nomn	false	3.59	417	WORDFREQ_RANKED	IN_POOL_REVIEW_REQUIRED	
библия	6	HARD	NOUN,inan,femn plur,ablt | NOUN,inan,femn plur,accs | NOUN,inan,femn plur,datv | NOUN,inan,femn plur,gent | NOUN,inan,femn plur,loct | NOUN,inan,femn plur,nomn | NOUN,inan,femn sing,ablt | NOUN,inan,femn sing,ablt,V-ey | NOUN,inan,femn sing,accs | NOUN,inan,femn sing,datv | NOUN,inan,femn sing,gent | NOUN,inan,femn sing,loct | NOUN,inan,femn sing,nomn	false	3.66	403	WORDFREQ_RANKED	IN_POOL_REVIEW_REQUIRED	
бизнес	6	HARD	NOUN,inan,masc plur,ablt | NOUN,inan,masc plur,accs | NOUN,inan,masc plur,datv | NOUN,inan,masc plur,gent | NOUN,inan,masc plur,loct | NOUN,inan,masc plur,nomn | NOUN,inan,masc sing,ablt | NOUN,inan,masc sing,accs | NOUN,inan,masc sing,datv | NOUN,inan,masc sing,gent | NOUN,inan,masc sing,loct | NOUN,inan,masc sing,nomn	false	5.05	13	WORDFREQ_RANKED	IN_POOL_REVIEW_REQUIRED	
билет	5	MEDIUM	NOUN,inan,masc plur,ablt | NOUN,inan,masc plur,accs | NOUN,inan,masc plur,datv | NOUN,inan,masc plur,gent | NOUN,inan,masc plur,loct | NOUN,inan,masc plur,nomn | NOUN,inan,masc sing,ablt | NOUN,inan,masc sing,accs | NOUN,inan,masc sing,datv | NOUN,inan,masc sing,gent | NOUN,inan,masc sing,loct | NOUN,inan,masc sing,nomn	false	4.43	114	TRUSTED_V1	TRUSTED	ALLOW
битва	5	MEDIUM	NOUN,inan,femn plur,ablt | NOUN,inan,femn plur,accs | NOUN,inan,femn plur,datv | NOUN,inan,femn plur,gent | NOUN,inan,femn plur,loct | NOUN,inan,femn plur,nomn | NOUN,inan,femn sing,ablt | NOUN,inan,femn sing,ablt,V-oy | NOUN,inan,femn sing,accs | NOUN,inan,femn sing,datv | NOUN,inan,femn sing,gent | NOUN,inan,femn sing,loct | NOUN,inan,femn sing,nomn	false	4.41	118	TRUSTED_V1	TRUSTED	ALLOW
блеск	5	MEDIUM	NOUN,inan,masc plur,ablt | NOUN,inan,masc plur,accs | NOUN,inan,masc plur,datv | NOUN,inan,masc plur,gent | NOUN,inan,masc plur,loct | NOUN,inan,masc plur,nomn | NOUN,inan,masc sing,ablt | NOUN,inan,masc sing,accs | NOUN,inan,masc sing,datv | NOUN,inan,masc sing,gen2 | NOUN,inan,masc sing,gent | NOUN,inan,masc sing,loct | NOUN,inan,masc sing,nomn	false	3.87	329	TRUSTED_V1	TRUSTED	ALLOW
близнец	7	EXPERT	NOUN,anim,masc plur,ablt | NOUN,anim,masc plur,accs | NOUN,anim,masc plur,datv | NOUN,anim,masc plur,gent | NOUN,anim,masc plur,loct | NOUN,anim,masc plur,nomn | NOUN,anim,masc sing,ablt | NOUN,anim,masc sing,accs | NOUN,anim,masc sing,datv | NOUN,anim,masc sing,gent | NOUN,anim,masc sing,loct | NOUN,anim,masc sing,nomn	false	3.46	499	WORDFREQ_RANKED	IN_POOL_REVIEW_REQUIRED	
блог	4	EASY	NOUN,inan,masc plur,ablt | NOUN,inan,masc plur,accs | NOUN,inan,masc plur,datv | NOUN,inan,masc plur,gent | NOUN,inan,masc plur,loct | NOUN,inan,masc plur,nomn | NOUN,inan,masc sing,ablt | NOUN,inan,masc sing,accs | NOUN,inan,masc sing,datv | NOUN,inan,masc sing,gent | NOUN,inan,masc sing,loct | NOUN,inan,masc sing,nomn	false	3.99	204	WORDFREQ_RANKED	IN_POOL_REVIEW_REQUIRED	
блогер	6	HARD	NOUN,anim,masc plur,ablt | NOUN,anim,masc plur,accs | NOUN,anim,masc plur,datv | NOUN,anim,masc plur,gent | NOUN,anim,masc plur,loct | NOUN,anim,masc plur,nomn | NOUN,anim,masc sing,ablt | NOUN,anim,masc sing,accs | NOUN,anim,masc sing,datv | NOUN,anim,masc sing,gent | NOUN,anim,masc sing,loct | NOUN,anim,masc sing,nomn	false	3.74	339	WORDFREQ_RANKED	IN_POOL_REVIEW_REQUIRED	
блок	4	EASY	NOUN,inan,masc plur,ablt | NOUN,inan,masc plur,accs | NOUN,inan,masc plur,datv | NOUN,inan,masc plur,gent | NOUN,inan,masc plur,loct | NOUN,inan,masc plur,nomn | NOUN,inan,masc sing,ablt | NOUN,inan,masc sing,accs | NOUN,inan,masc sing,datv | NOUN,inan,masc sing,gent | NOUN,inan,masc sing,loct | NOUN,inan,masc sing,nomn	false	4.55	83	WORDFREQ_RANKED	IN_POOL_REVIEW_REQUIRED	
блокада	7	EXPERT	NOUN,inan,femn plur,ablt | NOUN,inan,femn plur,accs | NOUN,inan,femn plur,datv | NOUN,inan,femn plur,gent | NOUN,inan,femn plur,loct | NOUN,inan,femn plur,nomn | NOUN,inan,femn sing,ablt | NOUN,inan,femn sing,ablt,V-oy | NOUN,inan,femn sing,accs | NOUN,inan,femn sing,datv | NOUN,inan,femn sing,gent | NOUN,inan,femn sing,loct | NOUN,inan,femn sing,nomn	false	3.56	436	WORDFREQ_RANKED	IN_POOL_REVIEW_REQUIRED	
блокнот	7	EXPERT	NOUN,inan,masc plur,ablt | NOUN,inan,masc plur,accs | NOUN,inan,masc plur,datv | NOUN,inan,masc plur,gent | NOUN,inan,masc plur,loct | NOUN,inan,masc plur,nomn | NOUN,inan,masc sing,ablt | NOUN,inan,masc sing,accs | NOUN,inan,masc sing,datv | NOUN,inan,masc sing,gent | NOUN,inan,masc sing,loct | NOUN,inan,masc sing,nomn	false	3.57	429	WORDFREQ_RANKED	IN_POOL_REVIEW_REQUIRED	
блюдо	5	MEDIUM	NOUN,inan,neut plur,ablt | NOUN,inan,neut plur,accs | NOUN,inan,neut plur,datv | NOUN,inan,neut plur,gent | NOUN,inan,neut plur,loct | NOUN,inan,neut plur,nomn | NOUN,inan,neut sing,ablt | NOUN,inan,neut sing,accs | NOUN,inan,neut sing,datv | NOUN,inan,neut sing,gent | NOUN,inan,neut sing,loct | NOUN,inan,neut sing,nomn	false	4.08	236	TRUSTED_V1	TRUSTED	ALLOW
блюз	4	EASY	NOUN,inan,masc plur,ablt | NOUN,inan,masc plur,accs | NOUN,inan,masc plur,datv | NOUN,inan,masc plur,gent | NOUN,inan,masc plur,loct | NOUN,inan,masc plur,nomn | NOUN,inan,masc sing,ablt | NOUN,inan,masc sing,accs | NOUN,inan,masc sing,datv | NOUN,inan,masc sing,gent | NOUN,inan,masc sing,loct | NOUN,inan,masc sing,nomn	false	3.56	358	WORDFREQ_RANKED	IN_POOL_REVIEW_REQUIRED	
бобер	5	MEDIUM	NOUN,anim,masc plur,ablt | NOUN,anim,masc plur,accs | NOUN,anim,masc plur,datv | NOUN,anim,masc plur,gent | NOUN,anim,masc plur,loct | NOUN,anim,masc plur,nomn | NOUN,anim,masc sing,ablt | NOUN,anim,masc sing,accs | NOUN,anim,masc sing,datv | NOUN,anim,masc sing,gent | NOUN,anim,masc sing,loct | NOUN,anim,masc sing,nomn	false	2.75	1356	TRUSTED_V1	TRUSTED	ALLOW
богиня	6	HARD	NOUN,anim,femn plur,ablt | NOUN,anim,femn plur,accs | NOUN,anim,femn plur,datv | NOUN,anim,femn plur,gent | NOUN,anim,femn plur,loct | NOUN,anim,femn plur,nomn | NOUN,anim,femn sing,ablt | NOUN,anim,femn sing,ablt,V-ey | NOUN,anim,femn sing,accs | NOUN,anim,femn sing,datv | NOUN,anim,femn sing,gent | NOUN,anim,femn sing,loct | NOUN,anim,femn sing,nomn	false	3.88	268	WORDFREQ_RANKED	IN_POOL_REVIEW_REQUIRED	
боевик	6	HARD	NOUN,anim,masc plur,ablt | NOUN,anim,masc plur,accs | NOUN,anim,masc plur,datv | NOUN,anim,masc plur,gent | NOUN,anim,masc plur,loct | NOUN,anim,masc plur,nomn | NOUN,anim,masc sing,ablt | NOUN,anim,masc sing,accs | NOUN,anim,masc sing,datv | NOUN,anim,masc sing,gent | NOUN,anim,masc sing,loct | NOUN,anim,masc sing,nomn | NOUN,inan,masc plur,ablt | NOUN,inan,masc plur,accs | NOUN,inan,masc plur,datv | NOUN,inan,masc plur,gent | NOUN,inan,masc plur,loct | NOUN,inan,masc plur,nomn | NOUN,inan,masc sing,ablt | NOUN,inan,masc sing,accs | NOUN,inan,masc sing,datv | NOUN,inan,masc sing,gent | NOUN,inan,masc sing,loct | NOUN,inan,masc sing,nomn	false	3.64	419	WORDFREQ_RANKED	IN_POOL_REVIEW_REQUIRED	
боец	4	EASY	NOUN,anim,masc plur,ablt | NOUN,anim,masc plur,accs | NOUN,anim,masc plur,datv | NOUN,anim,masc plur,gent | NOUN,anim,masc plur,loct | NOUN,anim,masc plur,nomn | NOUN,anim,masc sing,ablt | NOUN,anim,masc sing,accs | NOUN,anim,masc sing,datv | NOUN,anim,masc sing,gent | NOUN,anim,masc sing,loct | NOUN,anim,masc sing,nomn	false	4.09	178	WORDFREQ_RANKED	IN_POOL_REVIEW_REQUIRED	
бокал	5	MEDIUM	NOUN,inan,masc plur,ablt | NOUN,inan,masc plur,accs | NOUN,inan,masc plur,datv | NOUN,inan,masc plur,gent | NOUN,inan,masc plur,loct | NOUN,inan,masc plur,nomn | NOUN,inan,masc sing,ablt | NOUN,inan,masc sing,accs | NOUN,inan,masc sing,datv | NOUN,inan,masc sing,gent | NOUN,inan,masc sing,loct | NOUN,inan,masc sing,nomn	false	3.77	379	TRUSTED_V1	TRUSTED	ALLOW
бокс	4	EASY	NOUN,inan,masc plur,ablt | NOUN,inan,masc plur,accs | NOUN,inan,masc plur,datv | NOUN,inan,masc plur,gent | NOUN,inan,masc plur,loct | NOUN,inan,masc plur,nomn | NOUN,inan,masc sing,ablt | NOUN,inan,masc sing,accs | NOUN,inan,masc sing,datv | NOUN,inan,masc sing,gent | NOUN,inan,masc sing,loct | NOUN,inan,masc sing,nomn	false	3.90	234	WORDFREQ_RANKED	IN_POOL_REVIEW_REQUIRED	
боксер	6	HARD	NOUN,anim,masc plur,ablt | NOUN,anim,masc plur,accs | NOUN,anim,masc plur,datv | NOUN,anim,masc plur,gent | NOUN,anim,masc plur,loct | NOUN,anim,masc plur,nomn | NOUN,anim,masc sing,ablt | NOUN,anim,masc sing,accs | NOUN,anim,masc sing,datv | NOUN,anim,masc sing,gent | NOUN,anim,masc sing,loct | NOUN,anim,masc sing,nomn	false	3.72	353	WORDFREQ_RANKED	IN_POOL_REVIEW_REQUIRED	
болезнь	7	EXPERT	NOUN,inan,femn plur,ablt | NOUN,inan,femn plur,accs | NOUN,inan,femn plur,datv | NOUN,inan,femn plur,gent | NOUN,inan,femn plur,loct | NOUN,inan,femn plur,nomn | NOUN,inan,femn sing,ablt | NOUN,inan,femn sing,accs | NOUN,inan,femn sing,datv | NOUN,inan,femn sing,gent | NOUN,inan,femn sing,loct | NOUN,inan,femn sing,nomn	false	4.50	80	WORDFREQ_RANKED	IN_POOL_REVIEW_REQUIRED	
болото	6	HARD	NOUN,inan,neut plur,ablt | NOUN,inan,neut plur,accs | NOUN,inan,neut plur,datv | NOUN,inan,neut plur,gent | NOUN,inan,neut plur,loct | NOUN,inan,neut plur,nomn | NOUN,inan,neut sing,ablt | NOUN,inan,neut sing,accs | NOUN,inan,neut sing,datv | NOUN,inan,neut sing,gent | NOUN,inan,neut sing,loct | NOUN,inan,neut sing,nomn	false	3.79	311	WORDFREQ_RANKED	IN_POOL_REVIEW_REQUIRED	
болт	4	EASY	NOUN,inan,masc plur,ablt | NOUN,inan,masc plur,accs | NOUN,inan,masc plur,datv | NOUN,inan,masc plur,gent | NOUN,inan,masc plur,loct | NOUN,inan,masc plur,nomn | NOUN,inan,masc sing,ablt | NOUN,inan,masc sing,accs | NOUN,inan,masc sing,datv | NOUN,inan,masc sing,gent | NOUN,inan,masc sing,loc2 | NOUN,inan,masc sing,loct | NOUN,inan,masc sing,nomn	false	3.25	532	WORDFREQ_RANKED	IN_POOL_REVIEW_REQUIRED	
боль	4	EASY	NOUN,inan,femn plur,ablt | NOUN,inan,femn plur,accs | NOUN,inan,femn plur,datv | NOUN,inan,femn plur,gent | NOUN,inan,femn plur,loct | NOUN,inan,femn plur,nomn | NOUN,inan,femn sing,ablt | NOUN,inan,femn sing,accs | NOUN,inan,femn sing,datv | NOUN,inan,femn sing,gent | NOUN,inan,femn sing,loct | NOUN,inan,femn sing,nomn	false	4.81	46	WORDFREQ_RANKED	IN_POOL_REVIEW_REQUIRED	
борода	6	HARD	NOUN,inan,femn plur,ablt | NOUN,inan,femn plur,accs | NOUN,inan,femn plur,datv | NOUN,inan,femn plur,gent | NOUN,inan,femn plur,loct | NOUN,inan,femn plur,nomn | NOUN,inan,femn sing,ablt | NOUN,inan,femn sing,ablt,V-oy | NOUN,inan,femn sing,accs | NOUN,inan,femn sing,datv | NOUN,inan,femn sing,gent | NOUN,inan,femn sing,loct | NOUN,inan,femn sing,nomn	false	3.76	327	WORDFREQ_RANKED	IN_POOL_REVIEW_REQUIRED	
борт	4	EASY	NOUN,inan,masc plur,ablt | NOUN,inan,masc plur,accs | NOUN,inan,masc plur,datv | NOUN,inan,masc plur,gent | NOUN,inan,masc plur,loct | NOUN,inan,masc plur,nomn | NOUN,inan,masc sing,ablt | NOUN,inan,masc sing,accs | NOUN,inan,masc sing,datv | NOUN,inan,masc sing,gent | NOUN,inan,masc sing,loc2 | NOUN,inan,masc sing,loct | NOUN,inan,masc sing,nomn	false	4.25	145	MANUAL_ALLOW	IN_POOL_REVIEW_REQUIRED	ALLOW
борщ	4	EASY	NOUN,inan,masc plur,ablt | NOUN,inan,masc plur,accs | NOUN,inan,masc plur,datv | NOUN,inan,masc plur,gent | NOUN,inan,masc plur,loct | NOUN,inan,masc plur,nomn | NOUN,inan,masc sing,ablt | NOUN,inan,masc sing,accs | NOUN,inan,masc sing,datv | NOUN,inan,masc sing,gent | NOUN,inan,masc sing,loct | NOUN,inan,masc sing,nomn	false	3.29	506	WORDFREQ_RANKED	IN_POOL_REVIEW_REQUIRED	
борьба	6	HARD	NOUN,inan,femn,Sgtm sing,ablt | NOUN,inan,femn,Sgtm sing,ablt,V-oy | NOUN,inan,femn,Sgtm sing,accs | NOUN,inan,femn,Sgtm sing,datv | NOUN,inan,femn,Sgtm sing,gent | NOUN,inan,femn,Sgtm sing,loct | NOUN,inan,femn,Sgtm sing,nomn	false	4.63	68	WORDFREQ_RANKED	IN_POOL_REVIEW_REQUIRED	
босс	4	EASY	NOUN,anim,masc plur,ablt | NOUN,anim,masc plur,accs | NOUN,anim,masc plur,datv | NOUN,anim,masc plur,gent | NOUN,anim,masc plur,loct | NOUN,anim,masc plur,nomn | NOUN,anim,masc sing,ablt | NOUN,anim,masc sing,accs | NOUN,anim,masc sing,datv | NOUN,anim,masc sing,gent | NOUN,anim,masc sing,loct | NOUN,anim,masc sing,nomn	false	3.77	274	WORDFREQ_RANKED	IN_POOL_REVIEW_REQUIRED	
ботинок	7	EXPERT	NOUN,inan,masc plur,ablt | NOUN,inan,masc plur,accs | NOUN,inan,masc plur,datv | NOUN,inan,masc plur,gent | NOUN,inan,masc plur,gent,Infr | NOUN,inan,masc plur,loct | NOUN,inan,masc plur,nomn | NOUN,inan,masc sing,ablt | NOUN,inan,masc sing,accs | NOUN,inan,masc sing,datv | NOUN,inan,masc sing,gent | NOUN,inan,masc sing,loct | NOUN,inan,masc sing,nomn	false	3.42	534	MANUAL_ALLOW	IN_POOL_REVIEW_REQUIRED	ALLOW
бочка	5	MEDIUM	NOUN,inan,femn plur,ablt | NOUN,inan,femn plur,accs | NOUN,inan,femn plur,datv | NOUN,inan,femn plur,gent | NOUN,inan,femn plur,loct | NOUN,inan,femn plur,nomn | NOUN,inan,femn sing,ablt | NOUN,inan,femn sing,ablt,V-oy | NOUN,inan,femn sing,accs | NOUN,inan,femn sing,datv | NOUN,inan,femn sing,gent | NOUN,inan,femn sing,loct | NOUN,inan,femn sing,nomn	false	3.26	776	TRUSTED_V1	TRUSTED	ALLOW
брак	4	EASY	NOUN,inan,masc plur,ablt | NOUN,inan,masc plur,accs | NOUN,inan,masc plur,datv | NOUN,inan,masc plur,gent | NOUN,inan,masc plur,loct | NOUN,inan,masc plur,nomn | NOUN,inan,masc sing,ablt | NOUN,inan,masc sing,accs | NOUN,inan,masc sing,datv | NOUN,inan,masc sing,gen2 | NOUN,inan,masc sing,gent | NOUN,inan,masc sing,loct | NOUN,inan,masc sing,nomn	false	4.54	84	WORDFREQ_RANKED	IN_POOL_REVIEW_REQUIRED	
браслет	7	EXPERT	NOUN,inan,masc plur,ablt | NOUN,inan,masc plur,accs | NOUN,inan,masc plur,datv | NOUN,inan,masc plur,gent | NOUN,inan,masc plur,loct | NOUN,inan,masc plur,nomn | NOUN,inan,masc sing,ablt | NOUN,inan,masc sing,accs | NOUN,inan,masc sing,datv | NOUN,inan,masc sing,gent | NOUN,inan,masc sing,loct | NOUN,inan,masc sing,nomn	false	3.87	256	WORDFREQ_RANKED	IN_POOL_REVIEW_REQUIRED	
брат	4	EASY	NOUN,anim,masc plur,ablt | NOUN,anim,masc plur,accs | NOUN,anim,masc plur,accs,Infr | NOUN,anim,masc plur,datv | NOUN,anim,masc plur,gent | NOUN,anim,masc plur,gent,Infr | NOUN,anim,masc plur,loct | NOUN,anim,masc plur,nomn | NOUN,anim,masc sing,ablt | NOUN,anim,masc sing,accs | NOUN,anim,masc sing,datv | NOUN,anim,masc sing,gent | NOUN,anim,masc sing,loct | NOUN,anim,masc sing,nomn	false	5.00	25	MANUAL_ALLOW	IN_POOL_REVIEW_REQUIRED	ALLOW
бред	4	EASY	NOUN,inan,masc,Sgtm sing,ablt | NOUN,inan,masc,Sgtm sing,accs | NOUN,inan,masc,Sgtm sing,datv | NOUN,inan,masc,Sgtm sing,gen2 | NOUN,inan,masc,Sgtm sing,gent | NOUN,inan,masc,Sgtm sing,loc2 | NOUN,inan,masc,Sgtm sing,loct | NOUN,inan,masc,Sgtm sing,nomn	false	4.25	146	WORDFREQ_RANKED	IN_POOL_REVIEW_REQUIRED	
бригада	7	EXPERT	NOUN,inan,femn plur,ablt | NOUN,inan,femn plur,accs | NOUN,inan,femn plur,datv | NOUN,inan,femn plur,gent | NOUN,inan,femn plur,loct | NOUN,inan,femn plur,nomn | NOUN,inan,femn sing,ablt | NOUN,inan,femn sing,ablt,V-oy | NOUN,inan,femn sing,accs | NOUN,inan,femn sing,datv | NOUN,inan,femn sing,gent | NOUN,inan,femn sing,loct | NOUN,inan,femn sing,nomn	false	4.20	151	WORDFREQ_RANKED	IN_POOL_REVIEW_REQUIRED	
бриз	4	EASY	NOUN,inan,masc plur,ablt | NOUN,inan,masc plur,accs | NOUN,inan,masc plur,datv | NOUN,inan,masc plur,gent | NOUN,inan,masc plur,loct | NOUN,inan,masc plur,nomn | NOUN,inan,masc sing,ablt | NOUN,inan,masc sing,accs | NOUN,inan,masc sing,datv | NOUN,inan,masc sing,gent | NOUN,inan,masc sing,loct | NOUN,inan,masc sing,nomn	false	3.26	526	WORDFREQ_RANKED	IN_POOL_REVIEW_REQUIRED	
бровь	5	MEDIUM	NOUN,inan,femn plur,ablt | NOUN,inan,femn plur,accs | NOUN,inan,femn plur,datv | NOUN,inan,femn plur,gent | NOUN,inan,femn plur,loct | NOUN,inan,femn plur,nomn | NOUN,inan,femn sing,ablt | NOUN,inan,femn sing,accs | NOUN,inan,femn sing,datv | NOUN,inan,femn sing,gent | NOUN,inan,femn sing,loc2 | NOUN,inan,femn sing,loct | NOUN,inan,femn sing,nomn	false	3.31	730	TRUSTED_V1	TRUSTED	ALLOW
бронза	6	HARD	NOUN,inan,femn plur,ablt | NOUN,inan,femn plur,accs | NOUN,inan,femn plur,datv | NOUN,inan,femn plur,gent | NOUN,inan,femn plur,loct | NOUN,inan,femn plur,nomn | NOUN,inan,femn sing,ablt | NOUN,inan,femn sing,ablt,V-oy | NOUN,inan,femn sing,accs | NOUN,inan,femn sing,datv | NOUN,inan,femn sing,gent | NOUN,inan,femn sing,loct | NOUN,inan,femn sing,nomn	false	3.67	395	WORDFREQ_RANKED	IN_POOL_REVIEW_REQUIRED	
бросок	6	HARD	NOUN,inan,masc plur,ablt | NOUN,inan,masc plur,accs | NOUN,inan,masc plur,datv | NOUN,inan,masc plur,gent | NOUN,inan,masc plur,loct | NOUN,inan,masc plur,nomn | NOUN,inan,masc sing,ablt | NOUN,inan,masc sing,accs | NOUN,inan,masc sing,datv | NOUN,inan,masc sing,gent | NOUN,inan,masc sing,loct | NOUN,inan,masc sing,nomn	false	3.75	331	WORDFREQ_RANKED	IN_POOL_REVIEW_REQUIRED	
брюки	5	MEDIUM	NOUN,inan,GNdr,Pltm plur,ablt | NOUN,inan,GNdr,Pltm plur,accs | NOUN,inan,GNdr,Pltm plur,datv | NOUN,inan,GNdr,Pltm plur,gent | NOUN,inan,GNdr,Pltm plur,loct | NOUN,inan,GNdr,Pltm plur,nomn	true	3.95	286	TRUSTED_V1	TRUSTED	ALLOW
будка	5	MEDIUM	NOUN,inan,femn plur,ablt | NOUN,inan,femn plur,accs | NOUN,inan,femn plur,datv | NOUN,inan,femn plur,gent | NOUN,inan,femn plur,loct | NOUN,inan,femn plur,nomn | NOUN,inan,femn sing,ablt | NOUN,inan,femn sing,ablt,V-oy | NOUN,inan,femn sing,accs | NOUN,inan,femn sing,datv | NOUN,inan,femn sing,gent | NOUN,inan,femn sing,loct | NOUN,inan,femn sing,nomn	false	3.16	883	TRUSTED_V1	TRUSTED	ALLOW
будни	5	MEDIUM	NOUN,inan,GNdr,Pltm plur,ablt | NOUN,inan,GNdr,Pltm plur,accs | NOUN,inan,GNdr,Pltm plur,datv | NOUN,inan,GNdr,Pltm plur,gent | NOUN,inan,GNdr,Pltm plur,loct | NOUN,inan,GNdr,Pltm plur,nomn	true	3.57	516	TRUSTED_V1	TRUSTED	ALLOW
будущее	7	EXPERT	NOUN,inan,neut plur,ablt | NOUN,inan,neut plur,accs | NOUN,inan,neut plur,datv | NOUN,inan,neut plur,gent | NOUN,inan,neut plur,loct | NOUN,inan,neut plur,nomn | NOUN,inan,neut sing,ablt | NOUN,inan,neut sing,accs | NOUN,inan,neut sing,datv | NOUN,inan,neut sing,gent | NOUN,inan,neut sing,loct | NOUN,inan,neut sing,nomn	false	4.89	22	WORDFREQ_RANKED	IN_POOL_REVIEW_REQUIRED	
бука	4	EASY	NOUN,anim,ms-f plur,ablt | NOUN,anim,ms-f plur,accs | NOUN,anim,ms-f plur,datv | NOUN,anim,ms-f plur,gent | NOUN,anim,ms-f plur,loct | NOUN,anim,ms-f plur,nomn | NOUN,anim,ms-f sing,ablt | NOUN,anim,ms-f sing,ablt,V-oy | NOUN,anim,ms-f sing,accs | NOUN,anim,ms-f sing,datv | NOUN,anim,ms-f sing,gent | NOUN,anim,ms-f sing,loct | NOUN,anim,ms-f sing,nomn	false	3.25	533	WORDFREQ_RANKED	IN_POOL_REVIEW_REQUIRED	
буква	5	MEDIUM	NOUN,inan,femn plur,ablt | NOUN,inan,femn plur,accs | NOUN,inan,femn plur,datv | NOUN,inan,femn plur,gent | NOUN,inan,femn plur,gent,Infr | NOUN,inan,femn plur,loct | NOUN,inan,femn plur,nomn | NOUN,inan,femn sing,ablt | NOUN,inan,femn sing,ablt,V-oy | NOUN,inan,femn sing,accs | NOUN,inan,femn sing,datv | NOUN,inan,femn sing,gent | NOUN,inan,femn sing,loct | NOUN,inan,femn sing,nomn	false	3.85	337	TRUSTED_V1	TRUSTED	ALLOW
букет	5	MEDIUM	NOUN,inan,masc plur,ablt | NOUN,inan,masc plur,accs | NOUN,inan,masc plur,datv | NOUN,inan,masc plur,gent | NOUN,inan,masc plur,loct | NOUN,inan,masc plur,nomn | NOUN,inan,masc sing,ablt | NOUN,inan,masc sing,accs | NOUN,inan,masc sing,datv | NOUN,inan,masc sing,gent | NOUN,inan,masc sing,loct | NOUN,inan,masc sing,nomn	false	3.75	389	TRUSTED_V1	TRUSTED	ALLOW
булка	5	MEDIUM	NOUN,inan,femn plur,ablt | NOUN,inan,femn plur,accs | NOUN,inan,femn plur,datv | NOUN,inan,femn plur,gent | NOUN,inan,femn plur,loct | NOUN,inan,femn plur,nomn | NOUN,inan,femn sing,ablt | NOUN,inan,femn sing,ablt,V-oy | NOUN,inan,femn sing,accs | NOUN,inan,femn sing,datv | NOUN,inan,femn sing,gent | NOUN,inan,femn sing,loct | NOUN,inan,femn sing,nomn	false	2.55	1608	TRUSTED_V1	TRUSTED	ALLOW
бульвар	7	EXPERT	NOUN,inan,masc plur,ablt | NOUN,inan,masc plur,accs | NOUN,inan,masc plur,datv | NOUN,inan,masc plur,gent | NOUN,inan,masc plur,loct | NOUN,inan,masc plur,nomn | NOUN,inan,masc sing,ablt | NOUN,inan,masc sing,accs | NOUN,inan,masc sing,datv | NOUN,inan,masc sing,gent | NOUN,inan,masc sing,loct | NOUN,inan,masc sing,nomn	false	3.72	342	WORDFREQ_RANKED	IN_POOL_REVIEW_REQUIRED	
бумага	6	HARD	NOUN,inan,femn plur,ablt | NOUN,inan,femn plur,accs | NOUN,inan,femn plur,datv | NOUN,inan,femn plur,gent | NOUN,inan,femn plur,loct | NOUN,inan,femn plur,nomn | NOUN,inan,femn sing,ablt | NOUN,inan,femn sing,ablt,V-oy | NOUN,inan,femn sing,accs | NOUN,inan,femn sing,datv | NOUN,inan,femn sing,gent | NOUN,inan,femn sing,loct | NOUN,inan,femn sing,nomn	false	4.05	203	WORDFREQ_RANKED	IN_POOL_REVIEW_REQUIRED	
бунт	4	EASY	NOUN,inan,masc plur,ablt | NOUN,inan,masc plur,accs | NOUN,inan,masc plur,datv | NOUN,inan,masc plur,gent | NOUN,inan,masc plur,loct | NOUN,inan,masc plur,nomn | NOUN,inan,masc sing,ablt | NOUN,inan,masc sing,accs | NOUN,inan,masc sing,datv | NOUN,inan,masc sing,gent | NOUN,inan,masc sing,loct | NOUN,inan,masc sing,nomn	false	3.81	264	WORDFREQ_RANKED	IN_POOL_REVIEW_REQUIRED	
буран	5	MEDIUM	NOUN,inan,masc plur,ablt | NOUN,inan,masc plur,accs | NOUN,inan,masc plur,datv | NOUN,inan,masc plur,gent | NOUN,inan,masc plur,loct | NOUN,inan,masc plur,nomn | NOUN,inan,masc sing,ablt | NOUN,inan,masc sing,accs | NOUN,inan,masc sing,datv | NOUN,inan,masc sing,gent | NOUN,inan,masc sing,loct | NOUN,inan,masc sing,nomn	false	3.24	799	TRUSTED_V1	TRUSTED	ALLOW
бурение	7	EXPERT	NOUN,inan,neut plur,ablt | NOUN,inan,neut plur,ablt,V-be | NOUN,inan,neut plur,accs | NOUN,inan,neut plur,accs,V-be | NOUN,inan,neut plur,datv | NOUN,inan,neut plur,datv,V-be | NOUN,inan,neut plur,gent | NOUN,inan,neut plur,loct | NOUN,inan,neut plur,loct,V-be | NOUN,inan,neut plur,nomn | NOUN,inan,neut plur,nomn,V-be | NOUN,inan,neut sing,ablt | NOUN,inan,neut sing,ablt,V-be | NOUN,inan,neut sing,accs | NOUN,inan,neut sing,accs,V-be | NOUN,inan,neut sing,datv | NOUN,inan,neut sing,datv,V-be | NOUN,inan,neut sing,gent | NOUN,inan,neut sing,gent,V-be | NOUN,inan,neut sing,loct | NOUN,inan,neut sing,loct,V-be | NOUN,inan,neut sing,loct,V-be,V-bi | NOUN,inan,neut sing,nomn | NOUN,inan,neut sing,nomn,V-be	false	3.46	500	WORDFREQ_RANKED	IN_POOL_REVIEW_REQUIRED	
буря	4	EASY	NOUN,inan,femn plur,ablt | NOUN,inan,femn plur,accs | NOUN,inan,femn plur,datv | NOUN,inan,femn plur,gent | NOUN,inan,femn plur,loct | NOUN,inan,femn plur,nomn | NOUN,inan,femn sing,ablt | NOUN,inan,femn sing,ablt,V-ey | NOUN,inan,femn sing,accs | NOUN,inan,femn sing,datv | NOUN,inan,femn sing,gent | NOUN,inan,femn sing,loct | NOUN,inan,femn sing,nomn	false	3.89	239	WORDFREQ_RANKED	IN_POOL_REVIEW_REQUIRED	
бусы	4	EASY	NOUN,inan,GNdr,Pltm plur,ablt | NOUN,inan,GNdr,Pltm plur,accs | NOUN,inan,GNdr,Pltm plur,datv | NOUN,inan,GNdr,Pltm plur,gent | NOUN,inan,GNdr,Pltm plur,loct | NOUN,inan,GNdr,Pltm plur,nomn	true	3.31	491	WORDFREQ_RANKED	IN_POOL_REVIEW_REQUIRED	
бутылка	7	EXPERT	NOUN,inan,femn plur,ablt | NOUN,inan,femn plur,accs | NOUN,inan,femn plur,datv | NOUN,inan,femn plur,gent | NOUN,inan,femn plur,loct | NOUN,inan,femn plur,nomn | NOUN,inan,femn sing,ablt | NOUN,inan,femn sing,ablt,V-oy | NOUN,inan,femn sing,accs | NOUN,inan,femn sing,datv | NOUN,inan,femn sing,gent | NOUN,inan,femn sing,loct | NOUN,inan,femn sing,nomn	false	3.84	267	WORDFREQ_RANKED	IN_POOL_REVIEW_REQUIRED	
бюджет	6	HARD	NOUN,inan,masc plur,ablt | NOUN,inan,masc plur,accs | NOUN,inan,masc plur,datv | NOUN,inan,masc plur,gent | NOUN,inan,masc plur,loct | NOUN,inan,masc plur,nomn | NOUN,inan,masc sing,ablt | NOUN,inan,masc sing,accs | NOUN,inan,masc sing,datv | NOUN,inan,masc sing,gent | NOUN,inan,masc sing,loct | NOUN,inan,masc sing,nomn	false	4.44	94	WORDFREQ_RANKED	IN_POOL_REVIEW_REQUIRED	
бюро	4	EASY	NOUN,inan,neut,Fixd plur,ablt | NOUN,inan,neut,Fixd plur,accs | NOUN,inan,neut,Fixd plur,datv | NOUN,inan,neut,Fixd plur,gent | NOUN,inan,neut,Fixd plur,loct | NOUN,inan,neut,Fixd plur,nomn | NOUN,inan,neut,Fixd sing,ablt | NOUN,inan,neut,Fixd sing,accs | NOUN,inan,neut,Fixd sing,datv | NOUN,inan,neut,Fixd sing,gent | NOUN,inan,neut,Fixd sing,loct | NOUN,inan,neut,Fixd sing,nomn	false	4.64	67	WORDFREQ_RANKED	IN_POOL_REVIEW_REQUIRED	
бюст	4	EASY	NOUN,inan,masc plur,ablt | NOUN,inan,masc plur,accs | NOUN,inan,masc plur,datv | NOUN,inan,masc plur,gent | NOUN,inan,masc plur,loct | NOUN,inan,masc plur,nomn | NOUN,inan,masc sing,ablt | NOUN,inan,masc sing,accs | NOUN,inan,masc sing,datv | NOUN,inan,masc sing,gent | NOUN,inan,masc sing,loct | NOUN,inan,masc sing,nomn	false	3.69	302	WORDFREQ_RANKED	IN_POOL_REVIEW_REQUIRED	
вагон	5	MEDIUM	NOUN,inan,masc plur,ablt | NOUN,inan,masc plur,accs | NOUN,inan,masc plur,datv | NOUN,inan,masc plur,gent | NOUN,inan,masc plur,loct | NOUN,inan,masc plur,nomn | NOUN,inan,masc sing,ablt | NOUN,inan,masc sing,accs | NOUN,inan,masc sing,datv | NOUN,inan,masc sing,gent | NOUN,inan,masc sing,loct | NOUN,inan,masc sing,nomn	false	4.01	262	TRUSTED_V1	TRUSTED	ALLOW
ваза	4	EASY	NOUN,inan,femn plur,ablt | NOUN,inan,femn plur,accs | NOUN,inan,femn plur,datv | NOUN,inan,femn plur,gent | NOUN,inan,femn plur,loct | NOUN,inan,femn plur,nomn | NOUN,inan,femn sing,ablt | NOUN,inan,femn sing,ablt,V-oy | NOUN,inan,femn sing,accs | NOUN,inan,femn sing,datv | NOUN,inan,femn sing,gent | NOUN,inan,femn sing,loct | NOUN,inan,femn sing,nomn	false	3.45	401	WORDFREQ_RANKED	IN_POOL_REVIEW_REQUIRED	
валет	5	MEDIUM	NOUN,anim,masc plur,ablt | NOUN,anim,masc plur,accs | NOUN,anim,masc plur,datv | NOUN,anim,masc plur,gent | NOUN,anim,masc plur,loct | NOUN,anim,masc plur,nomn | NOUN,anim,masc sing,ablt | NOUN,anim,masc sing,accs | NOUN,anim,masc sing,datv | NOUN,anim,masc sing,gent | NOUN,anim,masc sing,loct | NOUN,anim,masc sing,nomn	false	2.93	1121	TRUSTED_V1	TRUSTED	ALLOW
валюта	6	HARD	NOUN,inan,femn plur,ablt | NOUN,inan,femn plur,accs | NOUN,inan,femn plur,datv | NOUN,inan,femn plur,gent | NOUN,inan,femn plur,loct | NOUN,inan,femn plur,nomn | NOUN,inan,femn sing,ablt | NOUN,inan,femn sing,ablt,V-oy | NOUN,inan,femn sing,accs | NOUN,inan,femn sing,datv | NOUN,inan,femn sing,gent | NOUN,inan,femn sing,loct | NOUN,inan,femn sing,nomn	false	3.70	371	WORDFREQ_RANKED	IN_POOL_REVIEW_REQUIRED	
вампир	6	HARD	NOUN,anim,masc plur,ablt | NOUN,anim,masc plur,accs | NOUN,anim,masc plur,datv | NOUN,anim,masc plur,gent | NOUN,anim,masc plur,loct | NOUN,anim,masc plur,nomn | NOUN,anim,masc sing,ablt | NOUN,anim,masc sing,accs | NOUN,anim,masc sing,datv | NOUN,anim,masc sing,gent | NOUN,anim,masc sing,loct | NOUN,anim,masc sing,nomn	false	3.60	450	WORDFREQ_RANKED	IN_POOL_REVIEW_REQUIRED	
ванна	5	MEDIUM	NOUN,inan,femn plur,ablt | NOUN,inan,femn plur,accs | NOUN,inan,femn plur,datv | NOUN,inan,femn plur,gent | NOUN,inan,femn plur,loct | NOUN,inan,femn plur,nomn | NOUN,inan,femn sing,ablt | NOUN,inan,femn sing,ablt,V-oy | NOUN,inan,femn sing,accs | NOUN,inan,femn sing,datv | NOUN,inan,femn sing,gent | NOUN,inan,femn sing,loct | NOUN,inan,femn sing,nomn	false	3.46	593	TRUSTED_V1	TRUSTED	ALLOW
вариант	7	EXPERT	NOUN,inan,masc plur,ablt | NOUN,inan,masc plur,accs | NOUN,inan,masc plur,datv | NOUN,inan,masc plur,gent | NOUN,inan,masc plur,loct | NOUN,inan,masc plur,nomn | NOUN,inan,masc sing,ablt | NOUN,inan,masc sing,accs | NOUN,inan,masc sing,datv | NOUN,inan,masc sing,gent | NOUN,inan,masc sing,loct | NOUN,inan,masc sing,nomn	false	4.83	30	WORDFREQ_RANKED	IN_POOL_REVIEW_REQUIRED	
ввод	4	EASY	NOUN,inan,masc plur,ablt | NOUN,inan,masc plur,accs | NOUN,inan,masc plur,datv | NOUN,inan,masc plur,gent | NOUN,inan,masc plur,loct | NOUN,inan,masc plur,nomn | NOUN,inan,masc sing,ablt | NOUN,inan,masc sing,accs | NOUN,inan,masc sing,datv | NOUN,inan,masc sing,gent | NOUN,inan,masc sing,loct | NOUN,inan,masc sing,nomn	false	3.95	217	WORDFREQ_RANKED	IN_POOL_REVIEW_REQUIRED	
ввоз	4	EASY	NOUN,inan,masc plur,ablt | NOUN,inan,masc plur,accs | NOUN,inan,masc plur,datv | NOUN,inan,masc plur,gent | NOUN,inan,masc plur,loct | NOUN,inan,masc plur,nomn | NOUN,inan,masc sing,ablt | NOUN,inan,masc sing,accs | NOUN,inan,masc sing,datv | NOUN,inan,masc sing,gent | NOUN,inan,masc sing,loct | NOUN,inan,masc sing,nomn	false	3.75	278	WORDFREQ_RANKED	IN_POOL_REVIEW_REQUIRED	
вдох	4	EASY	NOUN,inan,masc plur,ablt | NOUN,inan,masc plur,accs | NOUN,inan,masc plur,datv | NOUN,inan,masc plur,gent | NOUN,inan,masc plur,loct | NOUN,inan,masc plur,nomn | NOUN,inan,masc sing,ablt | NOUN,inan,masc sing,accs | NOUN,inan,masc sing,datv | NOUN,inan,masc sing,gent | NOUN,inan,masc sing,loct | NOUN,inan,masc sing,nomn	false	3.58	351	WORDFREQ_RANKED	IN_POOL_REVIEW_REQUIRED	
ведение	7	EXPERT	NOUN,inan,neut plur,ablt | NOUN,inan,neut plur,accs | NOUN,inan,neut plur,datv | NOUN,inan,neut plur,gent | NOUN,inan,neut plur,loct | NOUN,inan,neut plur,nomn | NOUN,inan,neut sing,ablt | NOUN,inan,neut sing,accs | NOUN,inan,neut sing,datv | NOUN,inan,neut sing,gent | NOUN,inan,neut sing,loct | NOUN,inan,neut sing,nomn	false	4.02	212	WORDFREQ_RANKED	IN_POOL_REVIEW_REQUIRED	
ведро	5	MEDIUM	NOUN,inan,neut plur,ablt | NOUN,inan,neut plur,accs | NOUN,inan,neut plur,datv | NOUN,inan,neut plur,gent | NOUN,inan,neut plur,loct | NOUN,inan,neut plur,nomn | NOUN,inan,neut sing,ablt | NOUN,inan,neut sing,accs | NOUN,inan,neut sing,datv | NOUN,inan,neut sing,gent | NOUN,inan,neut sing,loct | NOUN,inan,neut sing,nomn | NOUN,inan,neut,Sgtm sing,ablt | NOUN,inan,neut,Sgtm sing,accs | NOUN,inan,neut,Sgtm sing,datv | NOUN,inan,neut,Sgtm sing,gent | NOUN,inan,neut,Sgtm sing,loct | NOUN,inan,neut,Sgtm sing,nomn	false	3.84	341	TRUSTED_V1	TRUSTED	ALLOW
ведьма	6	HARD	NOUN,anim,femn plur,ablt | NOUN,anim,femn plur,accs | NOUN,anim,femn plur,datv | NOUN,anim,femn plur,gent | NOUN,anim,femn plur,loct | NOUN,anim,femn plur,nomn | NOUN,anim,femn sing,ablt | NOUN,anim,femn sing,ablt,V-oy | NOUN,anim,femn sing,accs | NOUN,anim,femn sing,datv | NOUN,anim,femn sing,gent | NOUN,anim,femn sing,loct | NOUN,anim,femn sing,nomn	false	3.81	301	WORDFREQ_RANKED	IN_POOL_REVIEW_REQUIRED	
вектор	6	HARD	NOUN,inan,masc plur,ablt | NOUN,inan,masc plur,accs | NOUN,inan,masc plur,datv | NOUN,inan,masc plur,gent | NOUN,inan,masc plur,loct | NOUN,inan,masc plur,nomn | NOUN,inan,masc sing,ablt | NOUN,inan,masc sing,accs | NOUN,inan,masc sing,datv | NOUN,inan,masc sing,gent | NOUN,inan,masc sing,loct | NOUN,inan,masc sing,nomn	false	3.86	276	WORDFREQ_RANKED	IN_POOL_REVIEW_REQUIRED	
величие	7	EXPERT	NOUN,inan,neut plur,ablt | NOUN,inan,neut plur,ablt,V-be | NOUN,inan,neut plur,accs | NOUN,inan,neut plur,accs,V-be | NOUN,inan,neut plur,datv | NOUN,inan,neut plur,datv,V-be | NOUN,inan,neut plur,gent | NOUN,inan,neut plur,loct | NOUN,inan,neut plur,loct,V-be | NOUN,inan,neut plur,nomn | NOUN,inan,neut plur,nomn,V-be | NOUN,inan,neut sing,ablt | NOUN,inan,neut sing,ablt,V-be | NOUN,inan,neut sing,accs | NOUN,inan,neut sing,accs,V-be | NOUN,inan,neut sing,datv | NOUN,inan,neut sing,datv,V-be | NOUN,inan,neut sing,gent | NOUN,inan,neut sing,gent,V-be | NOUN,inan,neut sing,loct | NOUN,inan,neut sing,loct,V-be | NOUN,inan,neut sing,loct,V-be,V-bi | NOUN,inan,neut sing,nomn | NOUN,inan,neut sing,nomn,V-be	false	3.62	399	WORDFREQ_RANKED	IN_POOL_REVIEW_REQUIRED	
венец	5	MEDIUM	NOUN,anim,masc plur,ablt | NOUN,anim,masc plur,accs | NOUN,anim,masc plur,datv | NOUN,anim,masc plur,gent | NOUN,anim,masc plur,loct | NOUN,anim,masc plur,nomn | NOUN,anim,masc sing,ablt | NOUN,anim,masc sing,accs | NOUN,anim,masc sing,datv | NOUN,anim,masc sing,gent | NOUN,anim,masc sing,loct | NOUN,anim,masc sing,nomn | NOUN,inan,masc plur,ablt | NOUN,inan,masc plur,accs | NOUN,inan,masc plur,datv | NOUN,inan,masc plur,gent | NOUN,inan,masc plur,loct | NOUN,inan,masc plur,nomn | NOUN,inan,masc sing,ablt | NOUN,inan,masc sing,accs | NOUN,inan,masc sing,datv | NOUN,inan,masc sing,gent | NOUN,inan,masc sing,loct | NOUN,inan,masc sing,nomn	false	3.48	577	TRUSTED_V1	TRUSTED	ALLOW
веник	5	MEDIUM	NOUN,inan,masc plur,ablt | NOUN,inan,masc plur,accs | NOUN,inan,masc plur,datv | NOUN,inan,masc plur,gent | NOUN,inan,masc plur,loct | NOUN,inan,masc plur,nomn | NOUN,inan,masc sing,ablt | NOUN,inan,masc sing,accs | NOUN,inan,masc sing,datv | NOUN,inan,masc sing,gent | NOUN,inan,masc sing,loct | NOUN,inan,masc sing,nomn	false	2.94	1107	TRUSTED_V1	TRUSTED	ALLOW
венок	5	MEDIUM	NOUN,inan,masc plur,ablt | NOUN,inan,masc plur,accs | NOUN,inan,masc plur,datv | NOUN,inan,masc plur,gent | NOUN,inan,masc plur,loct | NOUN,inan,masc plur,nomn | NOUN,inan,masc sing,ablt | NOUN,inan,masc sing,accs | NOUN,inan,masc sing,datv | NOUN,inan,masc sing,gent | NOUN,inan,masc sing,loct | NOUN,inan,masc sing,nomn	false	3.57	517	TRUSTED_V1	TRUSTED	ALLOW
вера	4	EASY	NOUN,inan,femn plur,ablt | NOUN,inan,femn plur,accs | NOUN,inan,femn plur,datv | NOUN,inan,femn plur,gent | NOUN,inan,femn plur,loct | NOUN,inan,femn plur,nomn | NOUN,inan,femn sing,ablt | NOUN,inan,femn sing,ablt,V-oy | NOUN,inan,femn sing,accs | NOUN,inan,femn sing,datv | NOUN,inan,femn sing,gent | NOUN,inan,femn sing,loct | NOUN,inan,femn sing,nomn	false	4.60	78	WORDFREQ_RANKED	IN_POOL_REVIEW_REQUIRED	
верба	5	MEDIUM	NOUN,inan,femn plur,ablt | NOUN,inan,femn plur,accs | NOUN,inan,femn plur,datv | NOUN,inan,femn plur,gent | NOUN,inan,femn plur,loct | NOUN,inan,femn plur,nomn | NOUN,inan,femn sing,ablt | NOUN,inan,femn sing,ablt,V-oy | NOUN,inan,femn sing,accs | NOUN,inan,femn sing,datv | NOUN,inan,femn sing,gent | NOUN,inan,femn sing,loct | NOUN,inan,femn sing,nomn	false	2.90	1168	TRUSTED_V1	TRUSTED	ALLOW
вердикт	7	EXPERT	NOUN,inan,masc plur,ablt | NOUN,inan,masc plur,accs | NOUN,inan,masc plur,datv | NOUN,inan,masc plur,gent | NOUN,inan,masc plur,loct | NOUN,inan,masc plur,nomn | NOUN,inan,masc sing,ablt | NOUN,inan,masc sing,accs | NOUN,inan,masc sing,datv | NOUN,inan,masc sing,gent | NOUN,inan,masc sing,loct | NOUN,inan,masc sing,nomn	false	3.63	391	WORDFREQ_RANKED	IN_POOL_REVIEW_REQUIRED	
версия	6	HARD	NOUN,inan,femn plur,ablt | NOUN,inan,femn plur,accs | NOUN,inan,femn plur,datv | NOUN,inan,femn plur,gent | NOUN,inan,femn plur,loct | NOUN,inan,femn plur,nomn | NOUN,inan,femn sing,ablt | NOUN,inan,femn sing,ablt,V-ey | NOUN,inan,femn sing,accs | NOUN,inan,femn sing,datv | NOUN,inan,femn sing,gent | NOUN,inan,femn sing,loct | NOUN,inan,femn sing,nomn	false	4.99	16	WORDFREQ_RANKED	IN_POOL_REVIEW_REQUIRED	
верх	4	EASY	NOUN,inan,masc plur,ablt | NOUN,inan,masc plur,accs | NOUN,inan,masc plur,accs,Infr | NOUN,inan,masc plur,datv | NOUN,inan,masc plur,gent | NOUN,inan,masc plur,loct | NOUN,inan,masc plur,nomn | NOUN,inan,masc plur,nomn,Infr | NOUN,inan,masc sing,ablt | NOUN,inan,masc sing,accs | NOUN,inan,masc sing,datv | NOUN,inan,masc sing,gen2 | NOUN,inan,masc sing,gent | NOUN,inan,masc sing,loc2 | NOUN,inan,masc sing,loct | NOUN,inan,masc sing,nomn	false	4.22	152	WORDFREQ_RANKED	IN_POOL_REVIEW_REQUIRED	
вершина	7	EXPERT	NOUN,inan,femn plur,ablt | NOUN,inan,femn plur,accs | NOUN,inan,femn plur,datv | NOUN,inan,femn plur,gent | NOUN,inan,femn plur,loct | NOUN,inan,femn plur,nomn | NOUN,inan,femn sing,ablt | NOUN,inan,femn sing,ablt,V-oy | NOUN,inan,femn sing,accs | NOUN,inan,femn sing,datv | NOUN,inan,femn sing,gent | NOUN,inan,femn sing,loct | NOUN,inan,femn sing,nomn	false	3.61	404	WORDFREQ_RANKED	IN_POOL_REVIEW_REQUIRED	
весло	5	MEDIUM	NOUN,inan,neut plur,ablt | NOUN,inan,neut plur,accs | NOUN,inan,neut plur,datv | NOUN,inan,neut plur,gent | NOUN,inan,neut plur,loct | NOUN,inan,neut plur,nomn | NOUN,inan,neut sing,ablt | NOUN,inan,neut sing,accs | NOUN,inan,neut sing,datv | NOUN,inan,neut sing,gent | NOUN,inan,neut sing,loct | NOUN,inan,neut sing,nomn	false	2.86	1215	TRUSTED_V1	TRUSTED	ALLOW
весна	5	MEDIUM	NOUN,inan,femn plur,ablt | NOUN,inan,femn plur,accs | NOUN,inan,femn plur,datv | NOUN,inan,femn plur,gent | NOUN,inan,femn plur,loct | NOUN,inan,femn plur,nomn | NOUN,inan,femn sing,ablt | NOUN,inan,femn sing,ablt,V-oy | NOUN,inan,femn sing,accs | NOUN,inan,femn sing,datv | NOUN,inan,femn sing,gent | NOUN,inan,femn sing,loct | NOUN,inan,femn sing,nomn	false	4.26	159	TRUSTED_V1	TRUSTED	ALLOW
вестник	7	EXPERT	NOUN,anim,masc plur,ablt | NOUN,anim,masc plur,accs | NOUN,anim,masc plur,datv | NOUN,anim,masc plur,gent | NOUN,anim,masc plur,loct | NOUN,anim,masc plur,nomn | NOUN,anim,masc sing,ablt | NOUN,anim,masc sing,accs | NOUN,anim,masc sing,datv | NOUN,anim,masc sing,gent | NOUN,anim,masc sing,loct | NOUN,anim,masc sing,nomn | NOUN,inan,masc plur,ablt | NOUN,inan,masc plur,accs | NOUN,inan,masc plur,datv | NOUN,inan,masc plur,gent | NOUN,inan,masc plur,loct | NOUN,inan,masc plur,nomn | NOUN,inan,masc sing,ablt | NOUN,inan,masc sing,accs | NOUN,inan,masc sing,datv | NOUN,inan,masc sing,gent | NOUN,inan,masc sing,loct | NOUN,inan,masc sing,nomn	false	4.07	193	WORDFREQ_RANKED	IN_POOL_REVIEW_REQUIRED	
весы	4	EASY	NOUN,inan,GNdr,Pltm plur,ablt | NOUN,inan,GNdr,Pltm plur,accs | NOUN,inan,GNdr,Pltm plur,datv | NOUN,inan,GNdr,Pltm plur,gent | NOUN,inan,GNdr,Pltm plur,loct | NOUN,inan,GNdr,Pltm plur,nomn	true	3.52	372	WORDFREQ_RANKED	IN_POOL_REVIEW_REQUIRED	
ветвь	5	MEDIUM	NOUN,inan,femn plur,ablt | NOUN,inan,femn plur,accs | NOUN,inan,femn plur,datv | NOUN,inan,femn plur,gent | NOUN,inan,femn plur,loct | NOUN,inan,femn plur,nomn | NOUN,inan,femn sing,ablt | NOUN,inan,femn sing,accs | NOUN,inan,femn sing,datv | NOUN,inan,femn sing,gent | NOUN,inan,femn sing,loct | NOUN,inan,femn sing,nomn	false	3.61	474	TRUSTED_V1	TRUSTED	ALLOW
ветер	5	MEDIUM	NOUN,inan,masc plur,ablt | NOUN,inan,masc plur,accs | NOUN,inan,masc plur,accs,Infr | NOUN,inan,masc plur,datv | NOUN,inan,masc plur,gent | NOUN,inan,masc plur,loct | NOUN,inan,masc plur,nomn | NOUN,inan,masc plur,nomn,Infr | NOUN,inan,masc sing,ablt | NOUN,inan,masc sing,accs | NOUN,inan,masc sing,accs,Litr | NOUN,inan,masc sing,datv | NOUN,inan,masc sing,gen2 | NOUN,inan,masc sing,gent | NOUN,inan,masc sing,loc2 | NOUN,inan,masc sing,loct | NOUN,inan,masc sing,nomn | NOUN,inan,masc sing,nomn,Litr	false	4.69	58	TRUSTED_V1	TRUSTED	ALLOW
ветеран	7	EXPERT	NOUN,anim,masc plur,ablt | NOUN,anim,masc plur,accs | NOUN,anim,masc plur,datv | NOUN,anim,masc plur,gent | NOUN,anim,masc plur,loct | NOUN,anim,masc plur,nomn | NOUN,anim,masc sing,ablt | NOUN,anim,masc sing,accs | NOUN,anim,masc sing,datv | NOUN,anim,masc sing,gent | NOUN,anim,masc sing,loct | NOUN,anim,masc sing,nomn	false	3.91	242	WORDFREQ_RANKED	IN_POOL_REVIEW_REQUIRED	
ветерок	7	EXPERT	NOUN,inan,masc plur,ablt | NOUN,inan,masc plur,accs | NOUN,inan,masc plur,datv | NOUN,inan,masc plur,gent | NOUN,inan,masc plur,loct | NOUN,inan,masc plur,nomn | NOUN,inan,masc sing,ablt | NOUN,inan,masc sing,accs | NOUN,inan,masc sing,datv | NOUN,inan,masc sing,gent | NOUN,inan,masc sing,loct | NOUN,inan,masc sing,nomn	false	3.49	479	WORDFREQ_RANKED	IN_POOL_REVIEW_REQUIRED	
ветка	5	MEDIUM	NOUN,inan,femn plur,ablt | NOUN,inan,femn plur,accs | NOUN,inan,femn plur,datv | NOUN,inan,femn plur,gent | NOUN,inan,femn plur,loct | NOUN,inan,femn plur,nomn | NOUN,inan,femn sing,ablt | NOUN,inan,femn sing,ablt,V-oy | NOUN,inan,femn sing,accs | NOUN,inan,femn sing,datv | NOUN,inan,femn sing,gent | NOUN,inan,femn sing,loct | NOUN,inan,femn sing,nomn	false	3.60	486	TRUSTED_V1	TRUSTED	ALLOW
вето	4	EASY	NOUN,inan,neut,Fixd plur,ablt | NOUN,inan,neut,Fixd plur,accs | NOUN,inan,neut,Fixd plur,datv | NOUN,inan,neut,Fixd plur,gent | NOUN,inan,neut,Fixd plur,loct | NOUN,inan,neut,Fixd plur,nomn | NOUN,inan,neut,Fixd sing,ablt | NOUN,inan,neut,Fixd sing,accs | NOUN,inan,neut,Fixd sing,datv | NOUN,inan,neut,Fixd sing,gent | NOUN,inan,neut,Fixd sing,loct | NOUN,inan,neut,Fixd sing,nomn	false	3.58	352	WORDFREQ_RANKED	IN_POOL_REVIEW_REQUIRED	
вече	4	EASY	NOUN,inan,neut plur,ablt | NOUN,inan,neut plur,accs | NOUN,inan,neut plur,datv | NOUN,inan,neut plur,gent | NOUN,inan,neut plur,gent,Infr | NOUN,inan,neut plur,loct | NOUN,inan,neut plur,nomn | NOUN,inan,neut sing,ablt | NOUN,inan,neut sing,accs | NOUN,inan,neut sing,datv | NOUN,inan,neut sing,gent | NOUN,inan,neut sing,loct | NOUN,inan,neut sing,nomn	false	3.62	326	WORDFREQ_RANKED	IN_POOL_REVIEW_REQUIRED	
вечер	5	MEDIUM	NOUN,inan,masc plur,ablt | NOUN,inan,masc plur,accs | NOUN,inan,masc plur,datv | NOUN,inan,masc plur,gent | NOUN,inan,masc plur,loct | NOUN,inan,masc plur,nomn | NOUN,inan,masc sing,ablt | NOUN,inan,masc sing,accs | NOUN,inan,masc sing,datv | NOUN,inan,masc sing,gent | NOUN,inan,masc sing,loct | NOUN,inan,masc sing,nomn	false	5.00	23	TRUSTED_V1	TRUSTED	ALLOW
вещание	7	EXPERT	NOUN,inan,neut plur,ablt | NOUN,inan,neut plur,ablt,V-be | NOUN,inan,neut plur,accs | NOUN,inan,neut plur,accs,V-be | NOUN,inan,neut plur,datv | NOUN,inan,neut plur,datv,V-be | NOUN,inan,neut plur,gent | NOUN,inan,neut plur,loct | NOUN,inan,neut plur,loct,V-be | NOUN,inan,neut plur,nomn | NOUN,inan,neut plur,nomn,V-be | NOUN,inan,neut sing,ablt | NOUN,inan,neut sing,ablt,V-be | NOUN,inan,neut sing,accs | NOUN,inan,neut sing,accs,V-be | NOUN,inan,neut sing,datv | NOUN,inan,neut sing,datv,V-be | NOUN,inan,neut sing,gent | NOUN,inan,neut sing,gent,V-be | NOUN,inan,neut sing,loct | NOUN,inan,neut sing,loct,V-be | NOUN,inan,neut sing,loct,V-be,V-bi | NOUN,inan,neut sing,nomn | NOUN,inan,neut sing,nomn,V-be	false	3.84	268	WORDFREQ_RANKED	IN_POOL_REVIEW_REQUIRED	
вещь	4	EASY	NOUN,inan,femn plur,ablt | NOUN,inan,femn plur,accs | NOUN,inan,femn plur,datv | NOUN,inan,femn plur,gent | NOUN,inan,femn plur,loct | NOUN,inan,femn plur,nomn | NOUN,inan,femn sing,ablt | NOUN,inan,femn sing,accs | NOUN,inan,femn sing,datv | NOUN,inan,femn sing,gent | NOUN,inan,femn sing,loct | NOUN,inan,femn sing,nomn	false	4.61	75	WORDFREQ_RANKED	IN_POOL_REVIEW_REQUIRED	
взгляд	6	HARD	NOUN,inan,masc plur,ablt | NOUN,inan,masc plur,accs | NOUN,inan,masc plur,datv | NOUN,inan,masc plur,gent | NOUN,inan,masc plur,loct | NOUN,inan,masc plur,nomn | NOUN,inan,masc sing,ablt | NOUN,inan,masc sing,accs | NOUN,inan,masc sing,datv | NOUN,inan,masc sing,gent | NOUN,inan,masc sing,loct | NOUN,inan,masc sing,nomn	false	4.96	20	WORDFREQ_RANKED	IN_POOL_REVIEW_REQUIRED	
взлет	5	MEDIUM	NOUN,inan,masc plur,ablt | NOUN,inan,masc plur,accs | NOUN,inan,masc plur,datv | NOUN,inan,masc plur,gent | NOUN,inan,masc plur,loct | NOUN,inan,masc plur,nomn | NOUN,inan,masc sing,ablt | NOUN,inan,masc sing,accs | NOUN,inan,masc sing,datv | NOUN,inan,masc sing,gent | NOUN,inan,masc sing,loct | NOUN,inan,masc sing,nomn	false	3.43	610	TRUSTED_V1	TRUSTED	ALLOW
взнос	5	MEDIUM	NOUN,inan,masc plur,ablt | NOUN,inan,masc plur,accs | NOUN,inan,masc plur,datv | NOUN,inan,masc plur,gent | NOUN,inan,masc plur,loct | NOUN,inan,masc plur,nomn | NOUN,inan,masc sing,ablt | NOUN,inan,masc sing,accs | NOUN,inan,masc sing,datv | NOUN,inan,masc sing,gent | NOUN,inan,masc sing,loct | NOUN,inan,masc sing,nomn	false	3.49	570	TRUSTED_V1	TRUSTED	ALLOW
взор	4	EASY	NOUN,inan,masc plur,ablt | NOUN,inan,masc plur,accs | NOUN,inan,masc plur,datv | NOUN,inan,masc plur,gent | NOUN,inan,masc plur,loct | NOUN,inan,masc plur,nomn | NOUN,inan,masc sing,ablt | NOUN,inan,masc sing,accs | NOUN,inan,masc sing,datv | NOUN,inan,masc sing,gent | NOUN,inan,masc sing,loct | NOUN,inan,masc sing,nomn	false	3.57	355	WORDFREQ_RANKED	IN_POOL_REVIEW_REQUIRED	
видение	7	EXPERT	NOUN,inan,neut plur,ablt | NOUN,inan,neut plur,ablt,V-be | NOUN,inan,neut plur,accs | NOUN,inan,neut plur,accs,V-be | NOUN,inan,neut plur,datv | NOUN,inan,neut plur,datv,V-be | NOUN,inan,neut plur,gent | NOUN,inan,neut plur,loct | NOUN,inan,neut plur,loct,V-be | NOUN,inan,neut plur,nomn | NOUN,inan,neut plur,nomn,V-be | NOUN,inan,neut sing,ablt | NOUN,inan,neut sing,ablt,V-be | NOUN,inan,neut sing,accs | NOUN,inan,neut sing,accs,V-be | NOUN,inan,neut sing,datv | NOUN,inan,neut sing,datv,V-be | NOUN,inan,neut sing,gent | NOUN,inan,neut sing,gent,V-be | NOUN,inan,neut sing,loct | NOUN,inan,neut sing,loct,V-be | NOUN,inan,neut sing,loct,V-be,V-bi | NOUN,inan,neut sing,nomn | NOUN,inan,neut sing,nomn,V-be	false	3.99	218	WORDFREQ_RANKED	IN_POOL_REVIEW_REQUIRED	
видео	5	MEDIUM	NOUN,inan,neut,Fixd plur,ablt | NOUN,inan,neut,Fixd plur,accs | NOUN,inan,neut,Fixd plur,datv | NOUN,inan,neut,Fixd plur,gent | NOUN,inan,neut,Fixd plur,loct | NOUN,inan,neut,Fixd plur,nomn | NOUN,inan,neut,Fixd sing,ablt | NOUN,inan,neut,Fixd sing,accs | NOUN,inan,neut,Fixd sing,datv | NOUN,inan,neut,Fixd sing,gent | NOUN,inan,neut,Fixd sing,loct | NOUN,inan,neut,Fixd sing,nomn	false	4.99	24	TRUSTED_V1	TRUSTED	ALLOW
виза	4	EASY	NOUN,inan,femn plur,ablt | NOUN,inan,femn plur,accs | NOUN,inan,femn plur,datv | NOUN,inan,femn plur,gent | NOUN,inan,femn plur,loct | NOUN,inan,femn plur,nomn | NOUN,inan,femn sing,ablt | NOUN,inan,femn sing,ablt,V-oy | NOUN,inan,femn sing,accs | NOUN,inan,femn sing,datv | NOUN,inan,femn sing,gent | NOUN,inan,femn sing,loct | NOUN,inan,femn sing,nomn	false	3.40	435	WORDFREQ_RANKED	IN_POOL_REVIEW_REQUIRED	
визг	4	EASY	NOUN,inan,masc plur,ablt | NOUN,inan,masc plur,accs | NOUN,inan,masc plur,datv | NOUN,inan,masc plur,gent | NOUN,inan,masc plur,loct | NOUN,inan,masc plur,nomn | NOUN,inan,masc sing,ablt | NOUN,inan,masc sing,accs | NOUN,inan,masc sing,datv | NOUN,inan,masc sing,gen2 | NOUN,inan,masc sing,gent | NOUN,inan,masc sing,loct | NOUN,inan,masc sing,nomn	false	3.31	492	WORDFREQ_RANKED	IN_POOL_REVIEW_REQUIRED	
вилка	5	MEDIUM	NOUN,inan,femn plur,ablt | NOUN,inan,femn plur,accs | NOUN,inan,femn plur,datv | NOUN,inan,femn plur,gent | NOUN,inan,femn plur,loct | NOUN,inan,femn plur,nomn | NOUN,inan,femn sing,ablt | NOUN,inan,femn sing,ablt,V-oy | NOUN,inan,femn sing,accs | NOUN,inan,femn sing,datv | NOUN,inan,femn sing,gent | NOUN,inan,femn sing,loct | NOUN,inan,femn sing,nomn	false	3.18	858	TRUSTED_V1	TRUSTED	ALLOW
вино	4	EASY	NOUN,inan,neut plur,ablt | NOUN,inan,neut plur,accs | NOUN,inan,neut plur,datv | NOUN,inan,neut plur,gent | NOUN,inan,neut plur,loct | NOUN,inan,neut plur,nomn | NOUN,inan,neut sing,ablt | NOUN,inan,neut sing,accs | NOUN,inan,neut sing,datv | NOUN,inan,neut sing,gent | NOUN,inan,neut sing,loct | NOUN,inan,neut sing,nomn	false	4.46	101	WORDFREQ_RANKED	IN_POOL_REVIEW_REQUIRED	
винт	4	EASY	NOUN,inan,masc plur,ablt | NOUN,inan,masc plur,accs | NOUN,inan,masc plur,datv | NOUN,inan,masc plur,gent | NOUN,inan,masc plur,loct | NOUN,inan,masc plur,nomn | NOUN,inan,masc sing,ablt | NOUN,inan,masc sing,accs | NOUN,inan,masc sing,datv | NOUN,inan,masc sing,gent | NOUN,inan,masc sing,loc2 | NOUN,inan,masc sing,loct | NOUN,inan,masc sing,nomn	false	3.34	470	WORDFREQ_RANKED	IN_POOL_REVIEW_REQUIRED	
вирус	5	MEDIUM	NOUN,anim,masc,Inmx plur,accs,inan | NOUN,anim,masc,Inmx sing,accs,inan | NOUN,inan,masc,Inmx plur,ablt | NOUN,inan,masc,Inmx plur,accs | NOUN,inan,masc,Inmx plur,datv | NOUN,inan,masc,Inmx plur,gent | NOUN,inan,masc,Inmx plur,loct | NOUN,inan,masc,Inmx plur,nomn | NOUN,inan,masc,Inmx sing,ablt | NOUN,inan,masc,Inmx sing,accs | NOUN,inan,masc,Inmx sing,datv | NOUN,inan,masc,Inmx sing,gent | NOUN,inan,masc,Inmx sing,loct | NOUN,inan,masc,Inmx sing,nomn	false	4.14	198	TRUSTED_V1	TRUSTED	ALLOW
витамин	7	EXPERT	NOUN,inan,masc plur,ablt | NOUN,inan,masc plur,accs | NOUN,inan,masc plur,datv | NOUN,inan,masc plur,gent | NOUN,inan,masc plur,loct | NOUN,inan,masc plur,nomn | NOUN,inan,masc sing,ablt | NOUN,inan,masc sing,accs | NOUN,inan,masc sing,datv | NOUN,inan,masc sing,gent | NOUN,inan,masc sing,loct | NOUN,inan,masc sing,nomn	false	3.52	457	WORDFREQ_RANKED	IN_POOL_REVIEW_REQUIRED	
витязь	6	HARD	NOUN,anim,masc plur,ablt | NOUN,anim,masc plur,accs | NOUN,anim,masc plur,datv | NOUN,anim,masc plur,gent | NOUN,anim,masc plur,loct | NOUN,anim,masc plur,nomn | NOUN,anim,masc sing,ablt | NOUN,anim,masc sing,accs | NOUN,anim,masc sing,datv | NOUN,anim,masc sing,gent | NOUN,anim,masc sing,loct | NOUN,anim,masc sing,nomn	false	3.57	472	WORDFREQ_RANKED	IN_POOL_REVIEW_REQUIRED	
вишня	5	MEDIUM	NOUN,inan,femn plur,ablt | NOUN,inan,femn plur,accs | NOUN,inan,femn plur,datv | NOUN,inan,femn plur,gent | NOUN,inan,femn plur,loct | NOUN,inan,femn plur,nomn | NOUN,inan,femn sing,ablt | NOUN,inan,femn sing,ablt,V-ey | NOUN,inan,femn sing,accs | NOUN,inan,femn sing,datv | NOUN,inan,femn sing,gent | NOUN,inan,femn sing,loct | NOUN,inan,femn sing,nomn	false	3.25	786	TRUSTED_V1	TRUSTED	ALLOW
вклад	5	MEDIUM	NOUN,inan,masc plur,ablt | NOUN,inan,masc plur,accs | NOUN,inan,masc plur,datv | NOUN,inan,masc plur,gent | NOUN,inan,masc plur,loct | NOUN,inan,masc plur,nomn | NOUN,inan,masc sing,ablt | NOUN,inan,masc sing,accs | NOUN,inan,masc sing,datv | NOUN,inan,masc sing,gent | NOUN,inan,masc sing,loct | NOUN,inan,masc sing,nomn	false	4.57	76	TRUSTED_V1	TRUSTED	ALLOW
вкус	4	EASY	NOUN,inan,masc plur,ablt | NOUN,inan,masc plur,accs | NOUN,inan,masc plur,datv | NOUN,inan,masc plur,gent | NOUN,inan,masc plur,loct | NOUN,inan,masc plur,nomn | NOUN,inan,masc sing,ablt | NOUN,inan,masc sing,accs | NOUN,inan,masc sing,datv | NOUN,inan,masc sing,gent | NOUN,inan,masc sing,loct | NOUN,inan,masc sing,nomn	false	4.51	91	WORDFREQ_RANKED	IN_POOL_REVIEW_REQUIRED	
владыка	7	EXPERT	NOUN,anim,masc plur,ablt | NOUN,anim,masc plur,accs | NOUN,anim,masc plur,datv | NOUN,anim,masc plur,gent | NOUN,anim,masc plur,loct | NOUN,anim,masc plur,nomn | NOUN,anim,masc sing,ablt | NOUN,anim,masc sing,ablt,V-oy | NOUN,anim,masc sing,accs | NOUN,anim,masc sing,datv | NOUN,anim,masc sing,gent | NOUN,anim,masc sing,loct | NOUN,anim,masc sing,nomn	false	3.70	354	WORDFREQ_RANKED	IN_POOL_REVIEW_REQUIRED	
власть	6	HARD	NOUN,inan,femn plur,ablt | NOUN,inan,femn plur,accs | NOUN,inan,femn plur,datv | NOUN,inan,femn plur,gent | NOUN,inan,femn plur,loct | NOUN,inan,femn plur,nomn | NOUN,inan,femn sing,ablt | NOUN,inan,femn sing,accs | NOUN,inan,femn sing,datv | NOUN,inan,femn sing,gent | NOUN,inan,femn sing,loct | NOUN,inan,femn sing,nomn	false	5.01	15	WORDFREQ_RANKED	IN_POOL_REVIEW_REQUIRED	
влияние	7	EXPERT	NOUN,inan,neut plur,ablt | NOUN,inan,neut plur,ablt,V-be | NOUN,inan,neut plur,accs | NOUN,inan,neut plur,accs,V-be | NOUN,inan,neut plur,datv | NOUN,inan,neut plur,datv,V-be | NOUN,inan,neut plur,gent | NOUN,inan,neut plur,loct | NOUN,inan,neut plur,loct,V-be | NOUN,inan,neut plur,nomn | NOUN,inan,neut plur,nomn,V-be | NOUN,inan,neut sing,ablt | NOUN,inan,neut sing,ablt,V-be | NOUN,inan,neut sing,accs | NOUN,inan,neut sing,accs,V-be | NOUN,inan,neut sing,datv | NOUN,inan,neut sing,datv,V-be | NOUN,inan,neut sing,gent | NOUN,inan,neut sing,gent,V-be | NOUN,inan,neut sing,loct | NOUN,inan,neut sing,loct,V-be | NOUN,inan,neut sing,loct,V-be,V-bi | NOUN,inan,neut sing,nomn | NOUN,inan,neut sing,nomn,V-be	false	4.86	26	WORDFREQ_RANKED	IN_POOL_REVIEW_REQUIRED	
внук	4	EASY	NOUN,anim,masc plur,ablt | NOUN,anim,masc plur,accs | NOUN,anim,masc plur,datv | NOUN,anim,masc plur,gent | NOUN,anim,masc plur,loct | NOUN,anim,masc plur,nomn | NOUN,anim,masc sing,ablt | NOUN,anim,masc sing,accs | NOUN,anim,masc sing,datv | NOUN,anim,masc sing,gent | NOUN,anim,masc sing,loct | NOUN,anim,masc sing,nomn	false	3.87	246	WORDFREQ_RANKED	IN_POOL_REVIEW_REQUIRED	
внучка	6	HARD	NOUN,anim,femn plur,ablt | NOUN,anim,femn plur,accs | NOUN,anim,femn plur,datv | NOUN,anim,femn plur,gent | NOUN,anim,femn plur,loct | NOUN,anim,femn plur,nomn | NOUN,anim,femn sing,ablt | NOUN,anim,femn sing,ablt,V-oy | NOUN,anim,femn sing,accs | NOUN,anim,femn sing,datv | NOUN,anim,femn sing,gent | NOUN,anim,femn sing,loct | NOUN,anim,femn sing,nomn	false	3.66	404	WORDFREQ_RANKED	IN_POOL_REVIEW_REQUIRED	
вода	4	EASY	NOUN,inan,femn plur,ablt | NOUN,inan,femn plur,accs | NOUN,inan,femn plur,datv | NOUN,inan,femn plur,gent | NOUN,inan,femn plur,loct | NOUN,inan,femn plur,nomn | NOUN,inan,femn sing,ablt | NOUN,inan,femn sing,ablt,V-oy | NOUN,inan,femn sing,accs | NOUN,inan,femn sing,datv | NOUN,inan,femn sing,gent | NOUN,inan,femn sing,loct | NOUN,inan,femn sing,nomn	false	4.83	45	MANUAL_ALLOW	IN_POOL_REVIEW_REQUIRED	ALLOW
водопад	7	EXPERT	NOUN,inan,masc plur,ablt | NOUN,inan,masc plur,accs | NOUN,inan,masc plur,datv | NOUN,inan,masc plur,gent | NOUN,inan,masc plur,loct | NOUN,inan,masc plur,nomn | NOUN,inan,masc sing,ablt | NOUN,inan,masc sing,accs | NOUN,inan,masc sing,datv | NOUN,inan,masc sing,gent | NOUN,inan,masc sing,loct | NOUN,inan,masc sing,nomn	false	3.58	423	WORDFREQ_RANKED	IN_POOL_REVIEW_REQUIRED	
водяной	7	EXPERT	NOUN,anim,masc plur,ablt | NOUN,anim,masc plur,accs | NOUN,anim,masc plur,datv | NOUN,anim,masc plur,gent | NOUN,anim,masc plur,loct | NOUN,anim,masc plur,nomn | NOUN,anim,masc sing,ablt | NOUN,anim,masc sing,accs | NOUN,anim,masc sing,datv | NOUN,anim,masc sing,gent | NOUN,anim,masc sing,loct | NOUN,anim,masc sing,nomn	false	3.53	452	WORDFREQ_RANKED	IN_POOL_REVIEW_REQUIRED	
воевода	7	EXPERT	NOUN,anim,masc plur,ablt | NOUN,anim,masc plur,accs | NOUN,anim,masc plur,datv | NOUN,anim,masc plur,gent | NOUN,anim,masc plur,loct | NOUN,anim,masc plur,nomn | NOUN,anim,masc sing,ablt | NOUN,anim,masc sing,ablt,V-oy | NOUN,anim,masc sing,accs | NOUN,anim,masc sing,datv | NOUN,anim,masc sing,gent | NOUN,anim,masc sing,loct | NOUN,anim,masc sing,nomn	false	3.63	392	WORDFREQ_RANKED	IN_POOL_REVIEW_REQUIRED	
возврат	7	EXPERT	NOUN,inan,masc plur,ablt | NOUN,inan,masc plur,accs | NOUN,inan,masc plur,datv | NOUN,inan,masc plur,gent | NOUN,inan,masc plur,loct | NOUN,inan,masc plur,nomn | NOUN,inan,masc sing,ablt | NOUN,inan,masc sing,accs | NOUN,inan,masc sing,datv | NOUN,inan,masc sing,gent | NOUN,inan,masc sing,loct | NOUN,inan,masc sing,nomn	false	3.89	247	WORDFREQ_RANKED	IN_POOL_REVIEW_REQUIRED	
воздух	6	HARD	NOUN,inan,masc plur,ablt | NOUN,inan,masc plur,accs | NOUN,inan,masc plur,datv | NOUN,inan,masc plur,gent | NOUN,inan,masc plur,loct | NOUN,inan,masc plur,nomn | NOUN,inan,masc sing,ablt | NOUN,inan,masc sing,accs | NOUN,inan,masc sing,datv | NOUN,inan,masc sing,gen2 | NOUN,inan,masc sing,gent | NOUN,inan,masc sing,loct | NOUN,inan,masc sing,nomn	false	4.65	65	MANUAL_ALLOW	IN_POOL_REVIEW_REQUIRED	ALLOW
возраст	7	EXPERT	NOUN,inan,masc plur,ablt | NOUN,inan,masc plur,accs | NOUN,inan,masc plur,datv | NOUN,inan,masc plur,gent | NOUN,inan,masc plur,loct | NOUN,inan,masc plur,nomn | NOUN,inan,masc sing,ablt | NOUN,inan,masc sing,accs | NOUN,inan,masc sing,datv | NOUN,inan,masc sing,gent | NOUN,inan,masc sing,loct | NOUN,inan,masc sing,nomn	false	4.63	57	WORDFREQ_RANKED	IN_POOL_REVIEW_REQUIRED	
воин	4	EASY	NOUN,anim,masc plur,ablt | NOUN,anim,masc plur,accs | NOUN,anim,masc plur,datv | NOUN,anim,masc plur,gent | NOUN,anim,masc plur,loct | NOUN,anim,masc plur,nomn | NOUN,anim,masc sing,ablt | NOUN,anim,masc sing,accs | NOUN,anim,masc sing,datv | NOUN,anim,masc sing,gent | NOUN,anim,masc sing,loct | NOUN,anim,masc sing,nomn	false	4.08	184	WORDFREQ_RANKED	IN_POOL_REVIEW_REQUIRED	
война	5	MEDIUM	NOUN,inan,femn plur,ablt | NOUN,inan,femn plur,accs | NOUN,inan,femn plur,datv | NOUN,inan,femn plur,gent | NOUN,inan,femn plur,loct | NOUN,inan,femn plur,nomn | NOUN,inan,femn sing,ablt | NOUN,inan,femn sing,ablt,V-oy | NOUN,inan,femn sing,accs | NOUN,inan,femn sing,datv | NOUN,inan,femn sing,gent | NOUN,inan,femn sing,loct | NOUN,inan,femn sing,nomn	false	4.97	26	TRUSTED_V1	TRUSTED	ALLOW
войско	6	HARD	NOUN,inan,neut plur,ablt | NOUN,inan,neut plur,accs | NOUN,inan,neut plur,datv | NOUN,inan,neut plur,gent | NOUN,inan,neut plur,loct | NOUN,inan,neut plur,nomn | NOUN,inan,neut sing,ablt | NOUN,inan,neut sing,accs | NOUN,inan,neut sing,datv | NOUN,inan,neut sing,gent | NOUN,inan,neut sing,loct | NOUN,inan,neut sing,nomn	false	3.99	226	WORDFREQ_RANKED	IN_POOL_REVIEW_REQUIRED	
вокал	5	MEDIUM	NOUN,inan,masc plur,ablt | NOUN,inan,masc plur,accs | NOUN,inan,masc plur,datv | NOUN,inan,masc plur,gent | NOUN,inan,masc plur,loct | NOUN,inan,masc plur,nomn | NOUN,inan,masc sing,ablt | NOUN,inan,masc sing,accs | NOUN,inan,masc sing,datv | NOUN,inan,masc sing,gent | NOUN,inan,masc sing,loct | NOUN,inan,masc sing,nomn	false	3.45	601	TRUSTED_V1	TRUSTED	ALLOW
вокзал	6	HARD	NOUN,inan,masc plur,ablt | NOUN,inan,masc plur,accs | NOUN,inan,masc plur,datv | NOUN,inan,masc plur,gent | NOUN,inan,masc plur,loct | NOUN,inan,masc plur,nomn | NOUN,inan,masc sing,ablt | NOUN,inan,masc sing,accs | NOUN,inan,masc sing,datv | NOUN,inan,masc sing,gent | NOUN,inan,masc sing,loct | NOUN,inan,masc sing,nomn	false	4.09	189	WORDFREQ_RANKED	IN_POOL_REVIEW_REQUIRED	
волк	4	EASY	NOUN,anim,masc plur,ablt | NOUN,anim,masc plur,accs | NOUN,anim,masc plur,datv | NOUN,anim,masc plur,gent | NOUN,anim,masc plur,loct | NOUN,anim,masc plur,nomn | NOUN,anim,masc sing,ablt | NOUN,anim,masc sing,accs | NOUN,anim,masc sing,datv | NOUN,anim,masc sing,gent | NOUN,anim,masc sing,loct | NOUN,anim,masc sing,nomn | NOUN,inan,masc plur,ablt | NOUN,inan,masc plur,accs | NOUN,inan,masc plur,datv | NOUN,inan,masc plur,gent | NOUN,inan,masc plur,loct | NOUN,inan,masc plur,nomn | NOUN,inan,masc sing,ablt | NOUN,inan,masc sing,accs | NOUN,inan,masc sing,datv | NOUN,inan,masc sing,gent | NOUN,inan,masc sing,loct | NOUN,inan,masc sing,nomn	false	4.19	157	WORDFREQ_RANKED	IN_POOL_REVIEW_REQUIRED	
волна	5	MEDIUM	NOUN,inan,femn plur,ablt | NOUN,inan,femn plur,accs | NOUN,inan,femn plur,datv | NOUN,inan,femn plur,gent | NOUN,inan,femn plur,loct | NOUN,inan,femn plur,nomn | NOUN,inan,femn sing,ablt | NOUN,inan,femn sing,ablt,V-oy | NOUN,inan,femn sing,accs | NOUN,inan,femn sing,datv | NOUN,inan,femn sing,gent | NOUN,inan,femn sing,loct | NOUN,inan,femn sing,nomn	false	4.34	136	TRUSTED_V1	TRUSTED	ALLOW
воля	4	EASY	NOUN,inan,femn plur,ablt | NOUN,inan,femn plur,accs | NOUN,inan,femn plur,datv | NOUN,inan,femn plur,gent | NOUN,inan,femn plur,loct | NOUN,inan,femn plur,nomn | NOUN,inan,femn sing,ablt | NOUN,inan,femn sing,ablt,V-ey | NOUN,inan,femn sing,accs | NOUN,inan,femn sing,datv | NOUN,inan,femn sing,gent | NOUN,inan,femn sing,loct | NOUN,inan,femn sing,nomn	false	4.15	167	WORDFREQ_RANKED	IN_POOL_REVIEW_REQUIRED	
вопрос	6	HARD	NOUN,inan,masc plur,ablt | NOUN,inan,masc plur,accs | NOUN,inan,masc plur,datv | NOUN,inan,masc plur,gent | NOUN,inan,masc plur,loct | NOUN,inan,masc plur,nomn | NOUN,inan,masc sing,ablt | NOUN,inan,masc sing,accs | NOUN,inan,masc sing,datv | NOUN,inan,masc sing,gent | NOUN,inan,masc sing,loct | NOUN,inan,masc sing,nomn	false	5.57	1	MANUAL_ALLOW	IN_POOL_REVIEW_REQUIRED	ALLOW
воробей	7	EXPERT	NOUN,anim,masc plur,ablt | NOUN,anim,masc plur,accs | NOUN,anim,masc plur,datv | NOUN,anim,masc plur,gent | NOUN,anim,masc plur,loct | NOUN,anim,masc plur,nomn | NOUN,anim,masc sing,ablt | NOUN,anim,masc sing,accs | NOUN,anim,masc sing,datv | NOUN,anim,masc sing,gent | NOUN,anim,masc sing,loct | NOUN,anim,masc sing,nomn	false	3.47	491	MANUAL_ALLOW	IN_POOL_REVIEW_REQUIRED	ALLOW
ворон	5	MEDIUM	NOUN,anim,masc plur,ablt | NOUN,anim,masc plur,accs | NOUN,anim,masc plur,datv | NOUN,anim,masc plur,gent | NOUN,anim,masc plur,loct | NOUN,anim,masc plur,nomn | NOUN,anim,masc sing,ablt | NOUN,anim,masc sing,accs | NOUN,anim,masc sing,datv | NOUN,anim,masc sing,gent | NOUN,anim,masc sing,loct | NOUN,anim,masc sing,nomn	false	3.75	391	TRUSTED_V1	TRUSTED	ALLOW
ворона	6	HARD	NOUN,anim,femn plur,ablt | NOUN,anim,femn plur,accs | NOUN,anim,femn plur,datv | NOUN,anim,femn plur,gent | NOUN,anim,femn plur,loct | NOUN,anim,femn plur,nomn | NOUN,anim,femn sing,ablt | NOUN,anim,femn sing,ablt,V-oy | NOUN,anim,femn sing,accs | NOUN,anim,femn sing,datv | NOUN,anim,femn sing,gent | NOUN,anim,femn sing,loct | NOUN,anim,femn sing,nomn	false	3.70	372	WORDFREQ_RANKED	IN_POOL_REVIEW_REQUIRED	
ворота	6	HARD	NOUN,inan,GNdr,Pltm plur,ablt | NOUN,inan,GNdr,Pltm plur,accs | NOUN,inan,GNdr,Pltm plur,datv | NOUN,inan,GNdr,Pltm plur,gent | NOUN,inan,GNdr,Pltm plur,loct | NOUN,inan,GNdr,Pltm plur,nomn	true	4.64	66	WORDFREQ_RANKED	IN_POOL_REVIEW_REQUIRED	
воск	4	EASY	NOUN,inan,masc plur,ablt | NOUN,inan,masc plur,accs | NOUN,inan,masc plur,datv | NOUN,inan,masc plur,gent | NOUN,inan,masc plur,loct | NOUN,inan,masc plur,nomn | NOUN,inan,masc sing,ablt | NOUN,inan,masc sing,accs | NOUN,inan,masc sing,datv | NOUN,inan,masc sing,gen2 | NOUN,inan,masc sing,gent | NOUN,inan,masc sing,loct | NOUN,inan,masc sing,nomn	false	3.37	449	WORDFREQ_RANKED	IN_POOL_REVIEW_REQUIRED	
восток	6	HARD	NOUN,inan,masc plur,ablt | NOUN,inan,masc plur,accs | NOUN,inan,masc plur,datv | NOUN,inan,masc plur,gent | NOUN,inan,masc plur,loct | NOUN,inan,masc plur,nomn | NOUN,inan,masc sing,ablt | NOUN,inan,masc sing,accs | NOUN,inan,masc sing,datv | NOUN,inan,masc sing,gent | NOUN,inan,masc sing,loct | NOUN,inan,masc sing,nomn	false	4.67	60	WORDFREQ_RANKED	IN_POOL_REVIEW_REQUIRED	
восторг	7	EXPERT	NOUN,inan,masc plur,ablt | NOUN,inan,masc plur,accs | NOUN,inan,masc plur,datv | NOUN,inan,masc plur,gent | NOUN,inan,masc plur,loct | NOUN,inan,masc plur,nomn | NOUN,inan,masc sing,ablt | NOUN,inan,masc sing,accs | NOUN,inan,masc sing,datv | NOUN,inan,masc sing,gent | NOUN,inan,masc sing,loct | NOUN,inan,masc sing,nomn	false	3.78	305	WORDFREQ_RANKED	IN_POOL_REVIEW_REQUIRED	
восход	6	HARD	NOUN,inan,masc plur,ablt | NOUN,inan,masc plur,accs | NOUN,inan,masc plur,datv | NOUN,inan,masc plur,gent | NOUN,inan,masc plur,loct | NOUN,inan,masc plur,nomn | NOUN,inan,masc sing,ablt | NOUN,inan,masc sing,accs | NOUN,inan,masc sing,datv | NOUN,inan,masc sing,gent | NOUN,inan,masc sing,loct | NOUN,inan,masc sing,nomn	false	3.56	478	WORDFREQ_RANKED	IN_POOL_REVIEW_REQUIRED	
враг	4	EASY	NOUN,anim,masc plur,ablt | NOUN,anim,masc plur,accs | NOUN,anim,masc plur,datv | NOUN,anim,masc plur,gent | NOUN,anim,masc plur,loct | NOUN,anim,masc plur,nomn | NOUN,anim,masc sing,ablt | NOUN,anim,masc sing,accs | NOUN,anim,masc sing,datv | NOUN,anim,masc sing,gent | NOUN,anim,masc sing,loct | NOUN,anim,masc sing,nomn	false	4.38	117	WORDFREQ_RANKED	IN_POOL_REVIEW_REQUIRED	
вратарь	7	EXPERT	NOUN,anim,masc plur,ablt | NOUN,anim,masc plur,accs | NOUN,anim,masc plur,datv | NOUN,anim,masc plur,gent | NOUN,anim,masc plur,loct | NOUN,anim,masc plur,nomn | NOUN,anim,masc sing,ablt | NOUN,anim,masc sing,accs | NOUN,anim,masc sing,datv | NOUN,anim,masc sing,gent | NOUN,anim,masc sing,loct | NOUN,anim,masc sing,nomn	false	4.06	197	WORDFREQ_RANKED	IN_POOL_REVIEW_REQUIRED	
врач	4	EASY	NOUN,anim,masc plur,ablt | NOUN,anim,masc plur,accs | NOUN,anim,masc plur,datv | NOUN,anim,masc plur,gent | NOUN,anim,masc plur,loct | NOUN,anim,masc plur,nomn | NOUN,anim,masc sing,ablt | NOUN,anim,masc sing,accs | NOUN,anim,masc sing,datv | NOUN,anim,masc sing,gent | NOUN,anim,masc sing,loct | NOUN,anim,masc sing,nomn	false	4.68	61	MANUAL_ALLOW	IN_POOL_REVIEW_REQUIRED	ALLOW
вред	4	EASY	NOUN,inan,masc plur,ablt | NOUN,inan,masc plur,accs | NOUN,inan,masc plur,datv | NOUN,inan,masc plur,gent | NOUN,inan,masc plur,loct | NOUN,inan,masc plur,nomn | NOUN,inan,masc sing,ablt | NOUN,inan,masc sing,accs | NOUN,inan,masc sing,datv | NOUN,inan,masc sing,gent | NOUN,inan,masc sing,loct | NOUN,inan,masc sing,nomn	false	4.29	133	WORDFREQ_RANKED	IN_POOL_REVIEW_REQUIRED	
время	5	MEDIUM	NOUN,inan,neut plur,ablt | NOUN,inan,neut plur,accs | NOUN,inan,neut plur,datv | NOUN,inan,neut plur,gent | NOUN,inan,neut plur,loct | NOUN,inan,neut plur,nomn | NOUN,inan,neut sing,ablt | NOUN,inan,neut sing,accs | NOUN,inan,neut sing,datv | NOUN,inan,neut sing,gent | NOUN,inan,neut sing,loct | NOUN,inan,neut sing,nomn	false	6.21	1	TRUSTED_V1	TRUSTED	ALLOW
всадник	7	EXPERT	NOUN,anim,masc plur,ablt | NOUN,anim,masc plur,accs | NOUN,anim,masc plur,datv | NOUN,anim,masc plur,gent | NOUN,anim,masc plur,loct | NOUN,anim,masc plur,nomn | NOUN,anim,masc sing,ablt | NOUN,anim,masc sing,accs | NOUN,anim,masc sing,datv | NOUN,anim,masc sing,gent | NOUN,anim,masc sing,loct | NOUN,anim,masc sing,nomn	false	3.63	393	WORDFREQ_RANKED	IN_POOL_REVIEW_REQUIRED	
всплеск	7	EXPERT	NOUN,inan,masc plur,ablt | NOUN,inan,masc plur,accs | NOUN,inan,masc plur,datv | NOUN,inan,masc plur,gent | NOUN,inan,masc plur,loct | NOUN,inan,masc plur,nomn | NOUN,inan,masc sing,ablt | NOUN,inan,masc sing,accs | NOUN,inan,masc sing,datv | NOUN,inan,masc sing,gent | NOUN,inan,masc sing,loct | NOUN,inan,masc sing,nomn	false	3.46	501	WORDFREQ_RANKED	IN_POOL_REVIEW_REQUIRED	
вспышка	7	EXPERT	NOUN,inan,femn plur,ablt | NOUN,inan,femn plur,accs | NOUN,inan,femn plur,datv | NOUN,inan,femn plur,gent | NOUN,inan,femn plur,loct | NOUN,inan,femn plur,nomn | NOUN,inan,femn sing,ablt | NOUN,inan,femn sing,ablt,V-oy | NOUN,inan,femn sing,accs | NOUN,inan,femn sing,datv | NOUN,inan,femn sing,gent | NOUN,inan,femn sing,loct | NOUN,inan,femn sing,nomn	false	3.73	338	WORDFREQ_RANKED	IN_POOL_REVIEW_REQUIRED	
встреча	7	EXPERT	NOUN,inan,femn plur,ablt | NOUN,inan,femn plur,accs | NOUN,inan,femn plur,datv | NOUN,inan,femn plur,gent | NOUN,inan,femn plur,loct | NOUN,inan,femn plur,nomn | NOUN,inan,femn sing,ablt | NOUN,inan,femn sing,ablt,V-ey | NOUN,inan,femn sing,accs | NOUN,inan,femn sing,datv | NOUN,inan,femn sing,gent | NOUN,inan,femn sing,loct | NOUN,inan,femn sing,nomn	false	4.79	34	WORDFREQ_RANKED	IN_POOL_REVIEW_REQUIRED	
вторник	7	EXPERT	NOUN,inan,masc plur,ablt | NOUN,inan,masc plur,accs | NOUN,inan,masc plur,datv | NOUN,inan,masc plur,gent | NOUN,inan,masc plur,loct | NOUN,inan,masc plur,nomn | NOUN,inan,masc sing,ablt | NOUN,inan,masc sing,accs | NOUN,inan,masc sing,datv | NOUN,inan,masc sing,gent | NOUN,inan,masc sing,loct | NOUN,inan,masc sing,nomn	false	4.37	98	WORDFREQ_RANKED	IN_POOL_REVIEW_REQUIRED	
второе	6	HARD	NOUN,inan,neut plur,ablt | NOUN,inan,neut plur,accs | NOUN,inan,neut plur,datv | NOUN,inan,neut plur,gent | NOUN,inan,neut plur,loct | NOUN,inan,neut plur,nomn | NOUN,inan,neut sing,ablt | NOUN,inan,neut sing,accs | NOUN,inan,neut sing,datv | NOUN,inan,neut sing,gent | NOUN,inan,neut sing,loct | NOUN,inan,neut sing,nomn	false	4.80	40	WORDFREQ_RANKED	IN_POOL_REVIEW_REQUIRED	
вулкан	6	HARD	NOUN,inan,masc plur,ablt | NOUN,inan,masc plur,accs | NOUN,inan,masc plur,datv | NOUN,inan,masc plur,gent | NOUN,inan,masc plur,loct | NOUN,inan,masc plur,nomn | NOUN,inan,masc sing,ablt | NOUN,inan,masc sing,accs | NOUN,inan,masc sing,datv | NOUN,inan,masc sing,gent | NOUN,inan,masc sing,loct | NOUN,inan,masc sing,nomn	false	3.85	282	WORDFREQ_RANKED	IN_POOL_REVIEW_REQUIRED	
вход	4	EASY	NOUN,inan,masc plur,ablt | NOUN,inan,masc plur,accs | NOUN,inan,masc plur,datv | NOUN,inan,masc plur,gent | NOUN,inan,masc plur,loct | NOUN,inan,masc plur,nomn | NOUN,inan,masc sing,ablt | NOUN,inan,masc sing,accs | NOUN,inan,masc sing,datv | NOUN,inan,masc sing,gent | NOUN,inan,masc sing,loct | NOUN,inan,masc sing,nomn	false	4.39	113	WORDFREQ_RANKED	IN_POOL_REVIEW_REQUIRED	
выбор	5	MEDIUM	NOUN,inan,masc plur,ablt | NOUN,inan,masc plur,accs | NOUN,inan,masc plur,datv | NOUN,inan,masc plur,gent | NOUN,inan,masc plur,loct | NOUN,inan,masc plur,nomn | NOUN,inan,masc sing,ablt | NOUN,inan,masc sing,accs | NOUN,inan,masc sing,datv | NOUN,inan,masc sing,gent | NOUN,inan,masc sing,loct | NOUN,inan,masc sing,nomn	false	4.97	27	TRUSTED_V1	TRUSTED	ALLOW
выборы	6	HARD	NOUN,inan,GNdr,Pltm plur,ablt | NOUN,inan,GNdr,Pltm plur,accs | NOUN,inan,GNdr,Pltm plur,datv | NOUN,inan,GNdr,Pltm plur,gent | NOUN,inan,GNdr,Pltm plur,loct | NOUN,inan,GNdr,Pltm plur,nomn	true	4.87	32	WORDFREQ_RANKED	IN_POOL_REVIEW_REQUIRED	
выдача	6	HARD	NOUN,inan,femn plur,ablt | NOUN,inan,femn plur,accs | NOUN,inan,femn plur,datv | NOUN,inan,femn plur,gent | NOUN,inan,femn plur,loct | NOUN,inan,femn plur,nomn | NOUN,inan,femn sing,ablt | NOUN,inan,femn sing,ablt,V-ey | NOUN,inan,femn sing,accs | NOUN,inan,femn sing,datv | NOUN,inan,femn sing,gent | NOUN,inan,femn sing,loct | NOUN,inan,femn sing,nomn	false	3.68	387	WORDFREQ_RANKED	IN_POOL_REVIEW_REQUIRED	
выдра	5	MEDIUM	NOUN,anim,femn plur,ablt | NOUN,anim,femn plur,accs | NOUN,anim,femn plur,datv | NOUN,anim,femn plur,gent | NOUN,anim,femn plur,loct | NOUN,anim,femn plur,nomn | NOUN,anim,femn sing,ablt | NOUN,anim,femn sing,ablt,V-oy | NOUN,anim,femn sing,accs | NOUN,anim,femn sing,datv | NOUN,anim,femn sing,gent | NOUN,anim,femn sing,loct | NOUN,anim,femn sing,nomn	false	2.90	1170	TRUSTED_V1	TRUSTED	ALLOW
вызов	5	MEDIUM	NOUN,inan,masc plur,ablt | NOUN,inan,masc plur,accs | NOUN,inan,masc plur,datv | NOUN,inan,masc plur,gent | NOUN,inan,masc plur,loct | NOUN,inan,masc plur,nomn | NOUN,inan,masc sing,ablt | NOUN,inan,masc sing,accs | NOUN,inan,masc sing,datv | NOUN,inan,masc sing,gent | NOUN,inan,masc sing,loct | NOUN,inan,masc sing,nomn	false	4.45	109	TRUSTED_V1	TRUSTED	ALLOW
выигрыш	7	EXPERT	NOUN,inan,masc plur,ablt | NOUN,inan,masc plur,accs | NOUN,inan,masc plur,datv | NOUN,inan,masc plur,gent | NOUN,inan,masc plur,loct | NOUN,inan,masc plur,nomn | NOUN,inan,masc sing,ablt | NOUN,inan,masc sing,accs | NOUN,inan,masc sing,datv | NOUN,inan,masc sing,gent | NOUN,inan,masc sing,loct | NOUN,inan,masc sing,nomn	false	3.69	361	WORDFREQ_RANKED	IN_POOL_REVIEW_REQUIRED	
выкуп	5	MEDIUM	NOUN,inan,masc plur,ablt | NOUN,inan,masc plur,accs | NOUN,inan,masc plur,datv | NOUN,inan,masc plur,gent | NOUN,inan,masc plur,loct | NOUN,inan,masc plur,nomn | NOUN,inan,masc sing,ablt | NOUN,inan,masc sing,accs | NOUN,inan,masc sing,datv | NOUN,inan,masc sing,gent | NOUN,inan,masc sing,loct | NOUN,inan,masc sing,nomn	false	3.84	343	TRUSTED_V1	TRUSTED	ALLOW
выплата	7	EXPERT	NOUN,inan,femn plur,ablt | NOUN,inan,femn plur,accs | NOUN,inan,femn plur,datv | NOUN,inan,femn plur,gent | NOUN,inan,femn plur,loct | NOUN,inan,femn plur,nomn | NOUN,inan,femn sing,ablt | NOUN,inan,femn sing,ablt,V-oy | NOUN,inan,femn sing,accs | NOUN,inan,femn sing,datv | NOUN,inan,femn sing,gent | NOUN,inan,femn sing,loct | NOUN,inan,femn sing,nomn	false	3.47	492	WORDFREQ_RANKED	IN_POOL_REVIEW_REQUIRED	
выпуск	6	HARD	NOUN,inan,masc plur,ablt | NOUN,inan,masc plur,accs | NOUN,inan,masc plur,datv | NOUN,inan,masc plur,gent | NOUN,inan,masc plur,loct | NOUN,inan,masc plur,nomn | NOUN,inan,masc sing,ablt | NOUN,inan,masc sing,accs | NOUN,inan,masc sing,datv | NOUN,inan,masc sing,gent | NOUN,inan,masc sing,loct | NOUN,inan,masc sing,nomn	false	4.79	42	WORDFREQ_RANKED	IN_POOL_REVIEW_REQUIRED	
выручка	7	EXPERT	NOUN,inan,femn plur,ablt | NOUN,inan,femn plur,accs | NOUN,inan,femn plur,datv | NOUN,inan,femn plur,gent | NOUN,inan,femn plur,loct | NOUN,inan,femn plur,nomn | NOUN,inan,femn sing,ablt | NOUN,inan,femn sing,ablt,V-oy | NOUN,inan,femn sing,accs | NOUN,inan,femn sing,datv | NOUN,inan,femn sing,gent | NOUN,inan,femn sing,loct | NOUN,inan,femn sing,nomn	false	3.64	387	WORDFREQ_RANKED	IN_POOL_REVIEW_REQUIRED	
высота	6	HARD	NOUN,inan,femn plur,ablt | NOUN,inan,femn plur,accs | NOUN,inan,femn plur,datv | NOUN,inan,femn plur,gent | NOUN,inan,femn plur,loct | NOUN,inan,femn plur,nomn | NOUN,inan,femn sing,ablt | NOUN,inan,femn sing,ablt,V-oy | NOUN,inan,femn sing,accs | NOUN,inan,femn sing,datv | NOUN,inan,femn sing,gent | NOUN,inan,femn sing,loct | NOUN,inan,femn sing,nomn	false	4.30	122	WORDFREQ_RANKED	IN_POOL_REVIEW_REQUIRED	
выстрел	7	EXPERT	NOUN,inan,masc plur,ablt | NOUN,inan,masc plur,accs | NOUN,inan,masc plur,datv | NOUN,inan,masc plur,gent | NOUN,inan,masc plur,loct | NOUN,inan,masc plur,nomn | NOUN,inan,masc sing,ablt | NOUN,inan,masc sing,accs | NOUN,inan,masc sing,datv | NOUN,inan,masc sing,gent | NOUN,inan,masc sing,loct | NOUN,inan,masc sing,nomn	false	4.05	203	WORDFREQ_RANKED	IN_POOL_REVIEW_REQUIRED	
выход	5	MEDIUM	NOUN,inan,masc plur,ablt | NOUN,inan,masc plur,accs | NOUN,inan,masc plur,datv | NOUN,inan,masc plur,gent | NOUN,inan,masc plur,loct | NOUN,inan,masc plur,nomn | NOUN,inan,masc sing,ablt | NOUN,inan,masc sing,accs | NOUN,inan,masc sing,datv | NOUN,inan,masc sing,gent | NOUN,inan,masc sing,loct | NOUN,inan,masc sing,nomn	false	4.86	36	TRUSTED_V1	TRUSTED	ALLOW
вьюга	5	MEDIUM	NOUN,inan,femn plur,ablt | NOUN,inan,femn plur,accs | NOUN,inan,femn plur,datv | NOUN,inan,femn plur,gent | NOUN,inan,femn plur,loct | NOUN,inan,femn plur,nomn | NOUN,inan,femn sing,ablt | NOUN,inan,femn sing,ablt,V-oy | NOUN,inan,femn sing,accs | NOUN,inan,femn sing,datv | NOUN,inan,femn sing,gent | NOUN,inan,femn sing,loct | NOUN,inan,femn sing,nomn	false	2.91	1153	TRUSTED_V1	TRUSTED	ALLOW
гавань	6	HARD	NOUN,inan,femn plur,ablt | NOUN,inan,femn plur,accs | NOUN,inan,femn plur,datv | NOUN,inan,femn plur,gent | NOUN,inan,femn plur,loct | NOUN,inan,femn plur,nomn | NOUN,inan,femn sing,ablt | NOUN,inan,femn sing,accs | NOUN,inan,femn sing,datv | NOUN,inan,femn sing,gent | NOUN,inan,femn sing,loct | NOUN,inan,femn sing,nomn	false	3.66	405	WORDFREQ_RANKED	IN_POOL_REVIEW_REQUIRED	
гага	4	EASY	NOUN,anim,femn plur,ablt | NOUN,anim,femn plur,accs | NOUN,anim,femn plur,datv | NOUN,anim,femn plur,gent | NOUN,anim,femn plur,loct | NOUN,anim,femn plur,nomn | NOUN,anim,femn sing,ablt | NOUN,anim,femn sing,ablt,V-oy | NOUN,anim,femn sing,accs | NOUN,anim,femn sing,datv | NOUN,anim,femn sing,gent | NOUN,anim,femn sing,loct | NOUN,anim,femn sing,nomn	false	3.38	446	WORDFREQ_RANKED	IN_POOL_REVIEW_REQUIRED	
гадость	7	EXPERT	NOUN,inan,femn plur,ablt | NOUN,inan,femn plur,accs | NOUN,inan,femn plur,datv | NOUN,inan,femn plur,gent | NOUN,inan,femn plur,loct | NOUN,inan,femn plur,nomn | NOUN,inan,femn sing,ablt | NOUN,inan,femn sing,accs | NOUN,inan,femn sing,datv | NOUN,inan,femn sing,gent | NOUN,inan,femn sing,loct | NOUN,inan,femn sing,nomn	false	3.64	388	WORDFREQ_RANKED	IN_POOL_REVIEW_REQUIRED	
газета	6	HARD	NOUN,inan,femn plur,ablt | NOUN,inan,femn plur,accs | NOUN,inan,femn plur,datv | NOUN,inan,femn plur,gent | NOUN,inan,femn plur,loct | NOUN,inan,femn plur,nomn | NOUN,inan,femn sing,ablt | NOUN,inan,femn sing,ablt,V-oy | NOUN,inan,femn sing,accs | NOUN,inan,femn sing,datv | NOUN,inan,femn sing,gent | NOUN,inan,femn sing,loct | NOUN,inan,femn sing,nomn	false	4.74	49	WORDFREQ_RANKED	IN_POOL_REVIEW_REQUIRED	
газон	5	MEDIUM	NOUN,inan,masc plur,ablt | NOUN,inan,masc plur,accs | NOUN,inan,masc plur,datv | NOUN,inan,masc plur,gent | NOUN,inan,masc plur,loct | NOUN,inan,masc plur,nomn | NOUN,inan,masc sing,ablt | NOUN,inan,masc sing,accs | NOUN,inan,masc sing,datv | NOUN,inan,masc sing,gent | NOUN,inan,masc sing,loct | NOUN,inan,masc sing,nomn	false	3.59	495	TRUSTED_V1	TRUSTED	ALLOW
гайка	5	MEDIUM	NOUN,inan,femn plur,ablt | NOUN,inan,femn plur,accs | NOUN,inan,femn plur,datv | NOUN,inan,femn plur,gent | NOUN,inan,femn plur,loct | NOUN,inan,femn plur,nomn | NOUN,inan,femn sing,ablt | NOUN,inan,femn sing,ablt,V-oy | NOUN,inan,femn sing,accs | NOUN,inan,femn sing,datv | NOUN,inan,femn sing,gent | NOUN,inan,femn sing,loct | NOUN,inan,femn sing,nomn	false	2.69	1428	TRUSTED_V1	TRUSTED	ALLOW
галерея	7	EXPERT	NOUN,inan,femn plur,ablt | NOUN,inan,femn plur,accs | NOUN,inan,femn plur,datv | NOUN,inan,femn plur,gent | NOUN,inan,femn plur,loct | NOUN,inan,femn plur,nomn | NOUN,inan,femn sing,ablt | NOUN,inan,femn sing,ablt,V-ey | NOUN,inan,femn sing,accs | NOUN,inan,femn sing,datv | NOUN,inan,femn sing,gent | NOUN,inan,femn sing,loct | NOUN,inan,femn sing,nomn	false	3.82	286	WORDFREQ_RANKED	IN_POOL_REVIEW_REQUIRED	
галка	5	MEDIUM	NOUN,anim,femn plur,ablt | NOUN,anim,femn plur,accs | NOUN,anim,femn plur,datv | NOUN,anim,femn plur,gent | NOUN,anim,femn plur,loct | NOUN,anim,femn plur,nomn | NOUN,anim,femn sing,ablt | NOUN,anim,femn sing,ablt,V-oy | NOUN,anim,femn sing,accs | NOUN,anim,femn sing,datv | NOUN,anim,femn sing,gent | NOUN,anim,femn sing,loct | NOUN,anim,femn sing,nomn	false	2.71	1405	TRUSTED_V1	TRUSTED	ALLOW
галстук	7	EXPERT	NOUN,inan,masc plur,ablt | NOUN,inan,masc plur,accs | NOUN,inan,masc plur,datv | NOUN,inan,masc plur,gent | NOUN,inan,masc plur,loct | NOUN,inan,masc plur,nomn | NOUN,inan,masc sing,ablt | NOUN,inan,masc sing,accs | NOUN,inan,masc sing,datv | NOUN,inan,masc sing,gent | NOUN,inan,masc sing,loct | NOUN,inan,masc sing,nomn	false	3.59	418	WORDFREQ_RANKED	IN_POOL_REVIEW_REQUIRED	
гараж	5	MEDIUM	NOUN,inan,masc plur,ablt | NOUN,inan,masc plur,accs | NOUN,inan,masc plur,datv | NOUN,inan,masc plur,gent | NOUN,inan,masc plur,loct | NOUN,inan,masc plur,nomn | NOUN,inan,masc sing,ablt | NOUN,inan,masc sing,accs | NOUN,inan,masc sing,datv | NOUN,inan,masc sing,gent | NOUN,inan,masc sing,loct | NOUN,inan,masc sing,nomn	false	3.86	334	TRUSTED_V1	TRUSTED	ALLOW
гвардия	7	EXPERT	NOUN,inan,femn plur,ablt | NOUN,inan,femn plur,accs | NOUN,inan,femn plur,datv | NOUN,inan,femn plur,gent | NOUN,inan,femn plur,loct | NOUN,inan,femn plur,nomn | NOUN,inan,femn sing,ablt | NOUN,inan,femn sing,ablt,V-ey | NOUN,inan,femn sing,accs | NOUN,inan,femn sing,datv | NOUN,inan,femn sing,gent | NOUN,inan,femn sing,loct | NOUN,inan,femn sing,nomn	false	3.83	280	WORDFREQ_RANKED	IN_POOL_REVIEW_REQUIRED	
гвоздь	6	HARD	NOUN,inan,masc plur,ablt | NOUN,inan,masc plur,accs | NOUN,inan,masc plur,datv | NOUN,inan,masc plur,gent | NOUN,inan,masc plur,loct | NOUN,inan,masc plur,nomn | NOUN,inan,masc sing,ablt | NOUN,inan,masc sing,accs | NOUN,inan,masc sing,datv | NOUN,inan,masc sing,gent | NOUN,inan,masc sing,loct | NOUN,inan,masc sing,nomn	false	3.59	460	WORDFREQ_RANKED	IN_POOL_REVIEW_REQUIRED	
гель	4	EASY	NOUN,inan,masc plur,ablt | NOUN,inan,masc plur,accs | NOUN,inan,masc plur,datv | NOUN,inan,masc plur,gent | NOUN,inan,masc plur,loct | NOUN,inan,masc plur,nomn | NOUN,inan,masc sing,ablt | NOUN,inan,masc sing,accs | NOUN,inan,masc sing,datv | NOUN,inan,masc sing,gent | NOUN,inan,masc sing,loct | NOUN,inan,masc sing,nomn	false	3.35	462	WORDFREQ_RANKED	IN_POOL_REVIEW_REQUIRED	
генерал	7	EXPERT	NOUN,anim,masc plur,ablt | NOUN,anim,masc plur,accs | NOUN,anim,masc plur,datv | NOUN,anim,masc plur,gent | NOUN,anim,masc plur,loct | NOUN,anim,masc plur,nomn | NOUN,anim,masc sing,ablt | NOUN,anim,masc sing,accs | NOUN,anim,masc sing,datv | NOUN,anim,masc sing,gent | NOUN,anim,masc sing,loct | NOUN,anim,masc sing,nomn	false	4.88	23	WORDFREQ_RANKED	IN_POOL_REVIEW_REQUIRED	
герб	4	EASY	NOUN,inan,masc plur,ablt | NOUN,inan,masc plur,accs | NOUN,inan,masc plur,datv | NOUN,inan,masc plur,gent | NOUN,inan,masc plur,loct | NOUN,inan,masc plur,nomn | NOUN,inan,masc sing,ablt | NOUN,inan,masc sing,accs | NOUN,inan,masc sing,datv | NOUN,inan,masc sing,gent | NOUN,inan,masc sing,loct | NOUN,inan,masc sing,nomn	false	3.79	268	WORDFREQ_RANKED	IN_POOL_REVIEW_REQUIRED	
героизм	7	EXPERT	NOUN,inan,masc plur,ablt | NOUN,inan,masc plur,accs | NOUN,inan,masc plur,datv | NOUN,inan,masc plur,gent | NOUN,inan,masc plur,loct | NOUN,inan,masc plur,nomn | NOUN,inan,masc sing,ablt | NOUN,inan,masc sing,accs | NOUN,inan,masc sing,datv | NOUN,inan,masc sing,gent | NOUN,inan,masc sing,loct | NOUN,inan,masc sing,nomn	false	3.59	419	WORDFREQ_RANKED	IN_POOL_REVIEW_REQUIRED	
героиня	7	EXPERT	NOUN,anim,femn plur,ablt | NOUN,anim,femn plur,accs | NOUN,anim,femn plur,datv | NOUN,anim,femn plur,gent | NOUN,anim,femn plur,loct | NOUN,anim,femn plur,nomn | NOUN,anim,femn sing,ablt | NOUN,anim,femn sing,ablt,V-ey | NOUN,anim,femn sing,accs | NOUN,anim,femn sing,datv | NOUN,anim,femn sing,gent | NOUN,anim,femn sing,loct | NOUN,anim,femn sing,nomn	false	3.86	261	WORDFREQ_RANKED	IN_POOL_REVIEW_REQUIRED	
герой	5	MEDIUM	NOUN,anim,masc plur,ablt | NOUN,anim,masc plur,accs | NOUN,anim,masc plur,datv | NOUN,anim,masc plur,gent | NOUN,anim,masc plur,loct | NOUN,anim,masc plur,nomn | NOUN,anim,masc sing,ablt | NOUN,anim,masc sing,accs | NOUN,anim,masc sing,datv | NOUN,anim,masc sing,gent | NOUN,anim,masc sing,loct | NOUN,anim,masc sing,nomn	false	4.72	54	TRUSTED_V1	TRUSTED	ALLOW
герцог	6	HARD	NOUN,anim,masc plur,ablt | NOUN,anim,masc plur,accs | NOUN,anim,masc plur,datv | NOUN,anim,masc plur,gent | NOUN,anim,masc plur,loct | NOUN,anim,masc plur,nomn | NOUN,anim,masc sing,ablt | NOUN,anim,masc sing,accs | NOUN,anim,masc sing,datv | NOUN,anim,masc sing,gent | NOUN,anim,masc sing,loct | NOUN,anim,masc sing,nomn	false	3.85	283	WORDFREQ_RANKED	IN_POOL_REVIEW_REQUIRED	
гибель	6	HARD	NOUN,inan,femn plur,ablt | NOUN,inan,femn plur,accs | NOUN,inan,femn plur,datv | NOUN,inan,femn plur,gent | NOUN,inan,femn plur,loct | NOUN,inan,femn plur,nomn | NOUN,inan,femn sing,ablt | NOUN,inan,femn sing,accs | NOUN,inan,femn sing,datv | NOUN,inan,femn sing,gent | NOUN,inan,femn sing,loct | NOUN,inan,femn sing,nomn	false	4.27	134	WORDFREQ_RANKED	IN_POOL_REVIEW_REQUIRED	
гигант	6	HARD	NOUN,anim,masc plur,ablt | NOUN,anim,masc plur,accs | NOUN,anim,masc plur,datv | NOUN,anim,masc plur,gent | NOUN,anim,masc plur,loct | NOUN,anim,masc plur,nomn | NOUN,anim,masc sing,ablt | NOUN,anim,masc sing,accs | NOUN,anim,masc sing,datv | NOUN,anim,masc sing,gent | NOUN,anim,masc sing,loct | NOUN,anim,masc sing,nomn | NOUN,inan,masc plur,ablt | NOUN,inan,masc plur,accs | NOUN,inan,masc plur,datv | NOUN,inan,masc plur,gent | NOUN,inan,masc plur,loct | NOUN,inan,masc plur,nomn | NOUN,inan,masc sing,ablt | NOUN,inan,masc sing,accs | NOUN,inan,masc sing,datv | NOUN,inan,masc sing,gent | NOUN,inan,masc sing,loct | NOUN,inan,masc sing,nomn	false	3.67	396	WORDFREQ_RANKED	IN_POOL_REVIEW_REQUIRED	
гимн	4	EASY	NOUN,inan,masc plur,ablt | NOUN,inan,masc plur,accs | NOUN,inan,masc plur,datv | NOUN,inan,masc plur,gent | NOUN,inan,masc plur,loct | NOUN,inan,masc plur,nomn | NOUN,inan,masc sing,ablt | NOUN,inan,masc sing,accs | NOUN,inan,masc sing,datv | NOUN,inan,masc sing,gent | NOUN,inan,masc sing,loct | NOUN,inan,masc sing,nomn	false	4.04	193	WORDFREQ_RANKED	IN_POOL_REVIEW_REQUIRED	
гипс	4	EASY	NOUN,inan,masc plur,ablt | NOUN,inan,masc plur,accs | NOUN,inan,masc plur,datv | NOUN,inan,masc plur,gent | NOUN,inan,masc plur,loct | NOUN,inan,masc plur,nomn | NOUN,inan,masc sing,ablt | NOUN,inan,masc sing,accs | NOUN,inan,masc sing,datv | NOUN,inan,masc sing,gen2 | NOUN,inan,masc sing,gent | NOUN,inan,masc sing,loct | NOUN,inan,masc sing,nomn	false	3.32	487	WORDFREQ_RANKED	IN_POOL_REVIEW_REQUIRED	
гитара	6	HARD	NOUN,inan,femn plur,ablt | NOUN,inan,femn plur,accs | NOUN,inan,femn plur,datv | NOUN,inan,femn plur,gent | NOUN,inan,femn plur,loct | NOUN,inan,femn plur,nomn | NOUN,inan,femn sing,ablt | NOUN,inan,femn sing,ablt,V-oy | NOUN,inan,femn sing,accs | NOUN,inan,femn sing,datv | NOUN,inan,femn sing,gent | NOUN,inan,femn sing,loct | NOUN,inan,femn sing,nomn	false	3.67	397	WORDFREQ_RANKED	IN_POOL_REVIEW_REQUIRED	
глава	5	MEDIUM	NOUN,anim,ms-f plur,ablt | NOUN,anim,ms-f plur,accs | NOUN,anim,ms-f plur,datv | NOUN,anim,ms-f plur,gent | NOUN,anim,ms-f plur,loct | NOUN,anim,ms-f plur,nomn | NOUN,anim,ms-f sing,ablt | NOUN,anim,ms-f sing,ablt,V-oy | NOUN,anim,ms-f sing,accs | NOUN,anim,ms-f sing,datv | NOUN,anim,ms-f sing,gent | NOUN,anim,ms-f sing,loct | NOUN,anim,ms-f sing,nomn | NOUN,inan,femn plur,ablt | NOUN,inan,femn plur,accs | NOUN,inan,femn plur,datv | NOUN,inan,femn plur,gent | NOUN,inan,femn plur,loct | NOUN,inan,femn plur,nomn | NOUN,inan,femn sing,ablt | NOUN,inan,femn sing,ablt,V-oy | NOUN,inan,femn sing,accs | NOUN,inan,femn sing,datv | NOUN,inan,femn sing,gent | NOUN,inan,femn sing,loct | NOUN,inan,femn sing,nomn	false	5.13	14	TRUSTED_V1	TRUSTED	ALLOW
главное	7	EXPERT	NOUN,inan,neut plur,ablt | NOUN,inan,neut plur,accs | NOUN,inan,neut plur,datv | NOUN,inan,neut plur,gent | NOUN,inan,neut plur,loct | NOUN,inan,neut plur,nomn | NOUN,inan,neut sing,ablt | NOUN,inan,neut sing,accs | NOUN,inan,neut sing,datv | NOUN,inan,neut sing,gent | NOUN,inan,neut sing,loct | NOUN,inan,neut sing,nomn	false	5.15	9	WORDFREQ_RANKED	IN_POOL_REVIEW_REQUIRED	
глаз	4	EASY	NOUN,inan,masc plur,ablt | NOUN,inan,masc plur,accs | NOUN,inan,masc plur,datv | NOUN,inan,masc plur,gent | NOUN,inan,masc plur,loct | NOUN,inan,masc plur,nomn | NOUN,inan,masc sing,ablt | NOUN,inan,masc sing,accs | NOUN,inan,masc sing,datv | NOUN,inan,masc sing,gen2 | NOUN,inan,masc sing,gent | NOUN,inan,masc sing,loc2 | NOUN,inan,masc sing,loct | NOUN,inan,masc sing,nomn	false	4.88	41	WORDFREQ_RANKED	IN_POOL_REVIEW_REQUIRED	
глас	4	EASY	NOUN,inan,masc plur,ablt | NOUN,inan,masc plur,accs | NOUN,inan,masc plur,datv | NOUN,inan,masc plur,gent | NOUN,inan,masc plur,loct | NOUN,inan,masc plur,nomn | NOUN,inan,masc sing,ablt | NOUN,inan,masc sing,accs | NOUN,inan,masc sing,datv | NOUN,inan,masc sing,gent | NOUN,inan,masc sing,loct | NOUN,inan,masc sing,nomn	false	3.28	510	WORDFREQ_RANKED	IN_POOL_REVIEW_REQUIRED	
глина	5	MEDIUM	NOUN,inan,femn plur,ablt | NOUN,inan,femn plur,accs | NOUN,inan,femn plur,datv | NOUN,inan,femn plur,gent | NOUN,inan,femn plur,loct | NOUN,inan,femn plur,nomn | NOUN,inan,femn sing,ablt | NOUN,inan,femn sing,ablt,V-oy | NOUN,inan,femn sing,accs | NOUN,inan,femn sing,datv | NOUN,inan,femn sing,gent | NOUN,inan,femn sing,loct | NOUN,inan,femn sing,nomn	false	3.35	693	TRUSTED_V1	TRUSTED	ALLOW
глобус	6	HARD	NOUN,inan,masc plur,ablt | NOUN,inan,masc plur,accs | NOUN,inan,masc plur,datv | NOUN,inan,masc plur,gent | NOUN,inan,masc plur,loct | NOUN,inan,masc plur,nomn | NOUN,inan,masc sing,ablt | NOUN,inan,masc sing,accs | NOUN,inan,masc sing,datv | NOUN,inan,masc sing,gent | NOUN,inan,masc sing,loct | NOUN,inan,masc sing,nomn	false	3.85	284	WORDFREQ_RANKED	IN_POOL_REVIEW_REQUIRED	
глубина	7	EXPERT	NOUN,inan,femn plur,ablt | NOUN,inan,femn plur,accs | NOUN,inan,femn plur,datv | NOUN,inan,femn plur,gent | NOUN,inan,femn plur,loct | NOUN,inan,femn plur,nomn | NOUN,inan,femn sing,ablt | NOUN,inan,femn sing,ablt,V-oy | NOUN,inan,femn sing,accs | NOUN,inan,femn sing,datv | NOUN,inan,femn sing,gent | NOUN,inan,femn sing,loct | NOUN,inan,femn sing,nomn	false	4.05	204	WORDFREQ_RANKED	IN_POOL_REVIEW_REQUIRED	
гнев	4	EASY	NOUN,inan,masc plur,ablt | NOUN,inan,masc plur,accs | NOUN,inan,masc plur,datv | NOUN,inan,masc plur,gent | NOUN,inan,masc plur,loct | NOUN,inan,masc plur,nomn | NOUN,inan,masc sing,ablt | NOUN,inan,masc sing,accs | NOUN,inan,masc sing,datv | NOUN,inan,masc sing,gent | NOUN,inan,masc sing,loct | NOUN,inan,masc sing,nomn	false	4.06	188	WORDFREQ_RANKED	IN_POOL_REVIEW_REQUIRED	
гнездо	6	HARD	NOUN,inan,neut plur,ablt | NOUN,inan,neut plur,accs | NOUN,inan,neut plur,datv | NOUN,inan,neut plur,gent | NOUN,inan,neut plur,loct | NOUN,inan,neut plur,nomn | NOUN,inan,neut sing,ablt | NOUN,inan,neut sing,accs | NOUN,inan,neut sing,datv | NOUN,inan,neut sing,gent | NOUN,inan,neut sing,loct | NOUN,inan,neut sing,nomn	false	3.94	243	WORDFREQ_RANKED	IN_POOL_REVIEW_REQUIRED	
гном	4	EASY	NOUN,anim,masc plur,ablt | NOUN,anim,masc plur,accs | NOUN,anim,masc plur,datv | NOUN,anim,masc plur,gent | NOUN,anim,masc plur,loct | NOUN,anim,masc plur,nomn | NOUN,anim,masc sing,ablt | NOUN,anim,masc sing,accs | NOUN,anim,masc sing,datv | NOUN,anim,masc sing,gent | NOUN,anim,masc sing,loct | NOUN,anim,masc sing,nomn	false	3.41	427	WORDFREQ_RANKED	IN_POOL_REVIEW_REQUIRED	
говор	5	MEDIUM	NOUN,inan,masc plur,ablt | NOUN,inan,masc plur,accs | NOUN,inan,masc plur,datv | NOUN,inan,masc plur,gent | NOUN,inan,masc plur,loct | NOUN,inan,masc plur,nomn | NOUN,inan,masc sing,ablt | NOUN,inan,masc sing,accs | NOUN,inan,masc sing,datv | NOUN,inan,masc sing,gent | NOUN,inan,masc sing,loct | NOUN,inan,masc sing,nomn	false	3.48	579	TRUSTED_V1	TRUSTED	ALLOW
голова	6	HARD	NOUN,anim,ms-f plur,ablt | NOUN,anim,ms-f plur,accs | NOUN,anim,ms-f plur,datv | NOUN,anim,ms-f plur,gent | NOUN,anim,ms-f plur,loct | NOUN,anim,ms-f plur,nomn | NOUN,anim,ms-f sing,ablt | NOUN,anim,ms-f sing,ablt,V-oy | NOUN,anim,ms-f sing,accs | NOUN,anim,ms-f sing,datv | NOUN,anim,ms-f sing,gent | NOUN,anim,ms-f sing,loct | NOUN,anim,ms-f sing,nomn | NOUN,inan,femn plur,ablt | NOUN,inan,femn plur,accs | NOUN,inan,femn plur,datv | NOUN,inan,femn plur,gent | NOUN,inan,femn plur,loct | NOUN,inan,femn plur,nomn | NOUN,inan,femn sing,ablt | NOUN,inan,femn sing,ablt,V-oy | NOUN,inan,femn sing,accs | NOUN,inan,femn sing,datv | NOUN,inan,femn sing,gent | NOUN,inan,femn sing,loct | NOUN,inan,femn sing,nomn	false	4.78	44	WORDFREQ_RANKED	IN_POOL_REVIEW_REQUIRED	
головка	7	EXPERT	NOUN,inan,femn plur,ablt | NOUN,inan,femn plur,accs | NOUN,inan,femn plur,datv | NOUN,inan,femn plur,gent | NOUN,inan,femn plur,loct | NOUN,inan,femn plur,nomn | NOUN,inan,femn sing,ablt | NOUN,inan,femn sing,ablt,V-oy | NOUN,inan,femn sing,accs | NOUN,inan,femn sing,datv | NOUN,inan,femn sing,gent | NOUN,inan,femn sing,loct | NOUN,inan,femn sing,nomn	false	3.49	480	WORDFREQ_RANKED	IN_POOL_REVIEW_REQUIRED	
голод	5	MEDIUM	NOUN,inan,masc plur,ablt | NOUN,inan,masc plur,accs | NOUN,inan,masc plur,datv | NOUN,inan,masc plur,gent | NOUN,inan,masc plur,loct | NOUN,inan,masc plur,nomn | NOUN,inan,masc sing,ablt | NOUN,inan,masc sing,accs | NOUN,inan,masc sing,datv | NOUN,inan,masc sing,gent | NOUN,inan,masc sing,loct | NOUN,inan,masc sing,nomn	false	4.01	263	TRUSTED_V1	TRUSTED	ALLOW
голос	5	MEDIUM	NOUN,inan,masc plur,ablt | NOUN,inan,masc plur,accs | NOUN,inan,masc plur,datv | NOUN,inan,masc plur,gent | NOUN,inan,masc plur,loct | NOUN,inan,masc plur,nomn | NOUN,inan,masc sing,ablt | NOUN,inan,masc sing,accs | NOUN,inan,masc sing,datv | NOUN,inan,masc sing,gen2 | NOUN,inan,masc sing,gent | NOUN,inan,masc sing,loct | NOUN,inan,masc sing,nomn	false	5.03	21	TRUSTED_V1	TRUSTED	ALLOW
голубь	6	HARD	NOUN,anim,masc plur,ablt | NOUN,anim,masc plur,accs | NOUN,anim,masc plur,datv | NOUN,anim,masc plur,gent | NOUN,anim,masc plur,loct | NOUN,anim,masc plur,nomn | NOUN,anim,masc sing,ablt | NOUN,anim,masc sing,accs | NOUN,anim,masc sing,datv | NOUN,anim,masc sing,gent | NOUN,anim,masc sing,loct | NOUN,anim,masc sing,nomn	false	3.55	492	WORDFREQ_RANKED	IN_POOL_REVIEW_REQUIRED	
гонорар	7	EXPERT	NOUN,inan,masc plur,ablt | NOUN,inan,masc plur,accs | NOUN,inan,masc plur,datv | NOUN,inan,masc plur,gent | NOUN,inan,masc plur,loct | NOUN,inan,masc plur,nomn | NOUN,inan,masc sing,ablt | NOUN,inan,masc sing,accs | NOUN,inan,masc sing,datv | NOUN,inan,masc sing,gent | NOUN,inan,masc sing,loct | NOUN,inan,masc sing,nomn	false	3.51	462	WORDFREQ_RANKED	IN_POOL_REVIEW_REQUIRED	
гонщик	6	HARD	NOUN,anim,masc plur,ablt | NOUN,anim,masc plur,accs | NOUN,anim,masc plur,datv | NOUN,anim,masc plur,gent | NOUN,anim,masc plur,loct | NOUN,anim,masc plur,nomn | NOUN,anim,masc sing,ablt | NOUN,anim,masc sing,accs | NOUN,anim,masc sing,datv | NOUN,anim,masc sing,gent | NOUN,anim,masc sing,loct | NOUN,anim,masc sing,nomn	false	3.68	388	WORDFREQ_RANKED	IN_POOL_REVIEW_REQUIRED	
гора	4	EASY	NOUN,inan,femn plur,ablt | NOUN,inan,femn plur,accs | NOUN,inan,femn plur,datv | NOUN,inan,femn plur,gent | NOUN,inan,femn plur,loct | NOUN,inan,femn plur,nomn | NOUN,inan,femn sing,ablt | NOUN,inan,femn sing,ablt,V-oy | NOUN,inan,femn sing,accs | NOUN,inan,femn sing,datv | NOUN,inan,femn sing,gent | NOUN,inan,femn sing,loct | NOUN,inan,femn sing,nomn	false	4.15	168	MANUAL_ALLOW	IN_POOL_REVIEW_REQUIRED	ALLOW
горло	5	MEDIUM	NOUN,inan,neut plur,ablt | NOUN,inan,neut plur,accs | NOUN,inan,neut plur,datv | NOUN,inan,neut plur,gent | NOUN,inan,neut plur,loct | NOUN,inan,neut plur,nomn | NOUN,inan,neut sing,ablt | NOUN,inan,neut sing,accs | NOUN,inan,neut sing,datv | NOUN,inan,neut sing,gent | NOUN,inan,neut sing,loct | NOUN,inan,neut sing,nomn	false	4.24	168	TRUSTED_V1	TRUSTED	ALLOW
город	5	MEDIUM	NOUN,inan,masc plur,ablt | NOUN,inan,masc plur,accs | NOUN,inan,masc plur,datv | NOUN,inan,masc plur,gent | NOUN,inan,masc plur,loct | NOUN,inan,masc plur,nomn | NOUN,inan,masc sing,ablt | NOUN,inan,masc sing,accs | NOUN,inan,masc sing,datv | NOUN,inan,masc sing,gent | NOUN,inan,masc sing,loct | NOUN,inan,masc sing,nomn	false	5.35	6	TRUSTED_V1	TRUSTED	ALLOW
городок	7	EXPERT	NOUN,inan,masc plur,ablt | NOUN,inan,masc plur,accs | NOUN,inan,masc plur,datv | NOUN,inan,masc plur,gent | NOUN,inan,masc plur,loct | NOUN,inan,masc plur,nomn | NOUN,inan,masc sing,ablt | NOUN,inan,masc sing,accs | NOUN,inan,masc sing,datv | NOUN,inan,masc sing,gent | NOUN,inan,masc sing,loct | NOUN,inan,masc sing,nomn	false	4.06	198	WORDFREQ_RANKED	IN_POOL_REVIEW_REQUIRED	
горшок	6	HARD	NOUN,inan,masc plur,ablt | NOUN,inan,masc plur,accs | NOUN,inan,masc plur,datv | NOUN,inan,masc plur,gent | NOUN,inan,masc plur,loct | NOUN,inan,masc plur,nomn | NOUN,inan,masc sing,ablt | NOUN,inan,masc sing,accs | NOUN,inan,masc sing,datv | NOUN,inan,masc sing,gent | NOUN,inan,masc sing,loct | NOUN,inan,masc sing,nomn	false	3.56	479	WORDFREQ_RANKED	IN_POOL_REVIEW_REQUIRED	
госпожа	7	EXPERT	NOUN,anim,femn plur,ablt | NOUN,anim,femn plur,accs | NOUN,anim,femn plur,datv | NOUN,anim,femn plur,gent | NOUN,anim,femn plur,loct | NOUN,anim,femn plur,nomn | NOUN,anim,femn sing,ablt | NOUN,anim,femn sing,ablt,Arch | NOUN,anim,femn sing,ablt,V-ey,Arch | NOUN,anim,femn sing,ablt,V-oy | NOUN,anim,femn sing,accs | NOUN,anim,femn sing,datv | NOUN,anim,femn sing,gent | NOUN,anim,femn sing,loct | NOUN,anim,femn sing,nomn	false	4.20	152	WORDFREQ_RANKED	IN_POOL_REVIEW_REQUIRED	
гость	5	MEDIUM	NOUN,anim,masc plur,ablt | NOUN,anim,masc plur,accs | NOUN,anim,masc plur,datv | NOUN,anim,masc plur,gent | NOUN,anim,masc plur,loct | NOUN,anim,masc plur,nomn | NOUN,anim,masc sing,ablt | NOUN,anim,masc sing,accs | NOUN,anim,masc sing,datv | NOUN,anim,masc sing,gent | NOUN,anim,masc sing,loct | NOUN,anim,masc sing,nomn	false	4.12	210	TRUSTED_V1	TRUSTED	ALLOW
град	4	EASY	NOUN,inan,masc plur,ablt | NOUN,inan,masc plur,accs | NOUN,inan,masc plur,datv | NOUN,inan,masc plur,gent | NOUN,inan,masc plur,loct | NOUN,inan,masc plur,nomn | NOUN,inan,masc sing,ablt | NOUN,inan,masc sing,accs | NOUN,inan,masc sing,datv | NOUN,inan,masc sing,gen2 | NOUN,inan,masc sing,gent | NOUN,inan,masc sing,loct | NOUN,inan,masc sing,nomn	false	3.98	207	WORDFREQ_RANKED	IN_POOL_REVIEW_REQUIRED	
грамм	5	MEDIUM	NOUN,inan,masc plur,ablt | NOUN,inan,masc plur,accs | NOUN,inan,masc plur,datv | NOUN,inan,masc plur,gent | NOUN,inan,masc plur,gent,Coun | NOUN,inan,masc plur,loct | NOUN,inan,masc plur,nomn | NOUN,inan,masc sing,ablt | NOUN,inan,masc sing,accs | NOUN,inan,masc sing,datv | NOUN,inan,masc sing,gent | NOUN,inan,masc sing,loct | NOUN,inan,masc sing,nomn	false	3.67	444	TRUSTED_V1	TRUSTED	ALLOW
грамота	7	EXPERT	NOUN,inan,femn plur,ablt | NOUN,inan,femn plur,accs | NOUN,inan,femn plur,datv | NOUN,inan,femn plur,gent | NOUN,inan,femn plur,loct | NOUN,inan,femn plur,nomn | NOUN,inan,femn sing,ablt | NOUN,inan,femn sing,ablt,V-oy | NOUN,inan,femn sing,accs | NOUN,inan,femn sing,datv | NOUN,inan,femn sing,gent | NOUN,inan,femn sing,loct | NOUN,inan,femn sing,nomn	false	3.51	463	WORDFREQ_RANKED	IN_POOL_REVIEW_REQUIRED	
гран	4	EASY	NOUN,inan,masc plur,ablt | NOUN,inan,masc plur,accs | NOUN,inan,masc plur,datv | NOUN,inan,masc plur,gent | NOUN,inan,masc plur,loct | NOUN,inan,masc plur,nomn | NOUN,inan,masc sing,ablt | NOUN,inan,masc sing,accs | NOUN,inan,masc sing,datv | NOUN,inan,masc sing,gent | NOUN,inan,masc sing,loct | NOUN,inan,masc sing,nomn	false	4.46	102	WORDFREQ_RANKED	IN_POOL_REVIEW_REQUIRED	
гранат	6	HARD	NOUN,inan,masc plur,ablt | NOUN,inan,masc plur,accs | NOUN,inan,masc plur,datv | NOUN,inan,masc plur,gent | NOUN,inan,masc plur,loct | NOUN,inan,masc plur,nomn | NOUN,inan,masc sing,ablt | NOUN,inan,masc sing,accs | NOUN,inan,masc sing,datv | NOUN,inan,masc sing,gent | NOUN,inan,masc sing,loct | NOUN,inan,masc sing,nomn	false	3.75	332	WORDFREQ_RANKED	IN_POOL_REVIEW_REQUIRED	
граница	7	EXPERT	NOUN,inan,femn plur,ablt | NOUN,inan,femn plur,accs | NOUN,inan,femn plur,datv | NOUN,inan,femn plur,gent | NOUN,inan,femn plur,loct | NOUN,inan,femn plur,nomn | NOUN,inan,femn sing,ablt | NOUN,inan,femn sing,ablt,V-ey | NOUN,inan,femn sing,accs | NOUN,inan,femn sing,datv | NOUN,inan,femn sing,gent | NOUN,inan,femn sing,loct | NOUN,inan,femn sing,nomn	false	4.16	166	WORDFREQ_RANKED	IN_POOL_REVIEW_REQUIRED	
граф	4	EASY	NOUN,anim,masc plur,ablt | NOUN,anim,masc plur,accs | NOUN,anim,masc plur,datv | NOUN,anim,masc plur,gent | NOUN,anim,masc plur,loct | NOUN,anim,masc plur,nomn | NOUN,anim,masc sing,ablt | NOUN,anim,masc sing,accs | NOUN,anim,masc sing,datv | NOUN,anim,masc sing,gent | NOUN,anim,masc sing,loct | NOUN,anim,masc sing,nomn | NOUN,inan,masc plur,ablt | NOUN,inan,masc plur,accs | NOUN,inan,masc plur,datv | NOUN,inan,masc plur,gent | NOUN,inan,masc plur,loct | NOUN,inan,masc plur,nomn | NOUN,inan,masc sing,ablt | NOUN,inan,masc sing,accs | NOUN,inan,masc sing,datv | NOUN,inan,masc sing,gent | NOUN,inan,masc sing,loct | NOUN,inan,masc sing,nomn	false	4.35	123	WORDFREQ_RANKED	IN_POOL_REVIEW_REQUIRED	
график	6	HARD	NOUN,anim,masc plur,ablt | NOUN,anim,masc plur,accs | NOUN,anim,masc plur,datv | NOUN,anim,masc plur,gent | NOUN,anim,masc plur,loct | NOUN,anim,masc plur,nomn | NOUN,anim,masc sing,ablt | NOUN,anim,masc sing,accs | NOUN,anim,masc sing,datv | NOUN,anim,masc sing,gent | NOUN,anim,masc sing,loct | NOUN,anim,masc sing,nomn | NOUN,inan,masc plur,ablt | NOUN,inan,masc plur,accs | NOUN,inan,masc plur,datv | NOUN,inan,masc plur,gent | NOUN,inan,masc plur,loct | NOUN,inan,masc plur,nomn | NOUN,inan,masc sing,ablt | NOUN,inan,masc sing,accs | NOUN,inan,masc sing,datv | NOUN,inan,masc sing,gent | NOUN,inan,masc sing,loct | NOUN,inan,masc sing,nomn	false	4.26	136	WORDFREQ_RANKED	IN_POOL_REVIEW_REQUIRED	
графика	7	EXPERT	NOUN,inan,femn plur,ablt | NOUN,inan,femn plur,accs | NOUN,inan,femn plur,datv | NOUN,inan,femn plur,gent | NOUN,inan,femn plur,loct | NOUN,inan,femn plur,nomn | NOUN,inan,femn sing,ablt | NOUN,inan,femn sing,ablt,V-oy | NOUN,inan,femn sing,accs | NOUN,inan,femn sing,datv | NOUN,inan,femn sing,gent | NOUN,inan,femn sing,loct | NOUN,inan,femn sing,nomn	false	4.06	199	WORDFREQ_RANKED	IN_POOL_REVIEW_REQUIRED	
графиня	7	EXPERT	NOUN,anim,femn plur,ablt | NOUN,anim,femn plur,accs | NOUN,anim,femn plur,datv | NOUN,anim,femn plur,gent | NOUN,anim,femn plur,loct | NOUN,anim,femn plur,nomn | NOUN,anim,femn sing,ablt | NOUN,anim,femn sing,ablt,V-ey | NOUN,anim,femn sing,accs | NOUN,anim,femn sing,datv | NOUN,anim,femn sing,gent | NOUN,anim,femn sing,loct | NOUN,anim,femn sing,nomn	false	3.69	362	WORDFREQ_RANKED	IN_POOL_REVIEW_REQUIRED	
грек	4	EASY	NOUN,anim,masc plur,ablt | NOUN,anim,masc plur,accs | NOUN,anim,masc plur,datv | NOUN,anim,masc plur,gent | NOUN,anim,masc plur,loct | NOUN,anim,masc plur,nomn | NOUN,anim,masc sing,ablt | NOUN,anim,masc sing,accs | NOUN,anim,masc sing,datv | NOUN,anim,masc sing,gent | NOUN,anim,masc sing,loct | NOUN,anim,masc sing,nomn	false	3.30	497	WORDFREQ_RANKED	IN_POOL_REVIEW_REQUIRED	
грех	4	EASY	NOUN,inan,masc plur,ablt | NOUN,inan,masc plur,accs | NOUN,inan,masc plur,datv | NOUN,inan,masc plur,gent | NOUN,inan,masc plur,loct | NOUN,inan,masc plur,nomn | NOUN,inan,masc sing,ablt | NOUN,inan,masc sing,accs | NOUN,inan,masc sing,datv | NOUN,inan,masc sing,gent | NOUN,inan,masc sing,loct | NOUN,inan,masc sing,nomn	false	4.17	161	WORDFREQ_RANKED	IN_POOL_REVIEW_REQUIRED	
гриб	4	EASY	NOUN,inan,masc plur,ablt | NOUN,inan,masc plur,accs | NOUN,inan,masc plur,datv | NOUN,inan,masc plur,gent | NOUN,inan,masc plur,loct | NOUN,inan,masc plur,nomn | NOUN,inan,masc sing,ablt | NOUN,inan,masc sing,accs | NOUN,inan,masc sing,datv | NOUN,inan,masc sing,gent | NOUN,inan,masc sing,loct | NOUN,inan,masc sing,nomn	false	3.62	327	WORDFREQ_RANKED	IN_POOL_REVIEW_REQUIRED	
грим	4	EASY	NOUN,inan,masc plur,ablt | NOUN,inan,masc plur,accs | NOUN,inan,masc plur,datv | NOUN,inan,masc plur,gent | NOUN,inan,masc plur,loct | NOUN,inan,masc plur,nomn | NOUN,inan,masc sing,ablt | NOUN,inan,masc sing,accs | NOUN,inan,masc sing,datv | NOUN,inan,masc sing,gent | NOUN,inan,masc sing,loct | NOUN,inan,masc sing,nomn	false	3.41	428	WORDFREQ_RANKED	IN_POOL_REVIEW_REQUIRED	
грипп	5	MEDIUM	NOUN,inan,masc plur,ablt | NOUN,inan,masc plur,accs | NOUN,inan,masc plur,datv | NOUN,inan,masc plur,gent | NOUN,inan,masc plur,loct | NOUN,inan,masc plur,nomn | NOUN,inan,masc sing,ablt | NOUN,inan,masc sing,accs | NOUN,inan,masc sing,datv | NOUN,inan,masc sing,gent | NOUN,inan,masc sing,loct | NOUN,inan,masc sing,nomn	false	3.40	653	TRUSTED_V1	TRUSTED	ALLOW
гроб	4	EASY	NOUN,inan,masc plur,ablt | NOUN,inan,masc plur,accs | NOUN,inan,masc plur,datv | NOUN,inan,masc plur,gent | NOUN,inan,masc plur,loct | NOUN,inan,masc plur,nomn | NOUN,inan,masc sing,ablt | NOUN,inan,masc sing,accs | NOUN,inan,masc sing,datv | NOUN,inan,masc sing,gent | NOUN,inan,masc sing,loc2 | NOUN,inan,masc sing,loct | NOUN,inan,masc sing,nomn	false	3.96	212	WORDFREQ_RANKED	IN_POOL_REVIEW_REQUIRED	
гроза	5	MEDIUM	NOUN,inan,femn plur,ablt | NOUN,inan,femn plur,accs | NOUN,inan,femn plur,datv | NOUN,inan,femn plur,gent | NOUN,inan,femn plur,loct | NOUN,inan,femn plur,nomn | NOUN,inan,femn sing,ablt | NOUN,inan,femn sing,ablt,V-oy | NOUN,inan,femn sing,accs | NOUN,inan,femn sing,datv | NOUN,inan,femn sing,gent | NOUN,inan,femn sing,loct | NOUN,inan,femn sing,nomn	false	3.75	392	TRUSTED_V1	TRUSTED	ALLOW
гром	4	EASY	NOUN,inan,masc plur,ablt | NOUN,inan,masc plur,accs | NOUN,inan,masc plur,accs,Litr | NOUN,inan,masc plur,datv | NOUN,inan,masc plur,gent | NOUN,inan,masc plur,loct | NOUN,inan,masc plur,nomn | NOUN,inan,masc plur,nomn,Litr | NOUN,inan,masc sing,ablt | NOUN,inan,masc sing,accs | NOUN,inan,masc sing,datv | NOUN,inan,masc sing,gent | NOUN,inan,masc sing,loct | NOUN,inan,masc sing,nomn	false	3.88	243	WORDFREQ_RANKED	IN_POOL_REVIEW_REQUIRED	
грудь	5	MEDIUM	NOUN,inan,femn plur,ablt | NOUN,inan,femn plur,accs | NOUN,inan,femn plur,datv | NOUN,inan,femn plur,gent | NOUN,inan,femn plur,loct | NOUN,inan,femn plur,nomn | NOUN,inan,femn sing,ablt | NOUN,inan,femn sing,accs | NOUN,inan,femn sing,datv | NOUN,inan,femn sing,gent | NOUN,inan,femn sing,loc2 | NOUN,inan,femn sing,loct | NOUN,inan,femn sing,nomn	false	4.48	100	TRUSTED_V1	TRUSTED	ALLOW
груз	4	EASY	NOUN,inan,masc plur,ablt | NOUN,inan,masc plur,accs | NOUN,inan,masc plur,datv | NOUN,inan,masc plur,gent | NOUN,inan,masc plur,loct | NOUN,inan,masc plur,nomn | NOUN,inan,masc sing,ablt | NOUN,inan,masc sing,accs | NOUN,inan,masc sing,datv | NOUN,inan,masc sing,gent | NOUN,inan,masc sing,loct | NOUN,inan,masc sing,nomn	false	4.30	131	WORDFREQ_RANKED	IN_POOL_REVIEW_REQUIRED	
группа	6	HARD	NOUN,inan,femn plur,ablt | NOUN,inan,femn plur,accs | NOUN,inan,femn plur,datv | NOUN,inan,femn plur,gent | NOUN,inan,femn plur,loct | NOUN,inan,femn plur,nomn | NOUN,inan,femn sing,ablt | NOUN,inan,femn sing,ablt,V-oy | NOUN,inan,femn sing,accs | NOUN,inan,femn sing,datv | NOUN,inan,femn sing,gent | NOUN,inan,femn sing,loct | NOUN,inan,femn sing,nomn	false	5.20	7	WORDFREQ_RANKED	IN_POOL_REVIEW_REQUIRED	
грусть	6	HARD	NOUN,inan,femn,Sgtm sing,ablt | NOUN,inan,femn,Sgtm sing,accs | NOUN,inan,femn,Sgtm sing,datv | NOUN,inan,femn,Sgtm sing,gent | NOUN,inan,femn,Sgtm sing,loct | NOUN,inan,femn,Sgtm sing,nomn	false	3.63	425	WORDFREQ_RANKED	IN_POOL_REVIEW_REQUIRED	
груша	5	MEDIUM	NOUN,inan,femn plur,ablt | NOUN,inan,femn plur,accs | NOUN,inan,femn plur,datv | NOUN,inan,femn plur,gent | NOUN,inan,femn plur,loct | NOUN,inan,femn plur,nomn | NOUN,inan,femn sing,ablt | NOUN,inan,femn sing,ablt,V-ey | NOUN,inan,femn sing,accs | NOUN,inan,femn sing,datv | NOUN,inan,femn sing,gent | NOUN,inan,femn sing,loct | NOUN,inan,femn sing,nomn	false	3.19	849	TRUSTED_V1	TRUSTED	ALLOW
гряда	5	MEDIUM	NOUN,inan,femn plur,ablt | NOUN,inan,femn plur,accs | NOUN,inan,femn plur,datv | NOUN,inan,femn plur,gent | NOUN,inan,femn plur,loct | NOUN,inan,femn plur,nomn | NOUN,inan,femn sing,ablt | NOUN,inan,femn sing,ablt,V-oy | NOUN,inan,femn sing,accs | NOUN,inan,femn sing,datv | NOUN,inan,femn sing,gent | NOUN,inan,femn sing,loct | NOUN,inan,femn sing,nomn	false	2.84	1244	TRUSTED_V1	TRUSTED	ALLOW
губа	4	EASY	NOUN,inan,femn plur,ablt | NOUN,inan,femn plur,accs | NOUN,inan,femn plur,datv | NOUN,inan,femn plur,gent | NOUN,inan,femn plur,loct | NOUN,inan,femn plur,nomn | NOUN,inan,femn sing,ablt | NOUN,inan,femn sing,ablt,V-oy | NOUN,inan,femn sing,accs | NOUN,inan,femn sing,datv | NOUN,inan,femn sing,gent | NOUN,inan,femn sing,loct | NOUN,inan,femn sing,nomn	false	3.39	443	WORDFREQ_RANKED	IN_POOL_REVIEW_REQUIRED	
губка	5	MEDIUM	NOUN,anim,femn plur,ablt | NOUN,anim,femn plur,accs | NOUN,anim,femn plur,datv | NOUN,anim,femn plur,gent | NOUN,anim,femn plur,loct | NOUN,anim,femn plur,nomn | NOUN,anim,femn sing,ablt | NOUN,anim,femn sing,ablt,V-oy | NOUN,anim,femn sing,accs | NOUN,anim,femn sing,datv | NOUN,anim,femn sing,gent | NOUN,anim,femn sing,loct | NOUN,anim,femn sing,nomn | NOUN,inan,femn plur,ablt | NOUN,inan,femn plur,accs | NOUN,inan,femn plur,datv | NOUN,inan,femn plur,gent | NOUN,inan,femn plur,loct | NOUN,inan,femn plur,nomn | NOUN,inan,femn sing,ablt | NOUN,inan,femn sing,ablt,V-oy | NOUN,inan,femn sing,accs | NOUN,inan,femn sing,datv | NOUN,inan,femn sing,gent | NOUN,inan,femn sing,loct | NOUN,inan,femn sing,nomn	false	3.31	731	TRUSTED_V1	TRUSTED	ALLOW
гуру	4	EASY	NOUN,anim,masc,Sgtm,Fixd sing,ablt | NOUN,anim,masc,Sgtm,Fixd sing,accs | NOUN,anim,masc,Sgtm,Fixd sing,datv | NOUN,anim,masc,Sgtm,Fixd sing,gent | NOUN,anim,masc,Sgtm,Fixd sing,loct | NOUN,anim,masc,Sgtm,Fixd sing,nomn	false	3.60	339	WORDFREQ_RANKED	IN_POOL_REVIEW_REQUIRED	
гусь	4	EASY	NOUN,anim,masc plur,ablt | NOUN,anim,masc plur,accs | NOUN,anim,masc plur,datv | NOUN,anim,masc plur,gent | NOUN,anim,masc plur,loct | NOUN,anim,masc plur,nomn | NOUN,anim,masc sing,ablt | NOUN,anim,masc sing,accs | NOUN,anim,masc sing,datv | NOUN,anim,masc sing,gent | NOUN,anim,masc sing,loct | NOUN,anim,masc sing,nomn	false	3.59	345	WORDFREQ_RANKED	IN_POOL_REVIEW_REQUIRED	
даль	4	EASY	NOUN,inan,femn plur,ablt | NOUN,inan,femn plur,accs | NOUN,inan,femn plur,datv | NOUN,inan,femn plur,gent | NOUN,inan,femn plur,loct | NOUN,inan,femn plur,nomn | NOUN,inan,femn sing,ablt | NOUN,inan,femn sing,accs | NOUN,inan,femn sing,datv | NOUN,inan,femn sing,gent | NOUN,inan,femn sing,loc2 | NOUN,inan,femn sing,loct | NOUN,inan,femn sing,nomn	false	3.75	279	WORDFREQ_RANKED	IN_POOL_REVIEW_REQUIRED	
дама	4	EASY	NOUN,anim,femn plur,ablt | NOUN,anim,femn plur,accs | NOUN,anim,femn plur,datv | NOUN,anim,femn plur,gent | NOUN,anim,femn plur,loct | NOUN,anim,femn plur,nomn | NOUN,anim,femn sing,ablt | NOUN,anim,femn sing,ablt,V-oy | NOUN,anim,femn sing,accs | NOUN,anim,femn sing,datv | NOUN,anim,femn sing,gent | NOUN,anim,femn sing,loct | NOUN,anim,femn sing,nomn	false	4.18	159	WORDFREQ_RANKED	IN_POOL_REVIEW_REQUIRED	
дамба	5	MEDIUM	NOUN,inan,femn plur,ablt | NOUN,inan,femn plur,accs | NOUN,inan,femn plur,datv | NOUN,inan,femn plur,gent | NOUN,inan,femn plur,loct | NOUN,inan,femn plur,nomn | NOUN,inan,femn sing,ablt | NOUN,inan,femn sing,ablt,V-oy | NOUN,inan,femn sing,accs | NOUN,inan,femn sing,datv | NOUN,inan,femn sing,gent | NOUN,inan,femn sing,loct | NOUN,inan,femn sing,nomn	false	2.89	1184	TRUSTED_V1	TRUSTED	ALLOW
дань	4	EASY	NOUN,inan,femn plur,ablt | NOUN,inan,femn plur,accs | NOUN,inan,femn plur,datv | NOUN,inan,femn plur,gent | NOUN,inan,femn plur,loct | NOUN,inan,femn plur,nomn | NOUN,inan,femn sing,ablt | NOUN,inan,femn sing,accs | NOUN,inan,femn sing,datv | NOUN,inan,femn sing,gent | NOUN,inan,femn sing,loct | NOUN,inan,femn sing,nomn	false	3.96	213	WORDFREQ_RANKED	IN_POOL_REVIEW_REQUIRED	
дата	4	EASY	NOUN,inan,femn plur,ablt | NOUN,inan,femn plur,accs | NOUN,inan,femn plur,datv | NOUN,inan,femn plur,gent | NOUN,inan,femn plur,loct | NOUN,inan,femn plur,nomn | NOUN,inan,femn sing,ablt | NOUN,inan,femn sing,ablt,V-oy | NOUN,inan,femn sing,accs | NOUN,inan,femn sing,datv | NOUN,inan,femn sing,gent | NOUN,inan,femn sing,loct | NOUN,inan,femn sing,nomn	false	4.58	79	WORDFREQ_RANKED	IN_POOL_REVIEW_REQUIRED	
датчик	6	HARD	NOUN,inan,masc plur,ablt | NOUN,inan,masc plur,accs | NOUN,inan,masc plur,datv | NOUN,inan,masc plur,gent | NOUN,inan,masc plur,loct | NOUN,inan,masc plur,nomn | NOUN,inan,masc sing,ablt | NOUN,inan,masc sing,accs | NOUN,inan,masc sing,datv | NOUN,inan,masc sing,gent | NOUN,inan,masc sing,loct | NOUN,inan,masc sing,nomn	false	3.62	435	WORDFREQ_RANKED	IN_POOL_REVIEW_REQUIRED	
дача	4	EASY	NOUN,inan,femn plur,ablt | NOUN,inan,femn plur,accs | NOUN,inan,femn plur,datv | NOUN,inan,femn plur,gent | NOUN,inan,femn plur,loct | NOUN,inan,femn plur,nomn | NOUN,inan,femn sing,ablt | NOUN,inan,femn sing,ablt,V-ey | NOUN,inan,femn sing,accs | NOUN,inan,femn sing,datv | NOUN,inan,femn sing,gent | NOUN,inan,femn sing,loct | NOUN,inan,femn sing,nomn	false	3.76	275	WORDFREQ_RANKED	IN_POOL_REVIEW_REQUIRED	
дверь	5	MEDIUM	NOUN,inan,femn plur,ablt | NOUN,inan,femn plur,ablt,Infr | NOUN,inan,femn plur,accs | NOUN,inan,femn plur,datv | NOUN,inan,femn plur,gent | NOUN,inan,femn plur,loct | NOUN,inan,femn plur,nomn | NOUN,inan,femn sing,ablt | NOUN,inan,femn sing,accs | NOUN,inan,femn sing,datv | NOUN,inan,femn sing,gent | NOUN,inan,femn sing,loc2 | NOUN,inan,femn sing,loct | NOUN,inan,femn sing,nomn	false	4.87	34	TRUSTED_V1	TRUSTED	ALLOW
двойник	7	EXPERT	NOUN,anim,masc plur,ablt | NOUN,anim,masc plur,accs | NOUN,anim,masc plur,datv | NOUN,anim,masc plur,gent | NOUN,anim,masc plur,loct | NOUN,anim,masc plur,nomn | NOUN,anim,masc sing,ablt | NOUN,anim,masc sing,accs | NOUN,anim,masc sing,datv | NOUN,anim,masc sing,gent | NOUN,anim,masc sing,loct | NOUN,anim,masc sing,nomn | NOUN,inan,masc plur,ablt | NOUN,inan,masc plur,accs | NOUN,inan,masc plur,datv | NOUN,inan,masc plur,gent | NOUN,inan,masc plur,loct | NOUN,inan,masc plur,nomn | NOUN,inan,masc sing,ablt | NOUN,inan,masc sing,accs | NOUN,inan,masc sing,datv | NOUN,inan,masc sing,gent | NOUN,inan,masc sing,loct | NOUN,inan,masc sing,nomn	false	3.46	502	WORDFREQ_RANKED	IN_POOL_REVIEW_REQUIRED	
двор	4	EASY	NOUN,inan,masc plur,ablt | NOUN,inan,masc plur,accs | NOUN,inan,masc plur,datv | NOUN,inan,masc plur,gent | NOUN,inan,masc plur,loct | NOUN,inan,masc plur,nomn | NOUN,inan,masc sing,ablt | NOUN,inan,masc sing,accs | NOUN,inan,masc sing,datv | NOUN,inan,masc sing,gent | NOUN,inan,masc sing,loct | NOUN,inan,masc sing,nomn	false	4.42	108	MANUAL_ALLOW	IN_POOL_REVIEW_REQUIRED	ALLOW
дворец	6	HARD	NOUN,inan,masc plur,ablt | NOUN,inan,masc plur,accs | NOUN,inan,masc plur,datv | NOUN,inan,masc plur,gent | NOUN,inan,masc plur,loct | NOUN,inan,masc plur,nomn | NOUN,inan,masc sing,ablt | NOUN,inan,masc sing,accs | NOUN,inan,masc sing,datv | NOUN,inan,masc sing,gent | NOUN,inan,masc sing,loct | NOUN,inan,masc sing,nomn	false	4.36	107	WORDFREQ_RANKED	IN_POOL_REVIEW_REQUIRED	
дебаты	6	HARD	NOUN,inan,GNdr,Pltm plur,ablt | NOUN,inan,GNdr,Pltm plur,accs | NOUN,inan,GNdr,Pltm plur,datv | NOUN,inan,GNdr,Pltm plur,gent | NOUN,inan,GNdr,Pltm plur,loct | NOUN,inan,GNdr,Pltm plur,nomn	true	3.57	473	WORDFREQ_RANKED	IN_POOL_REVIEW_REQUIRED	
дебют	5	MEDIUM	NOUN,inan,masc plur,ablt | NOUN,inan,masc plur,accs | NOUN,inan,masc plur,datv | NOUN,inan,masc plur,gent | NOUN,inan,masc plur,loct | NOUN,inan,masc plur,nomn | NOUN,inan,masc sing,ablt | NOUN,inan,masc sing,accs | NOUN,inan,masc sing,datv | NOUN,inan,masc sing,gent | NOUN,inan,masc sing,loct | NOUN,inan,masc sing,nomn	false	3.82	356	TRUSTED_V1	TRUSTED	ALLOW
дева	4	EASY	NOUN,anim,femn plur,ablt | NOUN,anim,femn plur,accs | NOUN,anim,femn plur,datv | NOUN,anim,femn plur,gent | NOUN,anim,femn plur,loct | NOUN,anim,femn plur,nomn | NOUN,anim,femn sing,ablt | NOUN,anim,femn sing,ablt,V-oy | NOUN,anim,femn sing,accs | NOUN,anim,femn sing,datv | NOUN,anim,femn sing,gent | NOUN,anim,femn sing,loct | NOUN,anim,femn sing,nomn	false	3.91	229	WORDFREQ_RANKED	IN_POOL_REVIEW_REQUIRED	
девиз	5	MEDIUM	NOUN,inan,masc plur,ablt | NOUN,inan,masc plur,accs | NOUN,inan,masc plur,datv | NOUN,inan,masc plur,gent | NOUN,inan,masc plur,loct | NOUN,inan,masc plur,nomn | NOUN,inan,masc sing,ablt | NOUN,inan,masc sing,accs | NOUN,inan,masc sing,datv | NOUN,inan,masc sing,gent | NOUN,inan,masc sing,loct | NOUN,inan,masc sing,nomn	false	3.75	393	TRUSTED_V1	TRUSTED	ALLOW
девица	6	HARD	NOUN,anim,femn plur,ablt | NOUN,anim,femn plur,accs | NOUN,anim,femn plur,datv | NOUN,anim,femn plur,gent | NOUN,anim,femn plur,loct | NOUN,anim,femn plur,nomn | NOUN,anim,femn sing,ablt | NOUN,anim,femn sing,ablt,V-ey | NOUN,anim,femn sing,accs | NOUN,anim,femn sing,datv | NOUN,anim,femn sing,gent | NOUN,anim,femn sing,loct | NOUN,anim,femn sing,nomn	false	3.56	480	WORDFREQ_RANKED	IN_POOL_REVIEW_REQUIRED	
девочка	7	EXPERT	NOUN,anim,femn plur,ablt | NOUN,anim,femn plur,accs | NOUN,anim,femn plur,datv | NOUN,anim,femn plur,gent | NOUN,anim,femn plur,loct | NOUN,anim,femn plur,nomn | NOUN,anim,femn sing,ablt | NOUN,anim,femn sing,ablt,V-oy | NOUN,anim,femn sing,accs | NOUN,anim,femn sing,datv | NOUN,anim,femn sing,gent | NOUN,anim,femn sing,loct | NOUN,anim,femn sing,nomn	false	4.84	28	WORDFREQ_RANKED	IN_POOL_REVIEW_REQUIRED	
девушка	7	EXPERT	NOUN,anim,femn plur,ablt | NOUN,anim,femn plur,accs | NOUN,anim,femn plur,datv | NOUN,anim,femn plur,gent | NOUN,anim,femn plur,loct | NOUN,anim,femn plur,nomn | NOUN,anim,femn sing,ablt | NOUN,anim,femn sing,ablt,V-oy | NOUN,anim,femn sing,accs | NOUN,anim,femn sing,datv | NOUN,anim,femn sing,gent | NOUN,anim,femn sing,loct | NOUN,anim,femn sing,nomn	false	5.08	11	WORDFREQ_RANKED	IN_POOL_REVIEW_REQUIRED	
дедушка	7	EXPERT	NOUN,anim,masc plur,ablt | NOUN,anim,masc plur,accs | NOUN,anim,masc plur,datv | NOUN,anim,masc plur,gent | NOUN,anim,masc plur,loct | NOUN,anim,masc plur,nomn | NOUN,anim,masc sing,ablt | NOUN,anim,masc sing,ablt,V-oy | NOUN,anim,masc sing,accs | NOUN,anim,masc sing,datv | NOUN,anim,masc sing,gent | NOUN,anim,masc sing,loct | NOUN,anim,masc sing,nomn	false	4.11	181	WORDFREQ_RANKED	IN_POOL_REVIEW_REQUIRED	
декабрь	7	EXPERT	NOUN,inan,masc plur,ablt | NOUN,inan,masc plur,accs | NOUN,inan,masc plur,datv | NOUN,inan,masc plur,gent | NOUN,inan,masc plur,loct | NOUN,inan,masc plur,nomn | NOUN,inan,masc sing,ablt | NOUN,inan,masc sing,accs | NOUN,inan,masc sing,datv | NOUN,inan,masc sing,gent | NOUN,inan,masc sing,loct | NOUN,inan,masc sing,nomn	false	4.23	140	WORDFREQ_RANKED	IN_POOL_REVIEW_REQUIRED	
декрет	6	HARD	NOUN,inan,masc plur,ablt | NOUN,inan,masc plur,accs | NOUN,inan,masc plur,datv | NOUN,inan,masc plur,gent | NOUN,inan,masc plur,loct | NOUN,inan,masc plur,nomn | NOUN,inan,masc sing,ablt | NOUN,inan,masc sing,accs | NOUN,inan,masc sing,datv | NOUN,inan,masc sing,gent | NOUN,inan,masc sing,loct | NOUN,inan,masc sing,nomn	false	3.59	461	WORDFREQ_RANKED	IN_POOL_REVIEW_REQUIRED	
деление	7	EXPERT	NOUN,inan,neut plur,ablt | NOUN,inan,neut plur,ablt,V-be | NOUN,inan,neut plur,accs | NOUN,inan,neut plur,accs,V-be | NOUN,inan,neut plur,datv | NOUN,inan,neut plur,datv,V-be | NOUN,inan,neut plur,gent | NOUN,inan,neut plur,loct | NOUN,inan,neut plur,loct,V-be | NOUN,inan,neut plur,nomn | NOUN,inan,neut plur,nomn,V-be | NOUN,inan,neut sing,ablt | NOUN,inan,neut sing,ablt,V-be | NOUN,inan,neut sing,accs | NOUN,inan,neut sing,accs,V-be | NOUN,inan,neut sing,datv | NOUN,inan,neut sing,datv,V-be | NOUN,inan,neut sing,gent | NOUN,inan,neut sing,gent,V-be | NOUN,inan,neut sing,loct | NOUN,inan,neut sing,loct,V-be | NOUN,inan,neut sing,loct,V-be,V-bi | NOUN,inan,neut sing,nomn | NOUN,inan,neut sing,nomn,V-be	false	3.83	281	WORDFREQ_RANKED	IN_POOL_REVIEW_REQUIRED	
дело	4	EASY	NOUN,inan,neut plur,ablt | NOUN,inan,neut plur,accs | NOUN,inan,neut plur,datv | NOUN,inan,neut plur,gent | NOUN,inan,neut plur,gent,Infr | NOUN,inan,neut plur,loct | NOUN,inan,neut plur,nomn | NOUN,inan,neut sing,ablt | NOUN,inan,neut sing,accs | NOUN,inan,neut sing,datv | NOUN,inan,neut sing,gent | NOUN,inan,neut sing,loct | NOUN,inan,neut sing,nomn	false	5.67	2	MANUAL_ALLOW	IN_POOL_REVIEW_REQUIRED	ALLOW
дельта	6	HARD	NOUN,inan,femn plur,ablt | NOUN,inan,femn plur,accs | NOUN,inan,femn plur,datv | NOUN,inan,femn plur,gent | NOUN,inan,femn plur,loct | NOUN,inan,femn plur,nomn | NOUN,inan,femn sing,ablt | NOUN,inan,femn sing,ablt,V-oy | NOUN,inan,femn sing,accs | NOUN,inan,femn sing,datv | NOUN,inan,femn sing,gent | NOUN,inan,femn sing,loct | NOUN,inan,femn sing,nomn	false	3.70	373	WORDFREQ_RANKED	IN_POOL_REVIEW_REQUIRED	
день	4	EASY	NOUN,inan,masc plur,ablt | NOUN,inan,masc plur,accs | NOUN,inan,masc plur,datv | NOUN,inan,masc plur,gent | NOUN,inan,masc plur,loct | NOUN,inan,masc plur,nomn | NOUN,inan,masc sing,ablt | NOUN,inan,masc sing,accs | NOUN,inan,masc sing,datv | NOUN,inan,masc sing,gent | NOUN,inan,masc sing,loc2 | NOUN,inan,masc sing,loct | NOUN,inan,masc sing,nomn	false	5.84	1	MANUAL_ALLOW	IN_POOL_REVIEW_REQUIRED	ALLOW
депо	4	EASY	NOUN,inan,neut,Fixd plur,ablt | NOUN,inan,neut,Fixd plur,accs | NOUN,inan,neut,Fixd plur,datv | NOUN,inan,neut,Fixd plur,gent | NOUN,inan,neut,Fixd plur,loct | NOUN,inan,neut,Fixd plur,nomn | NOUN,inan,neut,Fixd sing,ablt | NOUN,inan,neut,Fixd sing,accs | NOUN,inan,neut,Fixd sing,datv | NOUN,inan,neut,Fixd sing,gent | NOUN,inan,neut,Fixd sing,loct | NOUN,inan,neut,Fixd sing,nomn	false	3.80	266	WORDFREQ_RANKED	IN_POOL_REVIEW_REQUIRED	
депутат	7	EXPERT	NOUN,anim,masc plur,ablt | NOUN,anim,masc plur,accs | NOUN,anim,masc plur,datv | NOUN,anim,masc plur,gent | NOUN,anim,masc plur,loct | NOUN,anim,masc plur,nomn | NOUN,anim,masc sing,ablt | NOUN,anim,masc sing,accs | NOUN,anim,masc sing,datv | NOUN,anim,masc sing,gent | NOUN,anim,masc sing,loct | NOUN,anim,masc sing,nomn	false	4.70	46	WORDFREQ_RANKED	IN_POOL_REVIEW_REQUIRED	
деревня	7	EXPERT	NOUN,inan,femn plur,ablt | NOUN,inan,femn plur,accs | NOUN,inan,femn plur,datv | NOUN,inan,femn plur,gent | NOUN,inan,femn plur,loct | NOUN,inan,femn plur,nomn | NOUN,inan,femn sing,ablt | NOUN,inan,femn sing,ablt,V-ey | NOUN,inan,femn sing,accs | NOUN,inan,femn sing,datv | NOUN,inan,femn sing,gent | NOUN,inan,femn sing,loct | NOUN,inan,femn sing,nomn	false	4.16	167	MANUAL_ALLOW	IN_POOL_REVIEW_REQUIRED	ALLOW
дерево	6	HARD	NOUN,inan,neut plur,ablt | NOUN,inan,neut plur,ablt,Arch,Litr | NOUN,inan,neut plur,accs | NOUN,inan,neut plur,accs,Arch,Litr | NOUN,inan,neut plur,datv | NOUN,inan,neut plur,datv,Arch,Litr | NOUN,inan,neut plur,gent | NOUN,inan,neut plur,gent,Arch,Litr | NOUN,inan,neut plur,loct | NOUN,inan,neut plur,loct,Arch,Litr | NOUN,inan,neut plur,nomn | NOUN,inan,neut plur,nomn,Arch,Litr | NOUN,inan,neut sing,ablt | NOUN,inan,neut sing,accs | NOUN,inan,neut sing,datv | NOUN,inan,neut sing,gent | NOUN,inan,neut sing,loct | NOUN,inan,neut sing,nomn	false	4.51	80	MANUAL_ALLOW	IN_POOL_REVIEW_REQUIRED	ALLOW
держава	7	EXPERT	NOUN,inan,femn plur,ablt | NOUN,inan,femn plur,accs | NOUN,inan,femn plur,datv | NOUN,inan,femn plur,gent | NOUN,inan,femn plur,loct | NOUN,inan,femn plur,nomn | NOUN,inan,femn sing,ablt | NOUN,inan,femn sing,ablt,V-oy | NOUN,inan,femn sing,accs | NOUN,inan,femn sing,datv | NOUN,inan,femn sing,gent | NOUN,inan,femn sing,loct | NOUN,inan,femn sing,nomn	false	3.50	471	WORDFREQ_RANKED	IN_POOL_REVIEW_REQUIRED	
десант	6	HARD	NOUN,inan,masc plur,ablt | NOUN,inan,masc plur,accs | NOUN,inan,masc plur,datv | NOUN,inan,masc plur,gent | NOUN,inan,masc plur,loct | NOUN,inan,masc plur,nomn | NOUN,inan,masc sing,ablt | NOUN,inan,masc sing,accs | NOUN,inan,masc sing,datv | NOUN,inan,masc sing,gent | NOUN,inan,masc sing,loct | NOUN,inan,masc sing,nomn	false	3.60	451	WORDFREQ_RANKED	IN_POOL_REVIEW_REQUIRED	
десерт	6	HARD	NOUN,inan,masc plur,ablt | NOUN,inan,masc plur,accs | NOUN,inan,masc plur,datv | NOUN,inan,masc plur,gent | NOUN,inan,masc plur,loct | NOUN,inan,masc plur,nomn | NOUN,inan,masc sing,ablt | NOUN,inan,masc sing,accs | NOUN,inan,masc sing,datv | NOUN,inan,masc sing,gent | NOUN,inan,masc sing,loct | NOUN,inan,masc sing,nomn	false	3.79	312	WORDFREQ_RANKED	IN_POOL_REVIEW_REQUIRED	
деталь	6	HARD	NOUN,inan,femn plur,ablt | NOUN,inan,femn plur,accs | NOUN,inan,femn plur,datv | NOUN,inan,femn plur,gent | NOUN,inan,femn plur,loct | NOUN,inan,femn plur,nomn | NOUN,inan,femn sing,ablt | NOUN,inan,femn sing,accs | NOUN,inan,femn sing,datv | NOUN,inan,femn sing,gent | NOUN,inan,femn sing,loct | NOUN,inan,femn sing,nomn	false	3.88	269	WORDFREQ_RANKED	IN_POOL_REVIEW_REQUIRED	
детство	7	EXPERT	NOUN,inan,neut plur,ablt | NOUN,inan,neut plur,accs | NOUN,inan,neut plur,datv | NOUN,inan,neut plur,gent | NOUN,inan,neut plur,loct | NOUN,inan,neut plur,nomn | NOUN,inan,neut sing,ablt | NOUN,inan,neut sing,accs | NOUN,inan,neut sing,datv | NOUN,inan,neut sing,gent | NOUN,inan,neut sing,loct | NOUN,inan,neut sing,nomn	false	4.22	145	WORDFREQ_RANKED	IN_POOL_REVIEW_REQUIRED	
дефис	5	MEDIUM	NOUN,inan,masc plur,ablt | NOUN,inan,masc plur,accs | NOUN,inan,masc plur,datv | NOUN,inan,masc plur,gent | NOUN,inan,masc plur,loct | NOUN,inan,masc plur,nomn | NOUN,inan,masc sing,ablt | NOUN,inan,masc sing,accs | NOUN,inan,masc sing,datv | NOUN,inan,masc sing,gent | NOUN,inan,masc sing,loct | NOUN,inan,masc sing,nomn	false	2.79	1307	TRUSTED_V1	TRUSTED	ALLOW
дефицит	7	EXPERT	NOUN,inan,masc plur,ablt | NOUN,inan,masc plur,accs | NOUN,inan,masc plur,datv | NOUN,inan,masc plur,gent | NOUN,inan,masc plur,loct | NOUN,inan,masc plur,nomn | NOUN,inan,masc sing,ablt | NOUN,inan,masc sing,accs | NOUN,inan,masc sing,datv | NOUN,inan,masc sing,gent | NOUN,inan,masc sing,loct | NOUN,inan,masc sing,nomn	false	4.22	146	WORDFREQ_RANKED	IN_POOL_REVIEW_REQUIRED	
деятель	7	EXPERT	NOUN,anim,masc plur,ablt | NOUN,anim,masc plur,accs | NOUN,anim,masc plur,datv | NOUN,anim,masc plur,gent | NOUN,anim,masc plur,loct | NOUN,anim,masc plur,nomn | NOUN,anim,masc sing,ablt | NOUN,anim,masc sing,accs | NOUN,anim,masc sing,datv | NOUN,anim,masc sing,gent | NOUN,anim,masc sing,loct | NOUN,anim,masc sing,nomn	false	4.05	205	WORDFREQ_RANKED	IN_POOL_REVIEW_REQUIRED	
джаз	4	EASY	NOUN,inan,masc plur,ablt | NOUN,inan,masc plur,accs | NOUN,inan,masc plur,datv | NOUN,inan,masc plur,gent | NOUN,inan,masc plur,loct | NOUN,inan,masc plur,nomn | NOUN,inan,masc sing,ablt | NOUN,inan,masc sing,accs | NOUN,inan,masc sing,datv | NOUN,inan,masc sing,gent | NOUN,inan,masc sing,loct | NOUN,inan,masc sing,nomn	false	3.86	251	WORDFREQ_RANKED	IN_POOL_REVIEW_REQUIRED	
джинсы	6	HARD	NOUN,inan,GNdr,Pltm plur,ablt | NOUN,inan,GNdr,Pltm plur,accs | NOUN,inan,GNdr,Pltm plur,datv | NOUN,inan,GNdr,Pltm plur,gent | NOUN,inan,GNdr,Pltm plur,loct | NOUN,inan,GNdr,Pltm plur,nomn	true	3.75	333	WORDFREQ_RANKED	IN_POOL_REVIEW_REQUIRED	
джип	4	EASY	NOUN,inan,masc plur,ablt | NOUN,inan,masc plur,accs | NOUN,inan,masc plur,datv | NOUN,inan,masc plur,gent | NOUN,inan,masc plur,loct | NOUN,inan,masc plur,nomn | NOUN,inan,masc sing,ablt | NOUN,inan,masc sing,accs | NOUN,inan,masc sing,datv | NOUN,inan,masc sing,gent | NOUN,inan,masc sing,loct | NOUN,inan,masc sing,nomn	false	3.55	361	WORDFREQ_RANKED	IN_POOL_REVIEW_REQUIRED	
диабет	6	HARD	NOUN,inan,masc plur,ablt | NOUN,inan,masc plur,accs | NOUN,inan,masc plur,datv | NOUN,inan,masc plur,gent | NOUN,inan,masc plur,loct | NOUN,inan,masc plur,nomn | NOUN,inan,masc sing,ablt | NOUN,inan,masc sing,accs | NOUN,inan,masc sing,datv | NOUN,inan,masc sing,gent | NOUN,inan,masc sing,loct | NOUN,inan,masc sing,nomn	false	3.54	506	WORDFREQ_RANKED	IN_POOL_REVIEW_REQUIRED	
диагноз	7	EXPERT	NOUN,inan,masc plur,ablt | NOUN,inan,masc plur,accs | NOUN,inan,masc plur,datv | NOUN,inan,masc plur,gent | NOUN,inan,masc plur,loct | NOUN,inan,masc plur,nomn | NOUN,inan,masc sing,ablt | NOUN,inan,masc sing,accs | NOUN,inan,masc sing,datv | NOUN,inan,masc sing,gent | NOUN,inan,masc sing,loct | NOUN,inan,masc sing,nomn	false	4.10	187	WORDFREQ_RANKED	IN_POOL_REVIEW_REQUIRED	
диалог	6	HARD	NOUN,inan,masc plur,ablt | NOUN,inan,masc plur,accs | NOUN,inan,masc plur,datv | NOUN,inan,masc plur,gent | NOUN,inan,masc plur,loct | NOUN,inan,masc plur,nomn | NOUN,inan,masc sing,ablt | NOUN,inan,masc sing,accs | NOUN,inan,masc sing,datv | NOUN,inan,masc sing,gent | NOUN,inan,masc sing,loct | NOUN,inan,masc sing,nomn	false	4.26	137	WORDFREQ_RANKED	IN_POOL_REVIEW_REQUIRED	
диаметр	7	EXPERT	NOUN,inan,masc plur,ablt | NOUN,inan,masc plur,accs | NOUN,inan,masc plur,datv | NOUN,inan,masc plur,gent | NOUN,inan,masc plur,loct | NOUN,inan,masc plur,nomn | NOUN,inan,masc sing,ablt | NOUN,inan,masc sing,accs | NOUN,inan,masc sing,datv | NOUN,inan,masc sing,gent | NOUN,inan,masc sing,loct | NOUN,inan,masc sing,nomn	false	4.04	206	WORDFREQ_RANKED	IN_POOL_REVIEW_REQUIRED	
диван	5	MEDIUM	NOUN,inan,masc plur,ablt | NOUN,inan,masc plur,accs | NOUN,inan,masc plur,datv | NOUN,inan,masc plur,gent | NOUN,inan,masc plur,loct | NOUN,inan,masc plur,nomn | NOUN,inan,masc sing,ablt | NOUN,inan,masc sing,accs | NOUN,inan,masc sing,datv | NOUN,inan,masc sing,gent | NOUN,inan,masc sing,loct | NOUN,inan,masc sing,nomn	false	4.00	269	TRUSTED_V1	TRUSTED	ALLOW
дивизия	7	EXPERT	NOUN,inan,femn plur,ablt | NOUN,inan,femn plur,accs | NOUN,inan,femn plur,datv | NOUN,inan,femn plur,gent | NOUN,inan,femn plur,loct | NOUN,inan,femn plur,nomn | NOUN,inan,femn sing,ablt | NOUN,inan,femn sing,ablt,V-ey | NOUN,inan,femn sing,accs | NOUN,inan,femn sing,datv | NOUN,inan,femn sing,gent | NOUN,inan,femn sing,loct | NOUN,inan,femn sing,nomn	false	3.78	306	WORDFREQ_RANKED	IN_POOL_REVIEW_REQUIRED	
диета	5	MEDIUM	NOUN,inan,femn plur,ablt | NOUN,inan,femn plur,accs | NOUN,inan,femn plur,datv | NOUN,inan,femn plur,gent | NOUN,inan,femn plur,loct | NOUN,inan,femn plur,nomn | NOUN,inan,femn sing,ablt | NOUN,inan,femn sing,ablt,V-oy | NOUN,inan,femn sing,accs | NOUN,inan,femn sing,datv | NOUN,inan,femn sing,gent | NOUN,inan,femn sing,loct | NOUN,inan,femn sing,nomn	false	3.50	559	TRUSTED_V1	TRUSTED	ALLOW
дизайн	6	HARD	NOUN,inan,masc plur,ablt | NOUN,inan,masc plur,accs | NOUN,inan,masc plur,datv | NOUN,inan,masc plur,gent | NOUN,inan,masc plur,loct | NOUN,inan,masc plur,nomn | NOUN,inan,masc sing,ablt | NOUN,inan,masc sing,accs | NOUN,inan,masc sing,datv | NOUN,inan,masc sing,gent | NOUN,inan,masc sing,loct | NOUN,inan,masc sing,nomn	false	4.34	114	WORDFREQ_RANKED	IN_POOL_REVIEW_REQUIRED	
дизель	6	HARD	NOUN,inan,masc plur,ablt | NOUN,inan,masc plur,accs | NOUN,inan,masc plur,datv | NOUN,inan,masc plur,gent | NOUN,inan,masc plur,loct | NOUN,inan,masc plur,nomn | NOUN,inan,masc sing,ablt | NOUN,inan,masc sing,accs | NOUN,inan,masc sing,datv | NOUN,inan,masc sing,gent | NOUN,inan,masc sing,loct | NOUN,inan,masc sing,nomn	false	3.77	323	WORDFREQ_RANKED	IN_POOL_REVIEW_REQUIRED	
динамо	6	HARD	NOUN,inan,neut,Fixd plur,ablt | NOUN,inan,neut,Fixd plur,accs | NOUN,inan,neut,Fixd plur,datv | NOUN,inan,neut,Fixd plur,gent | NOUN,inan,neut,Fixd plur,loct | NOUN,inan,neut,Fixd plur,nomn | NOUN,inan,neut,Fixd sing,ablt | NOUN,inan,neut,Fixd sing,accs | NOUN,inan,neut,Fixd sing,datv | NOUN,inan,neut,Fixd sing,gent | NOUN,inan,neut,Fixd sing,loct | NOUN,inan,neut,Fixd sing,nomn	false	4.79	43	WORDFREQ_RANKED	IN_POOL_REVIEW_REQUIRED	
диплом	6	HARD	NOUN,inan,masc plur,ablt | NOUN,inan,masc plur,accs | NOUN,inan,masc plur,datv | NOUN,inan,masc plur,gent | NOUN,inan,masc plur,loct | NOUN,inan,masc plur,nomn | NOUN,inan,masc sing,ablt | NOUN,inan,masc sing,accs | NOUN,inan,masc sing,datv | NOUN,inan,masc sing,gent | NOUN,inan,masc sing,loct | NOUN,inan,masc sing,nomn	false	4.13	177	WORDFREQ_RANKED	IN_POOL_REVIEW_REQUIRED	
дирижер	7	EXPERT	NOUN,anim,masc plur,ablt | NOUN,anim,masc plur,accs | NOUN,anim,masc plur,datv | NOUN,anim,masc plur,gent | NOUN,anim,masc plur,loct | NOUN,anim,masc plur,nomn | NOUN,anim,masc sing,ablt | NOUN,anim,masc sing,accs | NOUN,anim,masc sing,datv | NOUN,anim,masc sing,gent | NOUN,anim,masc sing,loct | NOUN,anim,masc sing,nomn	false	3.47	493	WORDFREQ_RANKED	IN_POOL_REVIEW_REQUIRED	
диск	4	EASY	NOUN,inan,masc plur,ablt | NOUN,inan,masc plur,accs | NOUN,inan,masc plur,datv | NOUN,inan,masc plur,gent | NOUN,inan,masc plur,loct | NOUN,inan,masc plur,nomn | NOUN,inan,masc sing,ablt | NOUN,inan,masc sing,accs | NOUN,inan,masc sing,datv | NOUN,inan,masc sing,gent | NOUN,inan,masc sing,loct | NOUN,inan,masc sing,nomn	false	4.34	127	WORDFREQ_RANKED	IN_POOL_REVIEW_REQUIRED	
дисплей	7	EXPERT	NOUN,inan,masc plur,ablt | NOUN,inan,masc plur,accs | NOUN,inan,masc plur,datv | NOUN,inan,masc plur,gent | NOUN,inan,masc plur,loct | NOUN,inan,masc plur,nomn | NOUN,inan,masc sing,ablt | NOUN,inan,masc sing,accs | NOUN,inan,masc sing,datv | NOUN,inan,masc sing,gent | NOUN,inan,masc sing,loct | NOUN,inan,masc sing,nomn	false	3.57	430	WORDFREQ_RANKED	IN_POOL_REVIEW_REQUIRED	
дитя	4	EASY	NOUN,anim,neut,Sgtm sing,ablt | NOUN,anim,neut,Sgtm sing,ablt,V-ey | NOUN,anim,neut,Sgtm sing,accs | NOUN,anim,neut,Sgtm sing,datv | NOUN,anim,neut,Sgtm sing,gent | NOUN,anim,neut,Sgtm sing,loct | NOUN,anim,neut,Sgtm sing,nomn	false	4.03	196	WORDFREQ_RANKED	IN_POOL_REVIEW_REQUIRED	
дичь	4	EASY	NOUN,inan,femn plur,ablt | NOUN,inan,femn plur,accs | NOUN,inan,femn plur,datv | NOUN,inan,femn plur,gent | NOUN,inan,femn plur,loct | NOUN,inan,femn plur,nomn | NOUN,inan,femn sing,ablt | NOUN,inan,femn sing,accs | NOUN,inan,femn sing,datv | NOUN,inan,femn sing,gent | NOUN,inan,femn sing,loct | NOUN,inan,femn sing,nomn	false	3.35	463	WORDFREQ_RANKED	IN_POOL_REVIEW_REQUIRED	
длина	5	MEDIUM	NOUN,inan,femn plur,ablt | NOUN,inan,femn plur,accs | NOUN,inan,femn plur,datv | NOUN,inan,femn plur,gent | NOUN,inan,femn plur,loct | NOUN,inan,femn plur,nomn | NOUN,inan,femn sing,ablt | NOUN,inan,femn sing,ablt,V-oy | NOUN,inan,femn sing,accs | NOUN,inan,femn sing,datv | NOUN,inan,femn sing,gent | NOUN,inan,femn sing,loct | NOUN,inan,femn sing,nomn	false	4.41	119	TRUSTED_V1	TRUSTED	ALLOW
дневник	7	EXPERT	NOUN,inan,masc plur,ablt | NOUN,inan,masc plur,accs | NOUN,inan,masc plur,datv | NOUN,inan,masc plur,gent | NOUN,inan,masc plur,loct | NOUN,inan,masc plur,nomn | NOUN,inan,masc sing,ablt | NOUN,inan,masc sing,accs | NOUN,inan,masc sing,datv | NOUN,inan,masc sing,gent | NOUN,inan,masc sing,loct | NOUN,inan,masc sing,nomn	false	4.23	141	WORDFREQ_RANKED	IN_POOL_REVIEW_REQUIRED	
доброта	7	EXPERT	NOUN,inan,femn plur,ablt | NOUN,inan,femn plur,accs | NOUN,inan,femn plur,datv | NOUN,inan,femn plur,gent | NOUN,inan,femn plur,loct | NOUN,inan,femn plur,nomn | NOUN,inan,femn sing,ablt | NOUN,inan,femn sing,ablt,V-oy | NOUN,inan,femn sing,accs | NOUN,inan,femn sing,datv | NOUN,inan,femn sing,gent | NOUN,inan,femn sing,loct | NOUN,inan,femn sing,nomn	false	3.50	472	WORDFREQ_RANKED	IN_POOL_REVIEW_REQUIRED	
добыча	6	HARD	NOUN,inan,femn plur,ablt | NOUN,inan,femn plur,accs | NOUN,inan,femn plur,datv | NOUN,inan,femn plur,gent | NOUN,inan,femn plur,loct | NOUN,inan,femn plur,nomn | NOUN,inan,femn sing,ablt | NOUN,inan,femn sing,ablt,V-ey | NOUN,inan,femn sing,accs | NOUN,inan,femn sing,datv | NOUN,inan,femn sing,gent | NOUN,inan,femn sing,loct | NOUN,inan,femn sing,nomn	false	4.14	171	WORDFREQ_RANKED	IN_POOL_REVIEW_REQUIRED	
доверие	7	EXPERT	NOUN,inan,neut plur,ablt | NOUN,inan,neut plur,ablt,V-be | NOUN,inan,neut plur,accs | NOUN,inan,neut plur,accs,V-be | NOUN,inan,neut plur,datv | NOUN,inan,neut plur,datv,V-be | NOUN,inan,neut plur,gent | NOUN,inan,neut plur,loct | NOUN,inan,neut plur,loct,V-be | NOUN,inan,neut plur,nomn | NOUN,inan,neut plur,nomn,V-be | NOUN,inan,neut sing,ablt | NOUN,inan,neut sing,ablt,V-be | NOUN,inan,neut sing,accs | NOUN,inan,neut sing,accs,V-be | NOUN,inan,neut sing,datv | NOUN,inan,neut sing,datv,V-be | NOUN,inan,neut sing,gent | NOUN,inan,neut sing,gent,V-be | NOUN,inan,neut sing,loct | NOUN,inan,neut sing,loct,V-be | NOUN,inan,neut sing,loct,V-be,V-bi | NOUN,inan,neut sing,nomn | NOUN,inan,neut sing,nomn,V-be	false	4.34	107	WORDFREQ_RANKED	IN_POOL_REVIEW_REQUIRED	
довод	5	MEDIUM	NOUN,inan,masc plur,ablt | NOUN,inan,masc plur,accs | NOUN,inan,masc plur,datv | NOUN,inan,masc plur,gent | NOUN,inan,masc plur,loct | NOUN,inan,masc plur,nomn | NOUN,inan,masc sing,ablt | NOUN,inan,masc sing,accs | NOUN,inan,masc sing,datv | NOUN,inan,masc sing,gent | NOUN,inan,masc sing,loct | NOUN,inan,masc sing,nomn	false	3.28	756	TRUSTED_V1	TRUSTED	ALLOW
договор	7	EXPERT	NOUN,inan,masc plur,ablt | NOUN,inan,masc plur,accs | NOUN,inan,masc plur,accs,Infr | NOUN,inan,masc plur,datv | NOUN,inan,masc plur,gent | NOUN,inan,masc plur,loct | NOUN,inan,masc plur,nomn | NOUN,inan,masc plur,nomn,Infr | NOUN,inan,masc sing,ablt | NOUN,inan,masc sing,accs | NOUN,inan,masc sing,datv | NOUN,inan,masc sing,gent | NOUN,inan,masc sing,loct | NOUN,inan,masc sing,nomn	false	4.73	42	WORDFREQ_RANKED	IN_POOL_REVIEW_REQUIRED	
дождь	5	MEDIUM	NOUN,inan,masc plur,ablt | NOUN,inan,masc plur,accs | NOUN,inan,masc plur,datv | NOUN,inan,masc plur,gent | NOUN,inan,masc plur,loct | NOUN,inan,masc plur,nomn | NOUN,inan,masc sing,ablt | NOUN,inan,masc sing,accs | NOUN,inan,masc sing,datv | NOUN,inan,masc sing,gent | NOUN,inan,masc sing,loct | NOUN,inan,masc sing,nomn	false	4.64	65	TRUSTED_V1	TRUSTED	ALLOW
доза	4	EASY	NOUN,inan,femn plur,ablt | NOUN,inan,femn plur,accs | NOUN,inan,femn plur,datv | NOUN,inan,femn plur,gent | NOUN,inan,femn plur,loct | NOUN,inan,femn plur,nomn | NOUN,inan,femn sing,ablt | NOUN,inan,femn sing,ablt,V-oy | NOUN,inan,femn sing,accs | NOUN,inan,femn sing,datv | NOUN,inan,femn sing,gent | NOUN,inan,femn sing,loct | NOUN,inan,femn sing,nomn	false	3.64	320	WORDFREQ_RANKED	IN_POOL_REVIEW_REQUIRED	
доклад	6	HARD	NOUN,inan,masc plur,ablt | NOUN,inan,masc plur,accs | NOUN,inan,masc plur,datv | NOUN,inan,masc plur,gent | NOUN,inan,masc plur,loct | NOUN,inan,masc plur,nomn | NOUN,inan,masc sing,ablt | NOUN,inan,masc sing,accs | NOUN,inan,masc sing,datv | NOUN,inan,masc sing,gent | NOUN,inan,masc sing,loct | NOUN,inan,masc sing,nomn	false	4.38	102	WORDFREQ_RANKED	IN_POOL_REVIEW_REQUIRED	
доктор	6	HARD	NOUN,anim,masc plur,ablt | NOUN,anim,masc plur,accs | NOUN,anim,masc plur,datv | NOUN,anim,masc plur,gent | NOUN,anim,masc plur,loct | NOUN,anim,masc plur,nomn | NOUN,anim,masc sing,ablt | NOUN,anim,masc sing,accs | NOUN,anim,masc sing,datv | NOUN,anim,masc sing,gent | NOUN,anim,masc sing,loct | NOUN,anim,masc sing,nomn	false	4.99	17	WORDFREQ_RANKED	IN_POOL_REVIEW_REQUIRED	
долг	4	EASY	NOUN,inan,masc plur,ablt | NOUN,inan,masc plur,accs | NOUN,inan,masc plur,datv | NOUN,inan,masc plur,gent | NOUN,inan,masc plur,loct | NOUN,inan,masc plur,nomn | NOUN,inan,masc sing,ablt | NOUN,inan,masc sing,accs | NOUN,inan,masc sing,datv | NOUN,inan,masc sing,gen2 | NOUN,inan,masc sing,gent | NOUN,inan,masc sing,loc2 | NOUN,inan,masc sing,loct | NOUN,inan,masc sing,nomn	false	4.63	68	WORDFREQ_RANKED	IN_POOL_REVIEW_REQUIRED	
должное	7	EXPERT	NOUN,inan,neut plur,ablt | NOUN,inan,neut plur,accs | NOUN,inan,neut plur,datv | NOUN,inan,neut plur,gent | NOUN,inan,neut plur,loct | NOUN,inan,neut plur,nomn | NOUN,inan,neut sing,ablt | NOUN,inan,neut sing,accs | NOUN,inan,neut sing,datv | NOUN,inan,neut sing,gent | NOUN,inan,neut sing,loct | NOUN,inan,neut sing,nomn	false	3.92	241	WORDFREQ_RANKED	IN_POOL_REVIEW_REQUIRED	
долина	6	HARD	NOUN,inan,femn plur,ablt | NOUN,inan,femn plur,accs | NOUN,inan,femn plur,datv | NOUN,inan,femn plur,gent | NOUN,inan,femn plur,loct | NOUN,inan,femn plur,nomn | NOUN,inan,femn sing,ablt | NOUN,inan,femn sing,ablt,V-oy | NOUN,inan,femn sing,accs | NOUN,inan,femn sing,datv | NOUN,inan,femn sing,gent | NOUN,inan,femn sing,loct | NOUN,inan,femn sing,nomn	false	3.75	334	WORDFREQ_RANKED	IN_POOL_REVIEW_REQUIRED	
доллар	6	HARD	NOUN,inan,masc plur,ablt | NOUN,inan,masc plur,accs | NOUN,inan,masc plur,datv | NOUN,inan,masc plur,gent | NOUN,inan,masc plur,loct | NOUN,inan,masc plur,nomn | NOUN,inan,masc sing,ablt | NOUN,inan,masc sing,accs | NOUN,inan,masc sing,datv | NOUN,inan,masc sing,gent | NOUN,inan,masc sing,loct | NOUN,inan,masc sing,nomn	false	4.35	109	WORDFREQ_RANKED	IN_POOL_REVIEW_REQUIRED	
доля	4	EASY	NOUN,inan,femn plur,ablt | NOUN,inan,femn plur,accs | NOUN,inan,femn plur,datv | NOUN,inan,femn plur,gent | NOUN,inan,femn plur,loct | NOUN,inan,femn plur,nomn | NOUN,inan,femn sing,ablt | NOUN,inan,femn sing,ablt,V-ey | NOUN,inan,femn sing,accs | NOUN,inan,femn sing,datv | NOUN,inan,femn sing,gent | NOUN,inan,femn sing,loct | NOUN,inan,femn sing,nomn	false	4.57	82	WORDFREQ_RANKED	IN_POOL_REVIEW_REQUIRED	
домик	5	MEDIUM	NOUN,inan,masc plur,ablt | NOUN,inan,masc plur,accs | NOUN,inan,masc plur,datv | NOUN,inan,masc plur,gent | NOUN,inan,masc plur,loct | NOUN,inan,masc plur,nomn | NOUN,inan,masc sing,ablt | NOUN,inan,masc sing,accs | NOUN,inan,masc sing,datv | NOUN,inan,masc sing,gent | NOUN,inan,masc sing,loct | NOUN,inan,masc sing,nomn	false	4.09	230	TRUSTED_V1	TRUSTED	ALLOW
допинг	6	HARD	NOUN,inan,masc plur,ablt | NOUN,inan,masc plur,accs | NOUN,inan,masc plur,datv | NOUN,inan,masc plur,gent | NOUN,inan,masc plur,loct | NOUN,inan,masc plur,nomn | NOUN,inan,masc sing,ablt | NOUN,inan,masc sing,accs | NOUN,inan,masc sing,datv | NOUN,inan,masc sing,gent | NOUN,inan,masc sing,loct | NOUN,inan,masc sing,nomn	false	3.70	374	WORDFREQ_RANKED	IN_POOL_REVIEW_REQUIRED	
допрос	6	HARD	NOUN,inan,masc plur,ablt | NOUN,inan,masc plur,accs | NOUN,inan,masc plur,datv | NOUN,inan,masc plur,gent | NOUN,inan,masc plur,loct | NOUN,inan,masc plur,nomn | NOUN,inan,masc sing,ablt | NOUN,inan,masc sing,accs | NOUN,inan,masc sing,datv | NOUN,inan,masc sing,gent | NOUN,inan,masc sing,loct | NOUN,inan,masc sing,nomn	false	4.02	212	WORDFREQ_RANKED	IN_POOL_REVIEW_REQUIRED	
дорога	6	HARD	NOUN,inan,femn plur,ablt | NOUN,inan,femn plur,accs | NOUN,inan,femn plur,datv | NOUN,inan,femn plur,gent | NOUN,inan,femn plur,loct | NOUN,inan,femn plur,nomn | NOUN,inan,femn sing,ablt | NOUN,inan,femn sing,ablt,V-oy | NOUN,inan,femn sing,accs | NOUN,inan,femn sing,datv | NOUN,inan,femn sing,gent | NOUN,inan,femn sing,loct | NOUN,inan,femn sing,nomn	false	4.71	54	MANUAL_ALLOW	IN_POOL_REVIEW_REQUIRED	ALLOW
дорожка	7	EXPERT	NOUN,inan,femn plur,ablt | NOUN,inan,femn plur,accs | NOUN,inan,femn plur,datv | NOUN,inan,femn plur,gent | NOUN,inan,femn plur,loct | NOUN,inan,femn plur,nomn | NOUN,inan,femn sing,ablt | NOUN,inan,femn sing,ablt,V-oy | NOUN,inan,femn sing,accs | NOUN,inan,femn sing,datv | NOUN,inan,femn sing,gent | NOUN,inan,femn sing,loct | NOUN,inan,femn sing,nomn	false	3.58	424	WORDFREQ_RANKED	IN_POOL_REVIEW_REQUIRED	
доска	5	MEDIUM	NOUN,inan,femn plur,ablt | NOUN,inan,femn plur,accs | NOUN,inan,femn plur,datv | NOUN,inan,femn plur,gent | NOUN,inan,femn plur,loct | NOUN,inan,femn plur,nomn | NOUN,inan,femn sing,ablt | NOUN,inan,femn sing,ablt,V-oy | NOUN,inan,femn sing,accs | NOUN,inan,femn sing,datv | NOUN,inan,femn sing,gent | NOUN,inan,femn sing,loct | NOUN,inan,femn sing,nomn	false	3.95	288	TRUSTED_V1	TRUSTED	ALLOW
доступ	6	HARD	NOUN,inan,masc plur,ablt | NOUN,inan,masc plur,accs | NOUN,inan,masc plur,datv | NOUN,inan,masc plur,gent | NOUN,inan,masc plur,loct | NOUN,inan,masc plur,nomn | NOUN,inan,masc sing,ablt | NOUN,inan,masc sing,accs | NOUN,inan,masc sing,datv | NOUN,inan,masc sing,gent | NOUN,inan,masc sing,loct | NOUN,inan,masc sing,nomn	false	4.62	71	WORDFREQ_RANKED	IN_POOL_REVIEW_REQUIRED	
досуг	5	MEDIUM	NOUN,inan,masc plur,ablt | NOUN,inan,masc plur,accs | NOUN,inan,masc plur,datv | NOUN,inan,masc plur,gent | NOUN,inan,masc plur,loct | NOUN,inan,masc plur,nomn | NOUN,inan,masc sing,ablt | NOUN,inan,masc sing,accs | NOUN,inan,masc sing,datv | NOUN,inan,masc sing,gent | NOUN,inan,masc sing,loct | NOUN,inan,masc sing,nomn	false	3.41	639	TRUSTED_V1	TRUSTED	ALLOW
доход	5	MEDIUM	NOUN,inan,masc plur,ablt | NOUN,inan,masc plur,accs | NOUN,inan,masc plur,datv | NOUN,inan,masc plur,gent | NOUN,inan,masc plur,loct | NOUN,inan,masc plur,nomn | NOUN,inan,masc sing,ablt | NOUN,inan,masc sing,accs | NOUN,inan,masc sing,datv | NOUN,inan,masc sing,gen2 | NOUN,inan,masc sing,gent | NOUN,inan,masc sing,loct | NOUN,inan,masc sing,nomn	false	4.53	84	TRUSTED_V1	TRUSTED	ALLOW
доцент	6	HARD	NOUN,anim,masc plur,ablt | NOUN,anim,masc plur,accs | NOUN,anim,masc plur,datv | NOUN,anim,masc plur,gent | NOUN,anim,masc plur,loct | NOUN,anim,masc plur,nomn | NOUN,anim,masc sing,ablt | NOUN,anim,masc sing,accs | NOUN,anim,masc sing,datv | NOUN,anim,masc sing,gent | NOUN,anim,masc sing,loct | NOUN,anim,masc sing,nomn	false	3.79	313	WORDFREQ_RANKED	IN_POOL_REVIEW_REQUIRED	
дочь	4	EASY	NOUN,anim,femn plur,ablt | NOUN,anim,femn plur,ablt,Infr | NOUN,anim,femn plur,accs | NOUN,anim,femn plur,datv | NOUN,anim,femn plur,gent | NOUN,anim,femn plur,loct | NOUN,anim,femn plur,nomn | NOUN,anim,femn sing,ablt | NOUN,anim,femn sing,accs | NOUN,anim,femn sing,datv | NOUN,anim,femn sing,gent | NOUN,anim,femn sing,loct | NOUN,anim,femn sing,nomn	false	5.06	21	WORDFREQ_RANKED	IN_POOL_REVIEW_REQUIRED	
драка	5	MEDIUM	NOUN,inan,femn plur,ablt | NOUN,inan,femn plur,accs | NOUN,inan,femn plur,datv | NOUN,inan,femn plur,gent | NOUN,inan,femn plur,loct | NOUN,inan,femn plur,nomn | NOUN,inan,femn sing,ablt | NOUN,inan,femn sing,ablt,V-oy | NOUN,inan,femn sing,accs | NOUN,inan,femn sing,datv | NOUN,inan,femn sing,gent | NOUN,inan,femn sing,loct | NOUN,inan,femn sing,nomn	false	3.89	317	TRUSTED_V1	TRUSTED	ALLOW
дракон	6	HARD	NOUN,anim,masc plur,ablt | NOUN,anim,masc plur,accs | NOUN,anim,masc plur,datv | NOUN,anim,masc plur,gent | NOUN,anim,masc plur,loct | NOUN,anim,masc plur,nomn | NOUN,anim,masc sing,ablt | NOUN,anim,masc sing,accs | NOUN,anim,masc sing,datv | NOUN,anim,masc sing,gent | NOUN,anim,masc sing,loct | NOUN,anim,masc sing,nomn	false	4.00	223	WORDFREQ_RANKED	IN_POOL_REVIEW_REQUIRED	
дрель	5	MEDIUM	NOUN,inan,femn plur,ablt | NOUN,inan,femn plur,accs | NOUN,inan,femn plur,datv | NOUN,inan,femn plur,gent | NOUN,inan,femn plur,loct | NOUN,inan,femn plur,nomn | NOUN,inan,femn sing,ablt | NOUN,inan,femn sing,accs | NOUN,inan,femn sing,datv | NOUN,inan,femn sing,gent | NOUN,inan,femn sing,loct | NOUN,inan,femn sing,nomn	false	2.84	1245	TRUSTED_V1	TRUSTED	ALLOW
друг	4	EASY	NOUN,anim,masc plur,ablt | NOUN,anim,masc plur,accs | NOUN,anim,masc plur,datv | NOUN,anim,masc plur,gent | NOUN,anim,masc plur,loct | NOUN,anim,masc plur,nomn | NOUN,anim,masc sing,ablt | NOUN,anim,masc sing,accs | NOUN,anim,masc sing,datv | NOUN,anim,masc sing,gent | NOUN,anim,masc sing,loct | NOUN,anim,masc sing,nomn	false	5.47	3	MANUAL_ALLOW	IN_POOL_REVIEW_REQUIRED	ALLOW
дружба	6	HARD	NOUN,inan,femn plur,ablt | NOUN,inan,femn plur,accs | NOUN,inan,femn plur,datv | NOUN,inan,femn plur,gent | NOUN,inan,femn plur,loct | NOUN,inan,femn plur,nomn | NOUN,inan,femn sing,ablt | NOUN,inan,femn sing,ablt,V-oy | NOUN,inan,femn sing,accs | NOUN,inan,femn sing,datv | NOUN,inan,femn sing,gent | NOUN,inan,femn sing,loct | NOUN,inan,femn sing,nomn	false	4.25	141	WORDFREQ_RANKED	IN_POOL_REVIEW_REQUIRED	
дружище	7	EXPERT	NOUN,anim,masc plur,ablt | NOUN,anim,masc plur,accs | NOUN,anim,masc plur,datv | NOUN,anim,masc plur,gent | NOUN,anim,masc plur,loct | NOUN,anim,masc plur,nomn | NOUN,anim,masc sing,ablt | NOUN,anim,masc sing,ablt,Infr | NOUN,anim,masc sing,accs | NOUN,anim,masc sing,accs,Infr | NOUN,anim,masc sing,datv | NOUN,anim,masc sing,datv,Infr | NOUN,anim,masc sing,gent | NOUN,anim,masc sing,gent,Infr | NOUN,anim,masc sing,loct | NOUN,anim,masc sing,nomn	false	3.46	503	WORDFREQ_RANKED	IN_POOL_REVIEW_REQUIRED	
дубль	5	MEDIUM	NOUN,inan,masc plur,ablt | NOUN,inan,masc plur,accs | NOUN,inan,masc plur,datv | NOUN,inan,masc plur,gent | NOUN,inan,masc plur,loct | NOUN,inan,masc plur,nomn | NOUN,inan,masc sing,ablt | NOUN,inan,masc sing,accs | NOUN,inan,masc sing,datv | NOUN,inan,masc sing,gent | NOUN,inan,masc sing,loct | NOUN,inan,masc sing,nomn	false	4.01	264	TRUSTED_V1	TRUSTED	ALLOW
дуга	4	EASY	NOUN,inan,femn plur,ablt | NOUN,inan,femn plur,accs | NOUN,inan,femn plur,datv | NOUN,inan,femn plur,gent | NOUN,inan,femn plur,loct | NOUN,inan,femn plur,nomn | NOUN,inan,femn sing,ablt | NOUN,inan,femn sing,ablt,V-oy | NOUN,inan,femn sing,accs | NOUN,inan,femn sing,datv | NOUN,inan,femn sing,gent | NOUN,inan,femn sing,loct | NOUN,inan,femn sing,nomn	false	3.27	516	WORDFREQ_RANKED	IN_POOL_REVIEW_REQUIRED	
дума	4	EASY	NOUN,inan,femn plur,ablt | NOUN,inan,femn plur,accs | NOUN,inan,femn plur,datv | NOUN,inan,femn plur,gent | NOUN,inan,femn plur,loct | NOUN,inan,femn plur,nomn | NOUN,inan,femn sing,ablt | NOUN,inan,femn sing,ablt,V-oy | NOUN,inan,femn sing,accs | NOUN,inan,femn sing,datv | NOUN,inan,femn sing,gent | NOUN,inan,femn sing,loct | NOUN,inan,femn sing,nomn	false	4.09	179	WORDFREQ_RANKED	IN_POOL_REVIEW_REQUIRED	
дупло	5	MEDIUM	NOUN,inan,neut plur,ablt | NOUN,inan,neut plur,accs | NOUN,inan,neut plur,datv | NOUN,inan,neut plur,gent | NOUN,inan,neut plur,gent,Infr | NOUN,inan,neut plur,loct | NOUN,inan,neut plur,nomn | NOUN,inan,neut sing,ablt | NOUN,inan,neut sing,accs | NOUN,inan,neut sing,datv | NOUN,inan,neut sing,gent | NOUN,inan,neut sing,loct | NOUN,inan,neut sing,nomn	false	2.72	1395	TRUSTED_V1	TRUSTED	ALLOW
дура	4	EASY	NOUN,anim,femn plur,ablt | NOUN,anim,femn plur,accs | NOUN,anim,femn plur,datv | NOUN,anim,femn plur,gent | NOUN,anim,femn plur,loct | NOUN,anim,femn plur,nomn | NOUN,anim,femn sing,ablt | NOUN,anim,femn sing,ablt,V-oy | NOUN,anim,femn sing,accs | NOUN,anim,femn sing,datv | NOUN,anim,femn sing,gent | NOUN,anim,femn sing,loct | NOUN,anim,femn sing,nomn	false	4.07	185	WORDFREQ_RANKED	IN_POOL_REVIEW_REQUIRED	
дурь	4	EASY	NOUN,inan,femn plur,ablt | NOUN,inan,femn plur,accs | NOUN,inan,femn plur,datv | NOUN,inan,femn plur,gent | NOUN,inan,femn plur,loct | NOUN,inan,femn plur,nomn | NOUN,inan,femn sing,ablt | NOUN,inan,femn sing,accs | NOUN,inan,femn sing,datv | NOUN,inan,femn sing,gent | NOUN,inan,femn sing,loct | NOUN,inan,femn sing,nomn	false	3.30	498	WORDFREQ_RANKED	IN_POOL_REVIEW_REQUIRED	
душа	4	EASY	NOUN,inan,femn plur,ablt | NOUN,inan,femn plur,accs | NOUN,inan,femn plur,datv | NOUN,inan,femn plur,gent | NOUN,inan,femn plur,loct | NOUN,inan,femn plur,nomn | NOUN,inan,femn sing,ablt | NOUN,inan,femn sing,ablt,V-oy | NOUN,inan,femn sing,accs | NOUN,inan,femn sing,datv | NOUN,inan,femn sing,gent | NOUN,inan,femn sing,loct | NOUN,inan,femn sing,nomn	false	4.62	72	WORDFREQ_RANKED	IN_POOL_REVIEW_REQUIRED	
дуэт	4	EASY	NOUN,inan,masc plur,ablt | NOUN,inan,masc plur,accs | NOUN,inan,masc plur,datv | NOUN,inan,masc plur,gent | NOUN,inan,masc plur,loct | NOUN,inan,masc plur,nomn | NOUN,inan,masc sing,ablt | NOUN,inan,masc sing,accs | NOUN,inan,masc sing,datv | NOUN,inan,masc sing,gent | NOUN,inan,masc sing,loct | NOUN,inan,masc sing,nomn	false	3.85	255	WORDFREQ_RANKED	IN_POOL_REVIEW_REQUIRED	
дыра	4	EASY	NOUN,inan,femn plur,ablt | NOUN,inan,femn plur,accs | NOUN,inan,femn plur,datv | NOUN,inan,femn plur,gent | NOUN,inan,femn plur,loct | NOUN,inan,femn plur,nomn | NOUN,inan,femn sing,ablt | NOUN,inan,femn sing,ablt,V-oy | NOUN,inan,femn sing,accs | NOUN,inan,femn sing,datv | NOUN,inan,femn sing,gent | NOUN,inan,femn sing,loct | NOUN,inan,femn sing,nomn	false	3.70	300	WORDFREQ_RANKED	IN_POOL_REVIEW_REQUIRED	
дыхание	7	EXPERT	NOUN,inan,neut plur,ablt | NOUN,inan,neut plur,ablt,V-be | NOUN,inan,neut plur,accs | NOUN,inan,neut plur,accs,V-be | NOUN,inan,neut plur,datv | NOUN,inan,neut plur,datv,V-be | NOUN,inan,neut plur,gent | NOUN,inan,neut plur,loct | NOUN,inan,neut plur,loct,V-be | NOUN,inan,neut plur,nomn | NOUN,inan,neut plur,nomn,V-be | NOUN,inan,neut sing,ablt | NOUN,inan,neut sing,ablt,V-be | NOUN,inan,neut sing,accs | NOUN,inan,neut sing,accs,V-be | NOUN,inan,neut sing,datv | NOUN,inan,neut sing,datv,V-be | NOUN,inan,neut sing,gent | NOUN,inan,neut sing,gent,V-be | NOUN,inan,neut sing,loct | NOUN,inan,neut sing,loct,V-be | NOUN,inan,neut sing,loct,V-be,V-bi | NOUN,inan,neut sing,nomn | NOUN,inan,neut sing,nomn,V-be	false	4.27	127	WORDFREQ_RANKED	IN_POOL_REVIEW_REQUIRED	
дьявол	6	HARD	NOUN,anim,masc plur,ablt | NOUN,anim,masc plur,accs | NOUN,anim,masc plur,datv | NOUN,anim,masc plur,gent | NOUN,anim,masc plur,loct | NOUN,anim,masc plur,nomn | NOUN,anim,masc sing,ablt | NOUN,anim,masc sing,accs | NOUN,anim,masc sing,datv | NOUN,anim,masc sing,gent | NOUN,anim,masc sing,loct | NOUN,anim,masc sing,nomn	false	3.90	263	WORDFREQ_RANKED	IN_POOL_REVIEW_REQUIRED	
дядя	4	EASY	NOUN,anim,masc plur,ablt | NOUN,anim,masc plur,ablt,Infr | NOUN,anim,masc plur,accs | NOUN,anim,masc plur,accs,Infr | NOUN,anim,masc plur,datv | NOUN,anim,masc plur,datv,Infr | NOUN,anim,masc plur,gent | NOUN,anim,masc plur,gent,Infr | NOUN,anim,masc plur,loct | NOUN,anim,masc plur,loct,Infr | NOUN,anim,masc plur,nomn | NOUN,anim,masc plur,nomn,Infr | NOUN,anim,masc sing,ablt | NOUN,anim,masc sing,ablt,V-ey | NOUN,anim,masc sing,accs | NOUN,anim,masc sing,datv | NOUN,anim,masc sing,gent | NOUN,anim,masc sing,loct | NOUN,anim,masc sing,nomn	false	4.45	105	WORDFREQ_RANKED	IN_POOL_REVIEW_REQUIRED	
евро	4	EASY	NOUN,inan,neut,Fixd plur,ablt | NOUN,inan,neut,Fixd plur,accs | NOUN,inan,neut,Fixd plur,datv | NOUN,inan,neut,Fixd plur,gent | NOUN,inan,neut,Fixd plur,loct | NOUN,inan,neut,Fixd plur,nomn | NOUN,inan,neut,Fixd sing,ablt | NOUN,inan,neut,Fixd sing,accs | NOUN,inan,neut,Fixd sing,datv | NOUN,inan,neut,Fixd sing,gent | NOUN,inan,neut,Fixd sing,loct | NOUN,inan,neut,Fixd sing,nomn	false	4.88	42	WORDFREQ_RANKED	IN_POOL_REVIEW_REQUIRED	
единица	7	EXPERT	NOUN,inan,femn,Inmx anim,plur,accs | NOUN,inan,femn,Inmx plur,ablt | NOUN,inan,femn,Inmx plur,accs | NOUN,inan,femn,Inmx plur,datv | NOUN,inan,femn,Inmx plur,gent | NOUN,inan,femn,Inmx plur,loct | NOUN,inan,femn,Inmx plur,nomn | NOUN,inan,femn,Inmx sing,ablt | NOUN,inan,femn,Inmx sing,ablt,V-ey | NOUN,inan,femn,Inmx sing,accs | NOUN,inan,femn,Inmx sing,datv | NOUN,inan,femn,Inmx sing,gent | NOUN,inan,femn,Inmx sing,loct | NOUN,inan,femn,Inmx sing,nomn	false	3.77	312	WORDFREQ_RANKED	IN_POOL_REVIEW_REQUIRED	
езда	4	EASY	NOUN,inan,femn,Sgtm sing,ablt | NOUN,inan,femn,Sgtm sing,ablt,V-oy | NOUN,inan,femn,Sgtm sing,accs | NOUN,inan,femn,Sgtm sing,datv | NOUN,inan,femn,Sgtm sing,gent | NOUN,inan,femn,Sgtm sing,loct | NOUN,inan,femn,Sgtm sing,nomn	false	3.30	499	WORDFREQ_RANKED	IN_POOL_REVIEW_REQUIRED	
елка	4	EASY	NOUN,inan,femn plur,ablt | NOUN,inan,femn plur,accs | NOUN,inan,femn plur,datv | NOUN,inan,femn plur,gent | NOUN,inan,femn plur,loct | NOUN,inan,femn plur,nomn | NOUN,inan,femn sing,ablt | NOUN,inan,femn sing,ablt,V-oy | NOUN,inan,femn sing,accs | NOUN,inan,femn sing,datv | NOUN,inan,femn sing,gent | NOUN,inan,femn sing,loct | NOUN,inan,femn sing,nomn	false	3.41	429	WORDFREQ_RANKED	IN_POOL_REVIEW_REQUIRED	
емкость	7	EXPERT	NOUN,inan,femn plur,ablt | NOUN,inan,femn plur,accs | NOUN,inan,femn plur,datv | NOUN,inan,femn plur,gent | NOUN,inan,femn plur,loct | NOUN,inan,femn plur,nomn | NOUN,inan,femn sing,ablt | NOUN,inan,femn sing,accs | NOUN,inan,femn sing,datv | NOUN,inan,femn sing,gent | NOUN,inan,femn sing,loct | NOUN,inan,femn sing,nomn	false	3.55	442	WORDFREQ_RANKED	IN_POOL_REVIEW_REQUIRED	
епископ	7	EXPERT	NOUN,anim,masc plur,ablt | NOUN,anim,masc plur,accs | NOUN,anim,masc plur,datv | NOUN,anim,masc plur,gent | NOUN,anim,masc plur,loct | NOUN,anim,masc plur,nomn | NOUN,anim,masc sing,ablt | NOUN,anim,masc sing,accs | NOUN,anim,masc sing,datv | NOUN,anim,masc sing,gent | NOUN,anim,masc sing,loct | NOUN,anim,masc sing,nomn	false	3.81	296	WORDFREQ_RANKED	IN_POOL_REVIEW_REQUIRED	
ерунда	6	HARD	NOUN,inan,femn,Sgtm sing,ablt | NOUN,inan,femn,Sgtm sing,ablt,V-oy | NOUN,inan,femn,Sgtm sing,accs | NOUN,inan,femn,Sgtm sing,datv | NOUN,inan,femn,Sgtm sing,gent | NOUN,inan,femn,Sgtm sing,loct | NOUN,inan,femn,Sgtm sing,nomn	false	3.74	340	WORDFREQ_RANKED	IN_POOL_REVIEW_REQUIRED	
жаба	4	EASY	NOUN,anim,femn plur,ablt | NOUN,anim,femn plur,accs | NOUN,anim,femn plur,datv | NOUN,anim,femn plur,gent | NOUN,anim,femn plur,loct | NOUN,anim,femn plur,nomn | NOUN,anim,femn sing,ablt | NOUN,anim,femn sing,ablt,V-oy | NOUN,anim,femn sing,accs | NOUN,anim,femn sing,datv | NOUN,anim,femn sing,gent | NOUN,anim,femn sing,loct | NOUN,anim,femn sing,nomn | NOUN,inan,femn plur,ablt | NOUN,inan,femn plur,accs | NOUN,inan,femn plur,datv | NOUN,inan,femn plur,gent | NOUN,inan,femn plur,loct | NOUN,inan,femn plur,nomn | NOUN,inan,femn sing,ablt | NOUN,inan,femn sing,ablt,V-oy | NOUN,inan,femn sing,accs | NOUN,inan,femn sing,datv | NOUN,inan,femn sing,gent | NOUN,inan,femn sing,loct | NOUN,inan,femn sing,nomn	false	3.27	517	WORDFREQ_RANKED	IN_POOL_REVIEW_REQUIRED	
жалоба	6	HARD	NOUN,inan,femn plur,ablt | NOUN,inan,femn plur,accs | NOUN,inan,femn plur,datv | NOUN,inan,femn plur,gent | NOUN,inan,femn plur,loct | NOUN,inan,femn plur,nomn | NOUN,inan,femn sing,ablt | NOUN,inan,femn sing,ablt,V-oy | NOUN,inan,femn sing,accs | NOUN,inan,femn sing,datv | NOUN,inan,femn sing,gent | NOUN,inan,femn sing,loct | NOUN,inan,femn sing,nomn	false	3.56	481	WORDFREQ_RANKED	IN_POOL_REVIEW_REQUIRED	
жалость	7	EXPERT	NOUN,inan,femn plur,ablt | NOUN,inan,femn plur,accs | NOUN,inan,femn plur,datv | NOUN,inan,femn plur,gent | NOUN,inan,femn plur,loct | NOUN,inan,femn plur,nomn | NOUN,inan,femn sing,ablt | NOUN,inan,femn sing,accs | NOUN,inan,femn sing,datv | NOUN,inan,femn sing,gent | NOUN,inan,femn sing,loct | NOUN,inan,femn sing,nomn	false	3.68	370	WORDFREQ_RANKED	IN_POOL_REVIEW_REQUIRED	
жанр	4	EASY	NOUN,inan,masc plur,ablt | NOUN,inan,masc plur,accs | NOUN,inan,masc plur,datv | NOUN,inan,masc plur,gent | NOUN,inan,masc plur,loct | NOUN,inan,masc plur,nomn | NOUN,inan,masc sing,ablt | NOUN,inan,masc sing,accs | NOUN,inan,masc sing,datv | NOUN,inan,masc sing,gent | NOUN,inan,masc sing,loct | NOUN,inan,masc sing,nomn	false	4.07	186	WORDFREQ_RANKED	IN_POOL_REVIEW_REQUIRED	
жара	4	EASY	NOUN,inan,femn,Sgtm sing,ablt | NOUN,inan,femn,Sgtm sing,ablt,V-oy | NOUN,inan,femn,Sgtm sing,accs | NOUN,inan,femn,Sgtm sing,datv | NOUN,inan,femn,Sgtm sing,gent | NOUN,inan,femn,Sgtm sing,loct | NOUN,inan,femn,Sgtm sing,nomn	false	3.90	235	WORDFREQ_RANKED	IN_POOL_REVIEW_REQUIRED	
жаркое	6	HARD	NOUN,inan,neut plur,ablt | NOUN,inan,neut plur,accs | NOUN,inan,neut plur,datv | NOUN,inan,neut plur,gent | NOUN,inan,neut plur,loct | NOUN,inan,neut plur,nomn | NOUN,inan,neut sing,ablt | NOUN,inan,neut sing,accs | NOUN,inan,neut sing,datv | NOUN,inan,neut sing,gent | NOUN,inan,neut sing,loct | NOUN,inan,neut sing,nomn	false	3.67	398	WORDFREQ_RANKED	IN_POOL_REVIEW_REQUIRED	
жезл	4	EASY	NOUN,inan,masc plur,ablt | NOUN,inan,masc plur,accs | NOUN,inan,masc plur,datv | NOUN,inan,masc plur,gent | NOUN,inan,masc plur,loct | NOUN,inan,masc plur,nomn | NOUN,inan,masc sing,ablt | NOUN,inan,masc sing,accs | NOUN,inan,masc sing,datv | NOUN,inan,masc sing,gent | NOUN,inan,masc sing,loct | NOUN,inan,masc sing,nomn	false	3.25	534	WORDFREQ_RANKED	IN_POOL_REVIEW_REQUIRED	
желание	7	EXPERT	NOUN,inan,neut plur,ablt | NOUN,inan,neut plur,ablt,V-be | NOUN,inan,neut plur,accs | NOUN,inan,neut plur,accs,V-be | NOUN,inan,neut plur,datv | NOUN,inan,neut plur,datv,V-be | NOUN,inan,neut plur,gent | NOUN,inan,neut plur,loct | NOUN,inan,neut plur,loct,V-be | NOUN,inan,neut plur,nomn | NOUN,inan,neut plur,nomn,V-be | NOUN,inan,neut sing,ablt | NOUN,inan,neut sing,ablt,V-be | NOUN,inan,neut sing,accs | NOUN,inan,neut sing,accs,V-be | NOUN,inan,neut sing,datv | NOUN,inan,neut sing,datv,V-be | NOUN,inan,neut sing,gent | NOUN,inan,neut sing,gent,V-be | NOUN,inan,neut sing,loct | NOUN,inan,neut sing,loct,V-be | NOUN,inan,neut sing,loct,V-be,V-bi | NOUN,inan,neut sing,nomn | NOUN,inan,neut sing,nomn,V-be	false	4.81	33	WORDFREQ_RANKED	IN_POOL_REVIEW_REQUIRED	
желе	4	EASY	NOUN,inan,neut,Fixd plur,ablt | NOUN,inan,neut,Fixd plur,accs | NOUN,inan,neut,Fixd plur,datv | NOUN,inan,neut,Fixd plur,gent | NOUN,inan,neut,Fixd plur,loct | NOUN,inan,neut,Fixd plur,nomn | NOUN,inan,neut,Fixd sing,ablt | NOUN,inan,neut,Fixd sing,accs | NOUN,inan,neut,Fixd sing,datv | NOUN,inan,neut,Fixd sing,gent | NOUN,inan,neut,Fixd sing,loct | NOUN,inan,neut,Fixd sing,nomn	false	3.48	387	WORDFREQ_RANKED	IN_POOL_REVIEW_REQUIRED	
железо	6	HARD	NOUN,inan,neut plur,ablt | NOUN,inan,neut plur,accs | NOUN,inan,neut plur,datv | NOUN,inan,neut plur,gent | NOUN,inan,neut plur,loct | NOUN,inan,neut plur,nomn | NOUN,inan,neut sing,ablt | NOUN,inan,neut sing,accs | NOUN,inan,neut sing,datv | NOUN,inan,neut sing,gent | NOUN,inan,neut sing,loct | NOUN,inan,neut sing,nomn	false	3.91	261	WORDFREQ_RANKED	IN_POOL_REVIEW_REQUIRED	
желудок	7	EXPERT	NOUN,inan,masc plur,ablt | NOUN,inan,masc plur,accs | NOUN,inan,masc plur,datv | NOUN,inan,masc plur,gent | NOUN,inan,masc plur,loct | NOUN,inan,masc plur,nomn | NOUN,inan,masc sing,ablt | NOUN,inan,masc sing,accs | NOUN,inan,masc sing,datv | NOUN,inan,masc sing,gent | NOUN,inan,masc sing,loct | NOUN,inan,masc sing,nomn	false	3.88	251	WORDFREQ_RANKED	IN_POOL_REVIEW_REQUIRED	
жена	4	EASY	NOUN,anim,femn plur,ablt | NOUN,anim,femn plur,accs | NOUN,anim,femn plur,datv | NOUN,anim,femn plur,gent | NOUN,anim,femn plur,loct | NOUN,anim,femn plur,nomn | NOUN,anim,femn sing,ablt | NOUN,anim,femn sing,ablt,V-oy | NOUN,anim,femn sing,accs | NOUN,anim,femn sing,datv | NOUN,anim,femn sing,gent | NOUN,anim,femn sing,loct | NOUN,anim,femn sing,nomn	false	5.07	16	WORDFREQ_RANKED	IN_POOL_REVIEW_REQUIRED	
жених	5	MEDIUM	NOUN,anim,masc plur,ablt | NOUN,anim,masc plur,accs | NOUN,anim,masc plur,datv | NOUN,anim,masc plur,gent | NOUN,anim,masc plur,loct | NOUN,anim,masc plur,nomn | NOUN,anim,masc sing,ablt | NOUN,anim,masc sing,accs | NOUN,anim,masc sing,datv | NOUN,anim,masc sing,gent | NOUN,anim,masc sing,loct | NOUN,anim,masc sing,nomn	false	3.86	335	TRUSTED_V1	TRUSTED	ALLOW
женщина	7	EXPERT	NOUN,anim,femn plur,ablt | NOUN,anim,femn plur,accs | NOUN,anim,femn plur,datv | NOUN,anim,femn plur,gent | NOUN,anim,femn plur,loct | NOUN,anim,femn plur,nomn | NOUN,anim,femn sing,ablt | NOUN,anim,femn sing,ablt,V-oy | NOUN,anim,femn sing,accs | NOUN,anim,femn sing,datv | NOUN,anim,femn sing,gent | NOUN,anim,femn sing,loct | NOUN,anim,femn sing,nomn	false	5.23	6	WORDFREQ_RANKED	IN_POOL_REVIEW_REQUIRED	
жерло	5	MEDIUM	NOUN,inan,neut plur,ablt | NOUN,inan,neut plur,accs | NOUN,inan,neut plur,datv | NOUN,inan,neut plur,gent | NOUN,inan,neut plur,loct | NOUN,inan,neut plur,nomn | NOUN,inan,neut sing,ablt | NOUN,inan,neut sing,accs | NOUN,inan,neut sing,datv | NOUN,inan,neut sing,gent | NOUN,inan,neut sing,loct | NOUN,inan,neut sing,nomn	false	2.31	1891	TRUSTED_V1	TRUSTED	ALLOW
жертва	6	HARD	NOUN,anim,femn plur,ablt | NOUN,anim,femn plur,accs | NOUN,anim,femn plur,datv | NOUN,anim,femn plur,gent | NOUN,anim,femn plur,loct | NOUN,anim,femn plur,nomn | NOUN,anim,femn sing,ablt | NOUN,anim,femn sing,ablt,V-oy | NOUN,anim,femn sing,accs | NOUN,anim,femn sing,datv | NOUN,anim,femn sing,gent | NOUN,anim,femn sing,loct | NOUN,anim,femn sing,nomn | NOUN,inan,femn plur,ablt | NOUN,inan,femn plur,accs | NOUN,inan,femn plur,datv | NOUN,inan,femn plur,gent | NOUN,inan,femn plur,loct | NOUN,inan,femn plur,nomn | NOUN,inan,femn sing,ablt | NOUN,inan,femn sing,ablt,V-oy | NOUN,inan,femn sing,accs | NOUN,inan,femn sing,datv | NOUN,inan,femn sing,gent | NOUN,inan,femn sing,loct | NOUN,inan,femn sing,nomn	false	3.98	231	WORDFREQ_RANKED	IN_POOL_REVIEW_REQUIRED	
жест	4	EASY	NOUN,inan,masc plur,ablt | NOUN,inan,masc plur,accs | NOUN,inan,masc plur,datv | NOUN,inan,masc plur,gent | NOUN,inan,masc plur,loct | NOUN,inan,masc plur,nomn | NOUN,inan,masc sing,ablt | NOUN,inan,masc sing,accs | NOUN,inan,masc sing,datv | NOUN,inan,masc sing,gent | NOUN,inan,masc sing,loct | NOUN,inan,masc sing,nomn	false	3.88	244	WORDFREQ_RANKED	IN_POOL_REVIEW_REQUIRED	
жесть	5	MEDIUM	NOUN,inan,femn plur,ablt | NOUN,inan,femn plur,accs | NOUN,inan,femn plur,datv | NOUN,inan,femn plur,gent | NOUN,inan,femn plur,loct | NOUN,inan,femn plur,nomn | NOUN,inan,femn sing,ablt | NOUN,inan,femn sing,accs | NOUN,inan,femn sing,datv | NOUN,inan,femn sing,gent | NOUN,inan,femn sing,loct | NOUN,inan,femn sing,nomn	false	3.22	819	TRUSTED_V1	TRUSTED	ALLOW
жетон	5	MEDIUM	NOUN,inan,masc plur,ablt | NOUN,inan,masc plur,accs | NOUN,inan,masc plur,datv | NOUN,inan,masc plur,gent | NOUN,inan,masc plur,loct | NOUN,inan,masc plur,nomn | NOUN,inan,masc sing,ablt | NOUN,inan,masc sing,accs | NOUN,inan,masc sing,datv | NOUN,inan,masc sing,gent | NOUN,inan,masc sing,loct | NOUN,inan,masc sing,nomn	false	2.81	1284	TRUSTED_V1	TRUSTED	ALLOW
живот	5	MEDIUM	NOUN,anim,masc plur,ablt | NOUN,anim,masc plur,accs | NOUN,anim,masc plur,datv | NOUN,anim,masc plur,gent | NOUN,anim,masc plur,loct | NOUN,anim,masc plur,nomn | NOUN,anim,masc sing,ablt | NOUN,anim,masc sing,accs | NOUN,anim,masc sing,datv | NOUN,anim,masc sing,gent | NOUN,anim,masc sing,loct | NOUN,anim,masc sing,nomn | NOUN,inan,masc plur,ablt | NOUN,inan,masc plur,accs | NOUN,inan,masc plur,datv | NOUN,inan,masc plur,gent | NOUN,inan,masc plur,loct | NOUN,inan,masc plur,nomn | NOUN,inan,masc sing,ablt | NOUN,inan,masc sing,accs | NOUN,inan,masc sing,datv | NOUN,inan,masc sing,gent | NOUN,inan,masc sing,loct | NOUN,inan,masc sing,nomn	false	4.25	162	TRUSTED_V1	TRUSTED	ALLOW
жизнь	5	MEDIUM	NOUN,inan,femn plur,ablt | NOUN,inan,femn plur,accs | NOUN,inan,femn plur,datv | NOUN,inan,femn plur,gent | NOUN,inan,femn plur,loct | NOUN,inan,femn plur,nomn | NOUN,inan,femn sing,ablt | NOUN,inan,femn sing,accs | NOUN,inan,femn sing,datv | NOUN,inan,femn sing,gent | NOUN,inan,femn sing,loct | NOUN,inan,femn sing,nomn	false	5.73	2	TRUSTED_V1	TRUSTED	ALLOW
жилет	5	MEDIUM	NOUN,inan,masc plur,ablt | NOUN,inan,masc plur,accs | NOUN,inan,masc plur,datv | NOUN,inan,masc plur,gent | NOUN,inan,masc plur,loct | NOUN,inan,masc plur,nomn | NOUN,inan,masc sing,ablt | NOUN,inan,masc sing,accs | NOUN,inan,masc sing,datv | NOUN,inan,masc sing,gent | NOUN,inan,masc sing,loct | NOUN,inan,masc sing,nomn	false	3.31	732	TRUSTED_V1	TRUSTED	ALLOW
жилище	6	HARD	NOUN,inan,neut plur,ablt | NOUN,inan,neut plur,accs | NOUN,inan,neut plur,datv | NOUN,inan,neut plur,gent | NOUN,inan,neut plur,loct | NOUN,inan,neut plur,nomn | NOUN,inan,neut sing,ablt | NOUN,inan,neut sing,accs | NOUN,inan,neut sing,datv | NOUN,inan,neut sing,gent | NOUN,inan,neut sing,loct | NOUN,inan,neut sing,nomn	false	3.65	412	WORDFREQ_RANKED	IN_POOL_REVIEW_REQUIRED	
жилье	5	MEDIUM	NOUN,inan,neut,Sgtm sing,ablt | NOUN,inan,neut,Sgtm sing,accs | NOUN,inan,neut,Sgtm sing,datv | NOUN,inan,neut,Sgtm sing,gent | NOUN,inan,neut,Sgtm sing,loct | NOUN,inan,neut,Sgtm sing,nomn	false	4.14	199	TRUSTED_V1	TRUSTED	ALLOW
жираф	5	MEDIUM	NOUN,anim,masc plur,ablt | NOUN,anim,masc plur,accs | NOUN,anim,masc plur,datv | NOUN,anim,masc plur,gent | NOUN,anim,masc plur,loct | NOUN,anim,masc plur,nomn | NOUN,anim,masc sing,ablt | NOUN,anim,masc sing,accs | NOUN,anim,masc sing,datv | NOUN,anim,masc sing,gent | NOUN,anim,masc sing,loct | NOUN,anim,masc sing,nomn	false	3.16	884	TRUSTED_V1	TRUSTED	ALLOW
житель	6	HARD	NOUN,anim,masc plur,ablt | NOUN,anim,masc plur,accs | NOUN,anim,masc plur,datv | NOUN,anim,masc plur,gent | NOUN,anim,masc plur,loct | NOUN,anim,masc plur,nomn | NOUN,anim,masc sing,ablt | NOUN,anim,masc sing,accs | NOUN,anim,masc sing,datv | NOUN,anim,masc sing,gent | NOUN,anim,masc sing,loct | NOUN,anim,masc sing,nomn	false	4.35	110	WORDFREQ_RANKED	IN_POOL_REVIEW_REQUIRED	
жрец	4	EASY	NOUN,anim,masc plur,ablt | NOUN,anim,masc plur,accs | NOUN,anim,masc plur,datv | NOUN,anim,masc plur,gent | NOUN,anim,masc plur,loct | NOUN,anim,masc plur,nomn | NOUN,anim,masc sing,ablt | NOUN,anim,masc sing,accs | NOUN,anim,masc sing,datv | NOUN,anim,masc sing,gent | NOUN,anim,masc sing,loct | NOUN,anim,masc sing,nomn	false	3.25	535	WORDFREQ_RANKED	IN_POOL_REVIEW_REQUIRED	
журнал	6	HARD	NOUN,inan,masc plur,ablt | NOUN,inan,masc plur,accs | NOUN,inan,masc plur,datv | NOUN,inan,masc plur,gent | NOUN,inan,masc plur,loct | NOUN,inan,masc plur,nomn | NOUN,inan,masc sing,ablt | NOUN,inan,masc sing,accs | NOUN,inan,masc sing,datv | NOUN,inan,masc sing,gent | NOUN,inan,masc sing,loct | NOUN,inan,masc sing,nomn	false	4.94	27	MANUAL_ALLOW	IN_POOL_REVIEW_REQUIRED	ALLOW
жуть	4	EASY	NOUN,inan,femn plur,ablt | NOUN,inan,femn plur,accs | NOUN,inan,femn plur,datv | NOUN,inan,femn plur,gent | NOUN,inan,femn plur,loct | NOUN,inan,femn plur,nomn | NOUN,inan,femn sing,ablt | NOUN,inan,femn sing,accs | NOUN,inan,femn sing,datv | NOUN,inan,femn sing,gent | NOUN,inan,femn sing,loct | NOUN,inan,femn sing,nomn	false	3.46	394	WORDFREQ_RANKED	IN_POOL_REVIEW_REQUIRED	
жюри	4	EASY	NOUN,inan,neut,Fixd plur,ablt | NOUN,inan,neut,Fixd plur,accs | NOUN,inan,neut,Fixd plur,datv | NOUN,inan,neut,Fixd plur,gent | NOUN,inan,neut,Fixd plur,loct | NOUN,inan,neut,Fixd plur,nomn | NOUN,inan,neut,Fixd sing,ablt | NOUN,inan,neut,Fixd sing,accs | NOUN,inan,neut,Fixd sing,datv | NOUN,inan,neut,Fixd sing,gent | NOUN,inan,neut,Fixd sing,loct | NOUN,inan,neut,Fixd sing,nomn	false	4.26	142	WORDFREQ_RANKED	IN_POOL_REVIEW_REQUIRED	
забег	5	MEDIUM	NOUN,inan,masc plur,ablt | NOUN,inan,masc plur,accs | NOUN,inan,masc plur,datv | NOUN,inan,masc plur,gent | NOUN,inan,masc plur,loct | NOUN,inan,masc plur,nomn | NOUN,inan,masc sing,ablt | NOUN,inan,masc sing,accs | NOUN,inan,masc sing,datv | NOUN,inan,masc sing,gent | NOUN,inan,masc sing,loct | NOUN,inan,masc sing,nomn	false	3.56	523	TRUSTED_V1	TRUSTED	ALLOW
забор	5	MEDIUM	NOUN,inan,masc plur,ablt | NOUN,inan,masc plur,accs | NOUN,inan,masc plur,datv | NOUN,inan,masc plur,gent | NOUN,inan,masc plur,loct | NOUN,inan,masc plur,nomn | NOUN,inan,masc sing,ablt | NOUN,inan,masc sing,accs | NOUN,inan,masc sing,datv | NOUN,inan,masc sing,gent | NOUN,inan,masc sing,loct | NOUN,inan,masc sing,nomn	false	3.91	308	TRUSTED_V1	TRUSTED	ALLOW
забота	6	HARD	NOUN,inan,femn plur,ablt | NOUN,inan,femn plur,accs | NOUN,inan,femn plur,datv | NOUN,inan,femn plur,gent | NOUN,inan,femn plur,loct | NOUN,inan,femn plur,nomn | NOUN,inan,femn sing,ablt | NOUN,inan,femn sing,ablt,V-oy | NOUN,inan,femn sing,accs | NOUN,inan,femn sing,datv | NOUN,inan,femn sing,gent | NOUN,inan,femn sing,loct | NOUN,inan,femn sing,nomn	false	4.01	220	WORDFREQ_RANKED	IN_POOL_REVIEW_REQUIRED	
зависть	7	EXPERT	NOUN,inan,femn plur,ablt | NOUN,inan,femn plur,accs | NOUN,inan,femn plur,datv | NOUN,inan,femn plur,gent | NOUN,inan,femn plur,loct | NOUN,inan,femn plur,nomn | NOUN,inan,femn sing,ablt | NOUN,inan,femn sing,accs | NOUN,inan,femn sing,datv | NOUN,inan,femn sing,gent | NOUN,inan,femn sing,loct | NOUN,inan,femn sing,nomn	false	3.67	375	WORDFREQ_RANKED	IN_POOL_REVIEW_REQUIRED	
завод	5	MEDIUM	NOUN,inan,masc plur,ablt | NOUN,inan,masc plur,accs | NOUN,inan,masc plur,datv | NOUN,inan,masc plur,gent | NOUN,inan,masc plur,loct | NOUN,inan,masc plur,nomn | NOUN,inan,masc sing,ablt | NOUN,inan,masc sing,accs | NOUN,inan,masc sing,datv | NOUN,inan,masc sing,gent | NOUN,inan,masc sing,loct | NOUN,inan,masc sing,nomn	false	4.79	45	TRUSTED_V1	TRUSTED	ALLOW
завтрак	7	EXPERT	NOUN,inan,masc plur,ablt | NOUN,inan,masc plur,accs | NOUN,inan,masc plur,datv | NOUN,inan,masc plur,gent | NOUN,inan,masc plur,loct | NOUN,inan,masc plur,nomn | NOUN,inan,masc sing,ablt | NOUN,inan,masc sing,accs | NOUN,inan,masc sing,datv | NOUN,inan,masc sing,gent | NOUN,inan,masc sing,loct | NOUN,inan,masc sing,nomn	false	4.34	108	WORDFREQ_RANKED	IN_POOL_REVIEW_REQUIRED	
загадка	7	EXPERT	NOUN,inan,femn plur,ablt | NOUN,inan,femn plur,accs | NOUN,inan,femn plur,datv | NOUN,inan,femn plur,gent | NOUN,inan,femn plur,loct | NOUN,inan,femn plur,nomn | NOUN,inan,femn sing,ablt | NOUN,inan,femn sing,ablt,V-oy | NOUN,inan,femn sing,accs | NOUN,inan,femn sing,datv | NOUN,inan,femn sing,gent | NOUN,inan,femn sing,loct | NOUN,inan,femn sing,nomn	false	3.84	269	WORDFREQ_RANKED	IN_POOL_REVIEW_REQUIRED	
загар	5	MEDIUM	NOUN,inan,masc plur,ablt | NOUN,inan,masc plur,accs | NOUN,inan,masc plur,datv | NOUN,inan,masc plur,gent | NOUN,inan,masc plur,loct | NOUN,inan,masc plur,nomn | NOUN,inan,masc sing,ablt | NOUN,inan,masc sing,accs | NOUN,inan,masc sing,datv | NOUN,inan,masc sing,gen2 | NOUN,inan,masc sing,gent | NOUN,inan,masc sing,loct | NOUN,inan,masc sing,nomn	false	3.11	923	TRUSTED_V1	TRUSTED	ALLOW
заговор	7	EXPERT	NOUN,inan,masc plur,ablt | NOUN,inan,masc plur,accs | NOUN,inan,masc plur,datv | NOUN,inan,masc plur,gent | NOUN,inan,masc plur,loct | NOUN,inan,masc plur,nomn | NOUN,inan,masc sing,ablt | NOUN,inan,masc sing,accs | NOUN,inan,masc sing,datv | NOUN,inan,masc sing,gent | NOUN,inan,masc sing,loct | NOUN,inan,masc sing,nomn	false	3.96	228	WORDFREQ_RANKED	IN_POOL_REVIEW_REQUIRED	
задание	7	EXPERT	NOUN,inan,neut plur,ablt | NOUN,inan,neut plur,ablt,V-be | NOUN,inan,neut plur,accs | NOUN,inan,neut plur,accs,V-be | NOUN,inan,neut plur,datv | NOUN,inan,neut plur,datv,V-be | NOUN,inan,neut plur,gent | NOUN,inan,neut plur,loct | NOUN,inan,neut plur,loct,V-be | NOUN,inan,neut plur,nomn | NOUN,inan,neut plur,nomn,V-be | NOUN,inan,neut sing,ablt | NOUN,inan,neut sing,ablt,V-be | NOUN,inan,neut sing,accs | NOUN,inan,neut sing,accs,V-be | NOUN,inan,neut sing,datv | NOUN,inan,neut sing,datv,V-be | NOUN,inan,neut sing,gent | NOUN,inan,neut sing,gent,V-be | NOUN,inan,neut sing,loct | NOUN,inan,neut sing,loct,V-be | NOUN,inan,neut sing,loct,V-be,V-bi | NOUN,inan,neut sing,nomn | NOUN,inan,neut sing,nomn,V-be	false	4.51	78	WORDFREQ_RANKED	IN_POOL_REVIEW_REQUIRED	
задача	6	HARD	NOUN,inan,femn plur,ablt | NOUN,inan,femn plur,accs | NOUN,inan,femn plur,datv | NOUN,inan,femn plur,gent | NOUN,inan,femn plur,loct | NOUN,inan,femn plur,nomn | NOUN,inan,femn sing,ablt | NOUN,inan,femn sing,ablt,V-ey | NOUN,inan,femn sing,accs | NOUN,inan,femn sing,datv | NOUN,inan,femn sing,gent | NOUN,inan,femn sing,loct | NOUN,inan,femn sing,nomn	false	4.78	45	WORDFREQ_RANKED	IN_POOL_REVIEW_REQUIRED	
заезд	5	MEDIUM	NOUN,inan,masc plur,ablt | NOUN,inan,masc plur,accs | NOUN,inan,masc plur,datv | NOUN,inan,masc plur,gent | NOUN,inan,masc plur,loct | NOUN,inan,masc plur,nomn | NOUN,inan,masc sing,ablt | NOUN,inan,masc sing,accs | NOUN,inan,masc sing,datv | NOUN,inan,masc sing,gent | NOUN,inan,masc sing,loct | NOUN,inan,masc sing,nomn	false	3.42	630	TRUSTED_V1	TRUSTED	ALLOW
закат	5	MEDIUM	NOUN,inan,masc plur,ablt | NOUN,inan,masc plur,accs | NOUN,inan,masc plur,datv | NOUN,inan,masc plur,gent | NOUN,inan,masc plur,loct | NOUN,inan,masc plur,nomn | NOUN,inan,masc sing,ablt | NOUN,inan,masc sing,accs | NOUN,inan,masc sing,datv | NOUN,inan,masc sing,gent | NOUN,inan,masc sing,loct | NOUN,inan,masc sing,nomn	false	3.70	426	TRUSTED_V1	TRUSTED	ALLOW
закон	5	MEDIUM	NOUN,inan,masc plur,ablt | NOUN,inan,masc plur,accs | NOUN,inan,masc plur,datv | NOUN,inan,masc plur,gent | NOUN,inan,masc plur,loct | NOUN,inan,masc plur,nomn | NOUN,inan,masc sing,ablt | NOUN,inan,masc sing,accs | NOUN,inan,masc sing,datv | NOUN,inan,masc sing,gent | NOUN,inan,masc sing,loct | NOUN,inan,masc sing,nomn	false	5.18	10	TRUSTED_V1	TRUSTED	ALLOW
залог	5	MEDIUM	NOUN,inan,masc plur,ablt | NOUN,inan,masc plur,accs | NOUN,inan,masc plur,datv | NOUN,inan,masc plur,gent | NOUN,inan,masc plur,loct | NOUN,inan,masc plur,nomn | NOUN,inan,masc sing,ablt | NOUN,inan,masc sing,accs | NOUN,inan,masc sing,datv | NOUN,inan,masc sing,gent | NOUN,inan,masc sing,loct | NOUN,inan,masc sing,nomn	false	4.25	163	TRUSTED_V1	TRUSTED	ALLOW
залп	4	EASY	NOUN,inan,masc plur,ablt | NOUN,inan,masc plur,accs | NOUN,inan,masc plur,datv | NOUN,inan,masc plur,gent | NOUN,inan,masc plur,loct | NOUN,inan,masc plur,nomn | NOUN,inan,masc sing,ablt | NOUN,inan,masc sing,accs | NOUN,inan,masc sing,datv | NOUN,inan,masc sing,gent | NOUN,inan,masc sing,loct | NOUN,inan,masc sing,nomn	false	3.31	493	WORDFREQ_RANKED	IN_POOL_REVIEW_REQUIRED	
замена	6	HARD	NOUN,inan,femn plur,ablt | NOUN,inan,femn plur,accs | NOUN,inan,femn plur,datv | NOUN,inan,femn plur,gent | NOUN,inan,femn plur,loct | NOUN,inan,femn plur,nomn | NOUN,inan,femn sing,ablt | NOUN,inan,femn sing,ablt,V-oy | NOUN,inan,femn sing,accs | NOUN,inan,femn sing,datv | NOUN,inan,femn sing,gent | NOUN,inan,femn sing,loct | NOUN,inan,femn sing,nomn	false	4.14	172	WORDFREQ_RANKED	IN_POOL_REVIEW_REQUIRED	
заметка	7	EXPERT	NOUN,inan,femn plur,ablt | NOUN,inan,femn plur,accs | NOUN,inan,femn plur,datv | NOUN,inan,femn plur,gent | NOUN,inan,femn plur,loct | NOUN,inan,femn plur,nomn | NOUN,inan,femn sing,ablt | NOUN,inan,femn sing,ablt,V-oy | NOUN,inan,femn sing,accs | NOUN,inan,femn sing,datv | NOUN,inan,femn sing,gent | NOUN,inan,femn sing,loct | NOUN,inan,femn sing,nomn	false	3.51	464	WORDFREQ_RANKED	IN_POOL_REVIEW_REQUIRED	
замок	5	MEDIUM	NOUN,inan,masc plur,ablt | NOUN,inan,masc plur,accs | NOUN,inan,masc plur,datv | NOUN,inan,masc plur,gent | NOUN,inan,masc plur,loct | NOUN,inan,masc plur,nomn | NOUN,inan,masc sing,ablt | NOUN,inan,masc sing,accs | NOUN,inan,masc sing,datv | NOUN,inan,masc sing,gent | NOUN,inan,masc sing,loct | NOUN,inan,masc sing,nomn	false	4.51	92	TRUSTED_V1	TRUSTED	ALLOW
замша	5	MEDIUM	NOUN,inan,femn plur,ablt | NOUN,inan,femn plur,accs | NOUN,inan,femn plur,datv | NOUN,inan,femn plur,gent | NOUN,inan,femn plur,loct | NOUN,inan,femn plur,nomn | NOUN,inan,femn sing,ablt | NOUN,inan,femn sing,ablt,V-ey | NOUN,inan,femn sing,accs | NOUN,inan,femn sing,datv | NOUN,inan,femn sing,gent | NOUN,inan,femn sing,loct | NOUN,inan,femn sing,nomn	false	2.19	2046	TRUSTED_V1	TRUSTED	ALLOW
замысел	7	EXPERT	NOUN,inan,masc plur,ablt | NOUN,inan,masc plur,accs | NOUN,inan,masc plur,datv | NOUN,inan,masc plur,gent | NOUN,inan,masc plur,loct | NOUN,inan,masc plur,nomn | NOUN,inan,masc sing,ablt | NOUN,inan,masc sing,accs | NOUN,inan,masc sing,datv | NOUN,inan,masc sing,gent | NOUN,inan,masc sing,loct | NOUN,inan,masc sing,nomn	false	3.73	339	WORDFREQ_RANKED	IN_POOL_REVIEW_REQUIRED	
занавес	7	EXPERT	NOUN,inan,masc plur,ablt | NOUN,inan,masc plur,accs | NOUN,inan,masc plur,datv | NOUN,inan,masc plur,gent | NOUN,inan,masc plur,loct | NOUN,inan,masc plur,nomn | NOUN,inan,masc sing,ablt | NOUN,inan,masc sing,accs | NOUN,inan,masc sing,datv | NOUN,inan,masc sing,gent | NOUN,inan,masc sing,loct | NOUN,inan,masc sing,nomn	false	3.69	363	WORDFREQ_RANKED	IN_POOL_REVIEW_REQUIRED	
занятие	7	EXPERT	NOUN,inan,neut plur,ablt | NOUN,inan,neut plur,ablt,V-be | NOUN,inan,neut plur,accs | NOUN,inan,neut plur,accs,V-be | NOUN,inan,neut plur,datv | NOUN,inan,neut plur,datv,V-be | NOUN,inan,neut plur,gent | NOUN,inan,neut plur,loct | NOUN,inan,neut plur,loct,V-be | NOUN,inan,neut plur,nomn | NOUN,inan,neut plur,nomn,V-be | NOUN,inan,neut sing,ablt | NOUN,inan,neut sing,ablt,V-be | NOUN,inan,neut sing,accs | NOUN,inan,neut sing,accs,V-be | NOUN,inan,neut sing,datv | NOUN,inan,neut sing,datv,V-be | NOUN,inan,neut sing,gent | NOUN,inan,neut sing,gent,V-be | NOUN,inan,neut sing,loct | NOUN,inan,neut sing,loct,V-be | NOUN,inan,neut sing,loct,V-be,V-bi | NOUN,inan,neut sing,nomn | NOUN,inan,neut sing,nomn,V-be	false	4.21	148	WORDFREQ_RANKED	IN_POOL_REVIEW_REQUIRED	
запад	5	MEDIUM	NOUN,inan,masc plur,ablt | NOUN,inan,masc plur,accs | NOUN,inan,masc plur,datv | NOUN,inan,masc plur,gent | NOUN,inan,masc plur,loct | NOUN,inan,masc plur,nomn | NOUN,inan,masc sing,ablt | NOUN,inan,masc sing,accs | NOUN,inan,masc sing,datv | NOUN,inan,masc sing,gent | NOUN,inan,masc sing,loct | NOUN,inan,masc sing,nomn	false	4.68	60	TRUSTED_V1	TRUSTED	ALLOW
запас	5	MEDIUM	NOUN,inan,masc plur,ablt | NOUN,inan,masc plur,accs | NOUN,inan,masc plur,datv | NOUN,inan,masc plur,gent | NOUN,inan,masc plur,loct | NOUN,inan,masc plur,nomn | NOUN,inan,masc sing,ablt | NOUN,inan,masc sing,accs | NOUN,inan,masc sing,datv | NOUN,inan,masc sing,gent | NOUN,inan,masc sing,loct | NOUN,inan,masc sing,nomn	false	4.21	172	TRUSTED_V1	TRUSTED	ALLOW
запах	5	MEDIUM	NOUN,inan,masc plur,ablt | NOUN,inan,masc plur,accs | NOUN,inan,masc plur,datv | NOUN,inan,masc plur,gent | NOUN,inan,masc plur,loct | NOUN,inan,masc plur,nomn | NOUN,inan,masc sing,ablt | NOUN,inan,masc sing,accs | NOUN,inan,masc sing,datv | NOUN,inan,masc sing,gen2 | NOUN,inan,masc sing,gent | NOUN,inan,masc sing,loct | NOUN,inan,masc sing,nomn	false	4.55	80	TRUSTED_V1	TRUSTED	ALLOW
записка	7	EXPERT	NOUN,inan,femn plur,ablt | NOUN,inan,femn plur,accs | NOUN,inan,femn plur,datv | NOUN,inan,femn plur,gent | NOUN,inan,femn plur,loct | NOUN,inan,femn plur,nomn | NOUN,inan,femn sing,ablt | NOUN,inan,femn sing,ablt,V-oy | NOUN,inan,femn sing,accs | NOUN,inan,femn sing,datv | NOUN,inan,femn sing,gent | NOUN,inan,femn sing,loct | NOUN,inan,femn sing,nomn	false	3.84	270	WORDFREQ_RANKED	IN_POOL_REVIEW_REQUIRED	
запись	6	HARD	NOUN,inan,femn plur,ablt | NOUN,inan,femn plur,accs | NOUN,inan,femn plur,datv | NOUN,inan,femn plur,gent | NOUN,inan,femn plur,loct | NOUN,inan,femn plur,nomn | NOUN,inan,femn sing,ablt | NOUN,inan,femn sing,accs | NOUN,inan,femn sing,datv | NOUN,inan,femn sing,gent | NOUN,inan,femn sing,loct | NOUN,inan,femn sing,nomn	false	4.70	56	WORDFREQ_RANKED	IN_POOL_REVIEW_REQUIRED	
запрет	6	HARD	NOUN,inan,masc plur,ablt | NOUN,inan,masc plur,accs | NOUN,inan,masc plur,datv | NOUN,inan,masc plur,gent | NOUN,inan,masc plur,loct | NOUN,inan,masc plur,nomn | NOUN,inan,masc sing,ablt | NOUN,inan,masc sing,accs | NOUN,inan,masc sing,datv | NOUN,inan,masc sing,gent | NOUN,inan,masc sing,loct | NOUN,inan,masc sing,nomn	false	4.35	111	WORDFREQ_RANKED	IN_POOL_REVIEW_REQUIRED	
запрос	6	HARD	NOUN,inan,masc plur,ablt | NOUN,inan,masc plur,accs | NOUN,inan,masc plur,datv | NOUN,inan,masc plur,gent | NOUN,inan,masc plur,loct | NOUN,inan,masc plur,nomn | NOUN,inan,masc sing,ablt | NOUN,inan,masc sing,accs | NOUN,inan,masc sing,datv | NOUN,inan,masc sing,gent | NOUN,inan,masc sing,loct | NOUN,inan,masc sing,nomn	false	4.07	199	WORDFREQ_RANKED	IN_POOL_REVIEW_REQUIRED	
запуск	6	HARD	NOUN,inan,masc plur,ablt | NOUN,inan,masc plur,accs | NOUN,inan,masc plur,datv | NOUN,inan,masc plur,gent | NOUN,inan,masc plur,loct | NOUN,inan,masc plur,nomn | NOUN,inan,masc sing,ablt | NOUN,inan,masc sing,accs | NOUN,inan,masc sing,datv | NOUN,inan,masc sing,gent | NOUN,inan,masc sing,loct | NOUN,inan,masc sing,nomn	false	4.17	164	WORDFREQ_RANKED	IN_POOL_REVIEW_REQUIRED	
заря	4	EASY	NOUN,inan,femn plur,ablt | NOUN,inan,femn plur,accs | NOUN,inan,femn plur,datv | NOUN,inan,femn plur,datv,Dist | NOUN,inan,femn plur,gent | NOUN,inan,femn plur,loct | NOUN,inan,femn plur,nomn | NOUN,inan,femn sing,ablt | NOUN,inan,femn sing,ablt,V-ey | NOUN,inan,femn sing,accs | NOUN,inan,femn sing,datv | NOUN,inan,femn sing,gent | NOUN,inan,femn sing,loct | NOUN,inan,femn sing,nomn	false	3.89	240	WORDFREQ_RANKED	IN_POOL_REVIEW_REQUIRED	
заряд	5	MEDIUM	NOUN,inan,masc plur,ablt | NOUN,inan,masc plur,accs | NOUN,inan,masc plur,datv | NOUN,inan,masc plur,gent | NOUN,inan,masc plur,loct | NOUN,inan,masc plur,nomn | NOUN,inan,masc sing,ablt | NOUN,inan,masc sing,accs | NOUN,inan,masc sing,datv | NOUN,inan,masc sing,gent | NOUN,inan,masc sing,loct | NOUN,inan,masc sing,nomn	false	3.90	313	TRUSTED_V1	TRUSTED	ALLOW
заслуга	7	EXPERT	NOUN,inan,femn plur,ablt | NOUN,inan,femn plur,accs | NOUN,inan,femn plur,datv | NOUN,inan,femn plur,gent | NOUN,inan,femn plur,loct | NOUN,inan,femn plur,nomn | NOUN,inan,femn sing,ablt | NOUN,inan,femn sing,ablt,V-oy | NOUN,inan,femn sing,accs | NOUN,inan,femn sing,datv | NOUN,inan,femn sing,gent | NOUN,inan,femn sing,loct | NOUN,inan,femn sing,nomn	false	3.77	313	WORDFREQ_RANKED	IN_POOL_REVIEW_REQUIRED	
затылок	7	EXPERT	NOUN,inan,masc plur,ablt | NOUN,inan,masc plur,accs | NOUN,inan,masc plur,datv | NOUN,inan,masc plur,gent | NOUN,inan,masc plur,loct | NOUN,inan,masc plur,nomn | NOUN,inan,masc sing,ablt | NOUN,inan,masc sing,accs | NOUN,inan,masc sing,datv | NOUN,inan,masc sing,gent | NOUN,inan,masc sing,loct | NOUN,inan,masc sing,nomn	false	3.49	481	WORDFREQ_RANKED	IN_POOL_REVIEW_REQUIRED	
захват	6	HARD	NOUN,inan,masc plur,ablt | NOUN,inan,masc plur,accs | NOUN,inan,masc plur,datv | NOUN,inan,masc plur,gent | NOUN,inan,masc plur,loct | NOUN,inan,masc plur,nomn | NOUN,inan,masc sing,ablt | NOUN,inan,masc sing,accs | NOUN,inan,masc sing,datv | NOUN,inan,masc sing,gent | NOUN,inan,masc sing,loct | NOUN,inan,masc sing,nomn	false	4.09	190	WORDFREQ_RANKED	IN_POOL_REVIEW_REQUIRED	
защита	6	HARD	NOUN,inan,femn plur,ablt | NOUN,inan,femn plur,accs | NOUN,inan,femn plur,datv | NOUN,inan,femn plur,gent | NOUN,inan,femn plur,loct | NOUN,inan,femn plur,nomn | NOUN,inan,femn sing,ablt | NOUN,inan,femn sing,ablt,V-oy | NOUN,inan,femn sing,accs | NOUN,inan,femn sing,datv | NOUN,inan,femn sing,gent | NOUN,inan,femn sing,loct | NOUN,inan,femn sing,nomn	false	4.49	84	WORDFREQ_RANKED	IN_POOL_REVIEW_REQUIRED	
заявка	6	HARD	NOUN,inan,femn plur,ablt | NOUN,inan,femn plur,accs | NOUN,inan,femn plur,datv | NOUN,inan,femn plur,gent | NOUN,inan,femn plur,loct | NOUN,inan,femn plur,nomn | NOUN,inan,femn sing,ablt | NOUN,inan,femn sing,ablt,V-oy | NOUN,inan,femn sing,accs | NOUN,inan,femn sing,datv | NOUN,inan,femn sing,gent | NOUN,inan,femn sing,loct | NOUN,inan,femn sing,nomn	false	3.68	389	WORDFREQ_RANKED	IN_POOL_REVIEW_REQUIRED	
заяц	4	EASY	NOUN,anim,masc plur,ablt | NOUN,anim,masc plur,accs | NOUN,anim,masc plur,datv | NOUN,anim,masc plur,gent | NOUN,anim,masc plur,loct | NOUN,anim,masc plur,nomn | NOUN,anim,masc sing,ablt | NOUN,anim,masc sing,accs | NOUN,anim,masc sing,datv | NOUN,anim,masc sing,gent | NOUN,anim,masc sing,loct | NOUN,anim,masc sing,nomn	false	3.69	303	WORDFREQ_RANKED	IN_POOL_REVIEW_REQUIRED	
звание	6	HARD	NOUN,inan,neut plur,ablt | NOUN,inan,neut plur,ablt,V-be | NOUN,inan,neut plur,accs | NOUN,inan,neut plur,accs,V-be | NOUN,inan,neut plur,datv | NOUN,inan,neut plur,datv,V-be | NOUN,inan,neut plur,gent | NOUN,inan,neut plur,loct | NOUN,inan,neut plur,loct,V-be | NOUN,inan,neut plur,nomn | NOUN,inan,neut plur,nomn,V-be | NOUN,inan,neut sing,ablt | NOUN,inan,neut sing,ablt,V-be | NOUN,inan,neut sing,accs | NOUN,inan,neut sing,accs,V-be | NOUN,inan,neut sing,datv | NOUN,inan,neut sing,datv,V-be | NOUN,inan,neut sing,gent | NOUN,inan,neut sing,gent,V-be | NOUN,inan,neut sing,loct | NOUN,inan,neut sing,loct,V-be | NOUN,inan,neut sing,loct,V-be,V-bi | NOUN,inan,neut sing,nomn | NOUN,inan,neut sing,nomn,V-be	false	4.45	91	WORDFREQ_RANKED	IN_POOL_REVIEW_REQUIRED	
звезда	6	HARD	NOUN,anim,femn plur,ablt | NOUN,anim,femn plur,accs | NOUN,anim,femn plur,datv | NOUN,anim,femn plur,gent | NOUN,anim,femn plur,loct | NOUN,anim,femn plur,nomn | NOUN,anim,femn sing,ablt | NOUN,anim,femn sing,ablt,V-oy | NOUN,anim,femn sing,accs | NOUN,anim,femn sing,datv | NOUN,anim,femn sing,gent | NOUN,anim,femn sing,loct | NOUN,anim,femn sing,nomn | NOUN,inan,femn plur,ablt | NOUN,inan,femn plur,accs | NOUN,inan,femn plur,datv | NOUN,inan,femn plur,gent | NOUN,inan,femn plur,loct | NOUN,inan,femn plur,nomn | NOUN,inan,femn sing,ablt | NOUN,inan,femn sing,ablt,V-oy | NOUN,inan,femn sing,accs | NOUN,inan,femn sing,datv | NOUN,inan,femn sing,gent | NOUN,inan,femn sing,loct | NOUN,inan,femn sing,nomn	false	4.67	61	WORDFREQ_RANKED	IN_POOL_REVIEW_REQUIRED	
зверь	5	MEDIUM	NOUN,anim,masc plur,ablt | NOUN,anim,masc plur,ablt,Arch | NOUN,anim,masc plur,accs | NOUN,anim,masc plur,datv | NOUN,anim,masc plur,gent | NOUN,anim,masc plur,loct | NOUN,anim,masc plur,nomn | NOUN,anim,masc sing,ablt | NOUN,anim,masc sing,accs | NOUN,anim,masc sing,datv | NOUN,anim,masc sing,gent | NOUN,anim,masc sing,loct | NOUN,anim,masc sing,nomn	false	4.01	265	TRUSTED_V1	TRUSTED	ALLOW
звон	4	EASY	NOUN,inan,masc plur,ablt | NOUN,inan,masc plur,accs | NOUN,inan,masc plur,datv | NOUN,inan,masc plur,gent | NOUN,inan,masc plur,loct | NOUN,inan,masc plur,nomn | NOUN,inan,masc sing,ablt | NOUN,inan,masc sing,accs | NOUN,inan,masc sing,datv | NOUN,inan,masc sing,gen2 | NOUN,inan,masc sing,gent | NOUN,inan,masc sing,loct | NOUN,inan,masc sing,nomn	false	3.76	276	WORDFREQ_RANKED	IN_POOL_REVIEW_REQUIRED	
звонок	6	HARD	NOUN,inan,masc plur,ablt | NOUN,inan,masc plur,accs | NOUN,inan,masc plur,datv | NOUN,inan,masc plur,gent | NOUN,inan,masc plur,loct | NOUN,inan,masc plur,nomn | NOUN,inan,masc sing,ablt | NOUN,inan,masc sing,accs | NOUN,inan,masc sing,datv | NOUN,inan,masc sing,gent | NOUN,inan,masc sing,loct | NOUN,inan,masc sing,nomn	false	4.36	108	WORDFREQ_RANKED	IN_POOL_REVIEW_REQUIRED	
звук	4	EASY	NOUN,inan,masc plur,ablt | NOUN,inan,masc plur,accs | NOUN,inan,masc plur,datv | NOUN,inan,masc plur,gent | NOUN,inan,masc plur,loct | NOUN,inan,masc plur,nomn | NOUN,inan,masc sing,ablt | NOUN,inan,masc sing,accs | NOUN,inan,masc sing,datv | NOUN,inan,masc sing,gent | NOUN,inan,masc sing,loct | NOUN,inan,masc sing,nomn	false	4.58	80	WORDFREQ_RANKED	IN_POOL_REVIEW_REQUIRED	
здание	6	HARD	NOUN,inan,neut plur,ablt | NOUN,inan,neut plur,ablt,V-be | NOUN,inan,neut plur,accs | NOUN,inan,neut plur,accs,V-be | NOUN,inan,neut plur,datv | NOUN,inan,neut plur,datv,V-be | NOUN,inan,neut plur,gent | NOUN,inan,neut plur,loct | NOUN,inan,neut plur,loct,V-be | NOUN,inan,neut plur,nomn | NOUN,inan,neut plur,nomn,V-be | NOUN,inan,neut sing,ablt | NOUN,inan,neut sing,ablt,V-be | NOUN,inan,neut sing,accs | NOUN,inan,neut sing,accs,V-be | NOUN,inan,neut sing,datv | NOUN,inan,neut sing,datv,V-be | NOUN,inan,neut sing,gent | NOUN,inan,neut sing,gent,V-be | NOUN,inan,neut sing,loct | NOUN,inan,neut sing,loct,V-be | NOUN,inan,neut sing,loct,V-be,V-bi | NOUN,inan,neut sing,nomn | NOUN,inan,neut sing,nomn,V-be	false	4.89	29	WORDFREQ_RANKED	IN_POOL_REVIEW_REQUIRED	
зебра	5	MEDIUM	NOUN,anim,femn plur,ablt | NOUN,anim,femn plur,accs | NOUN,anim,femn plur,datv | NOUN,anim,femn plur,gent | NOUN,anim,femn plur,loct | NOUN,anim,femn plur,nomn | NOUN,anim,femn sing,ablt | NOUN,anim,femn sing,ablt,V-oy | NOUN,anim,femn sing,accs | NOUN,anim,femn sing,datv | NOUN,anim,femn sing,gent | NOUN,anim,femn sing,loct | NOUN,anim,femn sing,nomn	false	3.09	942	TRUSTED_V1	TRUSTED	ALLOW
зелень	6	HARD	NOUN,inan,femn plur,ablt | NOUN,inan,femn plur,accs | NOUN,inan,femn plur,datv | NOUN,inan,femn plur,gent | NOUN,inan,femn plur,loct | NOUN,inan,femn plur,nomn | NOUN,inan,femn sing,ablt | NOUN,inan,femn sing,accs | NOUN,inan,femn sing,datv | NOUN,inan,femn sing,gent | NOUN,inan,femn sing,loct | NOUN,inan,femn sing,nomn	false	3.71	363	WORDFREQ_RANKED	IN_POOL_REVIEW_REQUIRED	
земля	5	MEDIUM	NOUN,inan,femn plur,ablt | NOUN,inan,femn plur,accs | NOUN,inan,femn plur,datv | NOUN,inan,femn plur,gent | NOUN,inan,femn plur,loct | NOUN,inan,femn plur,nomn | NOUN,inan,femn sing,ablt | NOUN,inan,femn sing,ablt,V-ey | NOUN,inan,femn sing,accs | NOUN,inan,femn sing,datv | NOUN,inan,femn sing,gent | NOUN,inan,femn sing,loct | NOUN,inan,femn sing,nomn	false	4.77	47	TRUSTED_V1	TRUSTED	ALLOW
зенит	5	MEDIUM	NOUN,inan,masc plur,ablt | NOUN,inan,masc plur,accs | NOUN,inan,masc plur,datv | NOUN,inan,masc plur,gent | NOUN,inan,masc plur,loct | NOUN,inan,masc plur,nomn | NOUN,inan,masc sing,ablt | NOUN,inan,masc sing,accs | NOUN,inan,masc sing,datv | NOUN,inan,masc sing,gent | NOUN,inan,masc sing,loct | NOUN,inan,masc sing,nomn	false	4.42	116	TRUSTED_V1	TRUSTED	ALLOW
зеркало	7	EXPERT	NOUN,inan,neut plur,ablt | NOUN,inan,neut plur,accs | NOUN,inan,neut plur,datv | NOUN,inan,neut plur,gent | NOUN,inan,neut plur,loct | NOUN,inan,neut plur,nomn | NOUN,inan,neut sing,ablt | NOUN,inan,neut sing,accs | NOUN,inan,neut sing,datv | NOUN,inan,neut sing,gent | NOUN,inan,neut sing,loct | NOUN,inan,neut sing,nomn	false	4.28	125	WORDFREQ_RANKED	IN_POOL_REVIEW_REQUIRED	
зерно	5	MEDIUM	NOUN,inan,neut plur,ablt | NOUN,inan,neut plur,accs | NOUN,inan,neut plur,datv | NOUN,inan,neut plur,gent | NOUN,inan,neut plur,loct | NOUN,inan,neut plur,nomn | NOUN,inan,neut sing,ablt | NOUN,inan,neut sing,accs | NOUN,inan,neut sing,datv | NOUN,inan,neut sing,gent | NOUN,inan,neut sing,loct | NOUN,inan,neut sing,nomn	false	3.79	371	TRUSTED_V1	TRUSTED	ALLOW
зима	4	EASY	NOUN,inan,femn plur,ablt | NOUN,inan,femn plur,accs | NOUN,inan,femn plur,datv | NOUN,inan,femn plur,gent | NOUN,inan,femn plur,loct | NOUN,inan,femn plur,nomn | NOUN,inan,femn sing,ablt | NOUN,inan,femn sing,ablt,V-oy | NOUN,inan,femn sing,accs | NOUN,inan,femn sing,datv | NOUN,inan,femn sing,gent | NOUN,inan,femn sing,loct | NOUN,inan,femn sing,nomn	false	4.23	149	MANUAL_ALLOW	IN_POOL_REVIEW_REQUIRED	ALLOW
злодей	6	HARD	NOUN,anim,masc plur,ablt | NOUN,anim,masc plur,accs | NOUN,anim,masc plur,datv | NOUN,anim,masc plur,gent | NOUN,anim,masc plur,loct | NOUN,anim,masc plur,nomn | NOUN,anim,masc sing,ablt | NOUN,anim,masc sing,accs | NOUN,anim,masc sing,datv | NOUN,anim,masc sing,gent | NOUN,anim,masc sing,loct | NOUN,anim,masc sing,nomn	false	3.54	507	WORDFREQ_RANKED	IN_POOL_REVIEW_REQUIRED	
злость	6	HARD	NOUN,inan,femn plur,ablt | NOUN,inan,femn plur,accs | NOUN,inan,femn plur,datv | NOUN,inan,femn plur,gent | NOUN,inan,femn plur,loct | NOUN,inan,femn plur,nomn | NOUN,inan,femn sing,ablt | NOUN,inan,femn sing,accs | NOUN,inan,femn sing,datv | NOUN,inan,femn sing,gent | NOUN,inan,femn sing,loct | NOUN,inan,femn sing,nomn	false	3.73	349	WORDFREQ_RANKED	IN_POOL_REVIEW_REQUIRED	
змея	4	EASY	NOUN,anim,femn plur,ablt | NOUN,anim,femn plur,accs | NOUN,anim,femn plur,datv | NOUN,anim,femn plur,gent | NOUN,anim,femn plur,loct | NOUN,anim,femn plur,nomn | NOUN,anim,femn sing,ablt | NOUN,anim,femn sing,ablt,V-ey | NOUN,anim,femn sing,accs | NOUN,anim,femn sing,datv | NOUN,anim,femn sing,gent | NOUN,anim,femn sing,loct | NOUN,anim,femn sing,nomn	false	3.92	227	WORDFREQ_RANKED	IN_POOL_REVIEW_REQUIRED	
знак	4	EASY	NOUN,inan,masc plur,ablt | NOUN,inan,masc plur,accs | NOUN,inan,masc plur,datv | NOUN,inan,masc plur,gent | NOUN,inan,masc plur,loct | NOUN,inan,masc plur,nomn | NOUN,inan,masc sing,ablt | NOUN,inan,masc sing,accs | NOUN,inan,masc sing,datv | NOUN,inan,masc sing,gent | NOUN,inan,masc sing,loct | NOUN,inan,masc sing,nomn	false	4.73	56	WORDFREQ_RANKED	IN_POOL_REVIEW_REQUIRED	
знание	6	HARD	NOUN,inan,neut plur,ablt | NOUN,inan,neut plur,ablt,V-be | NOUN,inan,neut plur,accs | NOUN,inan,neut plur,accs,V-be | NOUN,inan,neut plur,datv | NOUN,inan,neut plur,datv,V-be | NOUN,inan,neut plur,gent | NOUN,inan,neut plur,loct | NOUN,inan,neut plur,loct,V-be | NOUN,inan,neut plur,nomn | NOUN,inan,neut plur,nomn,V-be | NOUN,inan,neut sing,ablt | NOUN,inan,neut sing,ablt,V-be | NOUN,inan,neut sing,accs | NOUN,inan,neut sing,accs,V-be | NOUN,inan,neut sing,datv | NOUN,inan,neut sing,datv,V-be | NOUN,inan,neut sing,gent | NOUN,inan,neut sing,gent,V-be | NOUN,inan,neut sing,loct | NOUN,inan,neut sing,loct,V-be | NOUN,inan,neut sing,loct,V-be,V-bi | NOUN,inan,neut sing,nomn | NOUN,inan,neut sing,nomn,V-be	false	4.19	155	WORDFREQ_RANKED	IN_POOL_REVIEW_REQUIRED	
значок	6	HARD	NOUN,inan,masc plur,ablt | NOUN,inan,masc plur,accs | NOUN,inan,masc plur,datv | NOUN,inan,masc plur,gent | NOUN,inan,masc plur,loct | NOUN,inan,masc plur,nomn | NOUN,inan,masc sing,ablt | NOUN,inan,masc sing,accs | NOUN,inan,masc sing,datv | NOUN,inan,masc sing,gent | NOUN,inan,masc sing,loct | NOUN,inan,masc sing,nomn	false	3.60	452	WORDFREQ_RANKED	IN_POOL_REVIEW_REQUIRED	
золото	6	HARD	NOUN,inan,neut,Sgtm sing,ablt | NOUN,inan,neut,Sgtm sing,accs | NOUN,inan,neut,Sgtm sing,datv | NOUN,inan,neut,Sgtm sing,gent | NOUN,inan,neut,Sgtm sing,loct | NOUN,inan,neut,Sgtm sing,nomn	false	4.73	51	WORDFREQ_RANKED	IN_POOL_REVIEW_REQUIRED	
зона	4	EASY	NOUN,inan,femn plur,ablt | NOUN,inan,femn plur,accs | NOUN,inan,femn plur,datv | NOUN,inan,femn plur,gent | NOUN,inan,femn plur,loct | NOUN,inan,femn plur,nomn | NOUN,inan,femn sing,ablt | NOUN,inan,femn sing,ablt,V-oy | NOUN,inan,femn sing,accs | NOUN,inan,femn sing,datv | NOUN,inan,femn sing,gent | NOUN,inan,femn sing,loct | NOUN,inan,femn sing,nomn	false	4.43	107	WORDFREQ_RANKED	IN_POOL_REVIEW_REQUIRED	
зонд	4	EASY	NOUN,inan,masc plur,ablt | NOUN,inan,masc plur,accs | NOUN,inan,masc plur,datv | NOUN,inan,masc plur,gent | NOUN,inan,masc plur,loct | NOUN,inan,masc plur,nomn | NOUN,inan,masc sing,ablt | NOUN,inan,masc sing,accs | NOUN,inan,masc sing,datv | NOUN,inan,masc sing,gent | NOUN,inan,masc sing,loct | NOUN,inan,masc sing,nomn	false	3.56	359	WORDFREQ_RANKED	IN_POOL_REVIEW_REQUIRED	
зоопарк	7	EXPERT	NOUN,inan,masc plur,ablt | NOUN,inan,masc plur,accs | NOUN,inan,masc plur,datv | NOUN,inan,masc plur,gent | NOUN,inan,masc plur,loct | NOUN,inan,masc plur,nomn | NOUN,inan,masc sing,ablt | NOUN,inan,masc sing,accs | NOUN,inan,masc sing,datv | NOUN,inan,masc sing,gent | NOUN,inan,masc sing,loct | NOUN,inan,masc sing,nomn	false	3.88	252	WORDFREQ_RANKED	IN_POOL_REVIEW_REQUIRED	
зрелище	7	EXPERT	NOUN,inan,neut plur,ablt | NOUN,inan,neut plur,accs | NOUN,inan,neut plur,datv | NOUN,inan,neut plur,gent | NOUN,inan,neut plur,loct | NOUN,inan,neut plur,nomn | NOUN,inan,neut sing,ablt | NOUN,inan,neut sing,accs | NOUN,inan,neut sing,datv | NOUN,inan,neut sing,gent | NOUN,inan,neut sing,loct | NOUN,inan,neut sing,nomn	false	3.94	232	WORDFREQ_RANKED	IN_POOL_REVIEW_REQUIRED	
зрение	6	HARD	NOUN,inan,neut plur,ablt | NOUN,inan,neut plur,ablt,V-be | NOUN,inan,neut plur,accs | NOUN,inan,neut plur,accs,V-be | NOUN,inan,neut plur,datv | NOUN,inan,neut plur,datv,V-be | NOUN,inan,neut plur,gent | NOUN,inan,neut plur,loct | NOUN,inan,neut plur,loct,V-be | NOUN,inan,neut plur,nomn | NOUN,inan,neut plur,nomn,V-be | NOUN,inan,neut sing,ablt | NOUN,inan,neut sing,ablt,V-be | NOUN,inan,neut sing,accs | NOUN,inan,neut sing,accs,V-be | NOUN,inan,neut sing,datv | NOUN,inan,neut sing,datv,V-be | NOUN,inan,neut sing,gent | NOUN,inan,neut sing,gent,V-be | NOUN,inan,neut sing,loct | NOUN,inan,neut sing,loct,V-be | NOUN,inan,neut sing,loct,V-be,V-bi | NOUN,inan,neut sing,nomn | NOUN,inan,neut sing,nomn,V-be	false	3.92	254	WORDFREQ_RANKED	IN_POOL_REVIEW_REQUIRED	
зритель	7	EXPERT	NOUN,anim,masc plur,ablt | NOUN,anim,masc plur,accs | NOUN,anim,masc plur,datv | NOUN,anim,masc plur,gent | NOUN,anim,masc plur,loct | NOUN,anim,masc plur,nomn | NOUN,anim,masc sing,ablt | NOUN,anim,masc sing,accs | NOUN,anim,masc sing,datv | NOUN,anim,masc sing,gent | NOUN,anim,masc sing,loct | NOUN,anim,masc sing,nomn	false	3.74	331	WORDFREQ_RANKED	IN_POOL_REVIEW_REQUIRED	
зубец	5	MEDIUM	NOUN,inan,masc plur,ablt | NOUN,inan,masc plur,accs | NOUN,inan,masc plur,datv | NOUN,inan,masc plur,gent | NOUN,inan,masc plur,loct | NOUN,inan,masc plur,nomn | NOUN,inan,masc sing,ablt | NOUN,inan,masc sing,accs | NOUN,inan,masc sing,datv | NOUN,inan,masc sing,gent | NOUN,inan,masc sing,loct | NOUN,inan,masc sing,nomn	false	2.60	1543	TRUSTED_V1	TRUSTED	ALLOW
зять	4	EASY	NOUN,anim,masc plur,ablt | NOUN,anim,masc plur,accs | NOUN,anim,masc plur,datv | NOUN,anim,masc plur,gent | NOUN,anim,masc plur,loct | NOUN,anim,masc plur,nomn | NOUN,anim,masc sing,ablt | NOUN,anim,masc sing,accs | NOUN,anim,masc sing,datv | NOUN,anim,masc sing,gent | NOUN,anim,masc sing,loct | NOUN,anim,masc sing,nomn	false	3.60	340	WORDFREQ_RANKED	IN_POOL_REVIEW_REQUIRED	
игла	4	EASY	NOUN,inan,femn plur,ablt | NOUN,inan,femn plur,accs | NOUN,inan,femn plur,datv | NOUN,inan,femn plur,gent | NOUN,inan,femn plur,loct | NOUN,inan,femn plur,nomn | NOUN,inan,femn sing,ablt | NOUN,inan,femn sing,ablt,V-oy | NOUN,inan,femn sing,accs | NOUN,inan,femn sing,datv | NOUN,inan,femn sing,gent | NOUN,inan,femn sing,loct | NOUN,inan,femn sing,nomn	false	3.35	464	WORDFREQ_RANKED	IN_POOL_REVIEW_REQUIRED	
игра	4	EASY	NOUN,inan,femn plur,ablt | NOUN,inan,femn plur,accs | NOUN,inan,femn plur,datv | NOUN,inan,femn plur,gent | NOUN,inan,femn plur,loct | NOUN,inan,femn plur,nomn | NOUN,inan,femn sing,ablt | NOUN,inan,femn sing,ablt,V-oy | NOUN,inan,femn sing,accs | NOUN,inan,femn sing,datv | NOUN,inan,femn sing,gent | NOUN,inan,femn sing,loct | NOUN,inan,femn sing,nomn	false	5.11	13	MANUAL_ALLOW	IN_POOL_REVIEW_REQUIRED	ALLOW
игрок	5	MEDIUM	NOUN,anim,masc plur,ablt | NOUN,anim,masc plur,accs | NOUN,anim,masc plur,datv | NOUN,anim,masc plur,gent | NOUN,anim,masc plur,loct | NOUN,anim,masc plur,nomn | NOUN,anim,masc sing,ablt | NOUN,anim,masc sing,accs | NOUN,anim,masc sing,datv | NOUN,anim,masc sing,gent | NOUN,anim,masc sing,loct | NOUN,anim,masc sing,nomn	false	4.63	68	TRUSTED_V1	TRUSTED	ALLOW
игрушка	7	EXPERT	NOUN,inan,femn plur,ablt | NOUN,inan,femn plur,accs | NOUN,inan,femn plur,datv | NOUN,inan,femn plur,gent | NOUN,inan,femn plur,loct | NOUN,inan,femn plur,nomn | NOUN,inan,femn sing,ablt | NOUN,inan,femn sing,ablt,V-oy | NOUN,inan,femn sing,accs | NOUN,inan,femn sing,datv | NOUN,inan,femn sing,gent | NOUN,inan,femn sing,loct | NOUN,inan,femn sing,nomn	false	3.75	327	WORDFREQ_RANKED	IN_POOL_REVIEW_REQUIRED	
идеал	5	MEDIUM	NOUN,inan,masc plur,ablt | NOUN,inan,masc plur,accs | NOUN,inan,masc plur,datv | NOUN,inan,masc plur,gent | NOUN,inan,masc plur,loct | NOUN,inan,masc plur,nomn | NOUN,inan,masc sing,ablt | NOUN,inan,masc sing,accs | NOUN,inan,masc sing,datv | NOUN,inan,masc sing,gent | NOUN,inan,masc sing,loct | NOUN,inan,masc sing,nomn	false	3.89	318	TRUSTED_V1	TRUSTED	ALLOW
идея	4	EASY	NOUN,inan,femn plur,ablt | NOUN,inan,femn plur,accs | NOUN,inan,femn plur,datv | NOUN,inan,femn plur,gent | NOUN,inan,femn plur,loct | NOUN,inan,femn plur,nomn | NOUN,inan,femn sing,ablt | NOUN,inan,femn sing,ablt,V-ey | NOUN,inan,femn sing,accs | NOUN,inan,femn sing,datv | NOUN,inan,femn sing,gent | NOUN,inan,femn sing,loct | NOUN,inan,femn sing,nomn	false	4.91	36	WORDFREQ_RANKED	IN_POOL_REVIEW_REQUIRED	
идол	4	EASY	NOUN,anim,masc plur,ablt | NOUN,anim,masc plur,accs | NOUN,anim,masc plur,datv | NOUN,anim,masc plur,gent | NOUN,anim,masc plur,loct | NOUN,anim,masc plur,nomn | NOUN,anim,masc sing,ablt | NOUN,anim,masc sing,accs | NOUN,anim,masc sing,datv | NOUN,anim,masc sing,gent | NOUN,anim,masc sing,loct | NOUN,anim,masc sing,nomn	false	3.30	500	WORDFREQ_RANKED	IN_POOL_REVIEW_REQUIRED	
издание	7	EXPERT	NOUN,inan,neut plur,ablt | NOUN,inan,neut plur,ablt,V-be | NOUN,inan,neut plur,accs | NOUN,inan,neut plur,accs,V-be | NOUN,inan,neut plur,datv | NOUN,inan,neut plur,datv,V-be | NOUN,inan,neut plur,gent | NOUN,inan,neut plur,loct | NOUN,inan,neut plur,loct,V-be | NOUN,inan,neut plur,nomn | NOUN,inan,neut plur,nomn,V-be | NOUN,inan,neut sing,ablt | NOUN,inan,neut sing,ablt,V-be | NOUN,inan,neut sing,accs | NOUN,inan,neut sing,accs,V-be | NOUN,inan,neut sing,datv | NOUN,inan,neut sing,datv,V-be | NOUN,inan,neut sing,gent | NOUN,inan,neut sing,gent,V-be | NOUN,inan,neut sing,loct | NOUN,inan,neut sing,loct,V-be | NOUN,inan,neut sing,loct,V-be,V-bi | NOUN,inan,neut sing,nomn | NOUN,inan,neut sing,nomn,V-be	false	4.78	37	WORDFREQ_RANKED	IN_POOL_REVIEW_REQUIRED	
изделие	7	EXPERT	NOUN,inan,neut plur,ablt | NOUN,inan,neut plur,ablt,V-be | NOUN,inan,neut plur,accs | NOUN,inan,neut plur,accs,V-be | NOUN,inan,neut plur,datv | NOUN,inan,neut plur,datv,V-be | NOUN,inan,neut plur,gent | NOUN,inan,neut plur,loct | NOUN,inan,neut plur,loct,V-be | NOUN,inan,neut plur,nomn | NOUN,inan,neut plur,nomn,V-be | NOUN,inan,neut sing,ablt | NOUN,inan,neut sing,ablt,V-be | NOUN,inan,neut sing,accs | NOUN,inan,neut sing,accs,V-be | NOUN,inan,neut sing,datv | NOUN,inan,neut sing,datv,V-be | NOUN,inan,neut sing,gent | NOUN,inan,neut sing,gent,V-be | NOUN,inan,neut sing,loct | NOUN,inan,neut sing,loct,V-be | NOUN,inan,neut sing,loct,V-be,V-bi | NOUN,inan,neut sing,nomn | NOUN,inan,neut sing,nomn,V-be	false	3.55	443	WORDFREQ_RANKED	IN_POOL_REVIEW_REQUIRED	
измена	6	HARD	NOUN,inan,femn plur,ablt | NOUN,inan,femn plur,accs | NOUN,inan,femn plur,datv | NOUN,inan,femn plur,gent | NOUN,inan,femn plur,loct | NOUN,inan,femn plur,nomn | NOUN,inan,femn sing,ablt | NOUN,inan,femn sing,ablt,V-oy | NOUN,inan,femn sing,accs | NOUN,inan,femn sing,datv | NOUN,inan,femn sing,gent | NOUN,inan,femn sing,loct | NOUN,inan,femn sing,nomn	false	3.61	441	WORDFREQ_RANKED	IN_POOL_REVIEW_REQUIRED	
износ	5	MEDIUM	NOUN,inan,masc plur,ablt | NOUN,inan,masc plur,accs | NOUN,inan,masc plur,datv | NOUN,inan,masc plur,gent | NOUN,inan,masc plur,loct | NOUN,inan,masc plur,nomn | NOUN,inan,masc sing,ablt | NOUN,inan,masc sing,accs | NOUN,inan,masc sing,datv | NOUN,inan,masc sing,gent | NOUN,inan,masc sing,loct | NOUN,inan,masc sing,nomn	false	3.36	684	TRUSTED_V1	TRUSTED	ALLOW
икона	5	MEDIUM	NOUN,inan,femn plur,ablt | NOUN,inan,femn plur,accs | NOUN,inan,femn plur,datv | NOUN,inan,femn plur,gent | NOUN,inan,femn plur,loct | NOUN,inan,femn plur,nomn | NOUN,inan,femn sing,ablt | NOUN,inan,femn sing,ablt,V-oy | NOUN,inan,femn sing,accs | NOUN,inan,femn sing,datv | NOUN,inan,femn sing,gent | NOUN,inan,femn sing,loct | NOUN,inan,femn sing,nomn	false	3.79	372	TRUSTED_V1	TRUSTED	ALLOW
икра	4	EASY	NOUN,inan,femn plur,ablt | NOUN,inan,femn plur,accs | NOUN,inan,femn plur,datv | NOUN,inan,femn plur,gent | NOUN,inan,femn plur,loct | NOUN,inan,femn plur,nomn | NOUN,inan,femn sing,ablt | NOUN,inan,femn sing,ablt,V-oy | NOUN,inan,femn sing,accs | NOUN,inan,femn sing,datv | NOUN,inan,femn sing,gent | NOUN,inan,femn sing,loct | NOUN,inan,femn sing,nomn	false	3.36	458	WORDFREQ_RANKED	IN_POOL_REVIEW_REQUIRED	
иллюзия	7	EXPERT	NOUN,inan,femn plur,ablt | NOUN,inan,femn plur,accs | NOUN,inan,femn plur,datv | NOUN,inan,femn plur,gent | NOUN,inan,femn plur,loct | NOUN,inan,femn plur,nomn | NOUN,inan,femn sing,ablt | NOUN,inan,femn sing,ablt,V-ey | NOUN,inan,femn sing,accs | NOUN,inan,femn sing,datv | NOUN,inan,femn sing,gent | NOUN,inan,femn sing,loct | NOUN,inan,femn sing,nomn	false	3.68	371	WORDFREQ_RANKED	IN_POOL_REVIEW_REQUIRED	
имение	6	HARD	NOUN,inan,neut plur,ablt | NOUN,inan,neut plur,ablt,V-be | NOUN,inan,neut plur,accs | NOUN,inan,neut plur,accs,V-be | NOUN,inan,neut plur,datv | NOUN,inan,neut plur,datv,V-be | NOUN,inan,neut plur,gent | NOUN,inan,neut plur,loct | NOUN,inan,neut plur,loct,V-be | NOUN,inan,neut plur,nomn | NOUN,inan,neut plur,nomn,V-be | NOUN,inan,neut sing,ablt | NOUN,inan,neut sing,ablt,V-be | NOUN,inan,neut sing,accs | NOUN,inan,neut sing,accs,V-be | NOUN,inan,neut sing,datv | NOUN,inan,neut sing,datv,V-be | NOUN,inan,neut sing,gent | NOUN,inan,neut sing,gent,V-be | NOUN,inan,neut sing,loct | NOUN,inan,neut sing,loct,V-be | NOUN,inan,neut sing,loct,V-be,V-bi | NOUN,inan,neut sing,nomn | NOUN,inan,neut sing,nomn,V-be	false	3.58	467	WORDFREQ_RANKED	IN_POOL_REVIEW_REQUIRED	
империя	7	EXPERT	NOUN,inan,femn plur,ablt | NOUN,inan,femn plur,accs | NOUN,inan,femn plur,datv | NOUN,inan,femn plur,gent | NOUN,inan,femn plur,loct | NOUN,inan,femn plur,nomn | NOUN,inan,femn sing,ablt | NOUN,inan,femn sing,ablt,V-ey | NOUN,inan,femn sing,accs | NOUN,inan,femn sing,datv | NOUN,inan,femn sing,gent | NOUN,inan,femn sing,loct | NOUN,inan,femn sing,nomn	false	3.98	220	WORDFREQ_RANKED	IN_POOL_REVIEW_REQUIRED	
импорт	6	HARD	NOUN,inan,masc plur,ablt | NOUN,inan,masc plur,accs | NOUN,inan,masc plur,datv | NOUN,inan,masc plur,gent | NOUN,inan,masc plur,loct | NOUN,inan,masc plur,nomn | NOUN,inan,masc sing,ablt | NOUN,inan,masc sing,accs | NOUN,inan,masc sing,datv | NOUN,inan,masc sing,gent | NOUN,inan,masc sing,loct | NOUN,inan,masc sing,nomn	false	4.02	213	WORDFREQ_RANKED	IN_POOL_REVIEW_REQUIRED	
импульс	7	EXPERT	NOUN,inan,masc plur,ablt | NOUN,inan,masc plur,accs | NOUN,inan,masc plur,datv | NOUN,inan,masc plur,gent | NOUN,inan,masc plur,loct | NOUN,inan,masc plur,nomn | NOUN,inan,masc sing,ablt | NOUN,inan,masc sing,accs | NOUN,inan,masc sing,datv | NOUN,inan,masc sing,gent | NOUN,inan,masc sing,loct | NOUN,inan,masc sing,nomn	false	3.87	257	WORDFREQ_RANKED	IN_POOL_REVIEW_REQUIRED	
индекс	6	HARD	NOUN,inan,masc plur,ablt | NOUN,inan,masc plur,accs | NOUN,inan,masc plur,datv | NOUN,inan,masc plur,gent | NOUN,inan,masc plur,loct | NOUN,inan,masc plur,nomn | NOUN,inan,masc sing,ablt | NOUN,inan,masc sing,accs | NOUN,inan,masc sing,datv | NOUN,inan,masc sing,gent | NOUN,inan,masc sing,loct | NOUN,inan,masc sing,nomn	false	4.47	89	WORDFREQ_RANKED	IN_POOL_REVIEW_REQUIRED	
индюк	5	MEDIUM	NOUN,anim,masc plur,ablt | NOUN,anim,masc plur,accs | NOUN,anim,masc plur,datv | NOUN,anim,masc plur,gent | NOUN,anim,masc plur,loct | NOUN,anim,masc plur,nomn | NOUN,anim,masc sing,ablt | NOUN,anim,masc sing,accs | NOUN,anim,masc sing,datv | NOUN,anim,masc sing,gent | NOUN,anim,masc sing,loct | NOUN,anim,masc sing,nomn	false	2.76	1350	TRUSTED_V1	TRUSTED	ALLOW
инженер	7	EXPERT	NOUN,anim,masc plur,ablt | NOUN,anim,masc plur,accs | NOUN,anim,masc plur,datv | NOUN,anim,masc plur,gent | NOUN,anim,masc plur,loct | NOUN,anim,masc plur,nomn | NOUN,anim,masc sing,ablt | NOUN,anim,masc sing,accs | NOUN,anim,masc sing,datv | NOUN,anim,masc sing,gent | NOUN,anim,masc sing,loct | NOUN,anim,masc sing,nomn	false	4.24	137	WORDFREQ_RANKED	IN_POOL_REVIEW_REQUIRED	
инсульт	7	EXPERT	NOUN,inan,masc plur,ablt | NOUN,inan,masc plur,accs | NOUN,inan,masc plur,datv | NOUN,inan,masc plur,gent | NOUN,inan,masc plur,loct | NOUN,inan,masc plur,nomn | NOUN,inan,masc sing,ablt | NOUN,inan,masc sing,accs | NOUN,inan,masc sing,datv | NOUN,inan,masc sing,gent | NOUN,inan,masc sing,loct | NOUN,inan,masc sing,nomn	false	3.55	444	WORDFREQ_RANKED	IN_POOL_REVIEW_REQUIRED	
интерес	7	EXPERT	NOUN,inan,masc plur,ablt | NOUN,inan,masc plur,accs | NOUN,inan,masc plur,datv | NOUN,inan,masc plur,gent | NOUN,inan,masc plur,loct | NOUN,inan,masc plur,nomn | NOUN,inan,masc sing,ablt | NOUN,inan,masc sing,accs | NOUN,inan,masc sing,datv | NOUN,inan,masc sing,gent | NOUN,inan,masc sing,loct | NOUN,inan,masc sing,nomn	false	4.74	41	WORDFREQ_RANKED	IN_POOL_REVIEW_REQUIRED	
инфаркт	7	EXPERT	NOUN,inan,masc plur,ablt | NOUN,inan,masc plur,accs | NOUN,inan,masc plur,datv | NOUN,inan,masc plur,gent | NOUN,inan,masc plur,loct | NOUN,inan,masc plur,nomn | NOUN,inan,masc sing,ablt | NOUN,inan,masc sing,accs | NOUN,inan,masc sing,datv | NOUN,inan,masc sing,gent | NOUN,inan,masc sing,loct | NOUN,inan,masc sing,nomn	false	3.57	431	WORDFREQ_RANKED	IN_POOL_REVIEW_REQUIRED	
ирония	6	HARD	NOUN,inan,femn plur,ablt | NOUN,inan,femn plur,accs | NOUN,inan,femn plur,datv | NOUN,inan,femn plur,gent | NOUN,inan,femn plur,loct | NOUN,inan,femn plur,nomn | NOUN,inan,femn sing,ablt | NOUN,inan,femn sing,ablt,V-ey | NOUN,inan,femn sing,accs | NOUN,inan,femn sing,datv | NOUN,inan,femn sing,gent | NOUN,inan,femn sing,loct | NOUN,inan,femn sing,nomn	false	3.70	375	WORDFREQ_RANKED	IN_POOL_REVIEW_REQUIRED	
искра	5	MEDIUM	NOUN,inan,femn plur,ablt | NOUN,inan,femn plur,accs | NOUN,inan,femn plur,datv | NOUN,inan,femn plur,gent | NOUN,inan,femn plur,loct | NOUN,inan,femn plur,nomn | NOUN,inan,femn sing,ablt | NOUN,inan,femn sing,ablt,V-oy | NOUN,inan,femn sing,accs | NOUN,inan,femn sing,datv | NOUN,inan,femn sing,gent | NOUN,inan,femn sing,loct | NOUN,inan,femn sing,nomn	false	3.76	383	TRUSTED_V1	TRUSTED	ALLOW
испуг	5	MEDIUM	NOUN,inan,masc plur,ablt | NOUN,inan,masc plur,accs | NOUN,inan,masc plur,datv | NOUN,inan,masc plur,gent | NOUN,inan,masc plur,loct | NOUN,inan,masc plur,nomn | NOUN,inan,masc sing,ablt | NOUN,inan,masc sing,accs | NOUN,inan,masc sing,datv | NOUN,inan,masc sing,gent | NOUN,inan,masc sing,loct | NOUN,inan,masc sing,nomn	false	2.91	1157	TRUSTED_V1	TRUSTED	ALLOW
истина	6	HARD	NOUN,inan,femn plur,ablt | NOUN,inan,femn plur,accs | NOUN,inan,femn plur,datv | NOUN,inan,femn plur,gent | NOUN,inan,femn plur,loct | NOUN,inan,femn plur,nomn | NOUN,inan,femn sing,ablt | NOUN,inan,femn sing,ablt,V-oy | NOUN,inan,femn sing,accs | NOUN,inan,femn sing,datv | NOUN,inan,femn sing,gent | NOUN,inan,femn sing,loct | NOUN,inan,femn sing,nomn	false	4.00	224	WORDFREQ_RANKED	IN_POOL_REVIEW_REQUIRED	
исток	5	MEDIUM	NOUN,inan,masc plur,ablt | NOUN,inan,masc plur,accs | NOUN,inan,masc plur,datv | NOUN,inan,masc plur,gent | NOUN,inan,masc plur,loct | NOUN,inan,masc plur,nomn | NOUN,inan,masc sing,ablt | NOUN,inan,masc sing,accs | NOUN,inan,masc sing,datv | NOUN,inan,masc sing,gent | NOUN,inan,masc sing,loct | NOUN,inan,masc sing,nomn	false	3.13	907	TRUSTED_V1	TRUSTED	ALLOW
историк	7	EXPERT	NOUN,anim,masc plur,ablt | NOUN,anim,masc plur,accs | NOUN,anim,masc plur,datv | NOUN,anim,masc plur,gent | NOUN,anim,masc plur,loct | NOUN,anim,masc plur,nomn | NOUN,anim,masc sing,ablt | NOUN,anim,masc sing,accs | NOUN,anim,masc sing,datv | NOUN,anim,masc sing,gent | NOUN,anim,masc sing,loct | NOUN,anim,masc sing,nomn	false	4.13	173	WORDFREQ_RANKED	IN_POOL_REVIEW_REQUIRED	
история	7	EXPERT	NOUN,inan,femn plur,ablt | NOUN,inan,femn plur,accs | NOUN,inan,femn plur,datv | NOUN,inan,femn plur,gent | NOUN,inan,femn plur,loct | NOUN,inan,femn plur,nomn | NOUN,inan,femn sing,ablt | NOUN,inan,femn sing,ablt,V-ey | NOUN,inan,femn sing,accs | NOUN,inan,femn sing,datv | NOUN,inan,femn sing,gent | NOUN,inan,femn sing,loct | NOUN,inan,femn sing,nomn	false	5.27	4	WORDFREQ_RANKED	IN_POOL_REVIEW_REQUIRED	
итог	4	EASY	NOUN,inan,masc plur,ablt | NOUN,inan,masc plur,accs | NOUN,inan,masc plur,datv | NOUN,inan,masc plur,gent | NOUN,inan,masc plur,loct | NOUN,inan,masc plur,nomn | NOUN,inan,masc sing,ablt | NOUN,inan,masc sing,accs | NOUN,inan,masc sing,datv | NOUN,inan,masc sing,gent | NOUN,inan,masc sing,loct | NOUN,inan,masc sing,nomn	false	4.10	177	WORDFREQ_RANKED	IN_POOL_REVIEW_REQUIRED	
июль	4	EASY	NOUN,inan,masc plur,ablt | NOUN,inan,masc plur,accs | NOUN,inan,masc plur,datv | NOUN,inan,masc plur,gent | NOUN,inan,masc plur,loct | NOUN,inan,masc plur,nomn | NOUN,inan,masc sing,ablt | NOUN,inan,masc sing,accs | NOUN,inan,masc sing,datv | NOUN,inan,masc sing,gent | NOUN,inan,masc sing,loct | NOUN,inan,masc sing,nomn	false	4.11	172	WORDFREQ_RANKED	IN_POOL_REVIEW_REQUIRED	
июнь	4	EASY	NOUN,inan,masc plur,ablt | NOUN,inan,masc plur,accs | NOUN,inan,masc plur,datv | NOUN,inan,masc plur,gent | NOUN,inan,masc plur,loct | NOUN,inan,masc plur,nomn | NOUN,inan,masc sing,ablt | NOUN,inan,masc sing,accs | NOUN,inan,masc sing,datv | NOUN,inan,masc sing,gent | NOUN,inan,masc sing,loct | NOUN,inan,masc sing,nomn	false	4.12	171	WORDFREQ_RANKED	IN_POOL_REVIEW_REQUIRED	
кабан	5	MEDIUM	NOUN,anim,masc plur,ablt | NOUN,anim,masc plur,accs | NOUN,anim,masc plur,datv | NOUN,anim,masc plur,gent | NOUN,anim,masc plur,loct | NOUN,anim,masc plur,nomn | NOUN,anim,masc sing,ablt | NOUN,anim,masc sing,accs | NOUN,anim,masc sing,datv | NOUN,anim,masc sing,gent | NOUN,anim,masc sing,loct | NOUN,anim,masc sing,nomn | NOUN,inan,masc plur,ablt | NOUN,inan,masc plur,accs | NOUN,inan,masc plur,datv | NOUN,inan,masc plur,gent | NOUN,inan,masc plur,loct | NOUN,inan,masc plur,nomn | NOUN,inan,masc sing,ablt | NOUN,inan,masc sing,accs | NOUN,inan,masc sing,datv | NOUN,inan,masc sing,gent | NOUN,inan,masc sing,loct | NOUN,inan,masc sing,nomn	false	3.33	711	TRUSTED_V1	TRUSTED	ALLOW
кабель	6	HARD	NOUN,inan,masc plur,ablt | NOUN,inan,masc plur,accs | NOUN,inan,masc plur,datv | NOUN,inan,masc plur,gent | NOUN,inan,masc plur,loct | NOUN,inan,masc plur,nomn | NOUN,inan,masc sing,ablt | NOUN,inan,masc sing,accs | NOUN,inan,masc sing,datv | NOUN,inan,masc sing,gent | NOUN,inan,masc sing,loct | NOUN,inan,masc sing,nomn	false	3.62	436	WORDFREQ_RANKED	IN_POOL_REVIEW_REQUIRED	
кабинет	7	EXPERT	NOUN,inan,masc plur,ablt | NOUN,inan,masc plur,accs | NOUN,inan,masc plur,datv | NOUN,inan,masc plur,gent | NOUN,inan,masc plur,loct | NOUN,inan,masc plur,nomn | NOUN,inan,masc sing,ablt | NOUN,inan,masc sing,accs | NOUN,inan,masc sing,datv | NOUN,inan,masc sing,gent | NOUN,inan,masc sing,loct | NOUN,inan,masc sing,nomn	false	4.49	82	WORDFREQ_RANKED	IN_POOL_REVIEW_REQUIRED	
кавалер	7	EXPERT	NOUN,anim,masc plur,ablt | NOUN,anim,masc plur,accs | NOUN,anim,masc plur,datv | NOUN,anim,masc plur,gent | NOUN,anim,masc plur,loct | NOUN,anim,masc plur,nomn | NOUN,anim,masc sing,ablt | NOUN,anim,masc sing,accs | NOUN,anim,masc sing,datv | NOUN,anim,masc sing,gent | NOUN,anim,masc sing,loct | NOUN,anim,masc sing,nomn	false	3.46	504	WORDFREQ_RANKED	IN_POOL_REVIEW_REQUIRED	
кадка	5	MEDIUM	NOUN,inan,femn plur,ablt | NOUN,inan,femn plur,accs | NOUN,inan,femn plur,datv | NOUN,inan,femn plur,gent | NOUN,inan,femn plur,loct | NOUN,inan,femn plur,nomn | NOUN,inan,femn sing,ablt | NOUN,inan,femn sing,ablt,V-oy | NOUN,inan,femn sing,accs | NOUN,inan,femn sing,datv | NOUN,inan,femn sing,gent | NOUN,inan,femn sing,loct | NOUN,inan,femn sing,nomn	false	1.94	2390	TRUSTED_V1	TRUSTED	ALLOW
кадр	4	EASY	NOUN,inan,masc plur,ablt | NOUN,inan,masc plur,accs | NOUN,inan,masc plur,datv | NOUN,inan,masc plur,gent | NOUN,inan,masc plur,loct | NOUN,inan,masc plur,nomn | NOUN,inan,masc sing,ablt | NOUN,inan,masc sing,accs | NOUN,inan,masc sing,datv | NOUN,inan,masc sing,gent | NOUN,inan,masc sing,loct | NOUN,inan,masc sing,nomn	false	3.90	236	WORDFREQ_RANKED	IN_POOL_REVIEW_REQUIRED	
казино	6	HARD	NOUN,inan,neut,Fixd plur,ablt | NOUN,inan,neut,Fixd plur,accs | NOUN,inan,neut,Fixd plur,datv | NOUN,inan,neut,Fixd plur,gent | NOUN,inan,neut,Fixd plur,loct | NOUN,inan,neut,Fixd plur,nomn | NOUN,inan,neut,Fixd sing,ablt | NOUN,inan,neut,Fixd sing,accs | NOUN,inan,neut,Fixd sing,datv | NOUN,inan,neut,Fixd sing,gent | NOUN,inan,neut,Fixd sing,loct | NOUN,inan,neut,Fixd sing,nomn	false	4.17	165	WORDFREQ_RANKED	IN_POOL_REVIEW_REQUIRED	
кайф	4	EASY	NOUN,inan,masc plur,ablt | NOUN,inan,masc plur,accs | NOUN,inan,masc plur,datv | NOUN,inan,masc plur,gent | NOUN,inan,masc plur,loct | NOUN,inan,masc plur,nomn | NOUN,inan,masc sing,ablt | NOUN,inan,masc sing,accs | NOUN,inan,masc sing,datv | NOUN,inan,masc sing,gent | NOUN,inan,masc sing,loct | NOUN,inan,masc sing,nomn	false	3.58	353	WORDFREQ_RANKED	IN_POOL_REVIEW_REQUIRED	
какао	5	MEDIUM	NOUN,inan,neut,Fixd plur,ablt | NOUN,inan,neut,Fixd plur,accs | NOUN,inan,neut,Fixd plur,datv | NOUN,inan,neut,Fixd plur,gent | NOUN,inan,neut,Fixd plur,loct | NOUN,inan,neut,Fixd plur,nomn | NOUN,inan,neut,Fixd sing,ablt | NOUN,inan,neut,Fixd sing,accs | NOUN,inan,neut,Fixd sing,datv | NOUN,inan,neut,Fixd sing,gent | NOUN,inan,neut,Fixd sing,loct | NOUN,inan,neut,Fixd sing,nomn	false	3.61	476	TRUSTED_V1	TRUSTED	ALLOW
калач	5	MEDIUM	NOUN,inan,masc plur,ablt | NOUN,inan,masc plur,accs | NOUN,inan,masc plur,datv | NOUN,inan,masc plur,gent | NOUN,inan,masc plur,loct | NOUN,inan,masc plur,nomn | NOUN,inan,masc sing,ablt | NOUN,inan,masc sing,accs | NOUN,inan,masc sing,datv | NOUN,inan,masc sing,gent | NOUN,inan,masc sing,loct | NOUN,inan,masc sing,nomn	false	2.74	1371	TRUSTED_V1	TRUSTED	ALLOW
камень	6	HARD	NOUN,inan,masc plur,ablt | NOUN,inan,masc plur,accs | NOUN,inan,masc plur,datv | NOUN,inan,masc plur,gent | NOUN,inan,masc plur,loct | NOUN,inan,masc plur,nomn | NOUN,inan,masc sing,ablt | NOUN,inan,masc sing,accs | NOUN,inan,masc sing,datv | NOUN,inan,masc sing,gent | NOUN,inan,masc sing,loct | NOUN,inan,masc sing,nomn	false	4.61	73	WORDFREQ_RANKED	IN_POOL_REVIEW_REQUIRED	
камера	6	HARD	NOUN,inan,femn plur,ablt | NOUN,inan,femn plur,accs | NOUN,inan,femn plur,datv | NOUN,inan,femn plur,gent | NOUN,inan,femn plur,loct | NOUN,inan,femn plur,nomn | NOUN,inan,femn sing,ablt | NOUN,inan,femn sing,ablt,V-oy | NOUN,inan,femn sing,accs | NOUN,inan,femn sing,datv | NOUN,inan,femn sing,gent | NOUN,inan,femn sing,loct | NOUN,inan,femn sing,nomn	false	4.31	120	WORDFREQ_RANKED	IN_POOL_REVIEW_REQUIRED	
камин	5	MEDIUM	NOUN,inan,masc plur,ablt | NOUN,inan,masc plur,accs | NOUN,inan,masc plur,datv | NOUN,inan,masc plur,gent | NOUN,inan,masc plur,loct | NOUN,inan,masc plur,nomn | NOUN,inan,masc sing,ablt | NOUN,inan,masc sing,accs | NOUN,inan,masc sing,datv | NOUN,inan,masc sing,gent | NOUN,inan,masc sing,loct | NOUN,inan,masc sing,nomn	false	3.41	642	TRUSTED_V1	TRUSTED	ALLOW
камыш	5	MEDIUM	NOUN,inan,masc plur,ablt | NOUN,inan,masc plur,accs | NOUN,inan,masc plur,datv | NOUN,inan,masc plur,gent | NOUN,inan,masc plur,loct | NOUN,inan,masc plur,nomn | NOUN,inan,masc sing,ablt | NOUN,inan,masc sing,accs | NOUN,inan,masc sing,datv | NOUN,inan,masc sing,gent | NOUN,inan,masc sing,loct | NOUN,inan,masc sing,nomn	false	2.91	1158	TRUSTED_V1	TRUSTED	ALLOW
канал	5	MEDIUM	NOUN,inan,masc plur,ablt | NOUN,inan,masc plur,accs | NOUN,inan,masc plur,datv | NOUN,inan,masc plur,gent | NOUN,inan,masc plur,loct | NOUN,inan,masc plur,nomn | NOUN,inan,masc sing,ablt | NOUN,inan,masc sing,accs | NOUN,inan,masc sing,datv | NOUN,inan,masc sing,gent | NOUN,inan,masc sing,loct | NOUN,inan,masc sing,nomn	false	4.65	63	TRUSTED_V1	TRUSTED	ALLOW
канат	5	MEDIUM	NOUN,inan,masc plur,ablt | NOUN,inan,masc plur,accs | NOUN,inan,masc plur,datv | NOUN,inan,masc plur,gent | NOUN,inan,masc plur,loct | NOUN,inan,masc plur,nomn | NOUN,inan,masc sing,ablt | NOUN,inan,masc sing,accs | NOUN,inan,masc sing,datv | NOUN,inan,masc sing,gent | NOUN,inan,masc sing,loct | NOUN,inan,masc sing,nomn	false	3.26	779	TRUSTED_V1	TRUSTED	ALLOW
кантри	6	HARD	NOUN,inan,masc,Fixd plur,ablt | NOUN,inan,masc,Fixd plur,accs | NOUN,inan,masc,Fixd plur,datv | NOUN,inan,masc,Fixd plur,gent | NOUN,inan,masc,Fixd plur,loct | NOUN,inan,masc,Fixd plur,nomn | NOUN,inan,masc,Fixd sing,ablt | NOUN,inan,masc,Fixd sing,accs | NOUN,inan,masc,Fixd sing,datv | NOUN,inan,masc,Fixd sing,gent | NOUN,inan,masc,Fixd sing,loct | NOUN,inan,masc,Fixd sing,nomn	false	3.55	493	WORDFREQ_RANKED	IN_POOL_REVIEW_REQUIRED	
канцлер	7	EXPERT	NOUN,anim,masc plur,ablt | NOUN,anim,masc plur,accs | NOUN,anim,masc plur,datv | NOUN,anim,masc plur,gent | NOUN,anim,masc plur,loct | NOUN,anim,masc plur,nomn | NOUN,anim,masc sing,ablt | NOUN,anim,masc sing,accs | NOUN,anim,masc sing,datv | NOUN,anim,masc sing,gent | NOUN,anim,masc sing,loct | NOUN,anim,masc sing,nomn	false	3.76	321	WORDFREQ_RANKED	IN_POOL_REVIEW_REQUIRED	
капитал	7	EXPERT	NOUN,inan,masc plur,ablt | NOUN,inan,masc plur,accs | NOUN,inan,masc plur,datv | NOUN,inan,masc plur,gent | NOUN,inan,masc plur,loct | NOUN,inan,masc plur,nomn | NOUN,inan,masc sing,ablt | NOUN,inan,masc sing,accs | NOUN,inan,masc sing,datv | NOUN,inan,masc sing,gen2 | NOUN,inan,masc sing,gent | NOUN,inan,masc sing,loct | NOUN,inan,masc sing,nomn	false	4.33	111	WORDFREQ_RANKED	IN_POOL_REVIEW_REQUIRED	
капитан	7	EXPERT	NOUN,anim,masc plur,ablt | NOUN,anim,masc plur,accs | NOUN,anim,masc plur,datv | NOUN,anim,masc plur,gent | NOUN,anim,masc plur,loct | NOUN,anim,masc plur,nomn | NOUN,anim,masc sing,ablt | NOUN,anim,masc sing,accs | NOUN,anim,masc sing,datv | NOUN,anim,masc sing,gent | NOUN,anim,masc sing,loct | NOUN,anim,masc sing,nomn	false	4.92	18	WORDFREQ_RANKED	IN_POOL_REVIEW_REQUIRED	
капля	5	MEDIUM	NOUN,inan,femn plur,ablt | NOUN,inan,femn plur,accs | NOUN,inan,femn plur,datv | NOUN,inan,femn plur,gent | NOUN,inan,femn plur,loct | NOUN,inan,femn plur,nomn | NOUN,inan,femn sing,ablt | NOUN,inan,femn sing,ablt,V-ey | NOUN,inan,femn sing,accs | NOUN,inan,femn sing,datv | NOUN,inan,femn sing,gent | NOUN,inan,femn sing,loct | NOUN,inan,femn sing,nomn	false	3.71	421	TRUSTED_V1	TRUSTED	ALLOW
капот	5	MEDIUM	NOUN,inan,masc plur,ablt | NOUN,inan,masc plur,accs | NOUN,inan,masc plur,datv | NOUN,inan,masc plur,gent | NOUN,inan,masc plur,loct | NOUN,inan,masc plur,nomn | NOUN,inan,masc sing,ablt | NOUN,inan,masc sing,accs | NOUN,inan,masc sing,datv | NOUN,inan,masc sing,gent | NOUN,inan,masc sing,loct | NOUN,inan,masc sing,nomn	false	3.27	767	TRUSTED_V1	TRUSTED	ALLOW
капуста	7	EXPERT	NOUN,inan,femn plur,ablt | NOUN,inan,femn plur,accs | NOUN,inan,femn plur,datv | NOUN,inan,femn plur,gent | NOUN,inan,femn plur,loct | NOUN,inan,femn plur,nomn | NOUN,inan,femn sing,ablt | NOUN,inan,femn sing,ablt,V-oy | NOUN,inan,femn sing,accs | NOUN,inan,femn sing,datv | NOUN,inan,femn sing,gent | NOUN,inan,femn sing,loct | NOUN,inan,femn sing,nomn	false	3.58	425	MANUAL_ALLOW	IN_POOL_REVIEW_REQUIRED	ALLOW
кара	4	EASY	NOUN,inan,femn plur,ablt | NOUN,inan,femn plur,accs | NOUN,inan,femn plur,datv | NOUN,inan,femn plur,gent | NOUN,inan,femn plur,loct | NOUN,inan,femn plur,nomn | NOUN,inan,femn sing,ablt | NOUN,inan,femn sing,ablt,V-oy | NOUN,inan,femn sing,accs | NOUN,inan,femn sing,datv | NOUN,inan,femn sing,gent | NOUN,inan,femn sing,loct | NOUN,inan,femn sing,nomn	false	4.09	180	WORDFREQ_RANKED	IN_POOL_REVIEW_REQUIRED	
караван	7	EXPERT	NOUN,inan,masc plur,ablt | NOUN,inan,masc plur,accs | NOUN,inan,masc plur,datv | NOUN,inan,masc plur,gent | NOUN,inan,masc plur,loct | NOUN,inan,masc plur,nomn | NOUN,inan,masc sing,ablt | NOUN,inan,masc sing,accs | NOUN,inan,masc sing,datv | NOUN,inan,masc sing,gent | NOUN,inan,masc sing,loct | NOUN,inan,masc sing,nomn	false	3.51	465	WORDFREQ_RANKED	IN_POOL_REVIEW_REQUIRED	
караоке	7	EXPERT	NOUN,inan,neut,Fixd plur,ablt | NOUN,inan,neut,Fixd plur,accs | NOUN,inan,neut,Fixd plur,datv | NOUN,inan,neut,Fixd plur,gent | NOUN,inan,neut,Fixd plur,loct | NOUN,inan,neut,Fixd plur,nomn | NOUN,inan,neut,Fixd sing,ablt | NOUN,inan,neut,Fixd sing,accs | NOUN,inan,neut,Fixd sing,datv | NOUN,inan,neut,Fixd sing,gent | NOUN,inan,neut,Fixd sing,loct | NOUN,inan,neut,Fixd sing,nomn	false	3.56	437	WORDFREQ_RANKED	IN_POOL_REVIEW_REQUIRED	
каре	4	EASY	NOUN,inan,neut,Fixd plur,ablt | NOUN,inan,neut,Fixd plur,accs | NOUN,inan,neut,Fixd plur,datv | NOUN,inan,neut,Fixd plur,gent | NOUN,inan,neut,Fixd plur,loct | NOUN,inan,neut,Fixd plur,nomn | NOUN,inan,neut,Fixd sing,ablt | NOUN,inan,neut,Fixd sing,accs | NOUN,inan,neut,Fixd sing,datv | NOUN,inan,neut,Fixd sing,gent | NOUN,inan,neut,Fixd sing,loct | NOUN,inan,neut,Fixd sing,nomn	false	3.33	478	WORDFREQ_RANKED	IN_POOL_REVIEW_REQUIRED	
карман	6	HARD	NOUN,inan,masc plur,ablt | NOUN,inan,masc plur,accs | NOUN,inan,masc plur,datv | NOUN,inan,masc plur,gent | NOUN,inan,masc plur,loct | NOUN,inan,masc plur,nomn | NOUN,inan,masc sing,ablt | NOUN,inan,masc sing,accs | NOUN,inan,masc sing,datv | NOUN,inan,masc sing,gent | NOUN,inan,masc sing,loct | NOUN,inan,masc sing,nomn	false	3.92	255	WORDFREQ_RANKED	IN_POOL_REVIEW_REQUIRED	
карта	5	MEDIUM	NOUN,inan,femn plur,ablt | NOUN,inan,femn plur,accs | NOUN,inan,femn plur,datv | NOUN,inan,femn plur,gent | NOUN,inan,femn plur,loct | NOUN,inan,femn plur,nomn | NOUN,inan,femn sing,ablt | NOUN,inan,femn sing,ablt,V-oy | NOUN,inan,femn sing,accs | NOUN,inan,femn sing,datv | NOUN,inan,femn sing,gent | NOUN,inan,femn sing,loct | NOUN,inan,femn sing,nomn	false	4.54	82	TRUSTED_V1	TRUSTED	ALLOW
картина	7	EXPERT	NOUN,inan,femn plur,ablt | NOUN,inan,femn plur,accs | NOUN,inan,femn plur,datv | NOUN,inan,femn plur,gent | NOUN,inan,femn plur,loct | NOUN,inan,femn plur,nomn | NOUN,inan,femn sing,ablt | NOUN,inan,femn sing,ablt,V-oy | NOUN,inan,femn sing,accs | NOUN,inan,femn sing,datv | NOUN,inan,femn sing,gent | NOUN,inan,femn sing,loct | NOUN,inan,femn sing,nomn	false	4.61	61	MANUAL_ALLOW	IN_POOL_REVIEW_REQUIRED	ALLOW
карьера	7	EXPERT	NOUN,inan,femn plur,ablt | NOUN,inan,femn plur,accs | NOUN,inan,femn plur,datv | NOUN,inan,femn plur,gent | NOUN,inan,femn plur,loct | NOUN,inan,femn plur,nomn | NOUN,inan,femn sing,ablt | NOUN,inan,femn sing,ablt,V-oy | NOUN,inan,femn sing,accs | NOUN,inan,femn sing,datv | NOUN,inan,femn sing,gent | NOUN,inan,femn sing,loct | NOUN,inan,femn sing,nomn	false	4.13	174	WORDFREQ_RANKED	IN_POOL_REVIEW_REQUIRED	
каска	5	MEDIUM	NOUN,inan,femn plur,ablt | NOUN,inan,femn plur,accs | NOUN,inan,femn plur,datv | NOUN,inan,femn plur,gent | NOUN,inan,femn plur,loct | NOUN,inan,femn plur,nomn | NOUN,inan,femn sing,ablt | NOUN,inan,femn sing,ablt,V-oy | NOUN,inan,femn sing,accs | NOUN,inan,femn sing,datv | NOUN,inan,femn sing,gent | NOUN,inan,femn sing,loct | NOUN,inan,femn sing,nomn	false	2.92	1144	TRUSTED_V1	TRUSTED	ALLOW
касса	5	MEDIUM	NOUN,inan,femn plur,ablt | NOUN,inan,femn plur,accs | NOUN,inan,femn plur,datv | NOUN,inan,femn plur,gent | NOUN,inan,femn plur,loct | NOUN,inan,femn plur,nomn | NOUN,inan,femn sing,ablt | NOUN,inan,femn sing,ablt,V-oy | NOUN,inan,femn sing,accs | NOUN,inan,femn sing,datv | NOUN,inan,femn sing,gent | NOUN,inan,femn sing,loct | NOUN,inan,femn sing,nomn	false	3.43	611	TRUSTED_V1	TRUSTED	ALLOW
кастинг	7	EXPERT	NOUN,inan,masc plur,ablt | NOUN,inan,masc plur,accs | NOUN,inan,masc plur,datv | NOUN,inan,masc plur,gent | NOUN,inan,masc plur,loct | NOUN,inan,masc plur,nomn | NOUN,inan,masc sing,ablt | NOUN,inan,masc sing,accs | NOUN,inan,masc sing,datv | NOUN,inan,masc sing,gent | NOUN,inan,masc sing,loct | NOUN,inan,masc sing,nomn	false	3.56	438	WORDFREQ_RANKED	IN_POOL_REVIEW_REQUIRED	
каталог	7	EXPERT	NOUN,inan,masc plur,ablt | NOUN,inan,masc plur,accs | NOUN,inan,masc plur,datv | NOUN,inan,masc plur,gent | NOUN,inan,masc plur,loct | NOUN,inan,masc plur,nomn | NOUN,inan,masc sing,ablt | NOUN,inan,masc sing,accs | NOUN,inan,masc sing,datv | NOUN,inan,masc sing,gent | NOUN,inan,masc sing,loct | NOUN,inan,masc sing,nomn	false	4.23	142	WORDFREQ_RANKED	IN_POOL_REVIEW_REQUIRED	
катание	7	EXPERT	NOUN,inan,neut plur,ablt | NOUN,inan,neut plur,ablt,V-be | NOUN,inan,neut plur,accs | NOUN,inan,neut plur,accs,V-be | NOUN,inan,neut plur,datv | NOUN,inan,neut plur,datv,V-be | NOUN,inan,neut plur,gent | NOUN,inan,neut plur,loct | NOUN,inan,neut plur,loct,V-be | NOUN,inan,neut plur,nomn | NOUN,inan,neut plur,nomn,V-be | NOUN,inan,neut sing,ablt | NOUN,inan,neut sing,ablt,V-be | NOUN,inan,neut sing,accs | NOUN,inan,neut sing,accs,V-be | NOUN,inan,neut sing,datv | NOUN,inan,neut sing,datv,V-be | NOUN,inan,neut sing,gent | NOUN,inan,neut sing,gent,V-be | NOUN,inan,neut sing,loct | NOUN,inan,neut sing,loct,V-be | NOUN,inan,neut sing,loct,V-be,V-bi | NOUN,inan,neut sing,nomn | NOUN,inan,neut sing,nomn,V-be	false	3.71	346	WORDFREQ_RANKED	IN_POOL_REVIEW_REQUIRED	
катер	5	MEDIUM	NOUN,inan,masc plur,ablt | NOUN,inan,masc plur,accs | NOUN,inan,masc plur,datv | NOUN,inan,masc plur,gent | NOUN,inan,masc plur,loct | NOUN,inan,masc plur,nomn | NOUN,inan,masc sing,ablt | NOUN,inan,masc sing,accs | NOUN,inan,masc sing,datv | NOUN,inan,masc sing,gent | NOUN,inan,masc sing,loct | NOUN,inan,masc sing,nomn	false	3.69	434	TRUSTED_V1	TRUSTED	ALLOW
кафе	4	EASY	NOUN,inan,neut,Fixd plur,ablt | NOUN,inan,neut,Fixd plur,accs | NOUN,inan,neut,Fixd plur,datv | NOUN,inan,neut,Fixd plur,gent | NOUN,inan,neut,Fixd plur,loct | NOUN,inan,neut,Fixd plur,nomn | NOUN,inan,neut,Fixd sing,ablt | NOUN,inan,neut,Fixd sing,accs | NOUN,inan,neut,Fixd sing,datv | NOUN,inan,neut,Fixd sing,gent | NOUN,inan,neut,Fixd sing,loct | NOUN,inan,neut,Fixd sing,nomn	false	4.61	76	WORDFREQ_RANKED	IN_POOL_REVIEW_REQUIRED	
кафедра	7	EXPERT	NOUN,inan,femn plur,ablt | NOUN,inan,femn plur,accs | NOUN,inan,femn plur,datv | NOUN,inan,femn plur,gent | NOUN,inan,femn plur,loct | NOUN,inan,femn plur,nomn | NOUN,inan,femn sing,ablt | NOUN,inan,femn sing,ablt,V-oy | NOUN,inan,femn sing,accs | NOUN,inan,femn sing,datv | NOUN,inan,femn sing,gent | NOUN,inan,femn sing,loct | NOUN,inan,femn sing,nomn	false	3.74	332	WORDFREQ_RANKED	IN_POOL_REVIEW_REQUIRED	
каша	4	EASY	NOUN,inan,femn plur,ablt | NOUN,inan,femn plur,accs | NOUN,inan,femn plur,datv | NOUN,inan,femn plur,gent | NOUN,inan,femn plur,loct | NOUN,inan,femn plur,nomn | NOUN,inan,femn sing,ablt | NOUN,inan,femn sing,ablt,V-ey | NOUN,inan,femn sing,accs | NOUN,inan,femn sing,datv | NOUN,inan,femn sing,gent | NOUN,inan,femn sing,loct | NOUN,inan,femn sing,nomn	false	3.50	380	MANUAL_ALLOW	IN_POOL_REVIEW_REQUIRED	ALLOW
каюта	5	MEDIUM	NOUN,inan,femn plur,ablt | NOUN,inan,femn plur,accs | NOUN,inan,femn plur,datv | NOUN,inan,femn plur,gent | NOUN,inan,femn plur,loct | NOUN,inan,femn plur,nomn | NOUN,inan,femn sing,ablt | NOUN,inan,femn sing,ablt,V-oy | NOUN,inan,femn sing,accs | NOUN,inan,femn sing,datv | NOUN,inan,femn sing,gent | NOUN,inan,femn sing,loct | NOUN,inan,femn sing,nomn	false	2.66	1473	TRUSTED_V1	TRUSTED	ALLOW
квадрат	7	EXPERT	NOUN,inan,masc plur,ablt | NOUN,inan,masc plur,accs | NOUN,inan,masc plur,datv | NOUN,inan,masc plur,gent | NOUN,inan,masc plur,loct | NOUN,inan,masc plur,nomn | NOUN,inan,masc sing,ablt | NOUN,inan,masc sing,accs | NOUN,inan,masc sing,datv | NOUN,inan,masc sing,gent | NOUN,inan,masc sing,loct | NOUN,inan,masc sing,nomn	false	3.76	322	WORDFREQ_RANKED	IN_POOL_REVIEW_REQUIRED	
квартал	7	EXPERT	NOUN,inan,masc plur,ablt | NOUN,inan,masc plur,accs | NOUN,inan,masc plur,datv | NOUN,inan,masc plur,gent | NOUN,inan,masc plur,loct | NOUN,inan,masc plur,nomn | NOUN,inan,masc sing,ablt | NOUN,inan,masc sing,accs | NOUN,inan,masc sing,datv | NOUN,inan,masc sing,gent | NOUN,inan,masc sing,loct | NOUN,inan,masc sing,nomn	false	4.18	160	WORDFREQ_RANKED	IN_POOL_REVIEW_REQUIRED	
кейс	4	EASY	NOUN,inan,masc plur,ablt | NOUN,inan,masc plur,accs | NOUN,inan,masc plur,datv | NOUN,inan,masc plur,gent | NOUN,inan,masc plur,loct | NOUN,inan,masc plur,nomn | NOUN,inan,masc sing,ablt | NOUN,inan,masc sing,accs | NOUN,inan,masc sing,datv | NOUN,inan,masc sing,gent | NOUN,inan,masc sing,loct | NOUN,inan,masc sing,nomn	false	3.35	465	WORDFREQ_RANKED	IN_POOL_REVIEW_REQUIRED	
кефир	5	MEDIUM	NOUN,inan,masc plur,ablt | NOUN,inan,masc plur,accs | NOUN,inan,masc plur,datv | NOUN,inan,masc plur,gent | NOUN,inan,masc plur,loct | NOUN,inan,masc plur,nomn | NOUN,inan,masc sing,ablt | NOUN,inan,masc sing,accs | NOUN,inan,masc sing,datv | NOUN,inan,masc sing,gen2 | NOUN,inan,masc sing,gent | NOUN,inan,masc sing,loct | NOUN,inan,masc sing,nomn	false	3.03	1012	TRUSTED_V1	TRUSTED	ALLOW
кило	4	EASY	NOUN,inan,neut,Fixd plur,ablt | NOUN,inan,neut,Fixd plur,accs | NOUN,inan,neut,Fixd plur,datv | NOUN,inan,neut,Fixd plur,gent | NOUN,inan,neut,Fixd plur,loct | NOUN,inan,neut,Fixd plur,nomn | NOUN,inan,neut,Fixd sing,ablt | NOUN,inan,neut,Fixd sing,accs | NOUN,inan,neut,Fixd sing,datv | NOUN,inan,neut,Fixd sing,gent | NOUN,inan,neut,Fixd sing,loct | NOUN,inan,neut,Fixd sing,nomn	false	3.55	362	WORDFREQ_RANKED	IN_POOL_REVIEW_REQUIRED	
кинжал	6	HARD	NOUN,inan,masc plur,ablt | NOUN,inan,masc plur,accs | NOUN,inan,masc plur,datv | NOUN,inan,masc plur,gent | NOUN,inan,masc plur,loct | NOUN,inan,masc plur,nomn | NOUN,inan,masc sing,ablt | NOUN,inan,masc sing,accs | NOUN,inan,masc sing,datv | NOUN,inan,masc sing,gent | NOUN,inan,masc sing,loct | NOUN,inan,masc sing,nomn	false	3.57	474	WORDFREQ_RANKED	IN_POOL_REVIEW_REQUIRED	
кино	4	EASY	NOUN,inan,neut,Fixd plur,ablt | NOUN,inan,neut,Fixd plur,accs | NOUN,inan,neut,Fixd plur,datv | NOUN,inan,neut,Fixd plur,gent | NOUN,inan,neut,Fixd plur,loct | NOUN,inan,neut,Fixd plur,nomn | NOUN,inan,neut,Fixd sing,ablt | NOUN,inan,neut,Fixd sing,ablt,Infr | NOUN,inan,neut,Fixd sing,accs | NOUN,inan,neut,Fixd sing,datv | NOUN,inan,neut,Fixd sing,datv,Infr | NOUN,inan,neut,Fixd sing,gent | NOUN,inan,neut,Fixd sing,gent,Infr | NOUN,inan,neut,Fixd sing,loct | NOUN,inan,neut,Fixd sing,loct,Infr | NOUN,inan,neut,Fixd sing,nomn	false	5.10	14	MANUAL_ALLOW	IN_POOL_REVIEW_REQUIRED	ALLOW
кирпич	6	HARD	NOUN,inan,masc plur,ablt | NOUN,inan,masc plur,accs | NOUN,inan,masc plur,datv | NOUN,inan,masc plur,gent | NOUN,inan,masc plur,loct | NOUN,inan,masc plur,nomn | NOUN,inan,masc sing,ablt | NOUN,inan,masc sing,accs | NOUN,inan,masc sing,datv | NOUN,inan,masc sing,gent | NOUN,inan,masc sing,loct | NOUN,inan,masc sing,nomn	false	3.66	406	WORDFREQ_RANKED	IN_POOL_REVIEW_REQUIRED	
кислота	7	EXPERT	NOUN,inan,femn plur,ablt | NOUN,inan,femn plur,accs | NOUN,inan,femn plur,datv | NOUN,inan,femn plur,gent | NOUN,inan,femn plur,loct | NOUN,inan,femn plur,nomn | NOUN,inan,femn sing,ablt | NOUN,inan,femn sing,ablt,V-oy | NOUN,inan,femn sing,accs | NOUN,inan,femn sing,datv | NOUN,inan,femn sing,gent | NOUN,inan,femn sing,loct | NOUN,inan,femn sing,nomn	false	3.84	271	WORDFREQ_RANKED	IN_POOL_REVIEW_REQUIRED	
кисть	5	MEDIUM	NOUN,inan,femn plur,ablt | NOUN,inan,femn plur,accs | NOUN,inan,femn plur,datv | NOUN,inan,femn plur,gent | NOUN,inan,femn plur,loct | NOUN,inan,femn plur,nomn | NOUN,inan,femn sing,ablt | NOUN,inan,femn sing,accs | NOUN,inan,femn sing,datv | NOUN,inan,femn sing,gent | NOUN,inan,femn sing,loct | NOUN,inan,femn sing,nomn	false	3.49	572	TRUSTED_V1	TRUSTED	ALLOW
клад	4	EASY	NOUN,inan,masc plur,ablt | NOUN,inan,masc plur,accs | NOUN,inan,masc plur,datv | NOUN,inan,masc plur,gent | NOUN,inan,masc plur,loct | NOUN,inan,masc plur,nomn | NOUN,inan,masc sing,ablt | NOUN,inan,masc sing,accs | NOUN,inan,masc sing,datv | NOUN,inan,masc sing,gent | NOUN,inan,masc sing,loct | NOUN,inan,masc sing,nomn	false	3.61	331	WORDFREQ_RANKED	IN_POOL_REVIEW_REQUIRED	
клан	4	EASY	NOUN,inan,masc plur,ablt | NOUN,inan,masc plur,accs | NOUN,inan,masc plur,datv | NOUN,inan,masc plur,gent | NOUN,inan,masc plur,loct | NOUN,inan,masc plur,nomn | NOUN,inan,masc sing,ablt | NOUN,inan,masc sing,accs | NOUN,inan,masc sing,datv | NOUN,inan,masc sing,gent | NOUN,inan,masc sing,loct | NOUN,inan,masc sing,nomn	false	3.69	304	WORDFREQ_RANKED	IN_POOL_REVIEW_REQUIRED	
класс	5	MEDIUM	NOUN,inan,masc plur,ablt | NOUN,inan,masc plur,accs | NOUN,inan,masc plur,datv | NOUN,inan,masc plur,gent | NOUN,inan,masc plur,loct | NOUN,inan,masc plur,nomn | NOUN,inan,masc sing,ablt | NOUN,inan,masc sing,accs | NOUN,inan,masc sing,datv | NOUN,inan,masc sing,gent | NOUN,inan,masc sing,loct | NOUN,inan,masc sing,nomn	false	4.81	42	TRUSTED_V1	TRUSTED	ALLOW
классик	7	EXPERT	NOUN,anim,masc plur,ablt | NOUN,anim,masc plur,accs | NOUN,anim,masc plur,datv | NOUN,anim,masc plur,gent | NOUN,anim,masc plur,loct | NOUN,anim,masc plur,nomn | NOUN,anim,masc sing,ablt | NOUN,anim,masc sing,accs | NOUN,anim,masc sing,datv | NOUN,anim,masc sing,gent | NOUN,anim,masc sing,loct | NOUN,anim,masc sing,nomn	false	3.47	494	WORDFREQ_RANKED	IN_POOL_REVIEW_REQUIRED	
клей	4	EASY	NOUN,inan,masc plur,ablt | NOUN,inan,masc plur,accs | NOUN,inan,masc plur,datv | NOUN,inan,masc plur,gent | NOUN,inan,masc plur,loct | NOUN,inan,masc plur,nomn | NOUN,inan,masc sing,ablt | NOUN,inan,masc sing,accs | NOUN,inan,masc sing,datv | NOUN,inan,masc sing,gen2 | NOUN,inan,masc sing,gent | NOUN,inan,masc sing,loc2 | NOUN,inan,masc sing,loct | NOUN,inan,masc sing,nomn	false	3.63	325	WORDFREQ_RANKED	IN_POOL_REVIEW_REQUIRED	
клетка	6	HARD	NOUN,inan,femn plur,ablt | NOUN,inan,femn plur,accs | NOUN,inan,femn plur,datv | NOUN,inan,femn plur,gent | NOUN,inan,femn plur,loct | NOUN,inan,femn plur,nomn | NOUN,inan,femn sing,ablt | NOUN,inan,femn sing,ablt,V-oy | NOUN,inan,femn sing,accs | NOUN,inan,femn sing,datv | NOUN,inan,femn sing,gent | NOUN,inan,femn sing,loct | NOUN,inan,femn sing,nomn	false	3.68	390	WORDFREQ_RANKED	IN_POOL_REVIEW_REQUIRED	
клиент	6	HARD	NOUN,anim,masc plur,ablt | NOUN,anim,masc plur,accs | NOUN,anim,masc plur,datv | NOUN,anim,masc plur,gent | NOUN,anim,masc plur,loct | NOUN,anim,masc plur,nomn | NOUN,anim,masc sing,ablt | NOUN,anim,masc sing,accs | NOUN,anim,masc sing,datv | NOUN,anim,masc sing,gent | NOUN,anim,masc sing,loct | NOUN,anim,masc sing,nomn | NOUN,inan,masc plur,ablt | NOUN,inan,masc plur,accs | NOUN,inan,masc plur,datv | NOUN,inan,masc plur,gent | NOUN,inan,masc plur,loct | NOUN,inan,masc plur,nomn | NOUN,inan,masc sing,ablt | NOUN,inan,masc sing,accs | NOUN,inan,masc sing,datv | NOUN,inan,masc sing,gent | NOUN,inan,masc sing,loct | NOUN,inan,masc sing,nomn	false	4.43	95	WORDFREQ_RANKED	IN_POOL_REVIEW_REQUIRED	
климат	6	HARD	NOUN,inan,masc plur,ablt | NOUN,inan,masc plur,accs | NOUN,inan,masc plur,datv | NOUN,inan,masc plur,gent | NOUN,inan,masc plur,loct | NOUN,inan,masc plur,nomn | NOUN,inan,masc sing,ablt | NOUN,inan,masc sing,accs | NOUN,inan,masc sing,datv | NOUN,inan,masc sing,gent | NOUN,inan,masc sing,loct | NOUN,inan,masc sing,nomn	false	4.11	185	WORDFREQ_RANKED	IN_POOL_REVIEW_REQUIRED	
клин	4	EASY	NOUN,inan,masc plur,ablt | NOUN,inan,masc plur,accs | NOUN,inan,masc plur,datv | NOUN,inan,masc plur,gent | NOUN,inan,masc plur,loct | NOUN,inan,masc plur,nomn | NOUN,inan,masc sing,ablt | NOUN,inan,masc sing,accs | NOUN,inan,masc sing,datv | NOUN,inan,masc sing,gent | NOUN,inan,masc sing,loct | NOUN,inan,masc sing,nomn	false	3.62	328	WORDFREQ_RANKED	IN_POOL_REVIEW_REQUIRED	
клиника	7	EXPERT	NOUN,inan,femn plur,ablt | NOUN,inan,femn plur,accs | NOUN,inan,femn plur,datv | NOUN,inan,femn plur,gent | NOUN,inan,femn plur,loct | NOUN,inan,femn plur,nomn | NOUN,inan,femn sing,ablt | NOUN,inan,femn sing,ablt,V-oy | NOUN,inan,femn sing,accs | NOUN,inan,femn sing,datv | NOUN,inan,femn sing,gent | NOUN,inan,femn sing,loct | NOUN,inan,femn sing,nomn	false	3.70	355	WORDFREQ_RANKED	IN_POOL_REVIEW_REQUIRED	
клип	4	EASY	NOUN,inan,masc plur,ablt | NOUN,inan,masc plur,accs | NOUN,inan,masc plur,datv | NOUN,inan,masc plur,gent | NOUN,inan,masc plur,loct | NOUN,inan,masc plur,nomn | NOUN,inan,masc sing,ablt | NOUN,inan,masc sing,accs | NOUN,inan,masc sing,datv | NOUN,inan,masc sing,gent | NOUN,inan,masc sing,loct | NOUN,inan,masc sing,nomn	false	4.04	194	WORDFREQ_RANKED	IN_POOL_REVIEW_REQUIRED	
клон	4	EASY	NOUN,anim,masc,Inmx plur,accs,inan | NOUN,anim,masc,Inmx sing,accs,inan | NOUN,inan,masc,Inmx plur,ablt | NOUN,inan,masc,Inmx plur,accs | NOUN,inan,masc,Inmx plur,datv | NOUN,inan,masc,Inmx plur,gent | NOUN,inan,masc,Inmx plur,loct | NOUN,inan,masc,Inmx plur,nomn | NOUN,inan,masc,Inmx sing,ablt | NOUN,inan,masc,Inmx sing,accs | NOUN,inan,masc,Inmx sing,datv | NOUN,inan,masc,Inmx sing,gent | NOUN,inan,masc,Inmx sing,loct | NOUN,inan,masc,Inmx sing,nomn	false	3.37	450	WORDFREQ_RANKED	IN_POOL_REVIEW_REQUIRED	
клоун	5	MEDIUM	NOUN,anim,masc plur,ablt | NOUN,anim,masc plur,accs | NOUN,anim,masc plur,datv | NOUN,anim,masc plur,gent | NOUN,anim,masc plur,loct | NOUN,anim,masc plur,nomn | NOUN,anim,masc sing,ablt | NOUN,anim,masc sing,accs | NOUN,anim,masc sing,datv | NOUN,anim,masc sing,gent | NOUN,anim,masc sing,loct | NOUN,anim,masc sing,nomn	false	3.67	447	TRUSTED_V1	TRUSTED	ALLOW
клуб	4	EASY	NOUN,inan,masc plur,ablt | NOUN,inan,masc plur,accs | NOUN,inan,masc plur,datv | NOUN,inan,masc plur,gent | NOUN,inan,masc plur,loct | NOUN,inan,masc plur,nomn | NOUN,inan,masc sing,ablt | NOUN,inan,masc sing,accs | NOUN,inan,masc sing,datv | NOUN,inan,masc sing,gent | NOUN,inan,masc sing,loct | NOUN,inan,masc sing,nomn	false	5.07	17	WORDFREQ_RANKED	IN_POOL_REVIEW_REQUIRED	
клюв	4	EASY	NOUN,inan,masc plur,ablt | NOUN,inan,masc plur,accs | NOUN,inan,masc plur,datv | NOUN,inan,masc plur,gent | NOUN,inan,masc plur,loct | NOUN,inan,masc plur,nomn | NOUN,inan,masc sing,ablt | NOUN,inan,masc sing,accs | NOUN,inan,masc sing,datv | NOUN,inan,masc sing,gent | NOUN,inan,masc sing,loct | NOUN,inan,masc sing,nomn	false	3.26	527	WORDFREQ_RANKED	IN_POOL_REVIEW_REQUIRED	
ключ	4	EASY	NOUN,inan,masc plur,ablt | NOUN,inan,masc plur,accs | NOUN,inan,masc plur,datv | NOUN,inan,masc plur,gent | NOUN,inan,masc plur,loct | NOUN,inan,masc plur,nomn | NOUN,inan,masc sing,ablt | NOUN,inan,masc sing,accs | NOUN,inan,masc sing,datv | NOUN,inan,masc sing,gent | NOUN,inan,masc sing,loct | NOUN,inan,masc sing,nomn	false	4.68	62	WORDFREQ_RANKED	IN_POOL_REVIEW_REQUIRED	
книга	5	MEDIUM	NOUN,inan,femn plur,ablt | NOUN,inan,femn plur,accs | NOUN,inan,femn plur,datv | NOUN,inan,femn plur,gent | NOUN,inan,femn plur,loct | NOUN,inan,femn plur,nomn | NOUN,inan,femn sing,ablt | NOUN,inan,femn sing,ablt,V-oy | NOUN,inan,femn sing,accs | NOUN,inan,femn sing,datv | NOUN,inan,femn sing,gent | NOUN,inan,femn sing,loct | NOUN,inan,femn sing,nomn	false	5.05	19	TRUSTED_V1	TRUSTED	ALLOW
книжка	6	HARD	NOUN,inan,femn plur,ablt | NOUN,inan,femn plur,accs | NOUN,inan,femn plur,datv | NOUN,inan,femn plur,gent | NOUN,inan,femn plur,loct | NOUN,inan,femn plur,nomn | NOUN,inan,femn sing,ablt | NOUN,inan,femn sing,ablt,V-oy | NOUN,inan,femn sing,accs | NOUN,inan,femn sing,datv | NOUN,inan,femn sing,gent | NOUN,inan,femn sing,loct | NOUN,inan,femn sing,nomn	false	3.82	295	WORDFREQ_RANKED	IN_POOL_REVIEW_REQUIRED	
кнопка	6	HARD	NOUN,inan,femn plur,ablt | NOUN,inan,femn plur,accs | NOUN,inan,femn plur,datv | NOUN,inan,femn plur,gent | NOUN,inan,femn plur,loct | NOUN,inan,femn plur,nomn | NOUN,inan,femn sing,ablt | NOUN,inan,femn sing,ablt,V-oy | NOUN,inan,femn sing,accs | NOUN,inan,femn sing,datv | NOUN,inan,femn sing,gent | NOUN,inan,femn sing,loct | NOUN,inan,femn sing,nomn	false	3.66	407	WORDFREQ_RANKED	IN_POOL_REVIEW_REQUIRED	
кнут	4	EASY	NOUN,inan,masc plur,ablt | NOUN,inan,masc plur,accs | NOUN,inan,masc plur,datv | NOUN,inan,masc plur,gent | NOUN,inan,masc plur,loct | NOUN,inan,masc plur,nomn | NOUN,inan,masc sing,ablt | NOUN,inan,masc sing,accs | NOUN,inan,masc sing,datv | NOUN,inan,masc sing,gent | NOUN,inan,masc sing,loct | NOUN,inan,masc sing,nomn	false	3.34	471	WORDFREQ_RANKED	IN_POOL_REVIEW_REQUIRED	
княгиня	7	EXPERT	NOUN,anim,femn plur,ablt | NOUN,anim,femn plur,accs | NOUN,anim,femn plur,datv | NOUN,anim,femn plur,gent | NOUN,anim,femn plur,loct | NOUN,anim,femn plur,nomn | NOUN,anim,femn sing,ablt | NOUN,anim,femn sing,ablt,V-ey | NOUN,anim,femn sing,accs | NOUN,anim,femn sing,datv | NOUN,anim,femn sing,gent | NOUN,anim,femn sing,loct | NOUN,anim,femn sing,nomn	false	3.60	411	WORDFREQ_RANKED	IN_POOL_REVIEW_REQUIRED	
ковер	5	MEDIUM	NOUN,inan,masc plur,ablt | NOUN,inan,masc plur,accs | NOUN,inan,masc plur,datv | NOUN,inan,masc plur,gent | NOUN,inan,masc plur,loct | NOUN,inan,masc plur,nomn | NOUN,inan,masc sing,ablt | NOUN,inan,masc sing,accs | NOUN,inan,masc sing,datv | NOUN,inan,masc sing,gent | NOUN,inan,masc sing,loct | NOUN,inan,masc sing,nomn	false	3.77	381	TRUSTED_V1	TRUSTED	ALLOW
кодекс	6	HARD	NOUN,inan,masc plur,ablt | NOUN,inan,masc plur,accs | NOUN,inan,masc plur,datv | NOUN,inan,masc plur,gent | NOUN,inan,masc plur,loct | NOUN,inan,masc plur,nomn | NOUN,inan,masc sing,ablt | NOUN,inan,masc sing,accs | NOUN,inan,masc sing,datv | NOUN,inan,masc sing,gent | NOUN,inan,masc sing,loct | NOUN,inan,masc sing,nomn	false	4.28	128	WORDFREQ_RANKED	IN_POOL_REVIEW_REQUIRED	
кожа	4	EASY	NOUN,inan,femn plur,ablt | NOUN,inan,femn plur,accs | NOUN,inan,femn plur,datv | NOUN,inan,femn plur,gent | NOUN,inan,femn plur,loct | NOUN,inan,femn plur,nomn | NOUN,inan,femn sing,ablt | NOUN,inan,femn sing,ablt,V-ey | NOUN,inan,femn sing,accs | NOUN,inan,femn sing,datv | NOUN,inan,femn sing,gent | NOUN,inan,femn sing,loct | NOUN,inan,femn sing,nomn	false	4.21	154	WORDFREQ_RANKED	IN_POOL_REVIEW_REQUIRED	
коза	4	EASY	NOUN,anim,femn plur,ablt | NOUN,anim,femn plur,accs | NOUN,anim,femn plur,datv | NOUN,anim,femn plur,gent | NOUN,anim,femn plur,loct | NOUN,anim,femn plur,nomn | NOUN,anim,femn sing,ablt | NOUN,anim,femn sing,ablt,V-oy | NOUN,anim,femn sing,accs | NOUN,anim,femn sing,datv | NOUN,anim,femn sing,gent | NOUN,anim,femn sing,loct | NOUN,anim,femn sing,nomn	false	3.44	406	WORDFREQ_RANKED	IN_POOL_REVIEW_REQUIRED	
кокс	4	EASY	NOUN,inan,masc plur,ablt | NOUN,inan,masc plur,accs | NOUN,inan,masc plur,datv | NOUN,inan,masc plur,gent | NOUN,inan,masc plur,loct | NOUN,inan,masc plur,nomn | NOUN,inan,masc sing,ablt | NOUN,inan,masc sing,accs | NOUN,inan,masc sing,datv | NOUN,inan,masc sing,gent | NOUN,inan,masc sing,loct | NOUN,inan,masc sing,nomn	false	3.57	356	WORDFREQ_RANKED	IN_POOL_REVIEW_REQUIRED	
колено	6	HARD	NOUN,inan,neut plur,ablt | NOUN,inan,neut plur,accs | NOUN,inan,neut plur,datv | NOUN,inan,neut plur,gent | NOUN,inan,neut plur,loct | NOUN,inan,neut plur,nomn | NOUN,inan,neut sing,ablt | NOUN,inan,neut sing,accs | NOUN,inan,neut sing,datv | NOUN,inan,neut sing,gent | NOUN,inan,neut sing,loct | NOUN,inan,neut sing,nomn	false	3.88	270	WORDFREQ_RANKED	IN_POOL_REVIEW_REQUIRED	
колесо	6	HARD	NOUN,inan,neut plur,ablt | NOUN,inan,neut plur,accs | NOUN,inan,neut plur,datv | NOUN,inan,neut plur,gent | NOUN,inan,neut plur,loct | NOUN,inan,neut plur,nomn | NOUN,inan,neut sing,ablt | NOUN,inan,neut sing,accs | NOUN,inan,neut sing,datv | NOUN,inan,neut sing,gent | NOUN,inan,neut sing,loct | NOUN,inan,neut sing,nomn	false	4.04	204	WORDFREQ_RANKED	IN_POOL_REVIEW_REQUIRED	
колея	5	MEDIUM	NOUN,inan,femn plur,ablt | NOUN,inan,femn plur,accs | NOUN,inan,femn plur,datv | NOUN,inan,femn plur,gent | NOUN,inan,femn plur,loct | NOUN,inan,femn plur,nomn | NOUN,inan,femn sing,ablt | NOUN,inan,femn sing,ablt,V-ey | NOUN,inan,femn sing,accs | NOUN,inan,femn sing,datv | NOUN,inan,femn sing,gent | NOUN,inan,femn sing,loct | NOUN,inan,femn sing,nomn	false	2.77	1334	TRUSTED_V1	TRUSTED	ALLOW
коллега	7	EXPERT	NOUN,anim,ms-f plur,ablt | NOUN,anim,ms-f plur,accs | NOUN,anim,ms-f plur,datv | NOUN,anim,ms-f plur,gent | NOUN,anim,ms-f plur,loct | NOUN,anim,ms-f plur,nomn | NOUN,anim,ms-f sing,ablt | NOUN,anim,ms-f sing,ablt,V-oy | NOUN,anim,ms-f sing,accs | NOUN,anim,ms-f sing,datv | NOUN,anim,ms-f sing,gent | NOUN,anim,ms-f sing,loct | NOUN,anim,ms-f sing,nomn	false	4.03	209	WORDFREQ_RANKED	IN_POOL_REVIEW_REQUIRED	
колледж	7	EXPERT	NOUN,inan,masc plur,ablt | NOUN,inan,masc plur,accs | NOUN,inan,masc plur,datv | NOUN,inan,masc plur,gent | NOUN,inan,masc plur,loct | NOUN,inan,masc plur,nomn | NOUN,inan,masc sing,ablt | NOUN,inan,masc sing,accs | NOUN,inan,masc sing,datv | NOUN,inan,masc sing,gent | NOUN,inan,masc sing,loct | NOUN,inan,masc sing,nomn	false	4.31	119	WORDFREQ_RANKED	IN_POOL_REVIEW_REQUIRED	
колодец	7	EXPERT	NOUN,inan,masc plur,ablt | NOUN,inan,masc plur,accs | NOUN,inan,masc plur,datv | NOUN,inan,masc plur,gent | NOUN,inan,masc plur,loct | NOUN,inan,masc plur,nomn | NOUN,inan,masc sing,ablt | NOUN,inan,masc sing,accs | NOUN,inan,masc sing,datv | NOUN,inan,masc sing,gent | NOUN,inan,masc sing,loct | NOUN,inan,masc sing,nomn	false	3.72	343	WORDFREQ_RANKED	IN_POOL_REVIEW_REQUIRED	
колокол	7	EXPERT	NOUN,inan,masc plur,ablt | NOUN,inan,masc plur,accs | NOUN,inan,masc plur,datv | NOUN,inan,masc plur,gent | NOUN,inan,masc plur,loct | NOUN,inan,masc plur,nomn | NOUN,inan,masc sing,ablt | NOUN,inan,masc sing,accs | NOUN,inan,masc sing,datv | NOUN,inan,masc sing,gent | NOUN,inan,masc sing,loct | NOUN,inan,masc sing,nomn	false	3.70	356	WORDFREQ_RANKED	IN_POOL_REVIEW_REQUIRED	
колония	7	EXPERT	NOUN,inan,femn plur,ablt | NOUN,inan,femn plur,accs | NOUN,inan,femn plur,datv | NOUN,inan,femn plur,gent | NOUN,inan,femn plur,loct | NOUN,inan,femn plur,nomn | NOUN,inan,femn sing,ablt | NOUN,inan,femn sing,ablt,V-ey | NOUN,inan,femn sing,accs | NOUN,inan,femn sing,datv | NOUN,inan,femn sing,gent | NOUN,inan,femn sing,loct | NOUN,inan,femn sing,nomn	false	3.49	482	WORDFREQ_RANKED	IN_POOL_REVIEW_REQUIRED	
колонна	7	EXPERT	NOUN,inan,femn plur,ablt | NOUN,inan,femn plur,accs | NOUN,inan,femn plur,datv | NOUN,inan,femn plur,gent | NOUN,inan,femn plur,loct | NOUN,inan,femn plur,nomn | NOUN,inan,femn sing,ablt | NOUN,inan,femn sing,ablt,V-oy | NOUN,inan,femn sing,accs | NOUN,inan,femn sing,datv | NOUN,inan,femn sing,gent | NOUN,inan,femn sing,loct | NOUN,inan,femn sing,nomn	false	3.97	225	WORDFREQ_RANKED	IN_POOL_REVIEW_REQUIRED	
колос	5	MEDIUM	NOUN,inan,masc plur,ablt | NOUN,inan,masc plur,accs | NOUN,inan,masc plur,datv | NOUN,inan,masc plur,gent | NOUN,inan,masc plur,loct | NOUN,inan,masc plur,nomn | NOUN,inan,masc sing,ablt | NOUN,inan,masc sing,accs | NOUN,inan,masc sing,datv | NOUN,inan,masc sing,gent | NOUN,inan,masc sing,loct | NOUN,inan,masc sing,nomn	false	3.34	707	TRUSTED_V1	TRUSTED	ALLOW
колхоз	6	HARD	NOUN,inan,masc plur,ablt | NOUN,inan,masc plur,accs | NOUN,inan,masc plur,datv | NOUN,inan,masc plur,gent | NOUN,inan,masc plur,loct | NOUN,inan,masc plur,nomn | NOUN,inan,masc sing,ablt | NOUN,inan,masc sing,accs | NOUN,inan,masc sing,datv | NOUN,inan,masc sing,gent | NOUN,inan,masc sing,loct | NOUN,inan,masc sing,nomn	false	3.92	256	WORDFREQ_RANKED	IN_POOL_REVIEW_REQUIRED	
кольцо	6	HARD	NOUN,inan,neut plur,ablt | NOUN,inan,neut plur,accs | NOUN,inan,neut plur,datv | NOUN,inan,neut plur,gent | NOUN,inan,neut plur,loct | NOUN,inan,neut plur,nomn | NOUN,inan,neut sing,ablt | NOUN,inan,neut sing,accs | NOUN,inan,neut sing,datv | NOUN,inan,neut sing,gent | NOUN,inan,neut sing,loct | NOUN,inan,neut sing,nomn	false	4.45	92	WORDFREQ_RANKED	IN_POOL_REVIEW_REQUIRED	
команда	7	EXPERT	NOUN,inan,femn plur,ablt | NOUN,inan,femn plur,accs | NOUN,inan,femn plur,datv | NOUN,inan,femn plur,gent | NOUN,inan,femn plur,loct | NOUN,inan,femn plur,nomn | NOUN,inan,femn sing,ablt | NOUN,inan,femn sing,ablt,V-oy | NOUN,inan,femn sing,accs | NOUN,inan,femn sing,datv | NOUN,inan,femn sing,gent | NOUN,inan,femn sing,loct | NOUN,inan,femn sing,nomn	false	5.07	14	WORDFREQ_RANKED	IN_POOL_REVIEW_REQUIRED	
комар	5	MEDIUM	NOUN,anim,masc plur,ablt | NOUN,anim,masc plur,accs | NOUN,anim,masc plur,datv | NOUN,anim,masc plur,gent | NOUN,anim,masc plur,loct | NOUN,anim,masc plur,nomn | NOUN,anim,masc sing,ablt | NOUN,anim,masc sing,accs | NOUN,anim,masc sing,datv | NOUN,anim,masc sing,gent | NOUN,anim,masc sing,loct | NOUN,anim,masc sing,nomn	false	3.21	826	TRUSTED_V1	TRUSTED	ALLOW
комедия	7	EXPERT	NOUN,inan,femn plur,ablt | NOUN,inan,femn plur,accs | NOUN,inan,femn plur,datv | NOUN,inan,femn plur,gent | NOUN,inan,femn plur,loct | NOUN,inan,femn plur,nomn | NOUN,inan,femn sing,ablt | NOUN,inan,femn sing,ablt,V-ey | NOUN,inan,femn sing,accs | NOUN,inan,femn sing,datv | NOUN,inan,femn sing,gent | NOUN,inan,femn sing,loct | NOUN,inan,femn sing,nomn	false	4.02	213	WORDFREQ_RANKED	IN_POOL_REVIEW_REQUIRED	
комитет	7	EXPERT	NOUN,inan,masc plur,ablt | NOUN,inan,masc plur,accs | NOUN,inan,masc plur,datv | NOUN,inan,masc plur,gent | NOUN,inan,masc plur,loct | NOUN,inan,masc plur,nomn | NOUN,inan,masc sing,ablt | NOUN,inan,masc sing,accs | NOUN,inan,masc sing,datv | NOUN,inan,masc sing,gent | NOUN,inan,masc sing,loct | NOUN,inan,masc sing,nomn	false	4.76	39	WORDFREQ_RANKED	IN_POOL_REVIEW_REQUIRED	
комната	7	EXPERT	NOUN,inan,femn plur,ablt | NOUN,inan,femn plur,accs | NOUN,inan,femn plur,datv | NOUN,inan,femn plur,gent | NOUN,inan,femn plur,loct | NOUN,inan,femn plur,nomn | NOUN,inan,femn sing,ablt | NOUN,inan,femn sing,ablt,V-oy | NOUN,inan,femn sing,accs | NOUN,inan,femn sing,datv | NOUN,inan,femn sing,gent | NOUN,inan,femn sing,loct | NOUN,inan,femn sing,nomn	false	4.38	96	WORDFREQ_RANKED	IN_POOL_REVIEW_REQUIRED	
комод	5	MEDIUM	NOUN,inan,masc plur,ablt | NOUN,inan,masc plur,accs | NOUN,inan,masc plur,datv | NOUN,inan,masc plur,gent | NOUN,inan,masc plur,loct | NOUN,inan,masc plur,nomn | NOUN,inan,masc sing,ablt | NOUN,inan,masc sing,accs | NOUN,inan,masc sing,datv | NOUN,inan,masc sing,gent | NOUN,inan,masc sing,loct | NOUN,inan,masc sing,nomn	false	2.98	1062	TRUSTED_V1	TRUSTED	ALLOW
компас	6	HARD	NOUN,inan,masc plur,ablt | NOUN,inan,masc plur,accs | NOUN,inan,masc plur,datv | NOUN,inan,masc plur,gent | NOUN,inan,masc plur,loct | NOUN,inan,masc plur,nomn | NOUN,inan,masc sing,ablt | NOUN,inan,masc sing,accs | NOUN,inan,masc sing,datv | NOUN,inan,masc sing,gent | NOUN,inan,masc sing,loct | NOUN,inan,masc sing,nomn	false	3.55	494	WORDFREQ_RANKED	IN_POOL_REVIEW_REQUIRED	
комфорт	7	EXPERT	NOUN,inan,masc plur,ablt | NOUN,inan,masc plur,accs | NOUN,inan,masc plur,datv | NOUN,inan,masc plur,gent | NOUN,inan,masc plur,loct | NOUN,inan,masc plur,nomn | NOUN,inan,masc sing,ablt | NOUN,inan,masc sing,accs | NOUN,inan,masc sing,datv | NOUN,inan,masc sing,gent | NOUN,inan,masc sing,loct | NOUN,inan,masc sing,nomn	false	3.60	412	WORDFREQ_RANKED	IN_POOL_REVIEW_REQUIRED	
конверт	7	EXPERT	NOUN,inan,masc plur,ablt | NOUN,inan,masc plur,accs | NOUN,inan,masc plur,datv | NOUN,inan,masc plur,gent | NOUN,inan,masc plur,loct | NOUN,inan,masc plur,nomn | NOUN,inan,masc sing,ablt | NOUN,inan,masc sing,accs | NOUN,inan,masc sing,datv | NOUN,inan,masc sing,gent | NOUN,inan,masc sing,loct | NOUN,inan,masc sing,nomn	false	3.71	347	WORDFREQ_RANKED	IN_POOL_REVIEW_REQUIRED	
конвой	6	HARD	NOUN,inan,masc plur,ablt | NOUN,inan,masc plur,accs | NOUN,inan,masc plur,datv | NOUN,inan,masc plur,gent | NOUN,inan,masc plur,loct | NOUN,inan,masc plur,nomn | NOUN,inan,masc sing,ablt | NOUN,inan,masc sing,accs | NOUN,inan,masc sing,datv | NOUN,inan,masc sing,gent | NOUN,inan,masc sing,loct | NOUN,inan,masc sing,nomn	false	3.73	350	WORDFREQ_RANKED	IN_POOL_REVIEW_REQUIRED	
конец	5	MEDIUM	NOUN,inan,masc plur,ablt | NOUN,inan,masc plur,accs | NOUN,inan,masc plur,datv | NOUN,inan,masc plur,gent | NOUN,inan,masc plur,loct | NOUN,inan,masc plur,nomn | NOUN,inan,masc sing,ablt | NOUN,inan,masc sing,accs | NOUN,inan,masc sing,datv | NOUN,inan,masc sing,gent | NOUN,inan,masc sing,loct | NOUN,inan,masc sing,nomn	false	4.98	25	TRUSTED_V1	TRUSTED	ALLOW
конкурс	7	EXPERT	NOUN,inan,masc plur,ablt | NOUN,inan,masc plur,accs | NOUN,inan,masc plur,datv | NOUN,inan,masc plur,gent | NOUN,inan,masc plur,loct | NOUN,inan,masc plur,nomn | NOUN,inan,masc sing,ablt | NOUN,inan,masc sing,accs | NOUN,inan,masc sing,datv | NOUN,inan,masc sing,gent | NOUN,inan,masc sing,loct | NOUN,inan,masc sing,nomn	false	4.64	55	WORDFREQ_RANKED	IN_POOL_REVIEW_REQUIRED	
консул	6	HARD	NOUN,anim,masc plur,ablt | NOUN,anim,masc plur,accs | NOUN,anim,masc plur,datv | NOUN,anim,masc plur,gent | NOUN,anim,masc plur,loct | NOUN,anim,masc plur,nomn | NOUN,anim,masc sing,ablt | NOUN,anim,masc sing,accs | NOUN,anim,masc sing,datv | NOUN,anim,masc sing,gent | NOUN,anim,masc sing,loct | NOUN,anim,masc sing,nomn	false	3.56	483	WORDFREQ_RANKED	IN_POOL_REVIEW_REQUIRED	
контакт	7	EXPERT	NOUN,inan,masc plur,ablt | NOUN,inan,masc plur,accs | NOUN,inan,masc plur,datv | NOUN,inan,masc plur,gent | NOUN,inan,masc plur,loct | NOUN,inan,masc plur,nomn | NOUN,inan,masc sing,ablt | NOUN,inan,masc sing,accs | NOUN,inan,masc sing,datv | NOUN,inan,masc sing,gent | NOUN,inan,masc sing,loct | NOUN,inan,masc sing,nomn	false	4.27	128	WORDFREQ_RANKED	IN_POOL_REVIEW_REQUIRED	
контент	7	EXPERT	NOUN,inan,masc plur,ablt | NOUN,inan,masc plur,accs | NOUN,inan,masc plur,datv | NOUN,inan,masc plur,gent | NOUN,inan,masc plur,loct | NOUN,inan,masc plur,nomn | NOUN,inan,masc sing,ablt | NOUN,inan,masc sing,accs | NOUN,inan,masc sing,datv | NOUN,inan,masc sing,gent | NOUN,inan,masc sing,loct | NOUN,inan,masc sing,nomn	false	3.82	287	WORDFREQ_RANKED	IN_POOL_REVIEW_REQUIRED	
контора	7	EXPERT	NOUN,inan,femn plur,ablt | NOUN,inan,femn plur,accs | NOUN,inan,femn plur,datv | NOUN,inan,femn plur,gent | NOUN,inan,femn plur,loct | NOUN,inan,femn plur,nomn | NOUN,inan,femn sing,ablt | NOUN,inan,femn sing,ablt,V-oy | NOUN,inan,femn sing,accs | NOUN,inan,femn sing,datv | NOUN,inan,femn sing,gent | NOUN,inan,femn sing,loct | NOUN,inan,femn sing,nomn	false	3.63	394	WORDFREQ_RANKED	IN_POOL_REVIEW_REQUIRED	
концепт	7	EXPERT	NOUN,inan,masc plur,ablt | NOUN,inan,masc plur,accs | NOUN,inan,masc plur,datv | NOUN,inan,masc plur,gent | NOUN,inan,masc plur,loct | NOUN,inan,masc plur,nomn | NOUN,inan,masc sing,ablt | NOUN,inan,masc sing,accs | NOUN,inan,masc sing,datv | NOUN,inan,masc sing,gent | NOUN,inan,masc sing,loct | NOUN,inan,masc sing,nomn	false	3.69	364	WORDFREQ_RANKED	IN_POOL_REVIEW_REQUIRED	
концерн	7	EXPERT	NOUN,inan,masc plur,ablt | NOUN,inan,masc plur,accs | NOUN,inan,masc plur,datv | NOUN,inan,masc plur,gent | NOUN,inan,masc plur,loct | NOUN,inan,masc plur,nomn | NOUN,inan,masc sing,ablt | NOUN,inan,masc sing,accs | NOUN,inan,masc sing,datv | NOUN,inan,masc sing,gent | NOUN,inan,masc sing,loct | NOUN,inan,masc sing,nomn	false	3.60	413	WORDFREQ_RANKED	IN_POOL_REVIEW_REQUIRED	
концерт	7	EXPERT	NOUN,inan,masc plur,ablt | NOUN,inan,masc plur,accs | NOUN,inan,masc plur,datv | NOUN,inan,masc plur,gent | NOUN,inan,masc plur,loct | NOUN,inan,masc plur,nomn | NOUN,inan,masc sing,ablt | NOUN,inan,masc sing,accs | NOUN,inan,masc sing,datv | NOUN,inan,masc sing,gent | NOUN,inan,masc sing,loct | NOUN,inan,masc sing,nomn	false	4.65	51	WORDFREQ_RANKED	IN_POOL_REVIEW_REQUIRED	
конь	4	EASY	NOUN,anim,masc plur,ablt | NOUN,anim,masc plur,accs | NOUN,anim,masc plur,datv | NOUN,anim,masc plur,gent | NOUN,anim,masc plur,loct | NOUN,anim,masc plur,nomn | NOUN,anim,masc sing,ablt | NOUN,anim,masc sing,accs | NOUN,anim,masc sing,datv | NOUN,anim,masc sing,gent | NOUN,anim,masc sing,loct | NOUN,anim,masc sing,nomn	false	4.05	191	WORDFREQ_RANKED	IN_POOL_REVIEW_REQUIRED	
копье	5	MEDIUM	NOUN,inan,neut plur,ablt | NOUN,inan,neut plur,accs | NOUN,inan,neut plur,datv | NOUN,inan,neut plur,gent | NOUN,inan,neut plur,loct | NOUN,inan,neut plur,nomn | NOUN,inan,neut sing,ablt | NOUN,inan,neut sing,accs | NOUN,inan,neut sing,datv | NOUN,inan,neut sing,gent | NOUN,inan,neut sing,loct | NOUN,inan,neut sing,nomn	false	3.31	733	TRUSTED_V1	TRUSTED	ALLOW
кора	4	EASY	NOUN,inan,femn,Sgtm sing,ablt | NOUN,inan,femn,Sgtm sing,ablt,V-oy | NOUN,inan,femn,Sgtm sing,accs | NOUN,inan,femn,Sgtm sing,datv | NOUN,inan,femn,Sgtm sing,gent | NOUN,inan,femn,Sgtm sing,loct | NOUN,inan,femn,Sgtm sing,nomn	false	3.72	291	WORDFREQ_RANKED	IN_POOL_REVIEW_REQUIRED	
корабль	7	EXPERT	NOUN,inan,masc plur,ablt | NOUN,inan,masc plur,accs | NOUN,inan,masc plur,datv | NOUN,inan,masc plur,gent | NOUN,inan,masc plur,loct | NOUN,inan,masc plur,nomn | NOUN,inan,masc sing,ablt | NOUN,inan,masc sing,accs | NOUN,inan,masc sing,datv | NOUN,inan,masc sing,gent | NOUN,inan,masc sing,loct | NOUN,inan,masc sing,nomn	false	4.72	43	MANUAL_ALLOW	IN_POOL_REVIEW_REQUIRED	ALLOW
корень	6	HARD	NOUN,inan,masc plur,ablt | NOUN,inan,masc plur,accs | NOUN,inan,masc plur,datv | NOUN,inan,masc plur,gent | NOUN,inan,masc plur,loct | NOUN,inan,masc plur,nomn | NOUN,inan,masc sing,ablt | NOUN,inan,masc sing,accs | NOUN,inan,masc sing,datv | NOUN,inan,masc sing,gent | NOUN,inan,masc sing,loc2 | NOUN,inan,masc sing,loct | NOUN,inan,masc sing,nomn	false	3.91	262	WORDFREQ_RANKED	IN_POOL_REVIEW_REQUIRED	
коридор	7	EXPERT	NOUN,inan,masc plur,ablt | NOUN,inan,masc plur,accs | NOUN,inan,masc plur,datv | NOUN,inan,masc plur,gent | NOUN,inan,masc plur,loct | NOUN,inan,masc plur,nomn | NOUN,inan,masc sing,ablt | NOUN,inan,masc sing,accs | NOUN,inan,masc sing,datv | NOUN,inan,masc sing,gent | NOUN,inan,masc sing,loct | NOUN,inan,masc sing,nomn	false	3.98	221	WORDFREQ_RANKED	IN_POOL_REVIEW_REQUIRED	
корм	4	EASY	NOUN,inan,masc plur,ablt | NOUN,inan,masc plur,accs | NOUN,inan,masc plur,datv | NOUN,inan,masc plur,gent | NOUN,inan,masc plur,loct | NOUN,inan,masc plur,nomn | NOUN,inan,masc sing,ablt | NOUN,inan,masc sing,accs | NOUN,inan,masc sing,datv | NOUN,inan,masc sing,gen2 | NOUN,inan,masc sing,gent | NOUN,inan,masc sing,loct | NOUN,inan,masc sing,nomn	false	3.75	280	WORDFREQ_RANKED	IN_POOL_REVIEW_REQUIRED	
коробка	7	EXPERT	NOUN,inan,femn plur,ablt | NOUN,inan,femn plur,accs | NOUN,inan,femn plur,datv | NOUN,inan,femn plur,gent | NOUN,inan,femn plur,loct | NOUN,inan,femn plur,nomn | NOUN,inan,femn sing,ablt | NOUN,inan,femn sing,ablt,V-oy | NOUN,inan,femn sing,accs | NOUN,inan,femn sing,datv | NOUN,inan,femn sing,gent | NOUN,inan,femn sing,loct | NOUN,inan,femn sing,nomn	false	3.87	258	WORDFREQ_RANKED	IN_POOL_REVIEW_REQUIRED	
корова	6	HARD	NOUN,anim,femn plur,ablt | NOUN,anim,femn plur,accs | NOUN,anim,femn plur,datv | NOUN,anim,femn plur,gent | NOUN,anim,femn plur,loct | NOUN,anim,femn plur,nomn | NOUN,anim,femn sing,ablt | NOUN,anim,femn sing,ablt,V-oy | NOUN,anim,femn sing,accs | NOUN,anim,femn sing,datv | NOUN,anim,femn sing,gent | NOUN,anim,femn sing,loct | NOUN,anim,femn sing,nomn	false	3.82	296	WORDFREQ_RANKED	IN_POOL_REVIEW_REQUIRED	
король	6	HARD	NOUN,anim,masc plur,ablt | NOUN,anim,masc plur,accs | NOUN,anim,masc plur,datv | NOUN,anim,masc plur,gent | NOUN,anim,masc plur,loct | NOUN,anim,masc plur,nomn | NOUN,anim,masc sing,ablt | NOUN,anim,masc sing,accs | NOUN,anim,masc sing,datv | NOUN,anim,masc sing,gent | NOUN,anim,masc sing,loct | NOUN,anim,masc sing,nomn	false	4.81	38	WORDFREQ_RANKED	IN_POOL_REVIEW_REQUIRED	
корона	6	HARD	NOUN,inan,femn plur,ablt | NOUN,inan,femn plur,accs | NOUN,inan,femn plur,datv | NOUN,inan,femn plur,gent | NOUN,inan,femn plur,loct | NOUN,inan,femn plur,nomn | NOUN,inan,femn sing,ablt | NOUN,inan,femn sing,ablt,V-oy | NOUN,inan,femn sing,accs | NOUN,inan,femn sing,datv | NOUN,inan,femn sing,gent | NOUN,inan,femn sing,loct | NOUN,inan,femn sing,nomn	false	3.67	399	WORDFREQ_RANKED	IN_POOL_REVIEW_REQUIRED	
корпус	6	HARD	NOUN,inan,masc plur,ablt | NOUN,inan,masc plur,accs | NOUN,inan,masc plur,accs,Infr | NOUN,inan,masc plur,datv | NOUN,inan,masc plur,gent | NOUN,inan,masc plur,loct | NOUN,inan,masc plur,nomn | NOUN,inan,masc plur,nomn,Infr | NOUN,inan,masc sing,ablt | NOUN,inan,masc sing,accs | NOUN,inan,masc sing,datv | NOUN,inan,masc sing,gent | NOUN,inan,masc sing,loct | NOUN,inan,masc sing,nomn	false	4.37	104	WORDFREQ_RANKED	IN_POOL_REVIEW_REQUIRED	
корт	4	EASY	NOUN,inan,masc plur,ablt | NOUN,inan,masc plur,accs | NOUN,inan,masc plur,datv | NOUN,inan,masc plur,gent | NOUN,inan,masc plur,loct | NOUN,inan,masc plur,nomn | NOUN,inan,masc sing,ablt | NOUN,inan,masc sing,accs | NOUN,inan,masc sing,datv | NOUN,inan,masc sing,gent | NOUN,inan,masc sing,loct | NOUN,inan,masc sing,nomn	false	3.54	367	WORDFREQ_RANKED	IN_POOL_REVIEW_REQUIRED	
коса	4	EASY	NOUN,inan,femn plur,ablt | NOUN,inan,femn plur,accs | NOUN,inan,femn plur,datv | NOUN,inan,femn plur,gent | NOUN,inan,femn plur,loct | NOUN,inan,femn plur,nomn | NOUN,inan,femn sing,ablt | NOUN,inan,femn sing,ablt,V-oy | NOUN,inan,femn sing,accs | NOUN,inan,femn sing,datv | NOUN,inan,femn sing,gent | NOUN,inan,femn sing,loct | NOUN,inan,femn sing,nomn	false	3.47	392	WORDFREQ_RANKED	IN_POOL_REVIEW_REQUIRED	
космос	6	HARD	NOUN,inan,masc plur,ablt | NOUN,inan,masc plur,accs | NOUN,inan,masc plur,datv | NOUN,inan,masc plur,gent | NOUN,inan,masc plur,loct | NOUN,inan,masc plur,nomn | NOUN,inan,masc sing,ablt | NOUN,inan,masc sing,accs | NOUN,inan,masc sing,datv | NOUN,inan,masc sing,gent | NOUN,inan,masc sing,loct | NOUN,inan,masc sing,nomn	false	4.32	117	WORDFREQ_RANKED	IN_POOL_REVIEW_REQUIRED	
костер	6	HARD	NOUN,inan,masc plur,ablt | NOUN,inan,masc plur,accs | NOUN,inan,masc plur,datv | NOUN,inan,masc plur,gent | NOUN,inan,masc plur,loct | NOUN,inan,masc plur,nomn | NOUN,inan,masc sing,ablt | NOUN,inan,masc sing,accs | NOUN,inan,masc sing,datv | NOUN,inan,masc sing,gent | NOUN,inan,masc sing,loct | NOUN,inan,masc sing,nomn	false	3.72	354	WORDFREQ_RANKED	IN_POOL_REVIEW_REQUIRED	
кость	5	MEDIUM	NOUN,inan,femn plur,ablt | NOUN,inan,femn plur,ablt,Arch | NOUN,inan,femn plur,accs | NOUN,inan,femn plur,datv | NOUN,inan,femn plur,gent | NOUN,inan,femn plur,loct | NOUN,inan,femn plur,nomn | NOUN,inan,femn sing,ablt | NOUN,inan,femn sing,accs | NOUN,inan,femn sing,datv | NOUN,inan,femn sing,gent | NOUN,inan,femn sing,loct | NOUN,inan,femn sing,nomn	false	3.96	282	TRUSTED_V1	TRUSTED	ALLOW
костюм	6	HARD	NOUN,inan,masc plur,ablt | NOUN,inan,masc plur,accs | NOUN,inan,masc plur,datv | NOUN,inan,masc plur,gent | NOUN,inan,masc plur,loct | NOUN,inan,masc plur,nomn | NOUN,inan,masc sing,ablt | NOUN,inan,masc sing,accs | NOUN,inan,masc sing,datv | NOUN,inan,masc sing,gent | NOUN,inan,masc sing,loct | NOUN,inan,masc sing,nomn	false	4.35	112	WORDFREQ_RANKED	IN_POOL_REVIEW_REQUIRED	
котел	5	MEDIUM	NOUN,inan,masc plur,ablt | NOUN,inan,masc plur,accs | NOUN,inan,masc plur,datv | NOUN,inan,masc plur,gent | NOUN,inan,masc plur,loct | NOUN,inan,masc plur,nomn | NOUN,inan,masc sing,ablt | NOUN,inan,masc sing,accs | NOUN,inan,masc sing,datv | NOUN,inan,masc sing,gent | NOUN,inan,masc sing,loct | NOUN,inan,masc sing,nomn	false	3.56	525	TRUSTED_V1	TRUSTED	ALLOW
кото	4	EASY	NOUN,inan,masc,Fixd plur,ablt | NOUN,inan,masc,Fixd plur,accs | NOUN,inan,masc,Fixd plur,datv | NOUN,inan,masc,Fixd plur,gent | NOUN,inan,masc,Fixd plur,loct | NOUN,inan,masc,Fixd plur,nomn | NOUN,inan,masc,Fixd sing,ablt | NOUN,inan,masc,Fixd sing,accs | NOUN,inan,masc,Fixd sing,datv | NOUN,inan,masc,Fixd sing,gent | NOUN,inan,masc,Fixd sing,loct | NOUN,inan,masc,Fixd sing,nomn	false	3.37	451	WORDFREQ_RANKED	IN_POOL_REVIEW_REQUIRED	
кофе	4	EASY	NOUN,inan,masc,Fixd,Ms-f plur,ablt | NOUN,inan,masc,Fixd,Ms-f plur,accs | NOUN,inan,masc,Fixd,Ms-f plur,datv | NOUN,inan,masc,Fixd,Ms-f plur,gent | NOUN,inan,masc,Fixd,Ms-f plur,loct | NOUN,inan,masc,Fixd,Ms-f plur,nomn | NOUN,inan,masc,Fixd,Ms-f sing,ablt | NOUN,inan,masc,Fixd,Ms-f sing,accs | NOUN,inan,masc,Fixd,Ms-f sing,datv | NOUN,inan,masc,Fixd,Ms-f sing,gent | NOUN,inan,masc,Fixd,Ms-f sing,loct | NOUN,inan,masc,Fixd,Ms-f sing,nomn	false	4.89	39	MANUAL_ALLOW	IN_POOL_REVIEW_REQUIRED	ALLOW
кофта	5	MEDIUM	NOUN,inan,femn plur,ablt | NOUN,inan,femn plur,accs | NOUN,inan,femn plur,datv | NOUN,inan,femn plur,gent | NOUN,inan,femn plur,loct | NOUN,inan,femn plur,nomn | NOUN,inan,femn sing,ablt | NOUN,inan,femn sing,ablt,V-oy | NOUN,inan,femn sing,accs | NOUN,inan,femn sing,datv | NOUN,inan,femn sing,gent | NOUN,inan,femn sing,loct | NOUN,inan,femn sing,nomn	false	2.78	1321	TRUSTED_V1	TRUSTED	ALLOW
кошелек	7	EXPERT	NOUN,inan,masc plur,ablt | NOUN,inan,masc plur,accs | NOUN,inan,masc plur,datv | NOUN,inan,masc plur,gent | NOUN,inan,masc plur,loct | NOUN,inan,masc plur,nomn | NOUN,inan,masc sing,ablt | NOUN,inan,masc sing,accs | NOUN,inan,masc sing,datv | NOUN,inan,masc sing,gent | NOUN,inan,masc sing,loct | NOUN,inan,masc sing,nomn	false	3.77	314	WORDFREQ_RANKED	IN_POOL_REVIEW_REQUIRED	
кошка	5	MEDIUM	NOUN,anim,femn plur,ablt | NOUN,anim,femn plur,accs | NOUN,anim,femn plur,datv | NOUN,anim,femn plur,gent | NOUN,anim,femn plur,loct | NOUN,anim,femn plur,nomn | NOUN,anim,femn sing,ablt | NOUN,anim,femn sing,ablt,V-oy | NOUN,anim,femn sing,accs | NOUN,anim,femn sing,datv | NOUN,anim,femn sing,gent | NOUN,anim,femn sing,loct | NOUN,anim,femn sing,nomn | NOUN,inan,femn plur,ablt | NOUN,inan,femn plur,accs | NOUN,inan,femn plur,datv | NOUN,inan,femn plur,gent | NOUN,inan,femn plur,loct | NOUN,inan,femn plur,nomn | NOUN,inan,femn sing,ablt | NOUN,inan,femn sing,ablt,V-oy | NOUN,inan,femn sing,accs | NOUN,inan,femn sing,datv | NOUN,inan,femn sing,gent | NOUN,inan,femn sing,loct | NOUN,inan,femn sing,nomn	false	4.07	244	TRUSTED_V1	TRUSTED	ALLOW
кошмар	6	HARD	NOUN,inan,masc plur,ablt | NOUN,inan,masc plur,accs | NOUN,inan,masc plur,datv | NOUN,inan,masc plur,gent | NOUN,inan,masc plur,loct | NOUN,inan,masc plur,nomn | NOUN,inan,masc sing,ablt | NOUN,inan,masc sing,accs | NOUN,inan,masc sing,datv | NOUN,inan,masc sing,gent | NOUN,inan,masc sing,loct | NOUN,inan,masc sing,nomn	false	4.03	209	WORDFREQ_RANKED	IN_POOL_REVIEW_REQUIRED	
край	4	EASY	NOUN,inan,masc plur,ablt | NOUN,inan,masc plur,accs | NOUN,inan,masc plur,datv | NOUN,inan,masc plur,gent | NOUN,inan,masc plur,loct | NOUN,inan,masc plur,nomn | NOUN,inan,masc sing,ablt | NOUN,inan,masc sing,accs | NOUN,inan,masc sing,datv | NOUN,inan,masc sing,gen2 | NOUN,inan,masc sing,gent | NOUN,inan,masc sing,loc2 | NOUN,inan,masc sing,loct | NOUN,inan,masc sing,nomn	false	4.68	63	WORDFREQ_RANKED	IN_POOL_REVIEW_REQUIRED	
кран	4	EASY	NOUN,inan,masc plur,ablt | NOUN,inan,masc plur,accs | NOUN,inan,masc plur,datv | NOUN,inan,masc plur,gent | NOUN,inan,masc plur,loct | NOUN,inan,masc plur,nomn | NOUN,inan,masc sing,ablt | NOUN,inan,masc sing,accs | NOUN,inan,masc sing,datv | NOUN,inan,masc sing,gent | NOUN,inan,masc sing,loct | NOUN,inan,masc sing,nomn	false	3.73	288	WORDFREQ_RANKED	IN_POOL_REVIEW_REQUIRED	
краска	6	HARD	NOUN,inan,femn plur,ablt | NOUN,inan,femn plur,accs | NOUN,inan,femn plur,datv | NOUN,inan,femn plur,gent | NOUN,inan,femn plur,loct | NOUN,inan,femn plur,nomn | NOUN,inan,femn sing,ablt | NOUN,inan,femn sing,ablt,V-oy | NOUN,inan,femn sing,accs | NOUN,inan,femn sing,datv | NOUN,inan,femn sing,gent | NOUN,inan,femn sing,loct | NOUN,inan,femn sing,nomn	false	3.63	426	WORDFREQ_RANKED	IN_POOL_REVIEW_REQUIRED	
красота	7	EXPERT	NOUN,inan,femn plur,ablt | NOUN,inan,femn plur,accs | NOUN,inan,femn plur,datv | NOUN,inan,femn plur,gent | NOUN,inan,femn plur,loct | NOUN,inan,femn plur,nomn | NOUN,inan,femn sing,ablt | NOUN,inan,femn sing,ablt,V-oy | NOUN,inan,femn sing,accs | NOUN,inan,femn sing,datv | NOUN,inan,femn sing,gent | NOUN,inan,femn sing,loct | NOUN,inan,femn sing,nomn	false	4.24	138	WORDFREQ_RANKED	IN_POOL_REVIEW_REQUIRED	
крах	4	EASY	NOUN,inan,masc plur,ablt | NOUN,inan,masc plur,accs | NOUN,inan,masc plur,datv | NOUN,inan,masc plur,gent | NOUN,inan,masc plur,loct | NOUN,inan,masc plur,nomn | NOUN,inan,masc sing,ablt | NOUN,inan,masc sing,accs | NOUN,inan,masc sing,datv | NOUN,inan,masc sing,gent | NOUN,inan,masc sing,loct | NOUN,inan,masc sing,nomn	false	3.72	292	WORDFREQ_RANKED	IN_POOL_REVIEW_REQUIRED	
кредит	6	HARD	NOUN,inan,masc plur,ablt | NOUN,inan,masc plur,accs | NOUN,inan,masc plur,datv | NOUN,inan,masc plur,gent | NOUN,inan,masc plur,loct | NOUN,inan,masc plur,nomn | NOUN,inan,masc sing,ablt | NOUN,inan,masc sing,accs | NOUN,inan,masc sing,datv | NOUN,inan,masc sing,gent | NOUN,inan,masc sing,loct | NOUN,inan,masc sing,nomn	false	4.45	93	WORDFREQ_RANKED	IN_POOL_REVIEW_REQUIRED	
крейсер	7	EXPERT	NOUN,inan,masc plur,ablt | NOUN,inan,masc plur,accs | NOUN,inan,masc plur,accs,Infr | NOUN,inan,masc plur,datv | NOUN,inan,masc plur,gent | NOUN,inan,masc plur,loct | NOUN,inan,masc plur,nomn | NOUN,inan,masc plur,nomn,Infr | NOUN,inan,masc sing,ablt | NOUN,inan,masc sing,accs | NOUN,inan,masc sing,datv | NOUN,inan,masc sing,gent | NOUN,inan,masc sing,loct | NOUN,inan,masc sing,nomn	false	3.71	348	WORDFREQ_RANKED	IN_POOL_REVIEW_REQUIRED	
крем	4	EASY	NOUN,inan,masc plur,ablt | NOUN,inan,masc plur,accs | NOUN,inan,masc plur,datv | NOUN,inan,masc plur,gent | NOUN,inan,masc plur,loct | NOUN,inan,masc plur,nomn | NOUN,inan,masc sing,ablt | NOUN,inan,masc sing,accs | NOUN,inan,masc sing,datv | NOUN,inan,masc sing,gen2 | NOUN,inan,masc sing,gent | NOUN,inan,masc sing,loc2 | NOUN,inan,masc sing,loct | NOUN,inan,masc sing,nomn	false	3.79	269	WORDFREQ_RANKED	IN_POOL_REVIEW_REQUIRED	
кресло	6	HARD	NOUN,inan,neut plur,ablt | NOUN,inan,neut plur,accs | NOUN,inan,neut plur,datv | NOUN,inan,neut plur,gent | NOUN,inan,neut plur,loct | NOUN,inan,neut plur,nomn | NOUN,inan,neut sing,ablt | NOUN,inan,neut sing,accs | NOUN,inan,neut sing,datv | NOUN,inan,neut sing,gent | NOUN,inan,neut sing,loct | NOUN,inan,neut sing,nomn	false	4.22	152	WORDFREQ_RANKED	IN_POOL_REVIEW_REQUIRED	
крест	5	MEDIUM	NOUN,inan,masc plur,ablt | NOUN,inan,masc plur,accs | NOUN,inan,masc plur,datv | NOUN,inan,masc plur,gent | NOUN,inan,masc plur,loct | NOUN,inan,masc plur,nomn | NOUN,inan,masc sing,ablt | NOUN,inan,masc sing,accs | NOUN,inan,masc sing,datv | NOUN,inan,masc sing,gent | NOUN,inan,masc sing,loct | NOUN,inan,masc sing,nomn	false	4.32	142	TRUSTED_V1	TRUSTED	ALLOW
кризис	6	HARD	NOUN,inan,masc plur,ablt | NOUN,inan,masc plur,accs | NOUN,inan,masc plur,datv | NOUN,inan,masc plur,gent | NOUN,inan,masc plur,loct | NOUN,inan,masc plur,nomn | NOUN,inan,masc sing,ablt | NOUN,inan,masc sing,accs | NOUN,inan,masc sing,datv | NOUN,inan,masc sing,gent | NOUN,inan,masc sing,loct | NOUN,inan,masc sing,nomn	false	4.54	78	WORDFREQ_RANKED	IN_POOL_REVIEW_REQUIRED	
крик	4	EASY	NOUN,inan,masc plur,ablt | NOUN,inan,masc plur,accs | NOUN,inan,masc plur,datv | NOUN,inan,masc plur,gent | NOUN,inan,masc plur,loct | NOUN,inan,masc plur,nomn | NOUN,inan,masc sing,ablt | NOUN,inan,masc sing,accs | NOUN,inan,masc sing,datv | NOUN,inan,masc sing,gen2 | NOUN,inan,masc sing,gent | NOUN,inan,masc sing,loct | NOUN,inan,masc sing,nomn	false	4.25	147	WORDFREQ_RANKED	IN_POOL_REVIEW_REQUIRED	
критик	6	HARD	NOUN,anim,masc plur,ablt | NOUN,anim,masc plur,accs | NOUN,anim,masc plur,datv | NOUN,anim,masc plur,gent | NOUN,anim,masc plur,loct | NOUN,anim,masc plur,nomn | NOUN,anim,masc sing,ablt | NOUN,anim,masc sing,accs | NOUN,anim,masc sing,datv | NOUN,anim,masc sing,gent | NOUN,anim,masc sing,loct | NOUN,anim,masc sing,nomn	false	3.95	241	WORDFREQ_RANKED	IN_POOL_REVIEW_REQUIRED	
критика	7	EXPERT	NOUN,inan,femn plur,ablt | NOUN,inan,femn plur,accs | NOUN,inan,femn plur,datv | NOUN,inan,femn plur,gent | NOUN,inan,femn plur,loct | NOUN,inan,femn plur,nomn | NOUN,inan,femn sing,ablt | NOUN,inan,femn sing,ablt,V-oy | NOUN,inan,femn sing,accs | NOUN,inan,femn sing,datv | NOUN,inan,femn sing,gent | NOUN,inan,femn sing,loct | NOUN,inan,femn sing,nomn	false	4.26	130	WORDFREQ_RANKED	IN_POOL_REVIEW_REQUIRED	
кровать	7	EXPERT	NOUN,inan,femn plur,ablt | NOUN,inan,femn plur,accs | NOUN,inan,femn plur,datv | NOUN,inan,femn plur,gent | NOUN,inan,femn plur,loct | NOUN,inan,femn plur,nomn | NOUN,inan,femn sing,ablt | NOUN,inan,femn sing,accs | NOUN,inan,femn sing,datv | NOUN,inan,femn sing,gent | NOUN,inan,femn sing,loct | NOUN,inan,femn sing,nomn	false	4.33	112	WORDFREQ_RANKED	IN_POOL_REVIEW_REQUIRED	
кровь	5	MEDIUM	NOUN,inan,femn plur,ablt | NOUN,inan,femn plur,accs | NOUN,inan,femn plur,datv | NOUN,inan,femn plur,gent | NOUN,inan,femn plur,loct | NOUN,inan,femn plur,nomn | NOUN,inan,femn sing,ablt | NOUN,inan,femn sing,accs | NOUN,inan,femn sing,datv | NOUN,inan,femn sing,gent | NOUN,inan,femn sing,loc2 | NOUN,inan,femn sing,loct | NOUN,inan,femn sing,nomn	false	4.74	52	TRUSTED_V1	TRUSTED	ALLOW
кролик	6	HARD	NOUN,anim,masc plur,ablt | NOUN,anim,masc plur,accs | NOUN,anim,masc plur,datv | NOUN,anim,masc plur,gent | NOUN,anim,masc plur,loct | NOUN,anim,masc plur,nomn | NOUN,anim,masc sing,ablt | NOUN,anim,masc sing,accs | NOUN,anim,masc sing,datv | NOUN,anim,masc sing,gent | NOUN,anim,masc sing,loct | NOUN,anim,masc sing,nomn	false	3.83	293	WORDFREQ_RANKED	IN_POOL_REVIEW_REQUIRED	
крот	4	EASY	NOUN,anim,masc plur,ablt | NOUN,anim,masc plur,accs | NOUN,anim,masc plur,datv | NOUN,anim,masc plur,gent | NOUN,anim,masc plur,loct | NOUN,anim,masc plur,nomn | NOUN,anim,masc sing,ablt | NOUN,anim,masc sing,accs | NOUN,anim,masc sing,datv | NOUN,anim,masc sing,gent | NOUN,anim,masc sing,loct | NOUN,anim,masc sing,nomn	false	3.28	511	WORDFREQ_RANKED	IN_POOL_REVIEW_REQUIRED	
круг	4	EASY	NOUN,inan,masc plur,ablt | NOUN,inan,masc plur,accs | NOUN,inan,masc plur,datv | NOUN,inan,masc plur,gent | NOUN,inan,masc plur,loct | NOUN,inan,masc plur,nomn | NOUN,inan,masc sing,ablt | NOUN,inan,masc sing,accs | NOUN,inan,masc sing,datv | NOUN,inan,masc sing,gent | NOUN,inan,masc sing,loc2 | NOUN,inan,masc sing,loct | NOUN,inan,masc sing,nomn	false	4.63	69	WORDFREQ_RANKED	IN_POOL_REVIEW_REQUIRED	
кружка	6	HARD	NOUN,inan,femn plur,ablt | NOUN,inan,femn plur,accs | NOUN,inan,femn plur,datv | NOUN,inan,femn plur,gent | NOUN,inan,femn plur,loct | NOUN,inan,femn plur,nomn | NOUN,inan,femn sing,ablt | NOUN,inan,femn sing,ablt,V-oy | NOUN,inan,femn sing,accs | NOUN,inan,femn sing,datv | NOUN,inan,femn sing,gent | NOUN,inan,femn sing,loct | NOUN,inan,femn sing,nomn	false	3.84	288	WORDFREQ_RANKED	IN_POOL_REVIEW_REQUIRED	
кружок	6	HARD	NOUN,inan,masc plur,ablt | NOUN,inan,masc plur,accs | NOUN,inan,masc plur,datv | NOUN,inan,masc plur,gent | NOUN,inan,masc plur,loct | NOUN,inan,masc plur,nomn | NOUN,inan,masc sing,ablt | NOUN,inan,masc sing,accs | NOUN,inan,masc sing,datv | NOUN,inan,masc sing,gent | NOUN,inan,masc sing,loct | NOUN,inan,masc sing,nomn	false	3.79	314	WORDFREQ_RANKED	IN_POOL_REVIEW_REQUIRED	
круиз	5	MEDIUM	NOUN,inan,masc plur,ablt | NOUN,inan,masc plur,accs | NOUN,inan,masc plur,datv | NOUN,inan,masc plur,gent | NOUN,inan,masc plur,loct | NOUN,inan,masc plur,nomn | NOUN,inan,masc sing,ablt | NOUN,inan,masc sing,accs | NOUN,inan,masc sing,datv | NOUN,inan,masc sing,gent | NOUN,inan,masc sing,loct | NOUN,inan,masc sing,nomn	false	3.51	552	TRUSTED_V1	TRUSTED	ALLOW
крупа	5	MEDIUM	NOUN,inan,femn plur,ablt | NOUN,inan,femn plur,accs | NOUN,inan,femn plur,datv | NOUN,inan,femn plur,gent | NOUN,inan,femn plur,loct | NOUN,inan,femn plur,nomn | NOUN,inan,femn sing,ablt | NOUN,inan,femn sing,ablt,V-oy | NOUN,inan,femn sing,accs | NOUN,inan,femn sing,datv | NOUN,inan,femn sing,gent | NOUN,inan,femn sing,loct | NOUN,inan,femn sing,nomn	false	3.20	840	TRUSTED_V1	TRUSTED	ALLOW
крыло	5	MEDIUM	NOUN,inan,neut plur,ablt | NOUN,inan,neut plur,ablt,Arch,Litr | NOUN,inan,neut plur,accs | NOUN,inan,neut plur,accs,Arch,Litr | NOUN,inan,neut plur,datv | NOUN,inan,neut plur,datv,Arch,Litr | NOUN,inan,neut plur,gent | NOUN,inan,neut plur,gent,Arch,Litr | NOUN,inan,neut plur,loct | NOUN,inan,neut plur,loct,Arch,Litr | NOUN,inan,neut plur,nomn | NOUN,inan,neut plur,nomn,Arch,Litr | NOUN,inan,neut sing,ablt | NOUN,inan,neut sing,accs | NOUN,inan,neut sing,datv | NOUN,inan,neut sing,gent | NOUN,inan,neut sing,loct | NOUN,inan,neut sing,nomn	false	3.96	283	TRUSTED_V1	TRUSTED	ALLOW
крыса	5	MEDIUM	NOUN,anim,femn plur,ablt | NOUN,anim,femn plur,accs | NOUN,anim,femn plur,datv | NOUN,anim,femn plur,gent | NOUN,anim,femn plur,loct | NOUN,anim,femn plur,nomn | NOUN,anim,femn sing,ablt | NOUN,anim,femn sing,ablt,V-oy | NOUN,anim,femn sing,accs | NOUN,anim,femn sing,datv | NOUN,anim,femn sing,gent | NOUN,anim,femn sing,loct | NOUN,anim,femn sing,nomn	false	3.66	451	TRUSTED_V1	TRUSTED	ALLOW
крыша	5	MEDIUM	NOUN,inan,femn plur,ablt | NOUN,inan,femn plur,accs | NOUN,inan,femn plur,datv | NOUN,inan,femn plur,gent | NOUN,inan,femn plur,loct | NOUN,inan,femn plur,nomn | NOUN,inan,femn sing,ablt | NOUN,inan,femn sing,ablt,V-ey | NOUN,inan,femn sing,accs | NOUN,inan,femn sing,datv | NOUN,inan,femn sing,gent | NOUN,inan,femn sing,loct | NOUN,inan,femn sing,nomn	false	4.03	257	TRUSTED_V1	TRUSTED	ALLOW
крышка	6	HARD	NOUN,inan,femn plur,ablt | NOUN,inan,femn plur,accs | NOUN,inan,femn plur,datv | NOUN,inan,femn plur,gent | NOUN,inan,femn plur,loct | NOUN,inan,femn plur,nomn | NOUN,inan,femn sing,ablt | NOUN,inan,femn sing,ablt,V-oy | NOUN,inan,femn sing,accs | NOUN,inan,femn sing,datv | NOUN,inan,femn sing,gent | NOUN,inan,femn sing,loct | NOUN,inan,femn sing,nomn	false	3.59	462	WORDFREQ_RANKED	IN_POOL_REVIEW_REQUIRED	
крюк	4	EASY	NOUN,inan,masc plur,ablt | NOUN,inan,masc plur,accs | NOUN,inan,masc plur,datv | NOUN,inan,masc plur,gent | NOUN,inan,masc plur,loct | NOUN,inan,masc plur,nomn | NOUN,inan,masc sing,ablt | NOUN,inan,masc sing,accs | NOUN,inan,masc sing,datv | NOUN,inan,masc sing,gen2 | NOUN,inan,masc sing,gent | NOUN,inan,masc sing,loc2 | NOUN,inan,masc sing,loct | NOUN,inan,masc sing,nomn	false	3.42	417	WORDFREQ_RANKED	IN_POOL_REVIEW_REQUIRED	
крючок	6	HARD	NOUN,inan,masc plur,ablt | NOUN,inan,masc plur,accs | NOUN,inan,masc plur,datv | NOUN,inan,masc plur,gent | NOUN,inan,masc plur,loct | NOUN,inan,masc plur,nomn | NOUN,inan,masc sing,ablt | NOUN,inan,masc sing,accs | NOUN,inan,masc sing,datv | NOUN,inan,masc sing,gent | NOUN,inan,masc sing,loct | NOUN,inan,masc sing,nomn	false	3.56	484	WORDFREQ_RANKED	IN_POOL_REVIEW_REQUIRED	
кубик	5	MEDIUM	NOUN,inan,masc plur,ablt | NOUN,inan,masc plur,accs | NOUN,inan,masc plur,datv | NOUN,inan,masc plur,gent | NOUN,inan,masc plur,loct | NOUN,inan,masc plur,nomn | NOUN,inan,masc sing,ablt | NOUN,inan,masc sing,accs | NOUN,inan,masc sing,datv | NOUN,inan,masc sing,gent | NOUN,inan,masc sing,loct | NOUN,inan,masc sing,nomn	false	3.18	864	TRUSTED_V1	TRUSTED	ALLOW
кукла	5	MEDIUM	NOUN,anim,femn,Inmx plur,ablt | NOUN,anim,femn,Inmx plur,accs | NOUN,anim,femn,Inmx plur,datv | NOUN,anim,femn,Inmx plur,gent | NOUN,anim,femn,Inmx plur,loct | NOUN,anim,femn,Inmx plur,nomn | NOUN,anim,femn,Inmx sing,ablt | NOUN,anim,femn,Inmx sing,ablt,V-oy | NOUN,anim,femn,Inmx sing,accs | NOUN,anim,femn,Inmx sing,datv | NOUN,anim,femn,Inmx sing,gent | NOUN,anim,femn,Inmx sing,loct | NOUN,anim,femn,Inmx sing,nomn | NOUN,inan,femn,Inmx anim,plur,accs	false	3.72	414	TRUSTED_V1	TRUSTED	ALLOW
кулак	5	MEDIUM	NOUN,anim,masc plur,ablt | NOUN,anim,masc plur,accs | NOUN,anim,masc plur,datv | NOUN,anim,masc plur,gent | NOUN,anim,masc plur,loct | NOUN,anim,masc plur,nomn | NOUN,anim,masc sing,ablt | NOUN,anim,masc sing,accs | NOUN,anim,masc sing,datv | NOUN,anim,masc sing,gent | NOUN,anim,masc sing,loct | NOUN,anim,masc sing,nomn | NOUN,inan,masc plur,ablt | NOUN,inan,masc plur,accs | NOUN,inan,masc plur,datv | NOUN,inan,masc plur,gent | NOUN,inan,masc plur,loct | NOUN,inan,masc plur,nomn | NOUN,inan,masc sing,ablt | NOUN,inan,masc sing,accs | NOUN,inan,masc sing,datv | NOUN,inan,masc sing,gent | NOUN,inan,masc sing,loct | NOUN,inan,masc sing,nomn	false	3.75	395	TRUSTED_V1	TRUSTED	ALLOW
купе	4	EASY	NOUN,inan,neut,Fixd plur,ablt | NOUN,inan,neut,Fixd plur,accs | NOUN,inan,neut,Fixd plur,datv | NOUN,inan,neut,Fixd plur,gent | NOUN,inan,neut,Fixd plur,loct | NOUN,inan,neut,Fixd plur,nomn | NOUN,inan,neut,Fixd sing,ablt | NOUN,inan,neut,Fixd sing,accs | NOUN,inan,neut,Fixd sing,datv | NOUN,inan,neut,Fixd sing,gent | NOUN,inan,neut,Fixd sing,loct | NOUN,inan,neut,Fixd sing,nomn	false	3.94	221	WORDFREQ_RANKED	IN_POOL_REVIEW_REQUIRED	
купол	5	MEDIUM	NOUN,inan,masc plur,ablt | NOUN,inan,masc plur,accs | NOUN,inan,masc plur,datv | NOUN,inan,masc plur,gent | NOUN,inan,masc plur,loct | NOUN,inan,masc plur,nomn | NOUN,inan,masc sing,ablt | NOUN,inan,masc sing,accs | NOUN,inan,masc sing,datv | NOUN,inan,masc sing,gent | NOUN,inan,masc sing,loct | NOUN,inan,masc sing,nomn	false	3.76	385	TRUSTED_V1	TRUSTED	ALLOW
куратор	7	EXPERT	NOUN,anim,masc plur,ablt | NOUN,anim,masc plur,accs | NOUN,anim,masc plur,datv | NOUN,anim,masc plur,gent | NOUN,anim,masc plur,loct | NOUN,anim,masc plur,nomn | NOUN,anim,masc sing,ablt | NOUN,anim,masc sing,accs | NOUN,anim,masc sing,datv | NOUN,anim,masc sing,gent | NOUN,anim,masc sing,loct | NOUN,anim,masc sing,nomn	false	3.70	357	WORDFREQ_RANKED	IN_POOL_REVIEW_REQUIRED	
курган	6	HARD	NOUN,inan,masc plur,ablt | NOUN,inan,masc plur,accs | NOUN,inan,masc plur,datv | NOUN,inan,masc plur,gent | NOUN,inan,masc plur,loct | NOUN,inan,masc plur,nomn | NOUN,inan,masc sing,ablt | NOUN,inan,masc sing,accs | NOUN,inan,masc sing,datv | NOUN,inan,masc sing,gent | NOUN,inan,masc sing,loct | NOUN,inan,masc sing,nomn	false	3.83	294	WORDFREQ_RANKED	IN_POOL_REVIEW_REQUIRED	
курение	7	EXPERT	NOUN,inan,neut plur,ablt | NOUN,inan,neut plur,ablt,V-be | NOUN,inan,neut plur,accs | NOUN,inan,neut plur,accs,V-be | NOUN,inan,neut plur,datv | NOUN,inan,neut plur,datv,V-be | NOUN,inan,neut plur,gent | NOUN,inan,neut plur,loct | NOUN,inan,neut plur,loct,V-be | NOUN,inan,neut plur,nomn | NOUN,inan,neut plur,nomn,V-be | NOUN,inan,neut sing,ablt | NOUN,inan,neut sing,ablt,V-be | NOUN,inan,neut sing,accs | NOUN,inan,neut sing,accs,V-be | NOUN,inan,neut sing,datv | NOUN,inan,neut sing,datv,V-be | NOUN,inan,neut sing,gent | NOUN,inan,neut sing,gent,V-be | NOUN,inan,neut sing,loct | NOUN,inan,neut sing,loct,V-be | NOUN,inan,neut sing,loct,V-be,V-bi | NOUN,inan,neut sing,nomn | NOUN,inan,neut sing,nomn,V-be	false	3.75	328	WORDFREQ_RANKED	IN_POOL_REVIEW_REQUIRED	
курица	6	HARD	NOUN,anim,femn plur,ablt | NOUN,anim,femn plur,ablt,Infr | NOUN,anim,femn plur,accs | NOUN,anim,femn plur,accs,Infr | NOUN,anim,femn plur,datv | NOUN,anim,femn plur,datv,Infr | NOUN,anim,femn plur,gent | NOUN,anim,femn plur,gent,Infr | NOUN,anim,femn plur,loct | NOUN,anim,femn plur,loct,Infr | NOUN,anim,femn plur,nomn | NOUN,anim,femn plur,nomn,Infr | NOUN,anim,femn sing,ablt | NOUN,anim,femn sing,ablt,V-ey | NOUN,anim,femn sing,accs | NOUN,anim,femn sing,datv | NOUN,anim,femn sing,gent | NOUN,anim,femn sing,loct | NOUN,anim,femn sing,nomn	false	3.79	315	WORDFREQ_RANKED	IN_POOL_REVIEW_REQUIRED	
курорт	6	HARD	NOUN,inan,masc plur,ablt | NOUN,inan,masc plur,accs | NOUN,inan,masc plur,datv | NOUN,inan,masc plur,gent | NOUN,inan,masc plur,loct | NOUN,inan,masc plur,nomn | NOUN,inan,masc sing,ablt | NOUN,inan,masc sing,accs | NOUN,inan,masc sing,datv | NOUN,inan,masc sing,gent | NOUN,inan,masc sing,loct | NOUN,inan,masc sing,nomn	false	3.86	277	WORDFREQ_RANKED	IN_POOL_REVIEW_REQUIRED	
курс	4	EASY	NOUN,inan,masc plur,ablt | NOUN,inan,masc plur,accs | NOUN,inan,masc plur,datv | NOUN,inan,masc plur,gent | NOUN,inan,masc plur,loct | NOUN,inan,masc plur,nomn | NOUN,inan,masc sing,ablt | NOUN,inan,masc sing,accs | NOUN,inan,masc sing,datv | NOUN,inan,masc sing,gent | NOUN,inan,masc sing,loct | NOUN,inan,masc sing,nomn	false	4.96	31	WORDFREQ_RANKED	IN_POOL_REVIEW_REQUIRED	
куртка	6	HARD	NOUN,inan,femn plur,ablt | NOUN,inan,femn plur,accs | NOUN,inan,femn plur,datv | NOUN,inan,femn plur,gent | NOUN,inan,femn plur,loct | NOUN,inan,femn plur,nomn | NOUN,inan,femn sing,ablt | NOUN,inan,femn sing,ablt,V-oy | NOUN,inan,femn sing,accs | NOUN,inan,femn sing,datv | NOUN,inan,femn sing,gent | NOUN,inan,femn sing,loct | NOUN,inan,femn sing,nomn	false	3.63	427	WORDFREQ_RANKED	IN_POOL_REVIEW_REQUIRED	
курьер	6	HARD	NOUN,anim,masc plur,ablt | NOUN,anim,masc plur,accs | NOUN,anim,masc plur,datv | NOUN,anim,masc plur,gent | NOUN,anim,masc plur,loct | NOUN,anim,masc plur,nomn | NOUN,anim,masc sing,ablt | NOUN,anim,masc sing,accs | NOUN,anim,masc sing,datv | NOUN,anim,masc sing,gent | NOUN,anim,masc sing,loct | NOUN,anim,masc sing,nomn	false	3.60	453	WORDFREQ_RANKED	IN_POOL_REVIEW_REQUIRED	
кусок	5	MEDIUM	NOUN,inan,masc plur,ablt | NOUN,inan,masc plur,accs | NOUN,inan,masc plur,datv | NOUN,inan,masc plur,gent | NOUN,inan,masc plur,loct | NOUN,inan,masc plur,nomn | NOUN,inan,masc sing,ablt | NOUN,inan,masc sing,accs | NOUN,inan,masc sing,datv | NOUN,inan,masc sing,gent | NOUN,inan,masc sing,loct | NOUN,inan,masc sing,nomn	false	4.32	143	TRUSTED_V1	TRUSTED	ALLOW
кусочек	7	EXPERT	NOUN,inan,masc plur,ablt | NOUN,inan,masc plur,accs | NOUN,inan,masc plur,datv | NOUN,inan,masc plur,gent | NOUN,inan,masc plur,loct | NOUN,inan,masc plur,nomn | NOUN,inan,masc sing,ablt | NOUN,inan,masc sing,accs | NOUN,inan,masc sing,datv | NOUN,inan,masc sing,gent | NOUN,inan,masc sing,loct | NOUN,inan,masc sing,nomn	false	4.07	194	WORDFREQ_RANKED	IN_POOL_REVIEW_REQUIRED	
куст	4	EASY	NOUN,inan,masc plur,ablt | NOUN,inan,masc plur,accs | NOUN,inan,masc plur,datv | NOUN,inan,masc plur,gent | NOUN,inan,masc plur,loct | NOUN,inan,masc plur,nomn | NOUN,inan,masc sing,ablt | NOUN,inan,masc sing,accs | NOUN,inan,masc sing,datv | NOUN,inan,masc sing,gent | NOUN,inan,masc sing,loct | NOUN,inan,masc sing,nomn	false	3.56	360	WORDFREQ_RANKED	IN_POOL_REVIEW_REQUIRED	
кухня	5	MEDIUM	NOUN,inan,femn plur,ablt | NOUN,inan,femn plur,accs | NOUN,inan,femn plur,datv | NOUN,inan,femn plur,gent | NOUN,inan,femn plur,loct | NOUN,inan,femn plur,nomn | NOUN,inan,femn sing,ablt | NOUN,inan,femn sing,ablt,V-ey | NOUN,inan,femn sing,accs | NOUN,inan,femn sing,datv | NOUN,inan,femn sing,gent | NOUN,inan,femn sing,loct | NOUN,inan,femn sing,nomn	false	4.11	218	TRUSTED_V1	TRUSTED	ALLOW
куча	4	EASY	NOUN,inan,femn plur,ablt | NOUN,inan,femn plur,accs | NOUN,inan,femn plur,datv | NOUN,inan,femn plur,gent | NOUN,inan,femn plur,loct | NOUN,inan,femn plur,nomn | NOUN,inan,femn sing,ablt | NOUN,inan,femn sing,ablt,V-ey | NOUN,inan,femn sing,accs | NOUN,inan,femn sing,datv | NOUN,inan,femn sing,gent | NOUN,inan,femn sing,loct | NOUN,inan,femn sing,nomn	false	4.26	143	WORDFREQ_RANKED	IN_POOL_REVIEW_REQUIRED	
лава	4	EASY	NOUN,inan,femn plur,ablt | NOUN,inan,femn plur,accs | NOUN,inan,femn plur,datv | NOUN,inan,femn plur,gent | NOUN,inan,femn plur,loct | NOUN,inan,femn plur,nomn | NOUN,inan,femn sing,ablt | NOUN,inan,femn sing,ablt,V-oy | NOUN,inan,femn sing,accs | NOUN,inan,femn sing,datv | NOUN,inan,femn sing,gent | NOUN,inan,femn sing,loct | NOUN,inan,femn sing,nomn	false	3.33	480	WORDFREQ_RANKED	IN_POOL_REVIEW_REQUIRED	
лавка	5	MEDIUM	NOUN,inan,femn plur,ablt | NOUN,inan,femn plur,accs | NOUN,inan,femn plur,datv | NOUN,inan,femn plur,gent | NOUN,inan,femn plur,loct | NOUN,inan,femn plur,nomn | NOUN,inan,femn sing,ablt | NOUN,inan,femn sing,ablt,V-oy | NOUN,inan,femn sing,accs | NOUN,inan,femn sing,datv | NOUN,inan,femn sing,gent | NOUN,inan,femn sing,loct | NOUN,inan,femn sing,nomn	false	3.60	488	TRUSTED_V1	TRUSTED	ALLOW
лагерь	6	HARD	NOUN,inan,masc plur,ablt | NOUN,inan,masc plur,accs | NOUN,inan,masc plur,datv | NOUN,inan,masc plur,gent | NOUN,inan,masc plur,loct | NOUN,inan,masc plur,nomn | NOUN,inan,masc sing,ablt | NOUN,inan,masc sing,accs | NOUN,inan,masc sing,datv | NOUN,inan,masc sing,gent | NOUN,inan,masc sing,loct | NOUN,inan,masc sing,nomn	false	4.43	96	WORDFREQ_RANKED	IN_POOL_REVIEW_REQUIRED	
лайнер	6	HARD	NOUN,inan,masc plur,ablt | NOUN,inan,masc plur,accs | NOUN,inan,masc plur,datv | NOUN,inan,masc plur,gent | NOUN,inan,masc plur,loct | NOUN,inan,masc plur,nomn | NOUN,inan,masc sing,ablt | NOUN,inan,masc sing,accs | NOUN,inan,masc sing,datv | NOUN,inan,masc sing,gent | NOUN,inan,masc sing,loct | NOUN,inan,masc sing,nomn	false	3.81	302	WORDFREQ_RANKED	IN_POOL_REVIEW_REQUIRED	
лама	4	EASY	NOUN,anim,femn plur,ablt | NOUN,anim,femn plur,accs | NOUN,anim,femn plur,datv | NOUN,anim,femn plur,gent | NOUN,anim,femn plur,loct | NOUN,anim,femn plur,nomn | NOUN,anim,femn sing,ablt | NOUN,anim,femn sing,ablt,V-oy | NOUN,anim,femn sing,accs | NOUN,anim,femn sing,datv | NOUN,anim,femn sing,gent | NOUN,anim,femn sing,loct | NOUN,anim,femn sing,nomn | NOUN,anim,masc plur,ablt | NOUN,anim,masc plur,accs | NOUN,anim,masc plur,datv | NOUN,anim,masc plur,gent | NOUN,anim,masc plur,loct | NOUN,anim,masc plur,nomn | NOUN,anim,masc sing,ablt | NOUN,anim,masc sing,ablt,V-oy | NOUN,anim,masc sing,accs | NOUN,anim,masc sing,datv | NOUN,anim,masc sing,gent | NOUN,anim,masc sing,loct | NOUN,anim,masc sing,nomn	false	3.42	418	WORDFREQ_RANKED	IN_POOL_REVIEW_REQUIRED	
лампа	5	MEDIUM	NOUN,inan,femn plur,ablt | NOUN,inan,femn plur,accs | NOUN,inan,femn plur,datv | NOUN,inan,femn plur,gent | NOUN,inan,femn plur,loct | NOUN,inan,femn plur,nomn | NOUN,inan,femn sing,ablt | NOUN,inan,femn sing,ablt,V-oy | NOUN,inan,femn sing,accs | NOUN,inan,femn sing,datv | NOUN,inan,femn sing,gent | NOUN,inan,femn sing,loct | NOUN,inan,femn sing,nomn	false	3.70	427	TRUSTED_V1	TRUSTED	ALLOW
лапка	5	MEDIUM	NOUN,inan,femn plur,ablt | NOUN,inan,femn plur,accs | NOUN,inan,femn plur,datv | NOUN,inan,femn plur,gent | NOUN,inan,femn plur,loct | NOUN,inan,femn plur,nomn | NOUN,inan,femn sing,ablt | NOUN,inan,femn sing,ablt,V-oy | NOUN,inan,femn sing,accs | NOUN,inan,femn sing,datv | NOUN,inan,femn sing,gent | NOUN,inan,femn sing,loct | NOUN,inan,femn sing,nomn	false	2.81	1285	TRUSTED_V1	TRUSTED	ALLOW
лапша	5	MEDIUM	NOUN,inan,femn plur,ablt | NOUN,inan,femn plur,accs | NOUN,inan,femn plur,datv | NOUN,inan,femn plur,gent | NOUN,inan,femn plur,loct | NOUN,inan,femn plur,nomn | NOUN,inan,femn sing,ablt | NOUN,inan,femn sing,ablt,V-oy | NOUN,inan,femn sing,accs | NOUN,inan,femn sing,datv | NOUN,inan,femn sing,gent | NOUN,inan,femn sing,loct | NOUN,inan,femn sing,nomn	false	3.35	695	TRUSTED_V1	TRUSTED	ALLOW
ласка	5	MEDIUM	NOUN,anim,femn plur,ablt | NOUN,anim,femn plur,accs | NOUN,anim,femn plur,datv | NOUN,anim,femn plur,gent | NOUN,anim,femn plur,loct | NOUN,anim,femn plur,nomn | NOUN,anim,femn sing,ablt | NOUN,anim,femn sing,ablt,V-oy | NOUN,anim,femn sing,accs | NOUN,anim,femn sing,datv | NOUN,anim,femn sing,gent | NOUN,anim,femn sing,loct | NOUN,anim,femn sing,nomn | NOUN,inan,femn plur,ablt | NOUN,inan,femn plur,accs | NOUN,inan,femn plur,datv | NOUN,inan,femn plur,gent | NOUN,inan,femn plur,loct | NOUN,inan,femn plur,nomn | NOUN,inan,femn sing,ablt | NOUN,inan,femn sing,ablt,V-oy | NOUN,inan,femn sing,accs | NOUN,inan,femn sing,datv | NOUN,inan,femn sing,gent | NOUN,inan,femn sing,loct | NOUN,inan,femn sing,nomn	false	3.06	986	TRUSTED_V1	TRUSTED	ALLOW
лауреат	7	EXPERT	NOUN,anim,masc plur,ablt | NOUN,anim,masc plur,accs | NOUN,anim,masc plur,datv | NOUN,anim,masc plur,gent | NOUN,anim,masc plur,loct | NOUN,anim,masc plur,nomn | NOUN,anim,masc sing,ablt | NOUN,anim,masc sing,accs | NOUN,anim,masc sing,datv | NOUN,anim,masc sing,gent | NOUN,anim,masc sing,loct | NOUN,anim,masc sing,nomn	false	3.90	245	WORDFREQ_RANKED	IN_POOL_REVIEW_REQUIRED	
лебедь	6	HARD	NOUN,anim,masc plur,ablt | NOUN,anim,masc plur,accs | NOUN,anim,masc plur,datv | NOUN,anim,masc plur,gent | NOUN,anim,masc plur,loct | NOUN,anim,masc plur,nomn | NOUN,anim,masc sing,ablt | NOUN,anim,masc sing,accs | NOUN,anim,masc sing,datv | NOUN,anim,masc sing,gent | NOUN,anim,masc sing,loct | NOUN,anim,masc sing,nomn	false	3.58	468	WORDFREQ_RANKED	IN_POOL_REVIEW_REQUIRED	
легенда	7	EXPERT	NOUN,inan,femn plur,ablt | NOUN,inan,femn plur,accs | NOUN,inan,femn plur,datv | NOUN,inan,femn plur,gent | NOUN,inan,femn plur,loct | NOUN,inan,femn plur,nomn | NOUN,inan,femn sing,ablt | NOUN,inan,femn sing,ablt,V-oy | NOUN,inan,femn sing,accs | NOUN,inan,femn sing,datv | NOUN,inan,femn sing,gent | NOUN,inan,femn sing,loct | NOUN,inan,femn sing,nomn	false	4.21	149	WORDFREQ_RANKED	IN_POOL_REVIEW_REQUIRED	
леди	4	EASY	NOUN,anim,femn,Fixd plur,ablt | NOUN,anim,femn,Fixd plur,accs | NOUN,anim,femn,Fixd plur,datv | NOUN,anim,femn,Fixd plur,gent | NOUN,anim,femn,Fixd plur,loct | NOUN,anim,femn,Fixd plur,nomn | NOUN,anim,femn,Fixd sing,ablt | NOUN,anim,femn,Fixd sing,accs | NOUN,anim,femn,Fixd sing,datv | NOUN,anim,femn,Fixd sing,gent | NOUN,anim,femn,Fixd sing,loct | NOUN,anim,femn,Fixd sing,nomn	false	4.48	98	WORDFREQ_RANKED	IN_POOL_REVIEW_REQUIRED	
лекция	6	HARD	NOUN,inan,femn plur,ablt | NOUN,inan,femn plur,accs | NOUN,inan,femn plur,datv | NOUN,inan,femn plur,gent | NOUN,inan,femn plur,loct | NOUN,inan,femn plur,nomn | NOUN,inan,femn sing,ablt | NOUN,inan,femn sing,ablt,V-ey | NOUN,inan,femn sing,accs | NOUN,inan,femn sing,datv | NOUN,inan,femn sing,gent | NOUN,inan,femn sing,loct | NOUN,inan,femn sing,nomn	false	3.69	380	WORDFREQ_RANKED	IN_POOL_REVIEW_REQUIRED	
лента	5	MEDIUM	NOUN,inan,femn plur,ablt | NOUN,inan,femn plur,accs | NOUN,inan,femn plur,datv | NOUN,inan,femn plur,gent | NOUN,inan,femn plur,loct | NOUN,inan,femn plur,nomn | NOUN,inan,femn sing,ablt | NOUN,inan,femn sing,ablt,V-oy | NOUN,inan,femn sing,accs | NOUN,inan,femn sing,datv | NOUN,inan,femn sing,gent | NOUN,inan,femn sing,loct | NOUN,inan,femn sing,nomn	false	4.11	219	TRUSTED_V1	TRUSTED	ALLOW
лень	4	EASY	NOUN,inan,femn plur,ablt | NOUN,inan,femn plur,accs | NOUN,inan,femn plur,datv | NOUN,inan,femn plur,gent | NOUN,inan,femn plur,loct | NOUN,inan,femn plur,nomn | NOUN,inan,femn sing,ablt | NOUN,inan,femn sing,accs | NOUN,inan,femn sing,datv | NOUN,inan,femn sing,gent | NOUN,inan,femn sing,loct | NOUN,inan,femn sing,nomn	false	3.64	321	WORDFREQ_RANKED	IN_POOL_REVIEW_REQUIRED	
лепка	5	MEDIUM	NOUN,inan,femn plur,ablt | NOUN,inan,femn plur,accs | NOUN,inan,femn plur,datv | NOUN,inan,femn plur,gent | NOUN,inan,femn plur,loct | NOUN,inan,femn plur,nomn | NOUN,inan,femn sing,ablt | NOUN,inan,femn sing,ablt,V-oy | NOUN,inan,femn sing,accs | NOUN,inan,femn sing,datv | NOUN,inan,femn sing,gent | NOUN,inan,femn sing,loct | NOUN,inan,femn sing,nomn	false	2.67	1461	TRUSTED_V1	TRUSTED	ALLOW
лесок	5	MEDIUM	NOUN,inan,masc plur,ablt | NOUN,inan,masc plur,accs | NOUN,inan,masc plur,datv | NOUN,inan,masc plur,gent | NOUN,inan,masc plur,loct | NOUN,inan,masc plur,nomn | NOUN,inan,masc sing,ablt | NOUN,inan,masc sing,accs | NOUN,inan,masc sing,datv | NOUN,inan,masc sing,gent | NOUN,inan,masc sing,loct | NOUN,inan,masc sing,nomn	false	2.58		TRUSTED_V1	TRUSTED	ALLOW
лето	4	EASY	NOUN,inan,neut,Sgtm sing,ablt | NOUN,inan,neut,Sgtm sing,accs | NOUN,inan,neut,Sgtm sing,datv | NOUN,inan,neut,Sgtm sing,gent | NOUN,inan,neut,Sgtm sing,loct | NOUN,inan,neut,Sgtm sing,nomn	false	4.52	89	MANUAL_ALLOW	IN_POOL_REVIEW_REQUIRED	ALLOW
летчик	6	HARD	NOUN,anim,masc plur,ablt | NOUN,anim,masc plur,accs | NOUN,anim,masc plur,datv | NOUN,anim,masc plur,gent | NOUN,anim,masc plur,loct | NOUN,anim,masc plur,nomn | NOUN,anim,masc sing,ablt | NOUN,anim,masc sing,accs | NOUN,anim,masc sing,datv | NOUN,anim,masc sing,gent | NOUN,anim,masc sing,loct | NOUN,anim,masc sing,nomn	false	3.71	364	WORDFREQ_RANKED	IN_POOL_REVIEW_REQUIRED	
лечение	7	EXPERT	NOUN,inan,neut plur,ablt | NOUN,inan,neut plur,ablt,V-be | NOUN,inan,neut plur,accs | NOUN,inan,neut plur,accs,V-be | NOUN,inan,neut plur,datv | NOUN,inan,neut plur,datv,V-be | NOUN,inan,neut plur,gent | NOUN,inan,neut plur,loct | NOUN,inan,neut plur,loct,V-be | NOUN,inan,neut plur,nomn | NOUN,inan,neut plur,nomn,V-be | NOUN,inan,neut sing,ablt | NOUN,inan,neut sing,ablt,V-be | NOUN,inan,neut sing,accs | NOUN,inan,neut sing,accs,V-be | NOUN,inan,neut sing,datv | NOUN,inan,neut sing,datv,V-be | NOUN,inan,neut sing,gent | NOUN,inan,neut sing,gent,V-be | NOUN,inan,neut sing,loct | NOUN,inan,neut sing,loct,V-be | NOUN,inan,neut sing,loct,V-be,V-bi | NOUN,inan,neut sing,nomn | NOUN,inan,neut sing,nomn,V-be	false	4.62	59	WORDFREQ_RANKED	IN_POOL_REVIEW_REQUIRED	
лига	4	EASY	NOUN,inan,femn plur,ablt | NOUN,inan,femn plur,accs | NOUN,inan,femn plur,datv | NOUN,inan,femn plur,gent | NOUN,inan,femn plur,loct | NOUN,inan,femn plur,nomn | NOUN,inan,femn sing,ablt | NOUN,inan,femn sing,ablt,V-oy | NOUN,inan,femn sing,accs | NOUN,inan,femn sing,datv | NOUN,inan,femn sing,gent | NOUN,inan,femn sing,loct | NOUN,inan,femn sing,nomn	false	4.34	128	WORDFREQ_RANKED	IN_POOL_REVIEW_REQUIRED	
лидер	5	MEDIUM	NOUN,anim,masc plur,ablt | NOUN,anim,masc plur,accs | NOUN,anim,masc plur,datv | NOUN,anim,masc plur,gent | NOUN,anim,masc plur,loct | NOUN,anim,masc plur,nomn | NOUN,anim,masc sing,ablt | NOUN,anim,masc sing,accs | NOUN,anim,masc sing,datv | NOUN,anim,masc sing,gent | NOUN,anim,masc sing,loct | NOUN,anim,masc sing,nomn	false	4.59	73	TRUSTED_V1	TRUSTED	ALLOW
лимон	5	MEDIUM	NOUN,inan,masc plur,ablt | NOUN,inan,masc plur,accs | NOUN,inan,masc plur,datv | NOUN,inan,masc plur,gent | NOUN,inan,masc plur,loct | NOUN,inan,masc plur,nomn | NOUN,inan,masc sing,ablt | NOUN,inan,masc sing,accs | NOUN,inan,masc sing,datv | NOUN,inan,masc sing,gent | NOUN,inan,masc sing,loct | NOUN,inan,masc sing,nomn	false	3.40	654	TRUSTED_V1	TRUSTED	ALLOW
линейка	7	EXPERT	NOUN,inan,femn plur,ablt | NOUN,inan,femn plur,accs | NOUN,inan,femn plur,datv | NOUN,inan,femn plur,gent | NOUN,inan,femn plur,loct | NOUN,inan,femn plur,nomn | NOUN,inan,femn sing,ablt | NOUN,inan,femn sing,ablt,V-oy | NOUN,inan,femn sing,accs | NOUN,inan,femn sing,datv | NOUN,inan,femn sing,gent | NOUN,inan,femn sing,loct | NOUN,inan,femn sing,nomn	false	3.48	486	WORDFREQ_RANKED	IN_POOL_REVIEW_REQUIRED	
линия	5	MEDIUM	NOUN,inan,femn plur,ablt | NOUN,inan,femn plur,accs | NOUN,inan,femn plur,datv | NOUN,inan,femn plur,gent | NOUN,inan,femn plur,loct | NOUN,inan,femn plur,nomn | NOUN,inan,femn sing,ablt | NOUN,inan,femn sing,ablt,V-ey | NOUN,inan,femn sing,accs | NOUN,inan,femn sing,datv | NOUN,inan,femn sing,gent | NOUN,inan,femn sing,loct | NOUN,inan,femn sing,nomn	false	4.50	94	TRUSTED_V1	TRUSTED	ALLOW
липа	4	EASY	NOUN,inan,femn plur,ablt | NOUN,inan,femn plur,accs | NOUN,inan,femn plur,datv | NOUN,inan,femn plur,gent | NOUN,inan,femn plur,loct | NOUN,inan,femn plur,nomn | NOUN,inan,femn sing,ablt | NOUN,inan,femn sing,ablt,V-oy | NOUN,inan,femn sing,accs | NOUN,inan,femn sing,datv | NOUN,inan,femn sing,gent | NOUN,inan,femn sing,loct | NOUN,inan,femn sing,nomn	false	3.29	507	WORDFREQ_RANKED	IN_POOL_REVIEW_REQUIRED	
лиса	4	EASY	NOUN,anim,femn plur,ablt | NOUN,anim,femn plur,accs | NOUN,anim,femn plur,datv | NOUN,anim,femn plur,gent | NOUN,anim,femn plur,loct | NOUN,anim,femn plur,nomn | NOUN,anim,femn sing,ablt | NOUN,anim,femn sing,ablt,V-oy | NOUN,anim,femn sing,accs | NOUN,anim,femn sing,datv | NOUN,anim,femn sing,gent | NOUN,anim,femn sing,loct | NOUN,anim,femn sing,nomn	false	3.72	293	WORDFREQ_RANKED	IN_POOL_REVIEW_REQUIRED	
лист	4	EASY	NOUN,inan,masc plur,ablt | NOUN,inan,masc plur,accs | NOUN,inan,masc plur,datv | NOUN,inan,masc plur,gent | NOUN,inan,masc plur,loct | NOUN,inan,masc plur,nomn | NOUN,inan,masc sing,ablt | NOUN,inan,masc sing,accs | NOUN,inan,masc sing,datv | NOUN,inan,masc sing,gent | NOUN,inan,masc sing,loct | NOUN,inan,masc sing,nomn	false	4.39	114	WORDFREQ_RANKED	IN_POOL_REVIEW_REQUIRED	
листок	6	HARD	NOUN,inan,masc plur,ablt | NOUN,inan,masc plur,accs | NOUN,inan,masc plur,datv | NOUN,inan,masc plur,gent | NOUN,inan,masc plur,loct | NOUN,inan,masc plur,nomn | NOUN,inan,masc sing,ablt | NOUN,inan,masc sing,accs | NOUN,inan,masc sing,datv | NOUN,inan,masc sing,gent | NOUN,inan,masc sing,loct | NOUN,inan,masc sing,nomn	false	3.59	463	WORDFREQ_RANKED	IN_POOL_REVIEW_REQUIRED	
литр	4	EASY	NOUN,inan,masc plur,ablt | NOUN,inan,masc plur,accs | NOUN,inan,masc plur,datv | NOUN,inan,masc plur,gent | NOUN,inan,masc plur,loct | NOUN,inan,masc plur,nomn | NOUN,inan,masc sing,ablt | NOUN,inan,masc sing,accs | NOUN,inan,masc sing,datv | NOUN,inan,masc sing,gent | NOUN,inan,masc sing,loct | NOUN,inan,masc sing,nomn	false	3.60	341	WORDFREQ_RANKED	IN_POOL_REVIEW_REQUIRED	
лифт	4	EASY	NOUN,inan,masc plur,ablt | NOUN,inan,masc plur,accs | NOUN,inan,masc plur,datv | NOUN,inan,masc plur,gent | NOUN,inan,masc plur,loct | NOUN,inan,masc plur,nomn | NOUN,inan,masc sing,ablt | NOUN,inan,masc sing,accs | NOUN,inan,masc sing,datv | NOUN,inan,masc sing,gent | NOUN,inan,masc sing,loct | NOUN,inan,masc sing,nomn	false	3.84	256	WORDFREQ_RANKED	IN_POOL_REVIEW_REQUIRED	
лицо	4	EASY	NOUN,anim,neut plur,ablt | NOUN,anim,neut plur,accs | NOUN,anim,neut plur,datv | NOUN,anim,neut plur,gent | NOUN,anim,neut plur,loct | NOUN,anim,neut plur,nomn | NOUN,anim,neut sing,ablt | NOUN,anim,neut sing,accs | NOUN,anim,neut sing,datv | NOUN,anim,neut sing,gent | NOUN,anim,neut sing,loct | NOUN,anim,neut sing,nomn | NOUN,inan,neut plur,ablt | NOUN,inan,neut plur,accs | NOUN,inan,neut plur,datv | NOUN,inan,neut plur,gent | NOUN,inan,neut plur,loct | NOUN,inan,neut plur,nomn | NOUN,inan,neut sing,ablt | NOUN,inan,neut sing,accs | NOUN,inan,neut sing,datv | NOUN,inan,neut sing,gent | NOUN,inan,neut sing,loct | NOUN,inan,neut sing,nomn	false	5.16	10	MANUAL_ALLOW	IN_POOL_REVIEW_REQUIRED	ALLOW
лишение	7	EXPERT	NOUN,inan,neut plur,ablt | NOUN,inan,neut plur,ablt,V-be | NOUN,inan,neut plur,accs | NOUN,inan,neut plur,accs,V-be | NOUN,inan,neut plur,datv | NOUN,inan,neut plur,datv,V-be | NOUN,inan,neut plur,gent | NOUN,inan,neut plur,loct | NOUN,inan,neut plur,loct,V-be | NOUN,inan,neut plur,nomn | NOUN,inan,neut plur,nomn,V-be | NOUN,inan,neut sing,ablt | NOUN,inan,neut sing,ablt,V-be | NOUN,inan,neut sing,accs | NOUN,inan,neut sing,accs,V-be | NOUN,inan,neut sing,datv | NOUN,inan,neut sing,datv,V-be | NOUN,inan,neut sing,gent | NOUN,inan,neut sing,gent,V-be | NOUN,inan,neut sing,loct | NOUN,inan,neut sing,loct,V-be | NOUN,inan,neut sing,loct,V-be,V-bi | NOUN,inan,neut sing,nomn | NOUN,inan,neut sing,nomn,V-be	false	3.63	395	WORDFREQ_RANKED	IN_POOL_REVIEW_REQUIRED	
ловушка	7	EXPERT	NOUN,inan,femn plur,ablt | NOUN,inan,femn plur,accs | NOUN,inan,femn plur,datv | NOUN,inan,femn plur,gent | NOUN,inan,femn plur,loct | NOUN,inan,femn plur,nomn | NOUN,inan,femn sing,ablt | NOUN,inan,femn sing,ablt,V-oy | NOUN,inan,femn sing,accs | NOUN,inan,femn sing,datv | NOUN,inan,femn sing,gent | NOUN,inan,femn sing,loct | NOUN,inan,femn sing,nomn	false	3.54	448	WORDFREQ_RANKED	IN_POOL_REVIEW_REQUIRED	
логика	6	HARD	NOUN,inan,femn plur,ablt | NOUN,inan,femn plur,accs | NOUN,inan,femn plur,datv | NOUN,inan,femn plur,gent | NOUN,inan,femn plur,loct | NOUN,inan,femn plur,nomn | NOUN,inan,femn sing,ablt | NOUN,inan,femn sing,ablt,V-oy | NOUN,inan,femn sing,accs | NOUN,inan,femn sing,datv | NOUN,inan,femn sing,gent | NOUN,inan,femn sing,loct | NOUN,inan,femn sing,nomn	false	4.08	192	WORDFREQ_RANKED	IN_POOL_REVIEW_REQUIRED	
логотип	7	EXPERT	NOUN,inan,masc plur,ablt | NOUN,inan,masc plur,accs | NOUN,inan,masc plur,datv | NOUN,inan,masc plur,gent | NOUN,inan,masc plur,loct | NOUN,inan,masc plur,nomn | NOUN,inan,masc sing,ablt | NOUN,inan,masc sing,accs | NOUN,inan,masc sing,datv | NOUN,inan,masc sing,gent | NOUN,inan,masc sing,loct | NOUN,inan,masc sing,nomn	false	3.79	302	WORDFREQ_RANKED	IN_POOL_REVIEW_REQUIRED	
лодка	5	MEDIUM	NOUN,inan,femn plur,ablt | NOUN,inan,femn plur,accs | NOUN,inan,femn plur,datv | NOUN,inan,femn plur,gent | NOUN,inan,femn plur,loct | NOUN,inan,femn plur,nomn | NOUN,inan,femn sing,ablt | NOUN,inan,femn sing,ablt,V-oy | NOUN,inan,femn sing,accs | NOUN,inan,femn sing,datv | NOUN,inan,femn sing,gent | NOUN,inan,femn sing,loct | NOUN,inan,femn sing,nomn	false	4.11	220	TRUSTED_V1	TRUSTED	ALLOW
ложа	4	EASY	NOUN,inan,femn plur,ablt | NOUN,inan,femn plur,accs | NOUN,inan,femn plur,datv | NOUN,inan,femn plur,gent | NOUN,inan,femn plur,loct | NOUN,inan,femn plur,nomn | NOUN,inan,femn sing,ablt | NOUN,inan,femn sing,ablt,V-ey | NOUN,inan,femn sing,accs | NOUN,inan,femn sing,datv | NOUN,inan,femn sing,gent | NOUN,inan,femn sing,loct | NOUN,inan,femn sing,nomn	false	3.31	494	WORDFREQ_RANKED	IN_POOL_REVIEW_REQUIRED	
ложка	5	MEDIUM	NOUN,inan,femn plur,ablt | NOUN,inan,femn plur,accs | NOUN,inan,femn plur,datv | NOUN,inan,femn plur,gent | NOUN,inan,femn plur,loct | NOUN,inan,femn plur,nomn | NOUN,inan,femn sing,ablt | NOUN,inan,femn sing,ablt,V-oy | NOUN,inan,femn sing,accs | NOUN,inan,femn sing,datv | NOUN,inan,femn sing,gent | NOUN,inan,femn sing,loct | NOUN,inan,femn sing,nomn	false	3.61	478	TRUSTED_V1	TRUSTED	ALLOW
ложь	4	EASY	NOUN,inan,femn plur,ablt | NOUN,inan,femn plur,accs | NOUN,inan,femn plur,datv | NOUN,inan,femn plur,gent | NOUN,inan,femn plur,loct | NOUN,inan,femn plur,nomn | NOUN,inan,femn sing,ablt | NOUN,inan,femn sing,accs | NOUN,inan,femn sing,datv | NOUN,inan,femn sing,gent | NOUN,inan,femn sing,loct | NOUN,inan,femn sing,nomn	false	4.35	124	WORDFREQ_RANKED	IN_POOL_REVIEW_REQUIRED	
лозунг	6	HARD	NOUN,inan,masc plur,ablt | NOUN,inan,masc plur,accs | NOUN,inan,masc plur,datv | NOUN,inan,masc plur,gent | NOUN,inan,masc plur,loct | NOUN,inan,masc plur,nomn | NOUN,inan,masc sing,ablt | NOUN,inan,masc sing,accs | NOUN,inan,masc sing,datv | NOUN,inan,masc sing,gent | NOUN,inan,masc sing,loct | NOUN,inan,masc sing,nomn	false	3.72	355	WORDFREQ_RANKED	IN_POOL_REVIEW_REQUIRED	
локоть	6	HARD	NOUN,inan,masc plur,ablt | NOUN,inan,masc plur,accs | NOUN,inan,masc plur,datv | NOUN,inan,masc plur,gent | NOUN,inan,masc plur,loct | NOUN,inan,masc plur,nomn | NOUN,inan,masc sing,ablt | NOUN,inan,masc sing,accs | NOUN,inan,masc sing,datv | NOUN,inan,masc sing,gent | NOUN,inan,masc sing,loc2 | NOUN,inan,masc sing,loct | NOUN,inan,masc sing,nomn	false	3.69	381	WORDFREQ_RANKED	IN_POOL_REVIEW_REQUIRED	
лорд	4	EASY	NOUN,anim,masc plur,ablt | NOUN,anim,masc plur,accs | NOUN,anim,masc plur,datv | NOUN,anim,masc plur,gent | NOUN,anim,masc plur,loct | NOUN,anim,masc plur,nomn | NOUN,anim,masc sing,ablt | NOUN,anim,masc sing,accs | NOUN,anim,masc sing,datv | NOUN,anim,masc sing,gent | NOUN,anim,masc sing,loct | NOUN,anim,masc sing,nomn	false	4.13	170	WORDFREQ_RANKED	IN_POOL_REVIEW_REQUIRED	
лось	4	EASY	NOUN,anim,masc plur,ablt | NOUN,anim,masc plur,accs | NOUN,anim,masc plur,datv | NOUN,anim,masc plur,gent | NOUN,anim,masc plur,loct | NOUN,anim,masc plur,nomn | NOUN,anim,masc sing,ablt | NOUN,anim,masc sing,accs | NOUN,anim,masc sing,datv | NOUN,anim,masc sing,gent | NOUN,anim,masc sing,loct | NOUN,anim,masc sing,nomn	false	3.55	363	WORDFREQ_RANKED	IN_POOL_REVIEW_REQUIRED	
лоток	5	MEDIUM	NOUN,inan,masc plur,ablt | NOUN,inan,masc plur,accs | NOUN,inan,masc plur,datv | NOUN,inan,masc plur,gent | NOUN,inan,masc plur,loct | NOUN,inan,masc plur,nomn | NOUN,inan,masc sing,ablt | NOUN,inan,masc sing,accs | NOUN,inan,masc sing,datv | NOUN,inan,masc sing,gent | NOUN,inan,masc sing,loct | NOUN,inan,masc sing,nomn	false	3.05	994	TRUSTED_V1	TRUSTED	ALLOW
лошадь	6	HARD	NOUN,anim,femn plur,ablt | NOUN,anim,femn plur,ablt,Infr | NOUN,anim,femn plur,accs | NOUN,anim,femn plur,datv | NOUN,anim,femn plur,gent | NOUN,anim,femn plur,loct | NOUN,anim,femn plur,nomn | NOUN,anim,femn sing,ablt | NOUN,anim,femn sing,accs | NOUN,anim,femn sing,datv | NOUN,anim,femn sing,gent | NOUN,anim,femn sing,loct | NOUN,anim,femn sing,nomn	false	4.29	124	WORDFREQ_RANKED	IN_POOL_REVIEW_REQUIRED	
луна	4	EASY	NOUN,inan,femn plur,ablt | NOUN,inan,femn plur,accs | NOUN,inan,femn plur,datv | NOUN,inan,femn plur,gent | NOUN,inan,femn plur,loct | NOUN,inan,femn plur,nomn | NOUN,inan,femn sing,ablt | NOUN,inan,femn sing,ablt,V-oy | NOUN,inan,femn sing,accs | NOUN,inan,femn sing,datv | NOUN,inan,femn sing,gent | NOUN,inan,femn sing,loct | NOUN,inan,femn sing,nomn	false	4.30	132	WORDFREQ_RANKED	IN_POOL_REVIEW_REQUIRED	
лунка	5	MEDIUM	NOUN,inan,femn plur,ablt | NOUN,inan,femn plur,accs | NOUN,inan,femn plur,datv | NOUN,inan,femn plur,gent | NOUN,inan,femn plur,loct | NOUN,inan,femn plur,nomn | NOUN,inan,femn sing,ablt | NOUN,inan,femn sing,ablt,V-oy | NOUN,inan,femn sing,accs | NOUN,inan,femn sing,datv | NOUN,inan,femn sing,gent | NOUN,inan,femn sing,loct | NOUN,inan,femn sing,nomn	false	2.32	1885	TRUSTED_V1	TRUSTED	ALLOW
любовь	6	HARD	NOUN,inan,femn plur,ablt | NOUN,inan,femn plur,ablt,Arch | NOUN,inan,femn plur,accs | NOUN,inan,femn plur,accs,Arch | NOUN,inan,femn plur,datv | NOUN,inan,femn plur,datv,Arch | NOUN,inan,femn plur,gent | NOUN,inan,femn plur,gent,Arch | NOUN,inan,femn plur,loct | NOUN,inan,femn plur,loct,Arch | NOUN,inan,femn plur,nomn | NOUN,inan,femn plur,nomn,Arch | NOUN,inan,femn sing,ablt | NOUN,inan,femn sing,accs | NOUN,inan,femn sing,datv | NOUN,inan,femn sing,datv,Arch | NOUN,inan,femn sing,gent | NOUN,inan,femn sing,gent,Arch | NOUN,inan,femn sing,loct | NOUN,inan,femn sing,loct,Arch | NOUN,inan,femn sing,nomn	false	5.16	9	WORDFREQ_RANKED	IN_POOL_REVIEW_REQUIRED	
люкс	4	EASY	NOUN,inan,masc plur,ablt | NOUN,inan,masc plur,accs | NOUN,inan,masc plur,datv | NOUN,inan,masc plur,gent | NOUN,inan,masc plur,loct | NOUN,inan,masc plur,nomn | NOUN,inan,masc sing,ablt | NOUN,inan,masc sing,accs | NOUN,inan,masc sing,datv | NOUN,inan,masc sing,gent | NOUN,inan,masc sing,loct | NOUN,inan,masc sing,nomn	false	3.68	307	WORDFREQ_RANKED	IN_POOL_REVIEW_REQUIRED	
лягушка	7	EXPERT	NOUN,anim,femn plur,ablt | NOUN,anim,femn plur,accs | NOUN,anim,femn plur,datv | NOUN,anim,femn plur,gent | NOUN,anim,femn plur,loct | NOUN,anim,femn plur,nomn | NOUN,anim,femn sing,ablt | NOUN,anim,femn sing,ablt,V-oy | NOUN,anim,femn sing,accs | NOUN,anim,femn sing,datv | NOUN,anim,femn sing,gent | NOUN,anim,femn sing,loct | NOUN,anim,femn sing,nomn	false	3.50	473	WORDFREQ_RANKED	IN_POOL_REVIEW_REQUIRED	
магазин	7	EXPERT	NOUN,inan,masc plur,ablt | NOUN,inan,masc plur,accs | NOUN,inan,masc plur,datv | NOUN,inan,masc plur,gent | NOUN,inan,masc plur,loct | NOUN,inan,masc plur,nomn | NOUN,inan,masc sing,ablt | NOUN,inan,masc sing,accs | NOUN,inan,masc sing,datv | NOUN,inan,masc sing,gent | NOUN,inan,masc sing,loct | NOUN,inan,masc sing,nomn	false	4.69	48	MANUAL_ALLOW	IN_POOL_REVIEW_REQUIRED	ALLOW
магистр	7	EXPERT	NOUN,anim,masc plur,ablt | NOUN,anim,masc plur,accs | NOUN,anim,masc plur,datv | NOUN,anim,masc plur,gent | NOUN,anim,masc plur,loct | NOUN,anim,masc plur,nomn | NOUN,anim,masc sing,ablt | NOUN,anim,masc sing,accs | NOUN,anim,masc sing,datv | NOUN,anim,masc sing,gent | NOUN,anim,masc sing,loct | NOUN,anim,masc sing,nomn	false	3.48	487	WORDFREQ_RANKED	IN_POOL_REVIEW_REQUIRED	
магнит	6	HARD	NOUN,inan,masc plur,ablt | NOUN,inan,masc plur,accs | NOUN,inan,masc plur,datv | NOUN,inan,masc plur,gent | NOUN,inan,masc plur,loct | NOUN,inan,masc plur,nomn | NOUN,inan,masc sing,ablt | NOUN,inan,masc sing,accs | NOUN,inan,masc sing,datv | NOUN,inan,masc sing,gent | NOUN,inan,masc sing,loct | NOUN,inan,masc sing,nomn	false	3.62	437	WORDFREQ_RANKED	IN_POOL_REVIEW_REQUIRED	
мазок	5	MEDIUM	NOUN,inan,masc plur,ablt | NOUN,inan,masc plur,accs | NOUN,inan,masc plur,datv | NOUN,inan,masc plur,gent | NOUN,inan,masc plur,loct | NOUN,inan,masc plur,nomn | NOUN,inan,masc sing,ablt | NOUN,inan,masc sing,accs | NOUN,inan,masc sing,datv | NOUN,inan,masc sing,gent | NOUN,inan,masc sing,loct | NOUN,inan,masc sing,nomn	false	2.72		TRUSTED_V1	TRUSTED	ALLOW
майдан	6	HARD	NOUN,inan,masc plur,ablt | NOUN,inan,masc plur,accs | NOUN,inan,masc plur,datv | NOUN,inan,masc plur,gent | NOUN,inan,masc plur,loct | NOUN,inan,masc plur,nomn | NOUN,inan,masc sing,ablt | NOUN,inan,masc sing,accs | NOUN,inan,masc sing,datv | NOUN,inan,masc sing,gent | NOUN,inan,masc sing,loct | NOUN,inan,masc sing,nomn	false	4.14	173	WORDFREQ_RANKED	IN_POOL_REVIEW_REQUIRED	
маки	4	EASY	NOUN,anim,masc,Fixd plur,ablt | NOUN,anim,masc,Fixd plur,accs | NOUN,anim,masc,Fixd plur,datv | NOUN,anim,masc,Fixd plur,gent | NOUN,anim,masc,Fixd plur,loct | NOUN,anim,masc,Fixd plur,nomn | NOUN,anim,masc,Fixd sing,ablt | NOUN,anim,masc,Fixd sing,accs | NOUN,anim,masc,Fixd sing,datv | NOUN,anim,masc,Fixd sing,gent | NOUN,anim,masc,Fixd sing,loct | NOUN,anim,masc,Fixd sing,nomn | NOUN,inan,neut,Fixd plur,ablt | NOUN,inan,neut,Fixd plur,accs | NOUN,inan,neut,Fixd plur,datv | NOUN,inan,neut,Fixd plur,gent | NOUN,inan,neut,Fixd plur,loct | NOUN,inan,neut,Fixd plur,nomn | NOUN,inan,neut,Fixd sing,ablt | NOUN,inan,neut,Fixd sing,accs | NOUN,inan,neut,Fixd sing,datv | NOUN,inan,neut,Fixd sing,gent | NOUN,inan,neut,Fixd sing,loct | NOUN,inan,neut,Fixd sing,nomn	false	3.42	419	WORDFREQ_RANKED	IN_POOL_REVIEW_REQUIRED	
малыш	5	MEDIUM	NOUN,anim,masc plur,ablt | NOUN,anim,masc plur,accs | NOUN,anim,masc plur,datv | NOUN,anim,masc plur,gent | NOUN,anim,masc plur,loct | NOUN,anim,masc plur,nomn | NOUN,anim,masc sing,ablt | NOUN,anim,masc sing,accs | NOUN,anim,masc sing,datv | NOUN,anim,masc sing,gent | NOUN,anim,masc sing,loct | NOUN,anim,masc sing,nomn	false	4.29	149	TRUSTED_V1	TRUSTED	ALLOW
малышка	7	EXPERT	NOUN,anim,ms-f plur,ablt | NOUN,anim,ms-f plur,accs | NOUN,anim,ms-f plur,datv | NOUN,anim,ms-f plur,gent | NOUN,anim,ms-f plur,loct | NOUN,anim,ms-f plur,nomn | NOUN,anim,ms-f sing,ablt | NOUN,anim,ms-f sing,ablt,V-oy | NOUN,anim,ms-f sing,accs | NOUN,anim,ms-f sing,datv | NOUN,anim,ms-f sing,gent | NOUN,anim,ms-f sing,loct | NOUN,anim,ms-f sing,nomn	false	3.71	349	WORDFREQ_RANKED	IN_POOL_REVIEW_REQUIRED	
мальчик	7	EXPERT	NOUN,anim,masc plur,ablt | NOUN,anim,masc plur,accs | NOUN,anim,masc plur,datv | NOUN,anim,masc plur,gent | NOUN,anim,masc plur,loct | NOUN,anim,masc plur,nomn | NOUN,anim,masc sing,ablt | NOUN,anim,masc sing,accs | NOUN,anim,masc sing,datv | NOUN,anim,masc sing,gent | NOUN,anim,masc sing,loct | NOUN,anim,masc sing,nomn	false	4.78	38	WORDFREQ_RANKED	IN_POOL_REVIEW_REQUIRED	
мама	4	EASY	NOUN,anim,femn plur,ablt | NOUN,anim,femn plur,accs | NOUN,anim,femn plur,datv | NOUN,anim,femn plur,gent | NOUN,anim,femn plur,loct | NOUN,anim,femn plur,nomn | NOUN,anim,femn sing,ablt | NOUN,anim,femn sing,ablt,V-oy | NOUN,anim,femn sing,accs | NOUN,anim,femn sing,datv | NOUN,anim,femn sing,gent | NOUN,anim,femn sing,loct | NOUN,anim,femn sing,nomn | NOUN,anim,femn sing,voct	false	5.22	7	WORDFREQ_RANKED	IN_POOL_REVIEW_REQUIRED	
мамочка	7	EXPERT	NOUN,anim,femn plur,ablt | NOUN,anim,femn plur,accs | NOUN,anim,femn plur,datv | NOUN,anim,femn plur,gent | NOUN,anim,femn plur,loct | NOUN,anim,femn plur,nomn | NOUN,anim,femn sing,ablt | NOUN,anim,femn sing,ablt,V-oy | NOUN,anim,femn sing,accs | NOUN,anim,femn sing,datv | NOUN,anim,femn sing,gent | NOUN,anim,femn sing,loct | NOUN,anim,femn sing,nomn	false	3.76	323	WORDFREQ_RANKED	IN_POOL_REVIEW_REQUIRED	
мандат	6	HARD	NOUN,inan,masc plur,ablt | NOUN,inan,masc plur,accs | NOUN,inan,masc plur,datv | NOUN,inan,masc plur,gent | NOUN,inan,masc plur,loct | NOUN,inan,masc plur,nomn | NOUN,inan,masc sing,ablt | NOUN,inan,masc sing,accs | NOUN,inan,masc sing,datv | NOUN,inan,masc sing,gent | NOUN,inan,masc sing,loct | NOUN,inan,masc sing,nomn	false	3.60	454	WORDFREQ_RANKED	IN_POOL_REVIEW_REQUIRED	
маневр	6	HARD	NOUN,inan,masc plur,ablt | NOUN,inan,masc plur,accs | NOUN,inan,masc plur,datv | NOUN,inan,masc plur,gent | NOUN,inan,masc plur,loct | NOUN,inan,masc plur,nomn | NOUN,inan,masc sing,ablt | NOUN,inan,masc sing,accs | NOUN,inan,masc sing,datv | NOUN,inan,masc sing,gent | NOUN,inan,masc sing,loct | NOUN,inan,masc sing,nomn	false	3.58	469	WORDFREQ_RANKED	IN_POOL_REVIEW_REQUIRED	
манера	6	HARD	NOUN,inan,femn plur,ablt | NOUN,inan,femn plur,accs | NOUN,inan,femn plur,datv | NOUN,inan,femn plur,gent | NOUN,inan,femn plur,loct | NOUN,inan,femn plur,nomn | NOUN,inan,femn sing,ablt | NOUN,inan,femn sing,ablt,V-oy | NOUN,inan,femn sing,accs | NOUN,inan,femn sing,datv | NOUN,inan,femn sing,gent | NOUN,inan,femn sing,loct | NOUN,inan,femn sing,nomn	false	3.61	442	WORDFREQ_RANKED	IN_POOL_REVIEW_REQUIRED	
маньяк	6	HARD	NOUN,anim,masc plur,ablt | NOUN,anim,masc plur,accs | NOUN,anim,masc plur,datv | NOUN,anim,masc plur,gent | NOUN,anim,masc plur,loct | NOUN,anim,masc plur,nomn | NOUN,anim,masc sing,ablt | NOUN,anim,masc sing,accs | NOUN,anim,masc sing,datv | NOUN,anim,masc sing,gent | NOUN,anim,masc sing,loct | NOUN,anim,masc sing,nomn	false	3.69	382	WORDFREQ_RANKED	IN_POOL_REVIEW_REQUIRED	
марафон	7	EXPERT	NOUN,inan,masc plur,ablt | NOUN,inan,masc plur,accs | NOUN,inan,masc plur,datv | NOUN,inan,masc plur,gent | NOUN,inan,masc plur,loct | NOUN,inan,masc plur,nomn | NOUN,inan,masc sing,ablt | NOUN,inan,masc sing,accs | NOUN,inan,masc sing,datv | NOUN,inan,masc sing,gent | NOUN,inan,masc sing,loct | NOUN,inan,masc sing,nomn	false	3.84	272	WORDFREQ_RANKED	IN_POOL_REVIEW_REQUIRED	
марка	5	MEDIUM	NOUN,inan,femn plur,ablt | NOUN,inan,femn plur,accs | NOUN,inan,femn plur,datv | NOUN,inan,femn plur,gent | NOUN,inan,femn plur,loct | NOUN,inan,femn plur,nomn | NOUN,inan,femn sing,ablt | NOUN,inan,femn sing,ablt,V-oy | NOUN,inan,femn sing,accs | NOUN,inan,femn sing,datv | NOUN,inan,femn sing,gent | NOUN,inan,femn sing,loct | NOUN,inan,femn sing,nomn	false	4.23		TRUSTED_V1	TRUSTED	ALLOW
март	4	EASY	NOUN,inan,masc plur,ablt | NOUN,inan,masc plur,accs | NOUN,inan,masc plur,datv | NOUN,inan,masc plur,gent | NOUN,inan,masc plur,loct | NOUN,inan,masc plur,nomn | NOUN,inan,masc sing,ablt | NOUN,inan,masc sing,accs | NOUN,inan,masc sing,datv | NOUN,inan,masc sing,gent | NOUN,inan,masc sing,loct | NOUN,inan,masc sing,nomn	false	4.37	119	WORDFREQ_RANKED	IN_POOL_REVIEW_REQUIRED	
маршал	6	HARD	NOUN,anim,masc plur,ablt | NOUN,anim,masc plur,accs | NOUN,anim,masc plur,datv | NOUN,anim,masc plur,gent | NOUN,anim,masc plur,loct | NOUN,anim,masc plur,nomn | NOUN,anim,masc sing,ablt | NOUN,anim,masc sing,accs | NOUN,anim,masc sing,datv | NOUN,anim,masc sing,gent | NOUN,anim,masc sing,loct | NOUN,anim,masc sing,nomn	false	3.93	248	WORDFREQ_RANKED	IN_POOL_REVIEW_REQUIRED	
маршрут	7	EXPERT	NOUN,inan,masc plur,ablt | NOUN,inan,masc plur,accs | NOUN,inan,masc plur,datv | NOUN,inan,masc plur,gent | NOUN,inan,masc plur,loct | NOUN,inan,masc plur,nomn | NOUN,inan,masc sing,ablt | NOUN,inan,masc sing,accs | NOUN,inan,masc sing,datv | NOUN,inan,masc sing,gent | NOUN,inan,masc sing,loct | NOUN,inan,masc sing,nomn	false	4.17	164	WORDFREQ_RANKED	IN_POOL_REVIEW_REQUIRED	
маска	5	MEDIUM	NOUN,inan,femn plur,ablt | NOUN,inan,femn plur,accs | NOUN,inan,femn plur,datv | NOUN,inan,femn plur,gent | NOUN,inan,femn plur,loct | NOUN,inan,femn plur,nomn | NOUN,inan,femn sing,ablt | NOUN,inan,femn sing,ablt,V-oy | NOUN,inan,femn sing,accs | NOUN,inan,femn sing,datv | NOUN,inan,femn sing,gent | NOUN,inan,femn sing,loct | NOUN,inan,femn sing,nomn	false	3.95	290	TRUSTED_V1	TRUSTED	ALLOW
масло	5	MEDIUM	NOUN,inan,neut plur,ablt | NOUN,inan,neut plur,accs | NOUN,inan,neut plur,datv | NOUN,inan,neut plur,gent | NOUN,inan,neut plur,loct | NOUN,inan,neut plur,nomn | NOUN,inan,neut sing,ablt | NOUN,inan,neut sing,accs | NOUN,inan,neut sing,datv | NOUN,inan,neut sing,gent | NOUN,inan,neut sing,loct | NOUN,inan,neut sing,nomn	false	4.39	122	TRUSTED_V1	TRUSTED	ALLOW
масса	5	MEDIUM	NOUN,inan,femn plur,ablt | NOUN,inan,femn plur,accs | NOUN,inan,femn plur,datv | NOUN,inan,femn plur,gent | NOUN,inan,femn plur,loct | NOUN,inan,femn plur,nomn | NOUN,inan,femn sing,ablt | NOUN,inan,femn sing,ablt,V-oy | NOUN,inan,femn sing,accs | NOUN,inan,femn sing,datv | NOUN,inan,femn sing,gent | NOUN,inan,femn sing,loct | NOUN,inan,femn sing,nomn	false	4.46	105	TRUSTED_V1	TRUSTED	ALLOW
массаж	6	HARD	NOUN,inan,masc plur,ablt | NOUN,inan,masc plur,accs | NOUN,inan,masc plur,datv | NOUN,inan,masc plur,gent | NOUN,inan,masc plur,loct | NOUN,inan,masc plur,nomn | NOUN,inan,masc sing,ablt | NOUN,inan,masc sing,accs | NOUN,inan,masc sing,datv | NOUN,inan,masc sing,gent | NOUN,inan,masc sing,loct | NOUN,inan,masc sing,nomn	false	3.89	265	WORDFREQ_RANKED	IN_POOL_REVIEW_REQUIRED	
массив	6	HARD	NOUN,inan,masc plur,ablt | NOUN,inan,masc plur,accs | NOUN,inan,masc plur,datv | NOUN,inan,masc plur,gent | NOUN,inan,masc plur,loct | NOUN,inan,masc plur,nomn | NOUN,inan,masc sing,ablt | NOUN,inan,masc sing,accs | NOUN,inan,masc sing,datv | NOUN,inan,masc sing,gent | NOUN,inan,masc sing,loct | NOUN,inan,masc sing,nomn	false	3.71	365	WORDFREQ_RANKED	IN_POOL_REVIEW_REQUIRED	
мастер	6	HARD	NOUN,anim,masc plur,ablt | NOUN,anim,masc plur,accs | NOUN,anim,masc plur,datv | NOUN,anim,masc plur,gent | NOUN,anim,masc plur,loct | NOUN,anim,masc plur,nomn | NOUN,anim,masc sing,ablt | NOUN,anim,masc sing,accs | NOUN,anim,masc sing,datv | NOUN,anim,masc sing,gent | NOUN,anim,masc sing,loct | NOUN,anim,masc sing,nomn	false	4.88	31	WORDFREQ_RANKED	IN_POOL_REVIEW_REQUIRED	
масштаб	7	EXPERT	NOUN,inan,masc plur,ablt | NOUN,inan,masc plur,accs | NOUN,inan,masc plur,datv | NOUN,inan,masc plur,gent | NOUN,inan,masc plur,loct | NOUN,inan,masc plur,nomn | NOUN,inan,masc sing,ablt | NOUN,inan,masc sing,accs | NOUN,inan,masc sing,datv | NOUN,inan,masc sing,gent | NOUN,inan,masc sing,loct | NOUN,inan,masc sing,nomn	false	3.84	273	WORDFREQ_RANKED	IN_POOL_REVIEW_REQUIRED	
матрица	7	EXPERT	NOUN,inan,femn plur,ablt | NOUN,inan,femn plur,accs | NOUN,inan,femn plur,datv | NOUN,inan,femn plur,gent | NOUN,inan,femn plur,loct | NOUN,inan,femn plur,nomn | NOUN,inan,femn sing,ablt | NOUN,inan,femn sing,ablt,V-ey | NOUN,inan,femn sing,accs | NOUN,inan,femn sing,datv | NOUN,inan,femn sing,gent | NOUN,inan,femn sing,loct | NOUN,inan,femn sing,nomn	false	3.76	324	WORDFREQ_RANKED	IN_POOL_REVIEW_REQUIRED	
матушка	7	EXPERT	NOUN,anim,femn plur,ablt | NOUN,anim,femn plur,accs | NOUN,anim,femn plur,datv | NOUN,anim,femn plur,gent | NOUN,anim,femn plur,loct | NOUN,anim,femn plur,nomn | NOUN,anim,femn sing,ablt | NOUN,anim,femn sing,ablt,V-oy | NOUN,anim,femn sing,accs | NOUN,anim,femn sing,datv | NOUN,anim,femn sing,gent | NOUN,anim,femn sing,loct | NOUN,anim,femn sing,nomn	false	3.77	315	WORDFREQ_RANKED	IN_POOL_REVIEW_REQUIRED	
матч	4	EASY	NOUN,inan,masc plur,ablt | NOUN,inan,masc plur,accs | NOUN,inan,masc plur,datv | NOUN,inan,masc plur,gent | NOUN,inan,masc plur,loct | NOUN,inan,masc plur,nomn | NOUN,inan,masc sing,ablt | NOUN,inan,masc sing,accs | NOUN,inan,masc sing,datv | NOUN,inan,masc sing,gent | NOUN,inan,masc sing,loct | NOUN,inan,masc sing,nomn	false	5.02	24	WORDFREQ_RANKED	IN_POOL_REVIEW_REQUIRED	
мать	4	EASY	NOUN,anim,femn plur,ablt | NOUN,anim,femn plur,accs | NOUN,anim,femn plur,datv | NOUN,anim,femn plur,gent | NOUN,anim,femn plur,loct | NOUN,anim,femn plur,nomn | NOUN,anim,femn sing,ablt | NOUN,anim,femn sing,accs | NOUN,anim,femn sing,accs,Arch | NOUN,anim,femn sing,datv | NOUN,anim,femn sing,gent | NOUN,anim,femn sing,loct | NOUN,anim,femn sing,nomn | NOUN,anim,femn sing,nomn,Arch	false	5.17	9	WORDFREQ_RANKED	IN_POOL_REVIEW_REQUIRED	
мачта	5	MEDIUM	NOUN,inan,femn plur,ablt | NOUN,inan,femn plur,accs | NOUN,inan,femn plur,datv | NOUN,inan,femn plur,gent | NOUN,inan,femn plur,loct | NOUN,inan,femn plur,nomn | NOUN,inan,femn sing,ablt | NOUN,inan,femn sing,ablt,V-oy | NOUN,inan,femn sing,accs | NOUN,inan,femn sing,datv | NOUN,inan,femn sing,gent | NOUN,inan,femn sing,loct | NOUN,inan,femn sing,nomn	false	2.81	1286	TRUSTED_V1	TRUSTED	ALLOW
машина	6	HARD	NOUN,inan,femn plur,ablt | NOUN,inan,femn plur,accs | NOUN,inan,femn plur,datv | NOUN,inan,femn plur,gent | NOUN,inan,femn plur,loct | NOUN,inan,femn plur,nomn | NOUN,inan,femn sing,ablt | NOUN,inan,femn sing,ablt,V-oy | NOUN,inan,femn sing,accs | NOUN,inan,femn sing,datv | NOUN,inan,femn sing,gent | NOUN,inan,femn sing,loct | NOUN,inan,femn sing,nomn	false	4.82	36	MANUAL_ALLOW	IN_POOL_REVIEW_REQUIRED	ALLOW
маэстро	7	EXPERT	NOUN,anim,masc,Fixd plur,ablt | NOUN,anim,masc,Fixd plur,accs | NOUN,anim,masc,Fixd plur,datv | NOUN,anim,masc,Fixd plur,gent | NOUN,anim,masc,Fixd plur,loct | NOUN,anim,masc,Fixd plur,nomn | NOUN,anim,masc,Fixd sing,ablt | NOUN,anim,masc,Fixd sing,accs | NOUN,anim,masc,Fixd sing,datv | NOUN,anim,masc,Fixd sing,gent | NOUN,anim,masc,Fixd sing,loct | NOUN,anim,masc,Fixd sing,nomn	false	3.60	414	WORDFREQ_RANKED	IN_POOL_REVIEW_REQUIRED	
маяк	4	EASY	NOUN,inan,masc plur,ablt | NOUN,inan,masc plur,accs | NOUN,inan,masc plur,datv | NOUN,inan,masc plur,gent | NOUN,inan,masc plur,loct | NOUN,inan,masc plur,nomn | NOUN,inan,masc sing,ablt | NOUN,inan,masc sing,accs | NOUN,inan,masc sing,datv | NOUN,inan,masc sing,gent | NOUN,inan,masc sing,loct | NOUN,inan,masc sing,nomn	false	3.78	270	WORDFREQ_RANKED	IN_POOL_REVIEW_REQUIRED	
мебель	6	HARD	NOUN,inan,femn plur,ablt,Arch | NOUN,inan,femn plur,accs,Arch | NOUN,inan,femn plur,datv,Arch | NOUN,inan,femn plur,gent,Arch | NOUN,inan,femn plur,loct,Arch | NOUN,inan,femn plur,nomn,Arch | NOUN,inan,femn sing,ablt | NOUN,inan,femn sing,accs | NOUN,inan,femn sing,datv | NOUN,inan,femn sing,gent | NOUN,inan,femn sing,loct | NOUN,inan,femn sing,nomn	false	4.11	186	WORDFREQ_RANKED	IN_POOL_REVIEW_REQUIRED	
мегафон	7	EXPERT	NOUN,inan,masc plur,ablt | NOUN,inan,masc plur,accs | NOUN,inan,masc plur,datv | NOUN,inan,masc plur,gent | NOUN,inan,masc plur,loct | NOUN,inan,masc plur,nomn | NOUN,inan,masc sing,ablt | NOUN,inan,masc sing,accs | NOUN,inan,masc sing,datv | NOUN,inan,masc sing,gent | NOUN,inan,masc sing,loct | NOUN,inan,masc sing,nomn	false	3.68	372	WORDFREQ_RANKED	IN_POOL_REVIEW_REQUIRED	
медаль	6	HARD	NOUN,inan,femn plur,ablt | NOUN,inan,femn plur,accs | NOUN,inan,femn plur,datv | NOUN,inan,femn plur,gent | NOUN,inan,femn plur,loct | NOUN,inan,femn plur,nomn | NOUN,inan,femn sing,ablt | NOUN,inan,femn sing,accs | NOUN,inan,femn sing,datv | NOUN,inan,femn sing,gent | NOUN,inan,femn sing,loct | NOUN,inan,femn sing,nomn	false	4.47	90	WORDFREQ_RANKED	IN_POOL_REVIEW_REQUIRED	
медведь	7	EXPERT	NOUN,anim,masc plur,ablt | NOUN,anim,masc plur,accs | NOUN,anim,masc plur,datv | NOUN,anim,masc plur,gent | NOUN,anim,masc plur,loct | NOUN,anim,masc plur,nomn | NOUN,anim,masc sing,ablt | NOUN,anim,masc sing,accs | NOUN,anim,masc sing,datv | NOUN,anim,masc sing,gent | NOUN,anim,masc sing,loct | NOUN,anim,masc sing,nomn	false	4.16	168	MANUAL_ALLOW	IN_POOL_REVIEW_REQUIRED	ALLOW
медь	4	EASY	NOUN,inan,femn plur,ablt | NOUN,inan,femn plur,accs | NOUN,inan,femn plur,datv | NOUN,inan,femn plur,gent | NOUN,inan,femn plur,loct | NOUN,inan,femn plur,nomn | NOUN,inan,femn sing,ablt | NOUN,inan,femn sing,accs | NOUN,inan,femn sing,datv | NOUN,inan,femn sing,gent | NOUN,inan,femn sing,loct | NOUN,inan,femn sing,nomn	false	3.51	375	WORDFREQ_RANKED	IN_POOL_REVIEW_REQUIRED	
мелодия	7	EXPERT	NOUN,inan,femn plur,ablt | NOUN,inan,femn plur,accs | NOUN,inan,femn plur,datv | NOUN,inan,femn plur,gent | NOUN,inan,femn plur,loct | NOUN,inan,femn plur,nomn | NOUN,inan,femn sing,ablt | NOUN,inan,femn sing,ablt,V-ey | NOUN,inan,femn sing,accs | NOUN,inan,femn sing,datv | NOUN,inan,femn sing,gent | NOUN,inan,femn sing,loct | NOUN,inan,femn sing,nomn	false	3.82	288	WORDFREQ_RANKED	IN_POOL_REVIEW_REQUIRED	
мелочь	6	HARD	NOUN,inan,femn plur,ablt | NOUN,inan,femn plur,accs | NOUN,inan,femn plur,datv | NOUN,inan,femn plur,gent | NOUN,inan,femn plur,loct | NOUN,inan,femn plur,nomn | NOUN,inan,femn sing,ablt | NOUN,inan,femn sing,accs | NOUN,inan,femn sing,datv | NOUN,inan,femn sing,gent | NOUN,inan,femn sing,loct | NOUN,inan,femn sing,nomn	false	3.88	271	WORDFREQ_RANKED	IN_POOL_REVIEW_REQUIRED	
мель	4	EASY	NOUN,inan,femn plur,ablt | NOUN,inan,femn plur,accs | NOUN,inan,femn plur,datv | NOUN,inan,femn plur,gent | NOUN,inan,femn plur,loct | NOUN,inan,femn plur,nomn | NOUN,inan,femn sing,ablt | NOUN,inan,femn sing,accs | NOUN,inan,femn sing,datv | NOUN,inan,femn sing,gent | NOUN,inan,femn sing,loc2 | NOUN,inan,femn sing,loct | NOUN,inan,femn sing,nomn	false	3.26	528	WORDFREQ_RANKED	IN_POOL_REVIEW_REQUIRED	
мемуары	7	EXPERT	NOUN,inan,masc plur,ablt | NOUN,inan,masc plur,accs | NOUN,inan,masc plur,datv | NOUN,inan,masc plur,gent | NOUN,inan,masc plur,loct | NOUN,inan,masc plur,nomn | NOUN,inan,masc sing,ablt | NOUN,inan,masc sing,accs | NOUN,inan,masc sing,datv | NOUN,inan,masc sing,gent | NOUN,inan,masc sing,loct | NOUN,inan,masc sing,nomn	false	3.58	426	WORDFREQ_RANKED	IN_POOL_REVIEW_REQUIRED	
меню	4	EASY	NOUN,inan,neut,Fixd plur,ablt | NOUN,inan,neut,Fixd plur,accs | NOUN,inan,neut,Fixd plur,datv | NOUN,inan,neut,Fixd plur,gent | NOUN,inan,neut,Fixd plur,loct | NOUN,inan,neut,Fixd plur,nomn | NOUN,inan,neut,Fixd sing,ablt | NOUN,inan,neut,Fixd sing,accs | NOUN,inan,neut,Fixd sing,datv | NOUN,inan,neut,Fixd sing,gent | NOUN,inan,neut,Fixd sing,loct | NOUN,inan,neut,Fixd sing,nomn	false	4.20	155	WORDFREQ_RANKED	IN_POOL_REVIEW_REQUIRED	
мера	4	EASY	NOUN,inan,femn plur,ablt | NOUN,inan,femn plur,accs | NOUN,inan,femn plur,datv | NOUN,inan,femn plur,gent | NOUN,inan,femn plur,loct | NOUN,inan,femn plur,nomn | NOUN,inan,femn sing,ablt | NOUN,inan,femn sing,ablt,V-oy | NOUN,inan,femn sing,accs | NOUN,inan,femn sing,datv | NOUN,inan,femn sing,gent | NOUN,inan,femn sing,loct | NOUN,inan,femn sing,nomn	false	4.03	197	WORDFREQ_RANKED	IN_POOL_REVIEW_REQUIRED	
мертвый	7	EXPERT	NOUN,anim,masc plur,ablt | NOUN,anim,masc plur,accs | NOUN,anim,masc plur,datv | NOUN,anim,masc plur,gent | NOUN,anim,masc plur,loct | NOUN,anim,masc plur,nomn | NOUN,anim,masc sing,ablt | NOUN,anim,masc sing,accs | NOUN,anim,masc sing,datv | NOUN,anim,masc sing,gent | NOUN,anim,masc sing,loct | NOUN,anim,masc sing,nomn	false	3.71	350	WORDFREQ_RANKED	IN_POOL_REVIEW_REQUIRED	
месяц	5	MEDIUM	NOUN,inan,masc plur,ablt | NOUN,inan,masc plur,accs | NOUN,inan,masc plur,datv | NOUN,inan,masc plur,gent | NOUN,inan,masc plur,loct | NOUN,inan,masc plur,nomn | NOUN,inan,masc sing,ablt | NOUN,inan,masc sing,accs | NOUN,inan,masc sing,datv | NOUN,inan,masc sing,gent | NOUN,inan,masc sing,loct | NOUN,inan,masc sing,nomn	false	5.08	17	TRUSTED_V1	TRUSTED	ALLOW
мета	4	EASY	NOUN,inan,femn plur,ablt | NOUN,inan,femn plur,accs | NOUN,inan,femn plur,datv | NOUN,inan,femn plur,gent | NOUN,inan,femn plur,loct | NOUN,inan,femn plur,nomn | NOUN,inan,femn sing,ablt | NOUN,inan,femn sing,ablt,V-oy | NOUN,inan,femn sing,accs | NOUN,inan,femn sing,datv | NOUN,inan,femn sing,gent | NOUN,inan,femn sing,loct | NOUN,inan,femn sing,nomn	false	3.34	472	WORDFREQ_RANKED	IN_POOL_REVIEW_REQUIRED	
металл	6	HARD	NOUN,inan,masc plur,ablt | NOUN,inan,masc plur,accs | NOUN,inan,masc plur,datv | NOUN,inan,masc plur,gent | NOUN,inan,masc plur,loct | NOUN,inan,masc plur,nomn | NOUN,inan,masc sing,ablt | NOUN,inan,masc sing,accs | NOUN,inan,masc sing,datv | NOUN,inan,masc sing,gent | NOUN,inan,masc sing,loct | NOUN,inan,masc sing,nomn	false	3.92	257	WORDFREQ_RANKED	IN_POOL_REVIEW_REQUIRED	
метод	5	MEDIUM	NOUN,inan,masc plur,ablt | NOUN,inan,masc plur,accs | NOUN,inan,masc plur,datv | NOUN,inan,masc plur,gent | NOUN,inan,masc plur,loct | NOUN,inan,masc plur,nomn | NOUN,inan,masc sing,ablt | NOUN,inan,masc sing,accs | NOUN,inan,masc sing,datv | NOUN,inan,masc sing,gent | NOUN,inan,masc sing,loct | NOUN,inan,masc sing,nomn	false	4.58	74	TRUSTED_V1	TRUSTED	ALLOW
метр	4	EASY	NOUN,anim,masc plur,ablt | NOUN,anim,masc plur,accs | NOUN,anim,masc plur,datv | NOUN,anim,masc plur,gent | NOUN,anim,masc plur,loct | NOUN,anim,masc plur,nomn | NOUN,anim,masc sing,ablt | NOUN,anim,masc sing,accs | NOUN,anim,masc sing,datv | NOUN,anim,masc sing,gent | NOUN,anim,masc sing,loct | NOUN,anim,masc sing,nomn | NOUN,inan,masc plur,ablt | NOUN,inan,masc plur,accs | NOUN,inan,masc plur,datv | NOUN,inan,masc plur,gent | NOUN,inan,masc plur,loct | NOUN,inan,masc plur,nomn | NOUN,inan,masc sing,ablt | NOUN,inan,masc sing,accs | NOUN,inan,masc sing,datv | NOUN,inan,masc sing,gent | NOUN,inan,masc sing,loct | NOUN,inan,masc sing,nomn	false	3.87	247	WORDFREQ_RANKED	IN_POOL_REVIEW_REQUIRED	
метро	5	MEDIUM	NOUN,inan,neut,Fixd plur,ablt | NOUN,inan,neut,Fixd plur,accs | NOUN,inan,neut,Fixd plur,datv | NOUN,inan,neut,Fixd plur,gent | NOUN,inan,neut,Fixd plur,loct | NOUN,inan,neut,Fixd plur,nomn | NOUN,inan,neut,Fixd sing,ablt | NOUN,inan,neut,Fixd sing,accs | NOUN,inan,neut,Fixd sing,datv | NOUN,inan,neut,Fixd sing,gent | NOUN,inan,neut,Fixd sing,loct | NOUN,inan,neut,Fixd sing,nomn	false	4.84	38	TRUSTED_V1	TRUSTED	ALLOW
механик	7	EXPERT	NOUN,anim,masc plur,ablt | NOUN,anim,masc plur,accs | NOUN,anim,masc plur,datv | NOUN,anim,masc plur,gent | NOUN,anim,masc plur,loct | NOUN,anim,masc plur,nomn | NOUN,anim,masc sing,ablt | NOUN,anim,masc sing,accs | NOUN,anim,masc sing,datv | NOUN,anim,masc sing,gent | NOUN,anim,masc sing,loct | NOUN,anim,masc sing,nomn	false	3.69	365	WORDFREQ_RANKED	IN_POOL_REVIEW_REQUIRED	
мечеть	6	HARD	NOUN,inan,femn plur,ablt | NOUN,inan,femn plur,accs | NOUN,inan,femn plur,datv | NOUN,inan,femn plur,gent | NOUN,inan,femn plur,loct | NOUN,inan,femn plur,nomn | NOUN,inan,femn sing,ablt | NOUN,inan,femn sing,accs | NOUN,inan,femn sing,datv | NOUN,inan,femn sing,gent | NOUN,inan,femn sing,loct | NOUN,inan,femn sing,nomn	false	3.61	443	WORDFREQ_RANKED	IN_POOL_REVIEW_REQUIRED	
мечта	5	MEDIUM	NOUN,inan,femn plur,ablt | NOUN,inan,femn plur,accs | NOUN,inan,femn plur,datv | NOUN,inan,femn plur,gent | NOUN,inan,femn plur,loct | NOUN,inan,femn plur,nomn | NOUN,inan,femn sing,ablt | NOUN,inan,femn sing,ablt,V-oy | NOUN,inan,femn sing,accs | NOUN,inan,femn sing,datv | NOUN,inan,femn sing,gent | NOUN,inan,femn sing,loct | NOUN,inan,femn sing,nomn	false	4.38	124	TRUSTED_V1	TRUSTED	ALLOW
мешок	5	MEDIUM	NOUN,anim,masc plur,ablt | NOUN,anim,masc plur,accs | NOUN,anim,masc plur,datv | NOUN,anim,masc plur,gent | NOUN,anim,masc plur,loct | NOUN,anim,masc plur,nomn | NOUN,anim,masc sing,ablt | NOUN,anim,masc sing,accs | NOUN,anim,masc sing,datv | NOUN,anim,masc sing,gent | NOUN,anim,masc sing,loct | NOUN,anim,masc sing,nomn | NOUN,inan,masc plur,ablt | NOUN,inan,masc plur,accs | NOUN,inan,masc plur,datv | NOUN,inan,masc plur,gent | NOUN,inan,masc plur,loct | NOUN,inan,masc plur,nomn | NOUN,inan,masc sing,ablt | NOUN,inan,masc sing,accs | NOUN,inan,masc sing,datv | NOUN,inan,masc sing,gent | NOUN,inan,masc sing,loct | NOUN,inan,masc sing,nomn	false	4.00	270	TRUSTED_V1	TRUSTED	ALLOW
микс	4	EASY	NOUN,inan,masc plur,ablt | NOUN,inan,masc plur,accs | NOUN,inan,masc plur,datv | NOUN,inan,masc plur,gent | NOUN,inan,masc plur,loct | NOUN,inan,masc plur,nomn | NOUN,inan,masc sing,ablt | NOUN,inan,masc sing,accs | NOUN,inan,masc sing,datv | NOUN,inan,masc sing,gent | NOUN,inan,masc sing,loct | NOUN,inan,masc sing,nomn	false	3.33	481	WORDFREQ_RANKED	IN_POOL_REVIEW_REQUIRED	
милиция	7	EXPERT	NOUN,inan,femn plur,ablt | NOUN,inan,femn plur,accs | NOUN,inan,femn plur,datv | NOUN,inan,femn plur,gent | NOUN,inan,femn plur,loct | NOUN,inan,femn plur,nomn | NOUN,inan,femn sing,ablt | NOUN,inan,femn sing,ablt,V-ey | NOUN,inan,femn sing,accs | NOUN,inan,femn sing,datv | NOUN,inan,femn sing,gent | NOUN,inan,femn sing,loct | NOUN,inan,femn sing,nomn	false	3.94	233	WORDFREQ_RANKED	IN_POOL_REVIEW_REQUIRED	
миллион	7	EXPERT	NOUN,inan,masc plur,ablt | NOUN,inan,masc plur,accs | NOUN,inan,masc plur,datv | NOUN,inan,masc plur,gent | NOUN,inan,masc plur,loct | NOUN,inan,masc plur,nomn | NOUN,inan,masc sing,ablt | NOUN,inan,masc sing,accs | NOUN,inan,masc sing,datv | NOUN,inan,masc sing,gent | NOUN,inan,masc sing,loct | NOUN,inan,masc sing,nomn	false	4.47	83	WORDFREQ_RANKED	IN_POOL_REVIEW_REQUIRED	
милость	7	EXPERT	NOUN,inan,femn plur,ablt | NOUN,inan,femn plur,accs | NOUN,inan,femn plur,datv | NOUN,inan,femn plur,gent | NOUN,inan,femn plur,loct | NOUN,inan,femn plur,nomn | NOUN,inan,femn sing,ablt | NOUN,inan,femn sing,accs | NOUN,inan,femn sing,datv | NOUN,inan,femn sing,gent | NOUN,inan,femn sing,loct | NOUN,inan,femn sing,nomn	false	3.88	253	WORDFREQ_RANKED	IN_POOL_REVIEW_REQUIRED	
миля	4	EASY	NOUN,inan,femn plur,ablt | NOUN,inan,femn plur,accs | NOUN,inan,femn plur,datv | NOUN,inan,femn plur,gent | NOUN,inan,femn plur,loct | NOUN,inan,femn plur,nomn | NOUN,inan,femn sing,ablt | NOUN,inan,femn sing,ablt,V-ey | NOUN,inan,femn sing,accs | NOUN,inan,femn sing,datv | NOUN,inan,femn sing,gent | NOUN,inan,femn sing,loct | NOUN,inan,femn sing,nomn	false	3.37	452	WORDFREQ_RANKED	IN_POOL_REVIEW_REQUIRED	
мина	4	EASY	NOUN,inan,femn plur,ablt | NOUN,inan,femn plur,accs | NOUN,inan,femn plur,datv | NOUN,inan,femn plur,gent | NOUN,inan,femn plur,loct | NOUN,inan,femn plur,nomn | NOUN,inan,femn sing,ablt | NOUN,inan,femn sing,ablt,V-oy | NOUN,inan,femn sing,accs | NOUN,inan,femn sing,datv | NOUN,inan,femn sing,gent | NOUN,inan,femn sing,loct | NOUN,inan,femn sing,nomn	false	3.68	308	WORDFREQ_RANKED	IN_POOL_REVIEW_REQUIRED	
минимум	7	EXPERT	NOUN,inan,masc plur,ablt | NOUN,inan,masc plur,accs | NOUN,inan,masc plur,datv | NOUN,inan,masc plur,gent | NOUN,inan,masc plur,loct | NOUN,inan,masc plur,nomn | NOUN,inan,masc sing,ablt | NOUN,inan,masc sing,accs | NOUN,inan,masc sing,datv | NOUN,inan,masc sing,gent | NOUN,inan,masc sing,loct | NOUN,inan,masc sing,nomn	false	4.61	62	WORDFREQ_RANKED	IN_POOL_REVIEW_REQUIRED	
министр	7	EXPERT	NOUN,anim,masc plur,ablt | NOUN,anim,masc plur,accs | NOUN,anim,masc plur,datv | NOUN,anim,masc plur,gent | NOUN,anim,masc plur,loct | NOUN,anim,masc plur,nomn | NOUN,anim,masc sing,ablt | NOUN,anim,masc sing,accs | NOUN,anim,masc sing,datv | NOUN,anim,masc sing,gent | NOUN,anim,masc sing,loct | NOUN,anim,masc sing,nomn	false	4.93	17	WORDFREQ_RANKED	IN_POOL_REVIEW_REQUIRED	
минута	6	HARD	NOUN,inan,femn plur,ablt | NOUN,inan,femn plur,accs | NOUN,inan,femn plur,datv | NOUN,inan,femn plur,gent | NOUN,inan,femn plur,loct | NOUN,inan,femn plur,nomn | NOUN,inan,femn sing,ablt | NOUN,inan,femn sing,ablt,V-oy | NOUN,inan,femn sing,accs | NOUN,inan,femn sing,datv | NOUN,inan,femn sing,gent | NOUN,inan,femn sing,loct | NOUN,inan,femn sing,nomn	false	4.04	205	WORDFREQ_RANKED	IN_POOL_REVIEW_REQUIRED	
минутка	7	EXPERT	NOUN,inan,femn plur,ablt | NOUN,inan,femn plur,accs | NOUN,inan,femn plur,datv | NOUN,inan,femn plur,gent | NOUN,inan,femn plur,loct | NOUN,inan,femn plur,nomn | NOUN,inan,femn sing,ablt | NOUN,inan,femn sing,ablt,V-oy | NOUN,inan,femn sing,accs | NOUN,inan,femn sing,datv | NOUN,inan,femn sing,gent | NOUN,inan,femn sing,loct | NOUN,inan,femn sing,nomn	false	3.66	380	WORDFREQ_RANKED	IN_POOL_REVIEW_REQUIRED	
миска	5	MEDIUM	NOUN,inan,femn plur,ablt | NOUN,inan,femn plur,accs | NOUN,inan,femn plur,datv | NOUN,inan,femn plur,gent | NOUN,inan,femn plur,loct | NOUN,inan,femn plur,nomn | NOUN,inan,femn sing,ablt | NOUN,inan,femn sing,ablt,V-oy | NOUN,inan,femn sing,accs | NOUN,inan,femn sing,datv | NOUN,inan,femn sing,gent | NOUN,inan,femn sing,loct | NOUN,inan,femn sing,nomn	false	2.78	1325	TRUSTED_V1	TRUSTED	ALLOW
мисс	4	EASY	NOUN,anim,femn,Fixd plur,ablt | NOUN,anim,femn,Fixd plur,accs | NOUN,anim,femn,Fixd plur,datv | NOUN,anim,femn,Fixd plur,gent | NOUN,anim,femn,Fixd plur,loct | NOUN,anim,femn,Fixd plur,nomn | NOUN,anim,femn,Fixd sing,ablt | NOUN,anim,femn,Fixd sing,accs | NOUN,anim,femn,Fixd sing,datv | NOUN,anim,femn,Fixd sing,gent | NOUN,anim,femn,Fixd sing,loct | NOUN,anim,femn,Fixd sing,nomn	false	4.41	110	WORDFREQ_RANKED	IN_POOL_REVIEW_REQUIRED	
миссис	6	HARD	NOUN,anim,femn,Fixd plur,ablt | NOUN,anim,femn,Fixd plur,accs | NOUN,anim,femn,Fixd plur,datv | NOUN,anim,femn,Fixd plur,gent | NOUN,anim,femn,Fixd plur,loct | NOUN,anim,femn,Fixd plur,nomn | NOUN,anim,femn,Fixd sing,ablt | NOUN,anim,femn,Fixd sing,accs | NOUN,anim,femn,Fixd sing,datv | NOUN,anim,femn,Fixd sing,gent | NOUN,anim,femn,Fixd sing,loct | NOUN,anim,femn,Fixd sing,nomn	false	4.18	158	WORDFREQ_RANKED	IN_POOL_REVIEW_REQUIRED	
миссия	6	HARD	NOUN,inan,femn plur,ablt | NOUN,inan,femn plur,accs | NOUN,inan,femn plur,datv | NOUN,inan,femn plur,gent | NOUN,inan,femn plur,loct | NOUN,inan,femn plur,nomn | NOUN,inan,femn sing,ablt | NOUN,inan,femn sing,ablt,V-ey | NOUN,inan,femn sing,accs | NOUN,inan,femn sing,datv | NOUN,inan,femn sing,gent | NOUN,inan,femn sing,loct | NOUN,inan,femn sing,nomn	false	4.28	129	WORDFREQ_RANKED	IN_POOL_REVIEW_REQUIRED	
мистер	6	HARD	NOUN,anim,masc plur,ablt | NOUN,anim,masc plur,accs | NOUN,anim,masc plur,datv | NOUN,anim,masc plur,gent | NOUN,anim,masc plur,loct | NOUN,anim,masc plur,nomn | NOUN,anim,masc sing,ablt | NOUN,anim,masc sing,accs | NOUN,anim,masc sing,datv | NOUN,anim,masc sing,gent | NOUN,anim,masc sing,loct | NOUN,anim,masc sing,nomn	false	4.39	101	WORDFREQ_RANKED	IN_POOL_REVIEW_REQUIRED	
митинг	6	HARD	NOUN,inan,masc plur,ablt | NOUN,inan,masc plur,accs | NOUN,inan,masc plur,datv | NOUN,inan,masc plur,gent | NOUN,inan,masc plur,loct | NOUN,inan,masc plur,nomn | NOUN,inan,masc sing,ablt | NOUN,inan,masc sing,accs | NOUN,inan,masc sing,datv | NOUN,inan,masc sing,gent | NOUN,inan,masc sing,loct | NOUN,inan,masc sing,nomn	false	4.25	142	WORDFREQ_RANKED	IN_POOL_REVIEW_REQUIRED	
мнение	6	HARD	NOUN,inan,neut plur,ablt | NOUN,inan,neut plur,ablt,V-be | NOUN,inan,neut plur,accs | NOUN,inan,neut plur,accs,V-be | NOUN,inan,neut plur,datv | NOUN,inan,neut plur,datv,V-be | NOUN,inan,neut plur,gent | NOUN,inan,neut plur,loct | NOUN,inan,neut plur,loct,V-be | NOUN,inan,neut plur,nomn | NOUN,inan,neut plur,nomn,V-be | NOUN,inan,neut sing,ablt | NOUN,inan,neut sing,ablt,V-be | NOUN,inan,neut sing,accs | NOUN,inan,neut sing,accs,V-be | NOUN,inan,neut sing,datv | NOUN,inan,neut sing,datv,V-be | NOUN,inan,neut sing,gent | NOUN,inan,neut sing,gent,V-be | NOUN,inan,neut sing,loct | NOUN,inan,neut sing,loct,V-be | NOUN,inan,neut sing,loct,V-be,V-bi | NOUN,inan,neut sing,nomn | NOUN,inan,neut sing,nomn,V-be	false	4.96	21	WORDFREQ_RANKED	IN_POOL_REVIEW_REQUIRED	
могила	6	HARD	NOUN,inan,femn plur,ablt | NOUN,inan,femn plur,accs | NOUN,inan,femn plur,datv | NOUN,inan,femn plur,gent | NOUN,inan,femn plur,loct | NOUN,inan,femn plur,nomn | NOUN,inan,femn sing,ablt | NOUN,inan,femn sing,ablt,V-oy | NOUN,inan,femn sing,accs | NOUN,inan,femn sing,datv | NOUN,inan,femn sing,gent | NOUN,inan,femn sing,loct | NOUN,inan,femn sing,nomn	false	3.82	297	WORDFREQ_RANKED	IN_POOL_REVIEW_REQUIRED	
мода	4	EASY	NOUN,inan,femn plur,ablt | NOUN,inan,femn plur,accs | NOUN,inan,femn plur,datv | NOUN,inan,femn plur,gent | NOUN,inan,femn plur,loct | NOUN,inan,femn plur,nomn | NOUN,inan,femn sing,ablt | NOUN,inan,femn sing,ablt,V-oy | NOUN,inan,femn sing,accs | NOUN,inan,femn sing,datv | NOUN,inan,femn sing,gent | NOUN,inan,femn sing,loct | NOUN,inan,femn sing,nomn	false	3.75	281	WORDFREQ_RANKED	IN_POOL_REVIEW_REQUIRED	
модель	6	HARD	NOUN,anim,femn plur,ablt | NOUN,anim,femn plur,accs | NOUN,anim,femn plur,datv | NOUN,anim,femn plur,gent | NOUN,anim,femn plur,loct | NOUN,anim,femn plur,nomn | NOUN,anim,femn sing,ablt | NOUN,anim,femn sing,accs | NOUN,anim,femn sing,datv | NOUN,anim,femn sing,gent | NOUN,anim,femn sing,loct | NOUN,anim,femn sing,nomn | NOUN,inan,femn plur,ablt | NOUN,inan,femn plur,accs | NOUN,inan,femn plur,datv | NOUN,inan,femn plur,gent | NOUN,inan,femn plur,loct | NOUN,inan,femn plur,nomn | NOUN,inan,femn sing,ablt | NOUN,inan,femn sing,accs | NOUN,inan,femn sing,datv | NOUN,inan,femn sing,gent | NOUN,inan,femn sing,loct | NOUN,inan,femn sing,nomn	false	4.85	34	WORDFREQ_RANKED	IN_POOL_REVIEW_REQUIRED	
модуль	6	HARD	NOUN,inan,masc plur,ablt | NOUN,inan,masc plur,accs | NOUN,inan,masc plur,datv | NOUN,inan,masc plur,gent | NOUN,inan,masc plur,loct | NOUN,inan,masc plur,nomn | NOUN,inan,masc sing,ablt | NOUN,inan,masc sing,accs | NOUN,inan,masc sing,datv | NOUN,inan,masc sing,gent | NOUN,inan,masc sing,loct | NOUN,inan,masc sing,nomn	false	3.81	303	WORDFREQ_RANKED	IN_POOL_REVIEW_REQUIRED	
мозг	4	EASY	NOUN,inan,masc plur,ablt | NOUN,inan,masc plur,accs | NOUN,inan,masc plur,datv | NOUN,inan,masc plur,gent | NOUN,inan,masc plur,loct | NOUN,inan,masc plur,nomn | NOUN,inan,masc sing,ablt | NOUN,inan,masc sing,accs | NOUN,inan,masc sing,datv | NOUN,inan,masc sing,gen2 | NOUN,inan,masc sing,gent | NOUN,inan,masc sing,loc2 | NOUN,inan,masc sing,loct | NOUN,inan,masc sing,nomn	false	4.54	85	WORDFREQ_RANKED	IN_POOL_REVIEW_REQUIRED	
молитва	7	EXPERT	NOUN,inan,femn plur,ablt | NOUN,inan,femn plur,accs | NOUN,inan,femn plur,datv | NOUN,inan,femn plur,gent | NOUN,inan,femn plur,loct | NOUN,inan,femn plur,nomn | NOUN,inan,femn sing,ablt | NOUN,inan,femn sing,ablt,V-oy | NOUN,inan,femn sing,accs | NOUN,inan,femn sing,datv | NOUN,inan,femn sing,gent | NOUN,inan,femn sing,loct | NOUN,inan,femn sing,nomn	false	3.81	297	WORDFREQ_RANKED	IN_POOL_REVIEW_REQUIRED	
молния	6	HARD	NOUN,inan,femn plur,ablt | NOUN,inan,femn plur,accs | NOUN,inan,femn plur,datv | NOUN,inan,femn plur,gent | NOUN,inan,femn plur,loct | NOUN,inan,femn plur,nomn | NOUN,inan,femn sing,ablt | NOUN,inan,femn sing,ablt,V-ey | NOUN,inan,femn sing,accs | NOUN,inan,femn sing,datv | NOUN,inan,femn sing,gent | NOUN,inan,femn sing,loct | NOUN,inan,femn sing,nomn	false	3.87	274	WORDFREQ_RANKED	IN_POOL_REVIEW_REQUIRED	
молодец	7	EXPERT	NOUN,anim,masc plur,ablt | NOUN,anim,masc plur,accs | NOUN,anim,masc plur,accs,Litr | NOUN,anim,masc plur,datv | NOUN,anim,masc plur,gent | NOUN,anim,masc plur,gent,Litr | NOUN,anim,masc plur,loct | NOUN,anim,masc plur,nomn | NOUN,anim,masc sing,ablt | NOUN,anim,masc sing,ablt,Litr | NOUN,anim,masc sing,accs | NOUN,anim,masc sing,datv | NOUN,anim,masc sing,gent | NOUN,anim,masc sing,loct | NOUN,anim,masc sing,nomn	false	4.59	63	WORDFREQ_RANKED	IN_POOL_REVIEW_REQUIRED	
молоко	6	HARD	NOUN,inan,neut,Sgtm sing,ablt | NOUN,inan,neut,Sgtm sing,accs | NOUN,inan,neut,Sgtm sing,datv | NOUN,inan,neut,Sgtm sing,gent | NOUN,inan,neut,Sgtm sing,loct | NOUN,inan,neut,Sgtm sing,nomn	false	4.38	103	MANUAL_ALLOW	IN_POOL_REVIEW_REQUIRED	ALLOW
молот	5	MEDIUM	NOUN,inan,masc plur,ablt | NOUN,inan,masc plur,accs | NOUN,inan,masc plur,datv | NOUN,inan,masc plur,gent | NOUN,inan,masc plur,loct | NOUN,inan,masc plur,nomn | NOUN,inan,masc sing,ablt | NOUN,inan,masc sing,accs | NOUN,inan,masc sing,datv | NOUN,inan,masc sing,gent | NOUN,inan,masc sing,loct | NOUN,inan,masc sing,nomn	false	3.63		TRUSTED_V1	TRUSTED	ALLOW
молоток	7	EXPERT	NOUN,inan,masc plur,ablt | NOUN,inan,masc plur,accs | NOUN,inan,masc plur,datv | NOUN,inan,masc plur,gent | NOUN,inan,masc plur,loct | NOUN,inan,masc plur,nomn | NOUN,inan,masc sing,ablt | NOUN,inan,masc sing,accs | NOUN,inan,masc sing,datv | NOUN,inan,masc sing,gent | NOUN,inan,masc sing,loct | NOUN,inan,masc sing,nomn	false	3.45	509	MANUAL_ALLOW	IN_POOL_REVIEW_REQUIRED	ALLOW
моль	4	EASY	NOUN,anim,femn plur,ablt | NOUN,anim,femn plur,accs | NOUN,anim,femn plur,datv | NOUN,anim,femn plur,gent | NOUN,anim,femn plur,loct | NOUN,anim,femn plur,nomn | NOUN,anim,femn sing,ablt | NOUN,anim,femn sing,accs | NOUN,anim,femn sing,datv | NOUN,anim,femn sing,gent | NOUN,anim,femn sing,loct | NOUN,anim,femn sing,nomn | NOUN,inan,masc plur,ablt | NOUN,inan,masc plur,accs | NOUN,inan,masc plur,datv | NOUN,inan,masc plur,gent | NOUN,inan,masc plur,loct | NOUN,inan,masc plur,nomn | NOUN,inan,masc sing,ablt | NOUN,inan,masc sing,accs | NOUN,inan,masc sing,datv | NOUN,inan,masc sing,gent | NOUN,inan,masc sing,loct | NOUN,inan,masc sing,nomn	false	3.44	407	WORDFREQ_RANKED	IN_POOL_REVIEW_REQUIRED	
момент	6	HARD	NOUN,inan,masc plur,ablt | NOUN,inan,masc plur,accs | NOUN,inan,masc plur,datv | NOUN,inan,masc plur,gent | NOUN,inan,masc plur,loct | NOUN,inan,masc plur,nomn | NOUN,inan,masc sing,ablt | NOUN,inan,masc sing,accs | NOUN,inan,masc sing,datv | NOUN,inan,masc sing,gent | NOUN,inan,masc sing,loct | NOUN,inan,masc sing,nomn	false	5.37	2	WORDFREQ_RANKED	IN_POOL_REVIEW_REQUIRED	
монах	5	MEDIUM	NOUN,anim,masc plur,ablt | NOUN,anim,masc plur,accs | NOUN,anim,masc plur,datv | NOUN,anim,masc plur,gent | NOUN,anim,masc plur,loct | NOUN,anim,masc plur,nomn | NOUN,anim,masc sing,ablt | NOUN,anim,masc sing,accs | NOUN,anim,masc sing,datv | NOUN,anim,masc sing,gent | NOUN,anim,masc sing,loct | NOUN,anim,masc sing,nomn	false	3.74	404	TRUSTED_V1	TRUSTED	ALLOW
монета	6	HARD	NOUN,inan,femn plur,ablt | NOUN,inan,femn plur,accs | NOUN,inan,femn plur,datv | NOUN,inan,femn plur,gent | NOUN,inan,femn plur,loct | NOUN,inan,femn plur,nomn | NOUN,inan,femn sing,ablt | NOUN,inan,femn sing,ablt,V-oy | NOUN,inan,femn sing,accs | NOUN,inan,femn sing,datv | NOUN,inan,femn sing,gent | NOUN,inan,femn sing,loct | NOUN,inan,femn sing,nomn	false	3.56	485	WORDFREQ_RANKED	IN_POOL_REVIEW_REQUIRED	
монитор	7	EXPERT	NOUN,inan,masc plur,ablt | NOUN,inan,masc plur,accs | NOUN,inan,masc plur,datv | NOUN,inan,masc plur,gent | NOUN,inan,masc plur,loct | NOUN,inan,masc plur,nomn | NOUN,inan,masc sing,ablt | NOUN,inan,masc sing,accs | NOUN,inan,masc sing,datv | NOUN,inan,masc sing,gent | NOUN,inan,masc sing,loct | NOUN,inan,masc sing,nomn	false	3.50	474	WORDFREQ_RANKED	IN_POOL_REVIEW_REQUIRED	
монстр	6	HARD	NOUN,anim,masc plur,ablt | NOUN,anim,masc plur,accs | NOUN,anim,masc plur,datv | NOUN,anim,masc plur,gent | NOUN,anim,masc plur,loct | NOUN,anim,masc plur,nomn | NOUN,anim,masc sing,ablt | NOUN,anim,masc sing,accs | NOUN,anim,masc sing,datv | NOUN,anim,masc sing,gent | NOUN,anim,masc sing,loct | NOUN,anim,masc sing,nomn	false	3.79	316	WORDFREQ_RANKED	IN_POOL_REVIEW_REQUIRED	
монтаж	6	HARD	NOUN,inan,masc plur,ablt | NOUN,inan,masc plur,accs | NOUN,inan,masc plur,datv | NOUN,inan,masc plur,gent | NOUN,inan,masc plur,loct | NOUN,inan,masc plur,nomn | NOUN,inan,masc sing,ablt | NOUN,inan,masc sing,accs | NOUN,inan,masc sing,datv | NOUN,inan,masc sing,gent | NOUN,inan,masc sing,loct | NOUN,inan,masc sing,nomn	false	3.97	234	WORDFREQ_RANKED	IN_POOL_REVIEW_REQUIRED	
мораль	6	HARD	NOUN,inan,femn plur,ablt | NOUN,inan,femn plur,accs | NOUN,inan,femn plur,datv | NOUN,inan,femn plur,gent | NOUN,inan,femn plur,loct | NOUN,inan,femn plur,nomn | NOUN,inan,femn sing,ablt | NOUN,inan,femn sing,accs | NOUN,inan,femn sing,datv | NOUN,inan,femn sing,gent | NOUN,inan,femn sing,loct | NOUN,inan,femn sing,nomn	false	3.76	328	WORDFREQ_RANKED	IN_POOL_REVIEW_REQUIRED	
морг	4	EASY	NOUN,inan,masc plur,ablt | NOUN,inan,masc plur,accs | NOUN,inan,masc plur,datv | NOUN,inan,masc plur,gent | NOUN,inan,masc plur,loct | NOUN,inan,masc plur,nomn | NOUN,inan,masc sing,ablt | NOUN,inan,masc sing,accs | NOUN,inan,masc sing,datv | NOUN,inan,masc sing,gent | NOUN,inan,masc sing,loct | NOUN,inan,masc sing,nomn	false	3.31	495	WORDFREQ_RANKED	IN_POOL_REVIEW_REQUIRED	
море	4	EASY	NOUN,inan,neut plur,ablt | NOUN,inan,neut plur,accs | NOUN,inan,neut plur,datv | NOUN,inan,neut plur,gent | NOUN,inan,neut plur,loct | NOUN,inan,neut plur,nomn | NOUN,inan,neut sing,ablt | NOUN,inan,neut sing,accs | NOUN,inan,neut sing,datv | NOUN,inan,neut sing,gent | NOUN,inan,neut sing,loct | NOUN,inan,neut sing,nomn	false	5.00	26	MANUAL_ALLOW	IN_POOL_REVIEW_REQUIRED	ALLOW
морковь	7	EXPERT	NOUN,inan,femn plur,ablt | NOUN,inan,femn plur,accs | NOUN,inan,femn plur,datv | NOUN,inan,femn plur,gent | NOUN,inan,femn plur,loct | NOUN,inan,femn plur,nomn | NOUN,inan,femn sing,ablt | NOUN,inan,femn sing,accs | NOUN,inan,femn sing,datv | NOUN,inan,femn sing,gent | NOUN,inan,femn sing,loct | NOUN,inan,femn sing,nomn	false	3.69	366	WORDFREQ_RANKED	IN_POOL_REVIEW_REQUIRED	
мороз	5	MEDIUM	NOUN,inan,masc plur,ablt | NOUN,inan,masc plur,accs | NOUN,inan,masc plur,datv | NOUN,inan,masc plur,gent | NOUN,inan,masc plur,loct | NOUN,inan,masc plur,nomn | NOUN,inan,masc sing,ablt | NOUN,inan,masc sing,accs | NOUN,inan,masc sing,datv | NOUN,inan,masc sing,gen2 | NOUN,inan,masc sing,gent | NOUN,inan,masc sing,loct | NOUN,inan,masc sing,nomn	false	4.11		TRUSTED_V1	TRUSTED	ALLOW
моряк	5	MEDIUM	NOUN,anim,masc plur,ablt | NOUN,anim,masc plur,accs | NOUN,anim,masc plur,datv | NOUN,anim,masc plur,gent | NOUN,anim,masc plur,loct | NOUN,anim,masc plur,nomn | NOUN,anim,masc sing,ablt | NOUN,anim,masc sing,accs | NOUN,anim,masc sing,datv | NOUN,anim,masc sing,gent | NOUN,anim,masc sing,loct | NOUN,anim,masc sing,nomn	false	3.61	479	TRUSTED_V1	TRUSTED	ALLOW
москвич	7	EXPERT	NOUN,anim,masc plur,ablt | NOUN,anim,masc plur,accs | NOUN,anim,masc plur,datv | NOUN,anim,masc plur,gent | NOUN,anim,masc plur,loct | NOUN,anim,masc plur,nomn | NOUN,anim,masc sing,ablt | NOUN,anim,masc sing,accs | NOUN,anim,masc sing,datv | NOUN,anim,masc sing,gent | NOUN,anim,masc sing,loct | NOUN,anim,masc sing,nomn | NOUN,inan,masc plur,ablt | NOUN,inan,masc plur,accs | NOUN,inan,masc plur,datv | NOUN,inan,masc plur,gent | NOUN,inan,masc plur,loct | NOUN,inan,masc plur,nomn | NOUN,inan,masc sing,ablt | NOUN,inan,masc sing,accs | NOUN,inan,masc sing,datv | NOUN,inan,masc sing,gent | NOUN,inan,masc sing,loct | NOUN,inan,masc sing,nomn	false	3.66	381	WORDFREQ_RANKED	IN_POOL_REVIEW_REQUIRED	
мост	4	EASY	NOUN,inan,masc plur,ablt | NOUN,inan,masc plur,accs | NOUN,inan,masc plur,datv | NOUN,inan,masc plur,gent | NOUN,inan,masc plur,loct | NOUN,inan,masc plur,nomn | NOUN,inan,masc sing,ablt | NOUN,inan,masc sing,accs | NOUN,inan,masc sing,datv | NOUN,inan,masc sing,gent | NOUN,inan,masc sing,loc2 | NOUN,inan,masc sing,loct | NOUN,inan,masc sing,nomn	false	4.53	87	MANUAL_ALLOW	IN_POOL_REVIEW_REQUIRED	ALLOW
мотив	5	MEDIUM	NOUN,inan,masc plur,ablt | NOUN,inan,masc plur,accs | NOUN,inan,masc plur,datv | NOUN,inan,masc plur,gent | NOUN,inan,masc plur,loct | NOUN,inan,masc plur,nomn | NOUN,inan,masc sing,ablt | NOUN,inan,masc sing,accs | NOUN,inan,masc sing,datv | NOUN,inan,masc sing,gent | NOUN,inan,masc sing,loct | NOUN,inan,masc sing,nomn	false	4.03	258	TRUSTED_V1	TRUSTED	ALLOW
мотор	5	MEDIUM	NOUN,inan,masc plur,ablt | NOUN,inan,masc plur,accs | NOUN,inan,masc plur,datv | NOUN,inan,masc plur,gent | NOUN,inan,masc plur,loct | NOUN,inan,masc plur,nomn | NOUN,inan,masc sing,ablt | NOUN,inan,masc sing,accs | NOUN,inan,masc sing,datv | NOUN,inan,masc sing,gent | NOUN,inan,masc sing,loct | NOUN,inan,masc sing,nomn	false	4.03	259	TRUSTED_V1	TRUSTED	ALLOW
мощь	4	EASY	NOUN,inan,femn plur,ablt | NOUN,inan,femn plur,accs | NOUN,inan,femn plur,datv | NOUN,inan,femn plur,gent | NOUN,inan,femn plur,loct | NOUN,inan,femn plur,nomn | NOUN,inan,femn sing,ablt | NOUN,inan,femn sing,accs | NOUN,inan,femn sing,datv | NOUN,inan,femn sing,gent | NOUN,inan,femn sing,loct | NOUN,inan,femn sing,nomn	false	3.97	209	WORDFREQ_RANKED	IN_POOL_REVIEW_REQUIRED	
мрак	4	EASY	NOUN,inan,masc plur,ablt | NOUN,inan,masc plur,accs | NOUN,inan,masc plur,datv | NOUN,inan,masc plur,gent | NOUN,inan,masc plur,loct | NOUN,inan,masc plur,nomn | NOUN,inan,masc sing,ablt | NOUN,inan,masc sing,accs | NOUN,inan,masc sing,datv | NOUN,inan,masc sing,gent | NOUN,inan,masc sing,loct | NOUN,inan,masc sing,nomn	false	3.59	346	WORDFREQ_RANKED	IN_POOL_REVIEW_REQUIRED	
мужчина	7	EXPERT	NOUN,anim,masc plur,ablt | NOUN,anim,masc plur,accs | NOUN,anim,masc plur,datv | NOUN,anim,masc plur,gent | NOUN,anim,masc plur,loct | NOUN,anim,masc plur,nomn | NOUN,anim,masc sing,ablt | NOUN,anim,masc sing,ablt,V-oy | NOUN,anim,masc sing,accs | NOUN,anim,masc sing,datv | NOUN,anim,masc sing,gent | NOUN,anim,masc sing,loct | NOUN,anim,masc sing,nomn	false	5.08	12	WORDFREQ_RANKED	IN_POOL_REVIEW_REQUIRED	
муза	4	EASY	NOUN,anim,femn plur,ablt | NOUN,anim,femn plur,accs | NOUN,anim,femn plur,datv | NOUN,anim,femn plur,gent | NOUN,anim,femn plur,loct | NOUN,anim,femn plur,nomn | NOUN,anim,femn sing,ablt | NOUN,anim,femn sing,ablt,V-oy | NOUN,anim,femn sing,accs | NOUN,anim,femn sing,datv | NOUN,anim,femn sing,gent | NOUN,anim,femn sing,loct | NOUN,anim,femn sing,nomn	false	3.46	396	WORDFREQ_RANKED	IN_POOL_REVIEW_REQUIRED	
музей	5	MEDIUM	NOUN,inan,masc plur,ablt | NOUN,inan,masc plur,accs | NOUN,inan,masc plur,datv | NOUN,inan,masc plur,gent | NOUN,inan,masc plur,loct | NOUN,inan,masc plur,nomn | NOUN,inan,masc sing,ablt | NOUN,inan,masc sing,accs | NOUN,inan,masc sing,datv | NOUN,inan,masc sing,gent | NOUN,inan,masc sing,loct | NOUN,inan,masc sing,nomn	false	4.65	64	TRUSTED_V1	TRUSTED	ALLOW
музыка	6	HARD	NOUN,inan,femn plur,ablt | NOUN,inan,femn plur,accs | NOUN,inan,femn plur,datv | NOUN,inan,femn plur,gent | NOUN,inan,femn plur,loct | NOUN,inan,femn plur,nomn | NOUN,inan,femn sing,ablt | NOUN,inan,femn sing,ablt,V-oy | NOUN,inan,femn sing,accs | NOUN,inan,femn sing,datv | NOUN,inan,femn sing,gent | NOUN,inan,femn sing,loct | NOUN,inan,femn sing,nomn	false	4.85	35	MANUAL_ALLOW	IN_POOL_REVIEW_REQUIRED	ALLOW
мука	4	EASY	NOUN,inan,femn plur,ablt | NOUN,inan,femn plur,accs | NOUN,inan,femn plur,datv | NOUN,inan,femn plur,gent | NOUN,inan,femn plur,loct | NOUN,inan,femn plur,nomn | NOUN,inan,femn sing,ablt | NOUN,inan,femn sing,ablt,V-oy | NOUN,inan,femn sing,accs | NOUN,inan,femn sing,datv | NOUN,inan,femn sing,gent | NOUN,inan,femn sing,loct | NOUN,inan,femn sing,nomn	false	3.61	332	WORDFREQ_RANKED	IN_POOL_REVIEW_REQUIRED	
мурашки	7	EXPERT	NOUN,inan,GNdr,Pltm plur,ablt | NOUN,inan,GNdr,Pltm plur,accs | NOUN,inan,GNdr,Pltm plur,datv | NOUN,inan,GNdr,Pltm plur,gent | NOUN,inan,GNdr,Pltm plur,loct | NOUN,inan,GNdr,Pltm plur,nomn	true	3.54	449	WORDFREQ_RANKED	IN_POOL_REVIEW_REQUIRED	
мусор	5	MEDIUM	NOUN,inan,masc,Sgtm sing,ablt | NOUN,inan,masc,Sgtm sing,accs | NOUN,inan,masc,Sgtm sing,datv | NOUN,inan,masc,Sgtm sing,gen2 | NOUN,inan,masc,Sgtm sing,gent | NOUN,inan,masc,Sgtm sing,loct | NOUN,inan,masc,Sgtm sing,nomn	false	4.19	177	TRUSTED_V1	TRUSTED	ALLOW
муха	4	EASY	NOUN,anim,femn plur,ablt | NOUN,anim,femn plur,accs | NOUN,anim,femn plur,datv | NOUN,anim,femn plur,gent | NOUN,anim,femn plur,loct | NOUN,anim,femn plur,nomn | NOUN,anim,femn sing,ablt | NOUN,anim,femn sing,ablt,V-oy | NOUN,anim,femn sing,accs | NOUN,anim,femn sing,datv | NOUN,anim,femn sing,gent | NOUN,anim,femn sing,loct | NOUN,anim,femn sing,nomn	false	3.65	318	WORDFREQ_RANKED	IN_POOL_REVIEW_REQUIRED	
мыло	4	EASY	NOUN,inan,neut plur,ablt | NOUN,inan,neut plur,accs | NOUN,inan,neut plur,datv | NOUN,inan,neut plur,gent | NOUN,inan,neut plur,loct | NOUN,inan,neut plur,nomn | NOUN,inan,neut sing,ablt | NOUN,inan,neut sing,accs | NOUN,inan,neut sing,datv | NOUN,inan,neut sing,gent | NOUN,inan,neut sing,loct | NOUN,inan,neut sing,nomn	false	3.69	305	WORDFREQ_RANKED	IN_POOL_REVIEW_REQUIRED	
мысль	5	MEDIUM	NOUN,inan,femn plur,ablt | NOUN,inan,femn plur,accs | NOUN,inan,femn plur,datv | NOUN,inan,femn plur,gent | NOUN,inan,femn plur,loct | NOUN,inan,femn plur,nomn | NOUN,inan,femn sing,ablt | NOUN,inan,femn sing,accs | NOUN,inan,femn sing,datv | NOUN,inan,femn sing,gent | NOUN,inan,femn sing,loct | NOUN,inan,femn sing,nomn	false	4.76	48	TRUSTED_V1	TRUSTED	ALLOW
мышка	5	MEDIUM	NOUN,anim,femn plur,ablt | NOUN,anim,femn plur,accs | NOUN,anim,femn plur,datv | NOUN,anim,femn plur,gent | NOUN,anim,femn plur,loct | NOUN,anim,femn plur,nomn | NOUN,anim,femn sing,ablt | NOUN,anim,femn sing,ablt,V-oy | NOUN,anim,femn sing,accs | NOUN,anim,femn sing,datv | NOUN,anim,femn sing,gent | NOUN,anim,femn sing,loct | NOUN,anim,femn sing,nomn | NOUN,inan,femn plur,ablt | NOUN,inan,femn plur,accs | NOUN,inan,femn plur,datv | NOUN,inan,femn plur,gent | NOUN,inan,femn plur,loct | NOUN,inan,femn plur,nomn | NOUN,inan,femn sing,ablt | NOUN,inan,femn sing,ablt,V-oy | NOUN,inan,femn sing,accs | NOUN,inan,femn sing,datv | NOUN,inan,femn sing,gent | NOUN,inan,femn sing,loct | NOUN,inan,femn sing,nomn	false	3.24	804	TRUSTED_V1	TRUSTED	ALLOW
мышца	5	MEDIUM	NOUN,inan,femn plur,ablt | NOUN,inan,femn plur,accs | NOUN,inan,femn plur,datv | NOUN,inan,femn plur,gent | NOUN,inan,femn plur,loct | NOUN,inan,femn plur,nomn | NOUN,inan,femn sing,ablt | NOUN,inan,femn sing,ablt,V-ey | NOUN,inan,femn sing,accs | NOUN,inan,femn sing,datv | NOUN,inan,femn sing,gent | NOUN,inan,femn sing,loct | NOUN,inan,femn sing,nomn	false	3.14	902	TRUSTED_V1	TRUSTED	ALLOW
мышь	4	EASY	NOUN,anim,femn plur,ablt | NOUN,anim,femn plur,accs | NOUN,anim,femn plur,datv | NOUN,anim,femn plur,gent | NOUN,anim,femn plur,loct | NOUN,anim,femn plur,nomn | NOUN,anim,femn sing,ablt | NOUN,anim,femn sing,accs | NOUN,anim,femn sing,datv | NOUN,anim,femn sing,gent | NOUN,anim,femn sing,loct | NOUN,anim,femn sing,nomn	false	3.94	222	WORDFREQ_RANKED	IN_POOL_REVIEW_REQUIRED	
мюзикл	6	HARD	NOUN,inan,masc plur,ablt | NOUN,inan,masc plur,accs | NOUN,inan,masc plur,datv | NOUN,inan,masc plur,gent | NOUN,inan,masc plur,loct | NOUN,inan,masc plur,nomn | NOUN,inan,masc sing,ablt | NOUN,inan,masc sing,accs | NOUN,inan,masc sing,datv | NOUN,inan,masc sing,gent | NOUN,inan,masc sing,loct | NOUN,inan,masc sing,nomn	false	3.70	376	WORDFREQ_RANKED	IN_POOL_REVIEW_REQUIRED	
мясо	4	EASY	NOUN,inan,neut,Sgtm sing,ablt | NOUN,inan,neut,Sgtm sing,accs | NOUN,inan,neut,Sgtm sing,datv | NOUN,inan,neut,Sgtm sing,gent | NOUN,inan,neut,Sgtm sing,loct | NOUN,inan,neut,Sgtm sing,nomn	false	4.50	94	WORDFREQ_RANKED	IN_POOL_REVIEW_REQUIRED	
мячик	5	MEDIUM	NOUN,inan,masc plur,ablt | NOUN,inan,masc plur,accs | NOUN,inan,masc plur,datv | NOUN,inan,masc plur,gent | NOUN,inan,masc plur,loct | NOUN,inan,masc plur,nomn | NOUN,inan,masc sing,ablt | NOUN,inan,masc sing,accs | NOUN,inan,masc sing,datv | NOUN,inan,masc sing,gent | NOUN,inan,masc sing,loct | NOUN,inan,masc sing,nomn	false	3.33	714	TRUSTED_V1	TRUSTED	ALLOW
набор	5	MEDIUM	NOUN,inan,masc plur,ablt | NOUN,inan,masc plur,accs | NOUN,inan,masc plur,datv | NOUN,inan,masc plur,gent | NOUN,inan,masc plur,loct | NOUN,inan,masc plur,nomn | NOUN,inan,masc sing,ablt | NOUN,inan,masc sing,accs | NOUN,inan,masc sing,datv | NOUN,inan,masc sing,gent | NOUN,inan,masc sing,loct | NOUN,inan,masc sing,nomn	false	4.52	87	TRUSTED_V1	TRUSTED	ALLOW
навес	5	MEDIUM	NOUN,inan,masc plur,ablt | NOUN,inan,masc plur,accs | NOUN,inan,masc plur,datv | NOUN,inan,masc plur,gent | NOUN,inan,masc plur,loct | NOUN,inan,masc plur,nomn | NOUN,inan,masc sing,ablt | NOUN,inan,masc sing,accs | NOUN,inan,masc sing,datv | NOUN,inan,masc sing,gent | NOUN,inan,masc sing,loct | NOUN,inan,masc sing,nomn	false	3.17	875	TRUSTED_V1	TRUSTED	ALLOW
награда	7	EXPERT	NOUN,inan,femn plur,ablt | NOUN,inan,femn plur,accs | NOUN,inan,femn plur,datv | NOUN,inan,femn plur,gent | NOUN,inan,femn plur,loct | NOUN,inan,femn plur,nomn | NOUN,inan,femn sing,ablt | NOUN,inan,femn sing,ablt,V-oy | NOUN,inan,femn sing,accs | NOUN,inan,femn sing,datv | NOUN,inan,femn sing,gent | NOUN,inan,femn sing,loct | NOUN,inan,femn sing,nomn	false	4.06	200	WORDFREQ_RANKED	IN_POOL_REVIEW_REQUIRED	
надежда	7	EXPERT	NOUN,inan,femn plur,ablt | NOUN,inan,femn plur,accs | NOUN,inan,femn plur,datv | NOUN,inan,femn plur,gent | NOUN,inan,femn plur,loct | NOUN,inan,femn plur,nomn | NOUN,inan,femn sing,ablt | NOUN,inan,femn sing,ablt,V-oy | NOUN,inan,femn sing,accs | NOUN,inan,femn sing,datv | NOUN,inan,femn sing,gent | NOUN,inan,femn sing,loct | NOUN,inan,femn sing,nomn	false	4.56	65	WORDFREQ_RANKED	IN_POOL_REVIEW_REQUIRED	
надзор	6	HARD	NOUN,inan,masc plur,ablt | NOUN,inan,masc plur,accs | NOUN,inan,masc plur,datv | NOUN,inan,masc plur,gent | NOUN,inan,masc plur,loct | NOUN,inan,masc plur,nomn | NOUN,inan,masc sing,ablt | NOUN,inan,masc sing,accs | NOUN,inan,masc sing,datv | NOUN,inan,masc sing,gent | NOUN,inan,masc sing,loct | NOUN,inan,masc sing,nomn	false	3.71	366	WORDFREQ_RANKED	IN_POOL_REVIEW_REQUIRED	
надпись	7	EXPERT	NOUN,inan,femn plur,ablt | NOUN,inan,femn plur,accs | NOUN,inan,femn plur,datv | NOUN,inan,femn plur,gent | NOUN,inan,femn plur,loct | NOUN,inan,femn plur,nomn | NOUN,inan,femn sing,ablt | NOUN,inan,femn sing,accs | NOUN,inan,femn sing,datv | NOUN,inan,femn sing,gent | NOUN,inan,femn sing,loct | NOUN,inan,femn sing,nomn	false	4.29	121	WORDFREQ_RANKED	IN_POOL_REVIEW_REQUIRED	
нажим	5	MEDIUM	NOUN,inan,masc plur,ablt | NOUN,inan,masc plur,accs | NOUN,inan,masc plur,datv | NOUN,inan,masc plur,gent | NOUN,inan,masc plur,loct | NOUN,inan,masc plur,nomn | NOUN,inan,masc sing,ablt | NOUN,inan,masc sing,accs | NOUN,inan,masc sing,datv | NOUN,inan,masc sing,gent | NOUN,inan,masc sing,loct | NOUN,inan,masc sing,nomn	false	2.60	1544	TRUSTED_V1	TRUSTED	ALLOW
налет	5	MEDIUM	NOUN,inan,masc plur,ablt | NOUN,inan,masc plur,accs | NOUN,inan,masc plur,datv | NOUN,inan,masc plur,gent | NOUN,inan,masc plur,loct | NOUN,inan,masc plur,nomn | NOUN,inan,masc sing,ablt | NOUN,inan,masc sing,accs | NOUN,inan,masc sing,datv | NOUN,inan,masc sing,gent | NOUN,inan,masc sing,loct | NOUN,inan,masc sing,nomn	false	3.35	697	TRUSTED_V1	TRUSTED	ALLOW
наличие	7	EXPERT	NOUN,inan,neut plur,ablt | NOUN,inan,neut plur,ablt,V-be | NOUN,inan,neut plur,accs | NOUN,inan,neut plur,accs,V-be | NOUN,inan,neut plur,datv | NOUN,inan,neut plur,datv,V-be | NOUN,inan,neut plur,gent | NOUN,inan,neut plur,loct | NOUN,inan,neut plur,loct,V-be | NOUN,inan,neut plur,nomn | NOUN,inan,neut plur,nomn,V-be | NOUN,inan,neut sing,ablt | NOUN,inan,neut sing,ablt,V-be | NOUN,inan,neut sing,accs | NOUN,inan,neut sing,accs,V-be | NOUN,inan,neut sing,datv | NOUN,inan,neut sing,datv,V-be | NOUN,inan,neut sing,gent | NOUN,inan,neut sing,gent,V-be | NOUN,inan,neut sing,loct | NOUN,inan,neut sing,loct,V-be | NOUN,inan,neut sing,loct,V-be,V-bi | NOUN,inan,neut sing,nomn | NOUN,inan,neut sing,nomn,V-be	false	4.65	52	WORDFREQ_RANKED	IN_POOL_REVIEW_REQUIRED	
налог	5	MEDIUM	NOUN,inan,masc plur,ablt | NOUN,inan,masc plur,accs | NOUN,inan,masc plur,datv | NOUN,inan,masc plur,gent | NOUN,inan,masc plur,loct | NOUN,inan,masc plur,nomn | NOUN,inan,masc sing,ablt | NOUN,inan,masc sing,accs | NOUN,inan,masc sing,datv | NOUN,inan,masc sing,gent | NOUN,inan,masc sing,loct | NOUN,inan,masc sing,nomn	false	4.15	196	TRUSTED_V1	TRUSTED	ALLOW
напев	5	MEDIUM	NOUN,inan,masc plur,ablt | NOUN,inan,masc plur,accs | NOUN,inan,masc plur,datv | NOUN,inan,masc plur,gent | NOUN,inan,masc plur,loct | NOUN,inan,masc plur,nomn | NOUN,inan,masc sing,ablt | NOUN,inan,masc sing,accs | NOUN,inan,masc sing,datv | NOUN,inan,masc sing,gent | NOUN,inan,masc sing,loct | NOUN,inan,masc sing,nomn	false	2.51		TRUSTED_V1	TRUSTED	ALLOW
напиток	7	EXPERT	NOUN,inan,masc plur,ablt | NOUN,inan,masc plur,accs | NOUN,inan,masc plur,datv | NOUN,inan,masc plur,gent | NOUN,inan,masc plur,loct | NOUN,inan,masc plur,nomn | NOUN,inan,masc sing,ablt | NOUN,inan,masc sing,accs | NOUN,inan,masc sing,datv | NOUN,inan,masc sing,gent | NOUN,inan,masc sing,loct | NOUN,inan,masc sing,nomn	false	3.97	226	WORDFREQ_RANKED	IN_POOL_REVIEW_REQUIRED	
народ	5	MEDIUM	NOUN,inan,masc plur,ablt | NOUN,inan,masc plur,accs | NOUN,inan,masc plur,datv | NOUN,inan,masc plur,gent | NOUN,inan,masc plur,loct | NOUN,inan,masc plur,nomn | NOUN,inan,masc sing,ablt | NOUN,inan,masc sing,accs | NOUN,inan,masc sing,datv | NOUN,inan,masc sing,gen2 | NOUN,inan,masc sing,gent | NOUN,inan,masc sing,loct | NOUN,inan,masc sing,nomn	false	5.02	22	TRUSTED_V1	TRUSTED	ALLOW
насилие	7	EXPERT	NOUN,inan,neut plur,ablt | NOUN,inan,neut plur,ablt,V-be | NOUN,inan,neut plur,accs | NOUN,inan,neut plur,accs,V-be | NOUN,inan,neut plur,datv | NOUN,inan,neut plur,datv,V-be | NOUN,inan,neut plur,gent | NOUN,inan,neut plur,loct | NOUN,inan,neut plur,loct,V-be | NOUN,inan,neut plur,nomn | NOUN,inan,neut plur,nomn,V-be | NOUN,inan,neut sing,ablt | NOUN,inan,neut sing,ablt,V-be | NOUN,inan,neut sing,accs | NOUN,inan,neut sing,accs,V-be | NOUN,inan,neut sing,datv | NOUN,inan,neut sing,datv,V-be | NOUN,inan,neut sing,gent | NOUN,inan,neut sing,gent,V-be | NOUN,inan,neut sing,loct | NOUN,inan,neut sing,loct,V-be | NOUN,inan,neut sing,loct,V-be,V-bi | NOUN,inan,neut sing,nomn | NOUN,inan,neut sing,nomn,V-be	false	4.10	188	WORDFREQ_RANKED	IN_POOL_REVIEW_REQUIRED	
наст	4	EASY	NOUN,inan,masc plur,ablt | NOUN,inan,masc plur,accs | NOUN,inan,masc plur,datv | NOUN,inan,masc plur,gent | NOUN,inan,masc plur,loct | NOUN,inan,masc plur,nomn | NOUN,inan,masc sing,ablt | NOUN,inan,masc sing,accs | NOUN,inan,masc sing,datv | NOUN,inan,masc sing,gent | NOUN,inan,masc sing,loct | NOUN,inan,masc sing,nomn	false	3.51	376	WORDFREQ_RANKED	IN_POOL_REVIEW_REQUIRED	
настрой	7	EXPERT	NOUN,inan,masc plur,ablt | NOUN,inan,masc plur,accs | NOUN,inan,masc plur,datv | NOUN,inan,masc plur,gent | NOUN,inan,masc plur,loct | NOUN,inan,masc plur,nomn | NOUN,inan,masc sing,ablt | NOUN,inan,masc sing,accs | NOUN,inan,masc sing,datv | NOUN,inan,masc sing,gent | NOUN,inan,masc sing,loct | NOUN,inan,masc sing,nomn	false	3.80	300	WORDFREQ_RANKED	IN_POOL_REVIEW_REQUIRED	
наука	5	MEDIUM	NOUN,inan,femn plur,ablt | NOUN,inan,femn plur,accs | NOUN,inan,femn plur,datv | NOUN,inan,femn plur,gent | NOUN,inan,femn plur,loct | NOUN,inan,femn plur,nomn | NOUN,inan,femn sing,ablt | NOUN,inan,femn sing,ablt,V-oy | NOUN,inan,femn sing,accs | NOUN,inan,femn sing,datv | NOUN,inan,femn sing,gent | NOUN,inan,femn sing,loct | NOUN,inan,femn sing,nomn	false	4.63	70	TRUSTED_V1	TRUSTED	ALLOW
находка	7	EXPERT	NOUN,inan,femn plur,ablt | NOUN,inan,femn plur,accs | NOUN,inan,femn plur,datv | NOUN,inan,femn plur,gent | NOUN,inan,femn plur,loct | NOUN,inan,femn plur,nomn | NOUN,inan,femn sing,ablt | NOUN,inan,femn sing,ablt,V-oy | NOUN,inan,femn sing,accs | NOUN,inan,femn sing,datv | NOUN,inan,femn sing,gent | NOUN,inan,femn sing,loct | NOUN,inan,femn sing,nomn	false	3.77	316	WORDFREQ_RANKED	IN_POOL_REVIEW_REQUIRED	
начало	6	HARD	NOUN,inan,neut plur,ablt | NOUN,inan,neut plur,accs | NOUN,inan,neut plur,datv | NOUN,inan,neut plur,gent | NOUN,inan,neut plur,loct | NOUN,inan,neut plur,nomn | NOUN,inan,neut sing,ablt | NOUN,inan,neut sing,accs | NOUN,inan,neut sing,datv | NOUN,inan,neut sing,gent | NOUN,inan,neut sing,loct | NOUN,inan,neut sing,nomn	false	5.05	14	WORDFREQ_RANKED	IN_POOL_REVIEW_REQUIRED	
небо	4	EASY	NOUN,inan,neut plur,ablt | NOUN,inan,neut plur,accs | NOUN,inan,neut plur,datv | NOUN,inan,neut plur,gent | NOUN,inan,neut plur,loct | NOUN,inan,neut plur,nomn | NOUN,inan,neut sing,ablt | NOUN,inan,neut sing,accs | NOUN,inan,neut sing,datv | NOUN,inan,neut sing,gent | NOUN,inan,neut sing,loct | NOUN,inan,neut sing,nomn	false	4.62	73	MANUAL_ALLOW	IN_POOL_REVIEW_REQUIRED	ALLOW
невеста	7	EXPERT	NOUN,anim,femn plur,ablt | NOUN,anim,femn plur,accs | NOUN,anim,femn plur,datv | NOUN,anim,femn plur,gent | NOUN,anim,femn plur,loct | NOUN,anim,femn plur,nomn | NOUN,anim,femn sing,ablt | NOUN,anim,femn sing,ablt,V-oy | NOUN,anim,femn sing,accs | NOUN,anim,femn sing,datv | NOUN,anim,femn sing,gent | NOUN,anim,femn sing,loct | NOUN,anim,femn sing,nomn	false	4.08	192	WORDFREQ_RANKED	IN_POOL_REVIEW_REQUIRED	
неделя	6	HARD	NOUN,inan,femn plur,ablt | NOUN,inan,femn plur,accs | NOUN,inan,femn plur,datv | NOUN,inan,femn plur,gent | NOUN,inan,femn plur,loct | NOUN,inan,femn plur,nomn | NOUN,inan,femn sing,ablt | NOUN,inan,femn sing,ablt,V-ey | NOUN,inan,femn sing,accs | NOUN,inan,femn sing,datv | NOUN,inan,femn sing,gent | NOUN,inan,femn sing,loct | NOUN,inan,femn sing,nomn	false	4.26	138	MANUAL_ALLOW	IN_POOL_REVIEW_REQUIRED	ALLOW
нерв	4	EASY	NOUN,inan,masc plur,ablt | NOUN,inan,masc plur,accs | NOUN,inan,masc plur,datv | NOUN,inan,masc plur,gent | NOUN,inan,masc plur,loct | NOUN,inan,masc plur,nomn | NOUN,inan,masc sing,ablt | NOUN,inan,masc sing,accs | NOUN,inan,masc sing,datv | NOUN,inan,masc sing,gent | NOUN,inan,masc sing,loct | NOUN,inan,masc sing,nomn	false	3.46	397	WORDFREQ_RANKED	IN_POOL_REVIEW_REQUIRED	
неудача	7	EXPERT	NOUN,inan,femn plur,ablt | NOUN,inan,femn plur,accs | NOUN,inan,femn plur,datv | NOUN,inan,femn plur,gent | NOUN,inan,femn plur,loct | NOUN,inan,femn plur,nomn | NOUN,inan,femn sing,ablt | NOUN,inan,femn sing,ablt,V-ey | NOUN,inan,femn sing,accs | NOUN,inan,femn sing,datv | NOUN,inan,femn sing,gent | NOUN,inan,femn sing,loct | NOUN,inan,femn sing,nomn	false	3.66	382	WORDFREQ_RANKED	IN_POOL_REVIEW_REQUIRED	
нефть	5	MEDIUM	NOUN,inan,femn plur,ablt | NOUN,inan,femn plur,accs | NOUN,inan,femn plur,datv | NOUN,inan,femn plur,gent | NOUN,inan,femn plur,loct | NOUN,inan,femn plur,nomn | NOUN,inan,femn sing,ablt | NOUN,inan,femn sing,accs | NOUN,inan,femn sing,datv | NOUN,inan,femn sing,gent | NOUN,inan,femn sing,loct | NOUN,inan,femn sing,nomn	false	4.49	98	TRUSTED_V1	TRUSTED	ALLOW
ниндзя	6	HARD	NOUN,anim,masc,Fixd plur,ablt | NOUN,anim,masc,Fixd plur,accs | NOUN,anim,masc,Fixd plur,datv | NOUN,anim,masc,Fixd plur,gent | NOUN,anim,masc,Fixd plur,loct | NOUN,anim,masc,Fixd plur,nomn | NOUN,anim,masc,Fixd sing,ablt | NOUN,anim,masc,Fixd sing,accs | NOUN,anim,masc,Fixd sing,datv | NOUN,anim,masc,Fixd sing,gent | NOUN,anim,masc,Fixd sing,loct | NOUN,anim,masc,Fixd sing,nomn	false	3.86	278	WORDFREQ_RANKED	IN_POOL_REVIEW_REQUIRED	
нитка	5	MEDIUM	NOUN,inan,femn plur,ablt | NOUN,inan,femn plur,accs | NOUN,inan,femn plur,datv | NOUN,inan,femn plur,gent | NOUN,inan,femn plur,loct | NOUN,inan,femn plur,nomn | NOUN,inan,femn sing,ablt | NOUN,inan,femn sing,ablt,V-oy | NOUN,inan,femn sing,accs | NOUN,inan,femn sing,datv | NOUN,inan,femn sing,gent | NOUN,inan,femn sing,loct | NOUN,inan,femn sing,nomn	false	2.93	1128	TRUSTED_V1	TRUSTED	ALLOW
нить	4	EASY	NOUN,inan,femn plur,ablt | NOUN,inan,femn plur,accs | NOUN,inan,femn plur,datv | NOUN,inan,femn plur,gent | NOUN,inan,femn plur,loct | NOUN,inan,femn plur,nomn | NOUN,inan,femn sing,ablt | NOUN,inan,femn sing,accs | NOUN,inan,femn sing,datv | NOUN,inan,femn sing,gent | NOUN,inan,femn sing,loct | NOUN,inan,femn sing,nomn	false	3.91	230	WORDFREQ_RANKED	IN_POOL_REVIEW_REQUIRED	
новинка	7	EXPERT	NOUN,inan,femn plur,ablt | NOUN,inan,femn plur,accs | NOUN,inan,femn plur,datv | NOUN,inan,femn plur,gent | NOUN,inan,femn plur,loct | NOUN,inan,femn plur,nomn | NOUN,inan,femn sing,ablt | NOUN,inan,femn sing,ablt,V-oy | NOUN,inan,femn sing,accs | NOUN,inan,femn sing,datv | NOUN,inan,femn sing,gent | NOUN,inan,femn sing,loct | NOUN,inan,femn sing,nomn	false	3.67	376	WORDFREQ_RANKED	IN_POOL_REVIEW_REQUIRED	
новичок	7	EXPERT	NOUN,anim,masc plur,ablt | NOUN,anim,masc plur,accs | NOUN,anim,masc plur,datv | NOUN,anim,masc plur,gent | NOUN,anim,masc plur,loct | NOUN,anim,masc plur,nomn | NOUN,anim,masc sing,ablt | NOUN,anim,masc sing,accs | NOUN,anim,masc sing,datv | NOUN,anim,masc sing,gent | NOUN,anim,masc sing,loct | NOUN,anim,masc sing,nomn	false	3.86	262	WORDFREQ_RANKED	IN_POOL_REVIEW_REQUIRED	
новость	7	EXPERT	NOUN,inan,femn plur,ablt | NOUN,inan,femn plur,accs | NOUN,inan,femn plur,datv | NOUN,inan,femn plur,gent | NOUN,inan,femn plur,loct | NOUN,inan,femn plur,nomn | NOUN,inan,femn sing,ablt | NOUN,inan,femn sing,accs | NOUN,inan,femn sing,datv | NOUN,inan,femn sing,gent | NOUN,inan,femn sing,loct | NOUN,inan,femn sing,nomn	false	4.56	66	WORDFREQ_RANKED	IN_POOL_REVIEW_REQUIRED	
нога	4	EASY	NOUN,inan,femn plur,ablt | NOUN,inan,femn plur,accs | NOUN,inan,femn plur,datv | NOUN,inan,femn plur,gent | NOUN,inan,femn plur,loct | NOUN,inan,femn plur,nomn | NOUN,inan,femn sing,ablt | NOUN,inan,femn sing,ablt,V-oy | NOUN,inan,femn sing,accs | NOUN,inan,femn sing,datv | NOUN,inan,femn sing,gent | NOUN,inan,femn sing,loct | NOUN,inan,femn sing,nomn	false	4.05	192	WORDFREQ_RANKED	IN_POOL_REVIEW_REQUIRED	
ножик	5	MEDIUM	NOUN,inan,masc plur,ablt | NOUN,inan,masc plur,accs | NOUN,inan,masc plur,datv | NOUN,inan,masc plur,gent | NOUN,inan,masc plur,loct | NOUN,inan,masc plur,nomn | NOUN,inan,masc sing,ablt | NOUN,inan,masc sing,accs | NOUN,inan,masc sing,datv | NOUN,inan,masc sing,gent | NOUN,inan,masc sing,loct | NOUN,inan,masc sing,nomn	false	2.90	1173	TRUSTED_V1	TRUSTED	ALLOW
ножницы	7	EXPERT	NOUN,inan,GNdr,Pltm plur,ablt | NOUN,inan,GNdr,Pltm plur,accs | NOUN,inan,GNdr,Pltm plur,datv | NOUN,inan,GNdr,Pltm plur,gent | NOUN,inan,GNdr,Pltm plur,loct | NOUN,inan,GNdr,Pltm plur,nomn	true	3.54	450	WORDFREQ_RANKED	IN_POOL_REVIEW_REQUIRED	
ноль	4	EASY	NOUN,inan,masc plur,ablt | NOUN,inan,masc plur,accs | NOUN,inan,masc plur,datv | NOUN,inan,masc plur,gent | NOUN,inan,masc plur,loct | NOUN,inan,masc plur,nomn | NOUN,inan,masc sing,ablt | NOUN,inan,masc sing,accs | NOUN,inan,masc sing,datv | NOUN,inan,masc sing,gent | NOUN,inan,masc sing,loct | NOUN,inan,masc sing,nomn	false	4.17	162	WORDFREQ_RANKED	IN_POOL_REVIEW_REQUIRED	
номер	5	MEDIUM	NOUN,inan,masc plur,ablt | NOUN,inan,masc plur,accs | NOUN,inan,masc plur,datv | NOUN,inan,masc plur,gent | NOUN,inan,masc plur,loct | NOUN,inan,masc plur,nomn | NOUN,inan,masc sing,ablt | NOUN,inan,masc sing,accs | NOUN,inan,masc sing,datv | NOUN,inan,masc sing,gent | NOUN,inan,masc sing,loct | NOUN,inan,masc sing,nomn	false	4.96	28	TRUSTED_V1	TRUSTED	ALLOW
нора	4	EASY	NOUN,inan,femn plur,ablt | NOUN,inan,femn plur,accs | NOUN,inan,femn plur,datv | NOUN,inan,femn plur,gent | NOUN,inan,femn plur,loct | NOUN,inan,femn plur,nomn | NOUN,inan,femn sing,ablt | NOUN,inan,femn sing,ablt,V-oy | NOUN,inan,femn sing,accs | NOUN,inan,femn sing,datv | NOUN,inan,femn sing,gent | NOUN,inan,femn sing,loct | NOUN,inan,femn sing,nomn	false	3.46	398	WORDFREQ_RANKED	IN_POOL_REVIEW_REQUIRED	
норд	4	EASY	NOUN,inan,masc plur,ablt | NOUN,inan,masc plur,accs | NOUN,inan,masc plur,datv | NOUN,inan,masc plur,gent | NOUN,inan,masc plur,loct | NOUN,inan,masc plur,nomn | NOUN,inan,masc sing,ablt | NOUN,inan,masc sing,accs | NOUN,inan,masc sing,datv | NOUN,inan,masc sing,gent | NOUN,inan,masc sing,loct | NOUN,inan,masc sing,nomn	false	3.28	512	WORDFREQ_RANKED	IN_POOL_REVIEW_REQUIRED	
носок	5	MEDIUM	NOUN,inan,masc plur,ablt | NOUN,inan,masc plur,accs | NOUN,inan,masc plur,datv | NOUN,inan,masc plur,gent | NOUN,inan,masc plur,loct | NOUN,inan,masc plur,nomn | NOUN,inan,masc sing,ablt | NOUN,inan,masc sing,accs | NOUN,inan,masc sing,datv | NOUN,inan,masc sing,gent | NOUN,inan,masc sing,loct | NOUN,inan,masc sing,nomn	false	3.35		TRUSTED_V1	TRUSTED	ALLOW
нота	4	EASY	NOUN,inan,femn plur,ablt | NOUN,inan,femn plur,accs | NOUN,inan,femn plur,datv | NOUN,inan,femn plur,gent | NOUN,inan,femn plur,loct | NOUN,inan,femn plur,nomn | NOUN,inan,femn sing,ablt | NOUN,inan,femn sing,ablt,V-oy | NOUN,inan,femn sing,accs | NOUN,inan,femn sing,datv | NOUN,inan,femn sing,gent | NOUN,inan,femn sing,loct | NOUN,inan,femn sing,nomn	false	3.35	466	WORDFREQ_RANKED	IN_POOL_REVIEW_REQUIRED	
ноутбук	7	EXPERT	NOUN,inan,masc plur,ablt | NOUN,inan,masc plur,accs | NOUN,inan,masc plur,datv | NOUN,inan,masc plur,gent | NOUN,inan,masc plur,loct | NOUN,inan,masc plur,nomn | NOUN,inan,masc sing,ablt | NOUN,inan,masc sing,accs | NOUN,inan,masc sing,datv | NOUN,inan,masc sing,gent | NOUN,inan,masc sing,loct | NOUN,inan,masc sing,nomn	false	3.77	317	WORDFREQ_RANKED	IN_POOL_REVIEW_REQUIRED	
ночь	4	EASY	NOUN,inan,femn plur,ablt | NOUN,inan,femn plur,accs | NOUN,inan,femn plur,datv | NOUN,inan,femn plur,gent | NOUN,inan,femn plur,loct | NOUN,inan,femn plur,nomn | NOUN,inan,femn sing,ablt | NOUN,inan,femn sing,accs | NOUN,inan,femn sing,datv | NOUN,inan,femn sing,gent | NOUN,inan,femn sing,loc2 | NOUN,inan,femn sing,loct | NOUN,inan,femn sing,nomn	false	5.30	4	MANUAL_ALLOW	IN_POOL_REVIEW_REQUIRED	ALLOW
ношение	7	EXPERT	NOUN,inan,neut plur,ablt | NOUN,inan,neut plur,ablt,V-be | NOUN,inan,neut plur,accs | NOUN,inan,neut plur,accs,V-be | NOUN,inan,neut plur,datv | NOUN,inan,neut plur,datv,V-be | NOUN,inan,neut plur,gent | NOUN,inan,neut plur,loct | NOUN,inan,neut plur,loct,V-be | NOUN,inan,neut plur,nomn | NOUN,inan,neut plur,nomn,V-be | NOUN,inan,neut sing,ablt | NOUN,inan,neut sing,ablt,V-be | NOUN,inan,neut sing,accs | NOUN,inan,neut sing,accs,V-be | NOUN,inan,neut sing,datv | NOUN,inan,neut sing,datv,V-be | NOUN,inan,neut sing,gent | NOUN,inan,neut sing,gent,V-be | NOUN,inan,neut sing,loct | NOUN,inan,neut sing,loct,V-be | NOUN,inan,neut sing,loct,V-be,V-bi | NOUN,inan,neut sing,nomn | NOUN,inan,neut sing,nomn,V-be	false	3.55	445	WORDFREQ_RANKED	IN_POOL_REVIEW_REQUIRED	
ноябрь	6	HARD	NOUN,inan,masc plur,ablt | NOUN,inan,masc plur,accs | NOUN,inan,masc plur,datv | NOUN,inan,masc plur,gent | NOUN,inan,masc plur,loct | NOUN,inan,masc plur,nomn | NOUN,inan,masc sing,ablt | NOUN,inan,masc sing,accs | NOUN,inan,masc sing,datv | NOUN,inan,masc sing,gent | NOUN,inan,masc sing,loct | NOUN,inan,masc sing,nomn	false	4.23	149	WORDFREQ_RANKED	IN_POOL_REVIEW_REQUIRED	
нрав	4	EASY	NOUN,inan,masc plur,ablt | NOUN,inan,masc plur,accs | NOUN,inan,masc plur,datv | NOUN,inan,masc plur,gent | NOUN,inan,masc plur,loct | NOUN,inan,masc plur,nomn | NOUN,inan,masc sing,ablt | NOUN,inan,masc sing,accs | NOUN,inan,masc sing,datv | NOUN,inan,masc sing,gent | NOUN,inan,masc sing,loct | NOUN,inan,masc sing,nomn	false	3.42	420	WORDFREQ_RANKED	IN_POOL_REVIEW_REQUIRED	
нужда	5	MEDIUM	NOUN,inan,femn plur,ablt | NOUN,inan,femn plur,accs | NOUN,inan,femn plur,datv | NOUN,inan,femn plur,gent | NOUN,inan,femn plur,loct | NOUN,inan,femn plur,nomn | NOUN,inan,femn sing,ablt | NOUN,inan,femn sing,ablt,V-oy | NOUN,inan,femn sing,accs | NOUN,inan,femn sing,datv | NOUN,inan,femn sing,gent | NOUN,inan,femn sing,loct | NOUN,inan,femn sing,nomn	false	3.16	885	TRUSTED_V1	TRUSTED	ALLOW
няня	4	EASY	NOUN,anim,femn plur,ablt | NOUN,anim,femn plur,accs | NOUN,anim,femn plur,datv | NOUN,anim,femn plur,gent | NOUN,anim,femn plur,loct | NOUN,anim,femn plur,nomn | NOUN,anim,femn sing,ablt | NOUN,anim,femn sing,ablt,V-ey | NOUN,anim,femn sing,accs | NOUN,anim,femn sing,datv | NOUN,anim,femn sing,gent | NOUN,anim,femn sing,loct | NOUN,anim,femn sing,nomn | NOUN,inan,femn plur,ablt | NOUN,inan,femn plur,accs | NOUN,inan,femn plur,datv | NOUN,inan,femn plur,gent | NOUN,inan,femn plur,loct | NOUN,inan,femn plur,nomn | NOUN,inan,femn sing,ablt | NOUN,inan,femn sing,ablt,V-ey | NOUN,inan,femn sing,accs | NOUN,inan,femn sing,datv | NOUN,inan,femn sing,gent | NOUN,inan,femn sing,loct | NOUN,inan,femn sing,nomn	false	3.60	342	WORDFREQ_RANKED	IN_POOL_REVIEW_REQUIRED	
обед	4	EASY	NOUN,inan,masc plur,ablt | NOUN,inan,masc plur,accs | NOUN,inan,masc plur,datv | NOUN,inan,masc plur,gent | NOUN,inan,masc plur,loct | NOUN,inan,masc plur,nomn | NOUN,inan,masc sing,ablt | NOUN,inan,masc sing,accs | NOUN,inan,masc sing,datv | NOUN,inan,masc sing,gent | NOUN,inan,masc sing,loct | NOUN,inan,masc sing,nomn	false	4.52	90	WORDFREQ_RANKED	IN_POOL_REVIEW_REQUIRED	
обет	4	EASY	NOUN,inan,masc plur,ablt | NOUN,inan,masc plur,accs | NOUN,inan,masc plur,datv | NOUN,inan,masc plur,gent | NOUN,inan,masc plur,loct | NOUN,inan,masc plur,nomn | NOUN,inan,masc sing,ablt | NOUN,inan,masc sing,accs | NOUN,inan,masc sing,datv | NOUN,inan,masc sing,gent | NOUN,inan,masc sing,loct | NOUN,inan,masc sing,nomn	false	3.30	501	WORDFREQ_RANKED	IN_POOL_REVIEW_REQUIRED	
обида	5	MEDIUM	NOUN,inan,femn plur,ablt | NOUN,inan,femn plur,accs | NOUN,inan,femn plur,datv | NOUN,inan,femn plur,gent | NOUN,inan,femn plur,loct | NOUN,inan,femn plur,nomn | NOUN,inan,femn sing,ablt | NOUN,inan,femn sing,ablt,V-oy | NOUN,inan,femn sing,accs | NOUN,inan,femn sing,datv | NOUN,inan,femn sing,gent | NOUN,inan,femn sing,loct | NOUN,inan,femn sing,nomn	false	3.45	603	TRUSTED_V1	TRUSTED	ALLOW
обитель	7	EXPERT	NOUN,inan,femn plur,ablt | NOUN,inan,femn plur,accs | NOUN,inan,femn plur,datv | NOUN,inan,femn plur,gent | NOUN,inan,femn plur,loct | NOUN,inan,femn plur,nomn | NOUN,inan,femn sing,ablt | NOUN,inan,femn sing,accs | NOUN,inan,femn sing,datv | NOUN,inan,femn sing,gent | NOUN,inan,femn sing,loct | NOUN,inan,femn sing,nomn	false	3.69	367	WORDFREQ_RANKED	IN_POOL_REVIEW_REQUIRED	
облако	6	HARD	NOUN,inan,neut plur,ablt | NOUN,inan,neut plur,accs | NOUN,inan,neut plur,datv | NOUN,inan,neut plur,gent | NOUN,inan,neut plur,loct | NOUN,inan,neut plur,nomn | NOUN,inan,neut sing,ablt | NOUN,inan,neut sing,accs | NOUN,inan,neut sing,datv | NOUN,inan,neut sing,gent | NOUN,inan,neut sing,loct | NOUN,inan,neut sing,nomn	false	3.80	308	MANUAL_ALLOW	IN_POOL_REVIEW_REQUIRED	ALLOW
область	7	EXPERT	NOUN,inan,femn plur,ablt | NOUN,inan,femn plur,accs | NOUN,inan,femn plur,datv | NOUN,inan,femn plur,gent | NOUN,inan,femn plur,loct | NOUN,inan,femn plur,nomn | NOUN,inan,femn sing,ablt | NOUN,inan,femn sing,accs | NOUN,inan,femn sing,datv | NOUN,inan,femn sing,gent | NOUN,inan,femn sing,loct | NOUN,inan,femn sing,nomn	false	5.08	13	WORDFREQ_RANKED	IN_POOL_REVIEW_REQUIRED	
облик	5	MEDIUM	NOUN,inan,masc plur,ablt | NOUN,inan,masc plur,accs | NOUN,inan,masc plur,datv | NOUN,inan,masc plur,gent | NOUN,inan,masc plur,loct | NOUN,inan,masc plur,nomn | NOUN,inan,masc sing,ablt | NOUN,inan,masc sing,accs | NOUN,inan,masc sing,datv | NOUN,inan,masc sing,gent | NOUN,inan,masc sing,loct | NOUN,inan,masc sing,nomn	false	4.05	251	TRUSTED_V1	TRUSTED	ALLOW
обложка	7	EXPERT	NOUN,inan,femn plur,ablt | NOUN,inan,femn plur,accs | NOUN,inan,femn plur,datv | NOUN,inan,femn plur,gent | NOUN,inan,femn plur,loct | NOUN,inan,femn plur,nomn | NOUN,inan,femn sing,ablt | NOUN,inan,femn sing,ablt,V-oy | NOUN,inan,femn sing,accs | NOUN,inan,femn sing,datv | NOUN,inan,femn sing,gent | NOUN,inan,femn sing,loct | NOUN,inan,femn sing,nomn	false	3.59	420	WORDFREQ_RANKED	IN_POOL_REVIEW_REQUIRED	
обмен	5	MEDIUM	NOUN,inan,masc plur,ablt | NOUN,inan,masc plur,accs | NOUN,inan,masc plur,datv | NOUN,inan,masc plur,gent | NOUN,inan,masc plur,loct | NOUN,inan,masc plur,nomn | NOUN,inan,masc sing,ablt | NOUN,inan,masc sing,accs | NOUN,inan,masc sing,datv | NOUN,inan,masc sing,gent | NOUN,inan,masc sing,loct | NOUN,inan,masc sing,nomn	false	4.53	85	TRUSTED_V1	TRUSTED	ALLOW
обморок	7	EXPERT	NOUN,inan,masc plur,ablt | NOUN,inan,masc plur,accs | NOUN,inan,masc plur,datv | NOUN,inan,masc plur,gent | NOUN,inan,masc plur,loct | NOUN,inan,masc plur,nomn | NOUN,inan,masc sing,ablt | NOUN,inan,masc sing,accs | NOUN,inan,masc sing,datv | NOUN,inan,masc sing,gent | NOUN,inan,masc sing,loct | NOUN,inan,masc sing,nomn	false	3.66	383	WORDFREQ_RANKED	IN_POOL_REVIEW_REQUIRED	
обои	4	EASY	NOUN,inan,GNdr,Pltm plur,ablt | NOUN,inan,GNdr,Pltm plur,accs | NOUN,inan,GNdr,Pltm plur,datv | NOUN,inan,GNdr,Pltm plur,gent | NOUN,inan,GNdr,Pltm plur,loct | NOUN,inan,GNdr,Pltm plur,nomn	true	3.38	448	WORDFREQ_RANKED	IN_POOL_REVIEW_REQUIRED	
оборона	7	EXPERT	NOUN,inan,femn plur,ablt | NOUN,inan,femn plur,accs | NOUN,inan,femn plur,datv | NOUN,inan,femn plur,gent | NOUN,inan,femn plur,loct | NOUN,inan,femn plur,nomn | NOUN,inan,femn sing,ablt | NOUN,inan,femn sing,ablt,V-oy | NOUN,inan,femn sing,accs | NOUN,inan,femn sing,datv | NOUN,inan,femn sing,gent | NOUN,inan,femn sing,loct | NOUN,inan,femn sing,nomn	false	3.85	265	WORDFREQ_RANKED	IN_POOL_REVIEW_REQUIRED	
оборот	6	HARD	NOUN,inan,masc plur,ablt | NOUN,inan,masc plur,accs | NOUN,inan,masc plur,datv | NOUN,inan,masc plur,gent | NOUN,inan,masc plur,loct | NOUN,inan,masc plur,nomn | NOUN,inan,masc sing,ablt | NOUN,inan,masc sing,accs | NOUN,inan,masc sing,datv | NOUN,inan,masc sing,gent | NOUN,inan,masc sing,loct | NOUN,inan,masc sing,nomn	false	4.18	159	WORDFREQ_RANKED	IN_POOL_REVIEW_REQUIRED	
образ	5	MEDIUM	NOUN,inan,masc plur,ablt | NOUN,inan,masc plur,accs | NOUN,inan,masc plur,datv | NOUN,inan,masc plur,gent | NOUN,inan,masc plur,loct | NOUN,inan,masc plur,nomn | NOUN,inan,masc sing,ablt | NOUN,inan,masc sing,accs | NOUN,inan,masc sing,datv | NOUN,inan,masc sing,gent | NOUN,inan,masc sing,loct | NOUN,inan,masc sing,nomn	false	4.80	44	TRUSTED_V1	TRUSTED	ALLOW
образец	7	EXPERT	NOUN,inan,masc plur,ablt | NOUN,inan,masc plur,accs | NOUN,inan,masc plur,datv | NOUN,inan,masc plur,gent | NOUN,inan,masc plur,loct | NOUN,inan,masc plur,nomn | NOUN,inan,masc sing,ablt | NOUN,inan,masc sing,accs | NOUN,inan,masc sing,datv | NOUN,inan,masc sing,gent | NOUN,inan,masc sing,loct | NOUN,inan,masc sing,nomn	false	4.37	99	WORDFREQ_RANKED	IN_POOL_REVIEW_REQUIRED	
обруч	5	MEDIUM	NOUN,inan,masc plur,ablt | NOUN,inan,masc plur,accs | NOUN,inan,masc plur,datv | NOUN,inan,masc plur,gent | NOUN,inan,masc plur,loct | NOUN,inan,masc plur,nomn | NOUN,inan,masc sing,ablt | NOUN,inan,masc sing,accs | NOUN,inan,masc sing,datv | NOUN,inan,masc sing,gent | NOUN,inan,masc sing,loct | NOUN,inan,masc sing,nomn	false	3.05	996	TRUSTED_V1	TRUSTED	ALLOW
обрыв	5	MEDIUM	NOUN,inan,masc plur,ablt | NOUN,inan,masc plur,accs | NOUN,inan,masc plur,datv | NOUN,inan,masc plur,gent | NOUN,inan,masc plur,loct | NOUN,inan,masc plur,nomn | NOUN,inan,masc sing,ablt | NOUN,inan,masc sing,accs | NOUN,inan,masc sing,datv | NOUN,inan,masc sing,gent | NOUN,inan,masc sing,loct | NOUN,inan,masc sing,nomn	false	3.20	845	TRUSTED_V1	TRUSTED	ALLOW
обстрел	7	EXPERT	NOUN,inan,masc plur,ablt | NOUN,inan,masc plur,accs | NOUN,inan,masc plur,datv | NOUN,inan,masc plur,gent | NOUN,inan,masc plur,loct | NOUN,inan,masc plur,nomn | NOUN,inan,masc sing,ablt | NOUN,inan,masc sing,accs | NOUN,inan,masc sing,datv | NOUN,inan,masc sing,gent | NOUN,inan,masc sing,loct | NOUN,inan,masc sing,nomn	false	3.96	229	WORDFREQ_RANKED	IN_POOL_REVIEW_REQUIRED	
обувь	5	MEDIUM	NOUN,inan,femn plur,ablt | NOUN,inan,femn plur,accs | NOUN,inan,femn plur,datv | NOUN,inan,femn plur,gent | NOUN,inan,femn plur,loct | NOUN,inan,femn plur,nomn | NOUN,inan,femn sing,ablt | NOUN,inan,femn sing,accs | NOUN,inan,femn sing,datv | NOUN,inan,femn sing,gent | NOUN,inan,femn sing,loct | NOUN,inan,femn sing,nomn	false	4.17	187	TRUSTED_V1	TRUSTED	ALLOW
обход	5	MEDIUM	NOUN,inan,masc plur,ablt | NOUN,inan,masc plur,accs | NOUN,inan,masc plur,datv | NOUN,inan,masc plur,gent | NOUN,inan,masc plur,loct | NOUN,inan,masc plur,nomn | NOUN,inan,masc sing,ablt | NOUN,inan,masc sing,accs | NOUN,inan,masc sing,datv | NOUN,inan,masc sing,gent | NOUN,inan,masc sing,loct | NOUN,inan,masc sing,nomn	false	3.84	344	TRUSTED_V1	TRUSTED	ALLOW
общение	7	EXPERT	NOUN,inan,neut plur,ablt | NOUN,inan,neut plur,ablt,V-be | NOUN,inan,neut plur,accs | NOUN,inan,neut plur,accs,V-be | NOUN,inan,neut plur,datv | NOUN,inan,neut plur,datv,V-be | NOUN,inan,neut plur,gent | NOUN,inan,neut plur,loct | NOUN,inan,neut plur,loct,V-be | NOUN,inan,neut plur,nomn | NOUN,inan,neut plur,nomn,V-be | NOUN,inan,neut sing,ablt | NOUN,inan,neut sing,ablt,V-be | NOUN,inan,neut sing,accs | NOUN,inan,neut sing,accs,V-be | NOUN,inan,neut sing,datv | NOUN,inan,neut sing,datv,V-be | NOUN,inan,neut sing,gent | NOUN,inan,neut sing,gent,V-be | NOUN,inan,neut sing,loct | NOUN,inan,neut sing,loct,V-be | NOUN,inan,neut sing,loct,V-be,V-bi | NOUN,inan,neut sing,nomn | NOUN,inan,neut sing,nomn,V-be	false	4.20	153	WORDFREQ_RANKED	IN_POOL_REVIEW_REQUIRED	
община	6	HARD	NOUN,inan,femn plur,ablt | NOUN,inan,femn plur,accs | NOUN,inan,femn plur,datv | NOUN,inan,femn plur,gent | NOUN,inan,femn plur,loct | NOUN,inan,femn plur,nomn | NOUN,inan,femn sing,ablt | NOUN,inan,femn sing,ablt,V-oy | NOUN,inan,femn sing,accs | NOUN,inan,femn sing,datv | NOUN,inan,femn sing,gent | NOUN,inan,femn sing,loct | NOUN,inan,femn sing,nomn	false	3.71	367	WORDFREQ_RANKED	IN_POOL_REVIEW_REQUIRED	
объект	6	HARD	NOUN,inan,masc plur,ablt | NOUN,inan,masc plur,accs | NOUN,inan,masc plur,datv | NOUN,inan,masc plur,gent | NOUN,inan,masc plur,loct | NOUN,inan,masc plur,nomn | NOUN,inan,masc sing,ablt | NOUN,inan,masc sing,accs | NOUN,inan,masc sing,datv | NOUN,inan,masc sing,gent | NOUN,inan,masc sing,loct | NOUN,inan,masc sing,nomn	false	4.55	77	WORDFREQ_RANKED	IN_POOL_REVIEW_REQUIRED	
объем	5	MEDIUM	NOUN,inan,masc plur,ablt | NOUN,inan,masc plur,accs | NOUN,inan,masc plur,datv | NOUN,inan,masc plur,gent | NOUN,inan,masc plur,loct | NOUN,inan,masc plur,nomn | NOUN,inan,masc sing,ablt | NOUN,inan,masc sing,accs | NOUN,inan,masc sing,datv | NOUN,inan,masc sing,gent | NOUN,inan,masc sing,loct | NOUN,inan,masc sing,nomn	false	4.66	62	TRUSTED_V1	TRUSTED	ALLOW
обыск	5	MEDIUM	NOUN,inan,masc plur,ablt | NOUN,inan,masc plur,accs | NOUN,inan,masc plur,datv | NOUN,inan,masc plur,gent | NOUN,inan,masc plur,loct | NOUN,inan,masc plur,nomn | NOUN,inan,masc sing,ablt | NOUN,inan,masc sing,accs | NOUN,inan,masc sing,datv | NOUN,inan,masc sing,gent | NOUN,inan,masc sing,loct | NOUN,inan,masc sing,nomn	false	3.88	325	TRUSTED_V1	TRUSTED	ALLOW
обычай	6	HARD	NOUN,inan,masc plur,ablt | NOUN,inan,masc plur,accs | NOUN,inan,masc plur,datv | NOUN,inan,masc plur,gent | NOUN,inan,masc plur,loct | NOUN,inan,masc plur,nomn | NOUN,inan,masc sing,ablt | NOUN,inan,masc sing,accs | NOUN,inan,masc sing,datv | NOUN,inan,masc sing,gent | NOUN,inan,masc sing,loct | NOUN,inan,masc sing,nomn	false	3.61	444	WORDFREQ_RANKED	IN_POOL_REVIEW_REQUIRED	
овраг	5	MEDIUM	NOUN,inan,masc plur,ablt | NOUN,inan,masc plur,accs | NOUN,inan,masc plur,datv | NOUN,inan,masc plur,gent | NOUN,inan,masc plur,loct | NOUN,inan,masc plur,nomn | NOUN,inan,masc sing,ablt | NOUN,inan,masc sing,accs | NOUN,inan,masc sing,datv | NOUN,inan,masc sing,gent | NOUN,inan,masc sing,loct | NOUN,inan,masc sing,nomn	false	3.27	770	TRUSTED_V1	TRUSTED	ALLOW
овца	4	EASY	NOUN,anim,femn plur,ablt | NOUN,anim,femn plur,accs | NOUN,anim,femn plur,datv | NOUN,anim,femn plur,gent | NOUN,anim,femn plur,loct | NOUN,anim,femn plur,nomn | NOUN,anim,femn sing,ablt | NOUN,anim,femn sing,ablt,V-oy | NOUN,anim,femn sing,accs | NOUN,anim,femn sing,datv | NOUN,anim,femn sing,gent | NOUN,anim,femn sing,loct | NOUN,anim,femn sing,nomn	false	3.37	453	WORDFREQ_RANKED	IN_POOL_REVIEW_REQUIRED	
огонек	6	HARD	NOUN,inan,masc plur,ablt | NOUN,inan,masc plur,accs | NOUN,inan,masc plur,datv | NOUN,inan,masc plur,gent | NOUN,inan,masc plur,loct | NOUN,inan,masc plur,nomn | NOUN,inan,masc sing,ablt | NOUN,inan,masc sing,accs | NOUN,inan,masc sing,datv | NOUN,inan,masc sing,gent | NOUN,inan,masc sing,loct | NOUN,inan,masc sing,nomn	false	3.78	320	WORDFREQ_RANKED	IN_POOL_REVIEW_REQUIRED	
огонь	5	MEDIUM	NOUN,inan,masc plur,ablt | NOUN,inan,masc plur,accs | NOUN,inan,masc plur,datv | NOUN,inan,masc plur,gent | NOUN,inan,masc plur,loct | NOUN,inan,masc plur,nomn | NOUN,inan,masc sing,ablt | NOUN,inan,masc sing,accs | NOUN,inan,masc sing,accs,Litr | NOUN,inan,masc sing,datv | NOUN,inan,masc sing,gent | NOUN,inan,masc sing,loct | NOUN,inan,masc sing,nomn | NOUN,inan,masc sing,nomn,Litr	false	4.91	31	TRUSTED_V1	TRUSTED	ALLOW
огород	6	HARD	NOUN,inan,masc plur,ablt | NOUN,inan,masc plur,accs | NOUN,inan,masc plur,datv | NOUN,inan,masc plur,gent | NOUN,inan,masc plur,loct | NOUN,inan,masc plur,nomn | NOUN,inan,masc sing,ablt | NOUN,inan,masc sing,accs | NOUN,inan,masc sing,datv | NOUN,inan,masc sing,gent | NOUN,inan,masc sing,loct | NOUN,inan,masc sing,nomn	false	3.60	455	WORDFREQ_RANKED	IN_POOL_REVIEW_REQUIRED	
огурец	6	HARD	NOUN,inan,masc plur,ablt | NOUN,inan,masc plur,accs | NOUN,inan,masc plur,datv | NOUN,inan,masc plur,gent | NOUN,inan,masc plur,loct | NOUN,inan,masc plur,nomn | NOUN,inan,masc sing,ablt | NOUN,inan,masc sing,accs | NOUN,inan,masc sing,datv | NOUN,inan,masc sing,gent | NOUN,inan,masc sing,loct | NOUN,inan,masc sing,nomn	false	3.22	818	MANUAL_ALLOW	IN_POOL_REVIEW_REQUIRED	ALLOW
одежда	6	HARD	NOUN,inan,femn plur,ablt | NOUN,inan,femn plur,accs | NOUN,inan,femn plur,datv | NOUN,inan,femn plur,gent | NOUN,inan,femn plur,loct | NOUN,inan,femn plur,nomn | NOUN,inan,femn sing,ablt | NOUN,inan,femn sing,ablt,V-oy | NOUN,inan,femn sing,accs | NOUN,inan,femn sing,datv | NOUN,inan,femn sing,gent | NOUN,inan,femn sing,loct | NOUN,inan,femn sing,nomn	false	4.34	115	MANUAL_ALLOW	IN_POOL_REVIEW_REQUIRED	ALLOW
одеяло	6	HARD	NOUN,inan,neut plur,ablt | NOUN,inan,neut plur,accs | NOUN,inan,neut plur,datv | NOUN,inan,neut plur,gent | NOUN,inan,neut plur,loct | NOUN,inan,neut plur,nomn | NOUN,inan,neut sing,ablt | NOUN,inan,neut sing,accs | NOUN,inan,neut sing,datv | NOUN,inan,neut sing,gent | NOUN,inan,neut sing,loct | NOUN,inan,neut sing,nomn	false	3.92	258	WORDFREQ_RANKED	IN_POOL_REVIEW_REQUIRED	
ожог	4	EASY	NOUN,inan,masc plur,ablt | NOUN,inan,masc plur,accs | NOUN,inan,masc plur,datv | NOUN,inan,masc plur,gent | NOUN,inan,masc plur,loct | NOUN,inan,masc plur,nomn | NOUN,inan,masc sing,ablt | NOUN,inan,masc sing,accs | NOUN,inan,masc sing,datv | NOUN,inan,masc sing,gent | NOUN,inan,masc sing,loct | NOUN,inan,masc sing,nomn	false	3.30	502	WORDFREQ_RANKED	IN_POOL_REVIEW_REQUIRED	
озеро	5	MEDIUM	NOUN,inan,neut plur,ablt | NOUN,inan,neut plur,accs | NOUN,inan,neut plur,datv | NOUN,inan,neut plur,gent | NOUN,inan,neut plur,loct | NOUN,inan,neut plur,nomn | NOUN,inan,neut sing,ablt | NOUN,inan,neut sing,accs | NOUN,inan,neut sing,datv | NOUN,inan,neut sing,gent | NOUN,inan,neut sing,loct | NOUN,inan,neut sing,nomn	false	4.29	150	TRUSTED_V1	TRUSTED	ALLOW
озноб	5	MEDIUM	NOUN,inan,masc plur,ablt | NOUN,inan,masc plur,accs | NOUN,inan,masc plur,datv | NOUN,inan,masc plur,gent | NOUN,inan,masc plur,loct | NOUN,inan,masc plur,nomn | NOUN,inan,masc sing,ablt | NOUN,inan,masc sing,accs | NOUN,inan,masc sing,datv | NOUN,inan,masc sing,gent | NOUN,inan,masc sing,loct | NOUN,inan,masc sing,nomn	false	2.93	1130	TRUSTED_V1	TRUSTED	ALLOW
океан	5	MEDIUM	NOUN,inan,masc plur,ablt | NOUN,inan,masc plur,accs | NOUN,inan,masc plur,datv | NOUN,inan,masc plur,gent | NOUN,inan,masc plur,loct | NOUN,inan,masc plur,nomn | NOUN,inan,masc sing,ablt | NOUN,inan,masc sing,accs | NOUN,inan,masc sing,datv | NOUN,inan,masc sing,gent | NOUN,inan,masc sing,loct | NOUN,inan,masc sing,nomn	false	4.27	155	TRUSTED_V1	TRUSTED	ALLOW
окно	4	EASY	NOUN,inan,neut plur,ablt | NOUN,inan,neut plur,accs | NOUN,inan,neut plur,datv | NOUN,inan,neut plur,gent | NOUN,inan,neut plur,loct | NOUN,inan,neut plur,nomn | NOUN,inan,neut sing,ablt | NOUN,inan,neut sing,accs | NOUN,inan,neut sing,datv | NOUN,inan,neut sing,gent | NOUN,inan,neut sing,loct | NOUN,inan,neut sing,nomn	false	4.66	66	MANUAL_ALLOW	IN_POOL_REVIEW_REQUIRED	ALLOW
окраска	7	EXPERT	NOUN,inan,femn plur,ablt | NOUN,inan,femn plur,accs | NOUN,inan,femn plur,datv | NOUN,inan,femn plur,gent | NOUN,inan,femn plur,loct | NOUN,inan,femn plur,nomn | NOUN,inan,femn sing,ablt | NOUN,inan,femn sing,ablt,V-oy | NOUN,inan,femn sing,accs | NOUN,inan,femn sing,datv | NOUN,inan,femn sing,gent | NOUN,inan,femn sing,loct | NOUN,inan,femn sing,nomn	false	3.61	405	WORDFREQ_RANKED	IN_POOL_REVIEW_REQUIRED	
октябрь	7	EXPERT	NOUN,inan,masc plur,ablt | NOUN,inan,masc plur,accs | NOUN,inan,masc plur,datv | NOUN,inan,masc plur,gent | NOUN,inan,masc plur,loct | NOUN,inan,masc plur,nomn | NOUN,inan,masc sing,ablt | NOUN,inan,masc sing,accs | NOUN,inan,masc sing,datv | NOUN,inan,masc sing,gent | NOUN,inan,masc sing,loct | NOUN,inan,masc sing,nomn	false	4.25	134	WORDFREQ_RANKED	IN_POOL_REVIEW_REQUIRED	
окунь	5	MEDIUM	NOUN,anim,masc plur,ablt | NOUN,anim,masc plur,accs | NOUN,anim,masc plur,datv | NOUN,anim,masc plur,gent | NOUN,anim,masc plur,loct | NOUN,anim,masc plur,nomn | NOUN,anim,masc sing,ablt | NOUN,anim,masc sing,accs | NOUN,anim,masc sing,datv | NOUN,anim,masc sing,gent | NOUN,anim,masc sing,loct | NOUN,anim,masc sing,nomn	false	3.18	865	TRUSTED_V1	TRUSTED	ALLOW
олень	5	MEDIUM	NOUN,anim,masc plur,ablt | NOUN,anim,masc plur,accs | NOUN,anim,masc plur,datv | NOUN,anim,masc plur,gent | NOUN,anim,masc plur,loct | NOUN,anim,masc plur,nomn | NOUN,anim,masc sing,ablt | NOUN,anim,masc sing,accs | NOUN,anim,masc sing,datv | NOUN,anim,masc sing,gent | NOUN,anim,masc sing,loct | NOUN,anim,masc sing,nomn	false	3.69	436	TRUSTED_V1	TRUSTED	ALLOW
олово	5	MEDIUM	NOUN,inan,neut plur,ablt | NOUN,inan,neut plur,accs | NOUN,inan,neut plur,datv | NOUN,inan,neut plur,gent | NOUN,inan,neut plur,loct | NOUN,inan,neut plur,nomn | NOUN,inan,neut sing,ablt | NOUN,inan,neut sing,accs | NOUN,inan,neut sing,datv | NOUN,inan,neut sing,gent | NOUN,inan,neut sing,loct | NOUN,inan,neut sing,nomn	false	2.89	1187	TRUSTED_V1	TRUSTED	ALLOW
омлет	5	MEDIUM	NOUN,inan,masc plur,ablt | NOUN,inan,masc plur,accs | NOUN,inan,masc plur,datv | NOUN,inan,masc plur,gent | NOUN,inan,masc plur,loct | NOUN,inan,masc plur,nomn | NOUN,inan,masc sing,ablt | NOUN,inan,masc sing,accs | NOUN,inan,masc sing,datv | NOUN,inan,masc sing,gent | NOUN,inan,masc sing,loct | NOUN,inan,masc sing,nomn	false	3.43	616	TRUSTED_V1	TRUSTED	ALLOW
опера	5	MEDIUM	NOUN,inan,femn plur,ablt | NOUN,inan,femn plur,accs | NOUN,inan,femn plur,datv | NOUN,inan,femn plur,gent | NOUN,inan,femn plur,loct | NOUN,inan,femn plur,nomn | NOUN,inan,femn sing,ablt | NOUN,inan,femn sing,ablt,V-oy | NOUN,inan,femn sing,accs | NOUN,inan,femn sing,datv | NOUN,inan,femn sing,gent | NOUN,inan,femn sing,loct | NOUN,inan,femn sing,nomn	false	4.09	231	TRUSTED_V1	TRUSTED	ALLOW
оплата	6	HARD	NOUN,inan,femn plur,ablt | NOUN,inan,femn plur,accs | NOUN,inan,femn plur,datv | NOUN,inan,femn plur,gent | NOUN,inan,femn plur,loct | NOUN,inan,femn plur,nomn | NOUN,inan,femn sing,ablt | NOUN,inan,femn sing,ablt,V-oy | NOUN,inan,femn sing,accs | NOUN,inan,femn sing,datv | NOUN,inan,femn sing,gent | NOUN,inan,femn sing,loct | NOUN,inan,femn sing,nomn	false	4.04	206	WORDFREQ_RANKED	IN_POOL_REVIEW_REQUIRED	
опора	5	MEDIUM	NOUN,inan,femn plur,ablt | NOUN,inan,femn plur,accs | NOUN,inan,femn plur,datv | NOUN,inan,femn plur,gent | NOUN,inan,femn plur,loct | NOUN,inan,femn plur,nomn | NOUN,inan,femn sing,ablt | NOUN,inan,femn sing,ablt,V-oy | NOUN,inan,femn sing,accs | NOUN,inan,femn sing,datv | NOUN,inan,femn sing,gent | NOUN,inan,femn sing,loct | NOUN,inan,femn sing,nomn	false	3.61	480	TRUSTED_V1	TRUSTED	ALLOW
опухоль	7	EXPERT	NOUN,inan,femn plur,ablt | NOUN,inan,femn plur,accs | NOUN,inan,femn plur,datv | NOUN,inan,femn plur,gent | NOUN,inan,femn plur,loct | NOUN,inan,femn plur,nomn | NOUN,inan,femn sing,ablt | NOUN,inan,femn sing,accs | NOUN,inan,femn sing,datv | NOUN,inan,femn sing,gent | NOUN,inan,femn sing,loct | NOUN,inan,femn sing,nomn	false	3.69	368	WORDFREQ_RANKED	IN_POOL_REVIEW_REQUIRED	
опыт	4	EASY	NOUN,inan,masc plur,ablt | NOUN,inan,masc plur,accs | NOUN,inan,masc plur,datv | NOUN,inan,masc plur,gent | NOUN,inan,masc plur,loct | NOUN,inan,masc plur,nomn | NOUN,inan,masc sing,ablt | NOUN,inan,masc sing,accs | NOUN,inan,masc sing,datv | NOUN,inan,masc sing,gent | NOUN,inan,masc sing,loct | NOUN,inan,masc sing,nomn	false	4.92	34	WORDFREQ_RANKED	IN_POOL_REVIEW_REQUIRED	
орда	4	EASY	NOUN,inan,femn plur,ablt | NOUN,inan,femn plur,accs | NOUN,inan,femn plur,datv | NOUN,inan,femn plur,gent | NOUN,inan,femn plur,loct | NOUN,inan,femn plur,nomn | NOUN,inan,femn sing,ablt | NOUN,inan,femn sing,ablt,V-oy | NOUN,inan,femn sing,accs | NOUN,inan,femn sing,datv | NOUN,inan,femn sing,gent | NOUN,inan,femn sing,loct | NOUN,inan,femn sing,nomn	false	3.32	488	WORDFREQ_RANKED	IN_POOL_REVIEW_REQUIRED	
орел	4	EASY	NOUN,anim,masc plur,ablt | NOUN,anim,masc plur,accs | NOUN,anim,masc plur,datv | NOUN,anim,masc plur,gent | NOUN,anim,masc plur,loct | NOUN,anim,masc plur,nomn | NOUN,anim,masc sing,ablt | NOUN,anim,masc sing,accs | NOUN,anim,masc sing,datv | NOUN,anim,masc sing,gent | NOUN,anim,masc sing,loct | NOUN,anim,masc sing,nomn	false	3.84	257	WORDFREQ_RANKED	IN_POOL_REVIEW_REQUIRED	
орех	4	EASY	NOUN,inan,masc plur,ablt | NOUN,inan,masc plur,accs | NOUN,inan,masc plur,datv | NOUN,inan,masc plur,gent | NOUN,inan,masc plur,loct | NOUN,inan,masc plur,nomn | NOUN,inan,masc sing,ablt | NOUN,inan,masc sing,accs | NOUN,inan,masc sing,datv | NOUN,inan,masc sing,gent | NOUN,inan,masc sing,loct | NOUN,inan,masc sing,nomn	false	3.49	383	WORDFREQ_RANKED	IN_POOL_REVIEW_REQUIRED	
оркестр	7	EXPERT	NOUN,inan,masc plur,ablt | NOUN,inan,masc plur,accs | NOUN,inan,masc plur,datv | NOUN,inan,masc plur,gent | NOUN,inan,masc plur,loct | NOUN,inan,masc plur,nomn | NOUN,inan,masc sing,ablt | NOUN,inan,masc sing,accs | NOUN,inan,masc sing,datv | NOUN,inan,masc sing,gent | NOUN,inan,masc sing,loct | NOUN,inan,masc sing,nomn	false	3.99	219	WORDFREQ_RANKED	IN_POOL_REVIEW_REQUIRED	
орудие	6	HARD	NOUN,inan,neut plur,ablt | NOUN,inan,neut plur,ablt,V-be | NOUN,inan,neut plur,accs | NOUN,inan,neut plur,accs,V-be | NOUN,inan,neut plur,datv | NOUN,inan,neut plur,datv,V-be | NOUN,inan,neut plur,gent | NOUN,inan,neut plur,loct | NOUN,inan,neut plur,loct,V-be | NOUN,inan,neut plur,nomn | NOUN,inan,neut plur,nomn,V-be | NOUN,inan,neut sing,ablt | NOUN,inan,neut sing,ablt,V-be | NOUN,inan,neut sing,accs | NOUN,inan,neut sing,accs,V-be | NOUN,inan,neut sing,datv | NOUN,inan,neut sing,datv,V-be | NOUN,inan,neut sing,gent | NOUN,inan,neut sing,gent,V-be | NOUN,inan,neut sing,loct | NOUN,inan,neut sing,loct,V-be | NOUN,inan,neut sing,loct,V-be,V-bi | NOUN,inan,neut sing,nomn | NOUN,inan,neut sing,nomn,V-be	false	3.99	227	WORDFREQ_RANKED	IN_POOL_REVIEW_REQUIRED	
оружие	6	HARD	NOUN,inan,neut plur,ablt | NOUN,inan,neut plur,ablt,V-be | NOUN,inan,neut plur,accs | NOUN,inan,neut plur,accs,V-be | NOUN,inan,neut plur,datv | NOUN,inan,neut plur,datv,V-be | NOUN,inan,neut plur,gent | NOUN,inan,neut plur,loct | NOUN,inan,neut plur,loct,V-be | NOUN,inan,neut plur,nomn | NOUN,inan,neut plur,nomn,V-be | NOUN,inan,neut sing,ablt | NOUN,inan,neut sing,ablt,V-be | NOUN,inan,neut sing,accs | NOUN,inan,neut sing,accs,V-be | NOUN,inan,neut sing,datv | NOUN,inan,neut sing,datv,V-be | NOUN,inan,neut sing,gent | NOUN,inan,neut sing,gent,V-be | NOUN,inan,neut sing,loct | NOUN,inan,neut sing,loct,V-be | NOUN,inan,neut sing,loct,V-be,V-bi | NOUN,inan,neut sing,nomn | NOUN,inan,neut sing,nomn,V-be	false	4.96	22	WORDFREQ_RANKED	IN_POOL_REVIEW_REQUIRED	
осада	5	MEDIUM	NOUN,inan,femn plur,ablt | NOUN,inan,femn plur,accs | NOUN,inan,femn plur,datv | NOUN,inan,femn plur,gent | NOUN,inan,femn plur,loct | NOUN,inan,femn plur,nomn | NOUN,inan,femn sing,ablt | NOUN,inan,femn sing,ablt,V-oy | NOUN,inan,femn sing,accs | NOUN,inan,femn sing,datv | NOUN,inan,femn sing,gent | NOUN,inan,femn sing,loct | NOUN,inan,femn sing,nomn	false	3.11	926	TRUSTED_V1	TRUSTED	ALLOW
осень	5	MEDIUM	NOUN,inan,femn plur,ablt | NOUN,inan,femn plur,accs | NOUN,inan,femn plur,datv | NOUN,inan,femn plur,gent | NOUN,inan,femn plur,loct | NOUN,inan,femn plur,nomn | NOUN,inan,femn sing,ablt | NOUN,inan,femn sing,accs | NOUN,inan,femn sing,datv | NOUN,inan,femn sing,gent | NOUN,inan,femn sing,loct | NOUN,inan,femn sing,nomn	false	4.20	175	TRUSTED_V1	TRUSTED	ALLOW
осина	5	MEDIUM	NOUN,inan,femn plur,ablt | NOUN,inan,femn plur,accs | NOUN,inan,femn plur,datv | NOUN,inan,femn plur,gent | NOUN,inan,femn plur,loct | NOUN,inan,femn plur,nomn | NOUN,inan,femn sing,ablt | NOUN,inan,femn sing,ablt,V-oy | NOUN,inan,femn sing,accs | NOUN,inan,femn sing,datv | NOUN,inan,femn sing,gent | NOUN,inan,femn sing,loct | NOUN,inan,femn sing,nomn	false	2.83	1264	TRUSTED_V1	TRUSTED	ALLOW
осмотр	6	HARD	NOUN,inan,masc plur,ablt | NOUN,inan,masc plur,accs | NOUN,inan,masc plur,datv | NOUN,inan,masc plur,gent | NOUN,inan,masc plur,loct | NOUN,inan,masc plur,nomn | NOUN,inan,masc sing,ablt | NOUN,inan,masc sing,accs | NOUN,inan,masc sing,datv | NOUN,inan,masc sing,gent | NOUN,inan,masc sing,loct | NOUN,inan,masc sing,nomn	false	3.85	285	WORDFREQ_RANKED	IN_POOL_REVIEW_REQUIRED	
основа	6	HARD	NOUN,inan,femn plur,ablt | NOUN,inan,femn plur,accs | NOUN,inan,femn plur,datv | NOUN,inan,femn plur,gent | NOUN,inan,femn plur,loct | NOUN,inan,femn plur,nomn | NOUN,inan,femn sing,ablt | NOUN,inan,femn sing,ablt,V-oy | NOUN,inan,femn sing,accs | NOUN,inan,femn sing,datv | NOUN,inan,femn sing,gent | NOUN,inan,femn sing,loct | NOUN,inan,femn sing,nomn	false	4.08	193	WORDFREQ_RANKED	IN_POOL_REVIEW_REQUIRED	
особняк	7	EXPERT	NOUN,inan,masc plur,ablt | NOUN,inan,masc plur,accs | NOUN,inan,masc plur,datv | NOUN,inan,masc plur,gent | NOUN,inan,masc plur,loct | NOUN,inan,masc plur,nomn | NOUN,inan,masc sing,ablt | NOUN,inan,masc sing,accs | NOUN,inan,masc sing,datv | NOUN,inan,masc sing,gent | NOUN,inan,masc sing,loct | NOUN,inan,masc sing,nomn	false	3.83	282	WORDFREQ_RANKED	IN_POOL_REVIEW_REQUIRED	
останки	7	EXPERT	NOUN,inan,GNdr,Pltm plur,ablt | NOUN,inan,GNdr,Pltm plur,accs | NOUN,inan,GNdr,Pltm plur,datv | NOUN,inan,GNdr,Pltm plur,gent | NOUN,inan,GNdr,Pltm plur,loct | NOUN,inan,GNdr,Pltm plur,nomn	true	4.10	189	WORDFREQ_RANKED	IN_POOL_REVIEW_REQUIRED	
остаток	7	EXPERT	NOUN,inan,masc plur,ablt | NOUN,inan,masc plur,accs | NOUN,inan,masc plur,datv | NOUN,inan,masc plur,gent | NOUN,inan,masc plur,loct | NOUN,inan,masc plur,nomn | NOUN,inan,masc sing,ablt | NOUN,inan,masc sing,accs | NOUN,inan,masc sing,datv | NOUN,inan,masc sing,gent | NOUN,inan,masc sing,loct | NOUN,inan,masc sing,nomn	false	4.01	215	WORDFREQ_RANKED	IN_POOL_REVIEW_REQUIRED	
остров	6	HARD	NOUN,inan,masc plur,ablt | NOUN,inan,masc plur,accs | NOUN,inan,masc plur,datv | NOUN,inan,masc plur,gent | NOUN,inan,masc plur,loct | NOUN,inan,masc plur,nomn | NOUN,inan,masc sing,ablt | NOUN,inan,masc sing,accs | NOUN,inan,masc sing,datv | NOUN,inan,masc sing,gent | NOUN,inan,masc sing,loct | NOUN,inan,masc sing,nomn	false	4.80	41	WORDFREQ_RANKED	IN_POOL_REVIEW_REQUIRED	
отбор	5	MEDIUM	NOUN,inan,masc plur,ablt | NOUN,inan,masc plur,accs | NOUN,inan,masc plur,datv | NOUN,inan,masc plur,gent | NOUN,inan,masc plur,loct | NOUN,inan,masc plur,nomn | NOUN,inan,masc sing,ablt | NOUN,inan,masc sing,accs | NOUN,inan,masc sing,datv | NOUN,inan,masc sing,gent | NOUN,inan,masc sing,loct | NOUN,inan,masc sing,nomn	false	4.08	238	TRUSTED_V1	TRUSTED	ALLOW
ответ	5	MEDIUM	NOUN,inan,masc plur,ablt | NOUN,inan,masc plur,accs | NOUN,inan,masc plur,datv | NOUN,inan,masc plur,gent | NOUN,inan,masc plur,loct | NOUN,inan,masc plur,nomn | NOUN,inan,masc sing,ablt | NOUN,inan,masc sing,accs | NOUN,inan,masc sing,datv | NOUN,inan,masc sing,gent | NOUN,inan,masc sing,loct | NOUN,inan,masc sing,nomn	false	5.16	12	TRUSTED_V1	TRUSTED	ALLOW
отделка	7	EXPERT	NOUN,inan,femn plur,ablt | NOUN,inan,femn plur,accs | NOUN,inan,femn plur,datv | NOUN,inan,femn plur,gent | NOUN,inan,femn plur,loct | NOUN,inan,femn plur,nomn | NOUN,inan,femn sing,ablt | NOUN,inan,femn sing,ablt,V-oy | NOUN,inan,femn sing,accs | NOUN,inan,femn sing,datv | NOUN,inan,femn sing,gent | NOUN,inan,femn sing,loct | NOUN,inan,femn sing,nomn	false	3.49	483	WORDFREQ_RANKED	IN_POOL_REVIEW_REQUIRED	
отдых	5	MEDIUM	NOUN,inan,masc plur,ablt | NOUN,inan,masc plur,accs | NOUN,inan,masc plur,datv | NOUN,inan,masc plur,gent | NOUN,inan,masc plur,loct | NOUN,inan,masc plur,nomn | NOUN,inan,masc sing,ablt | NOUN,inan,masc sing,accs | NOUN,inan,masc sing,datv | NOUN,inan,masc sing,gent | NOUN,inan,masc sing,loct | NOUN,inan,masc sing,nomn	false	4.32	144	TRUSTED_V1	TRUSTED	ALLOW
отец	4	EASY	NOUN,anim,masc plur,ablt | NOUN,anim,masc plur,accs | NOUN,anim,masc plur,datv | NOUN,anim,masc plur,gent | NOUN,anim,masc plur,loct | NOUN,anim,masc plur,nomn | NOUN,anim,masc sing,ablt | NOUN,anim,masc sing,accs | NOUN,anim,masc sing,datv | NOUN,anim,masc sing,gent | NOUN,anim,masc sing,loct | NOUN,anim,masc sing,nomn | NOUN,anim,masc sing,voct	false	5.19	8	WORDFREQ_RANKED	IN_POOL_REVIEW_REQUIRED	
отказ	5	MEDIUM	NOUN,inan,masc plur,ablt | NOUN,inan,masc plur,accs | NOUN,inan,masc plur,datv | NOUN,inan,masc plur,gent | NOUN,inan,masc plur,loct | NOUN,inan,masc plur,nomn | NOUN,inan,masc sing,ablt | NOUN,inan,masc sing,accs | NOUN,inan,masc sing,datv | NOUN,inan,masc sing,gent | NOUN,inan,masc sing,loct | NOUN,inan,masc sing,nomn	false	4.46	106	TRUSTED_V1	TRUSTED	ALLOW
отлив	5	MEDIUM	NOUN,inan,masc plur,ablt | NOUN,inan,masc plur,accs | NOUN,inan,masc plur,datv | NOUN,inan,masc plur,gent | NOUN,inan,masc plur,loct | NOUN,inan,masc plur,nomn | NOUN,inan,masc sing,ablt | NOUN,inan,masc sing,accs | NOUN,inan,masc sing,datv | NOUN,inan,masc sing,gent | NOUN,inan,masc sing,loct | NOUN,inan,masc sing,nomn	false	2.72		TRUSTED_V1	TRUSTED	ALLOW
отличие	7	EXPERT	NOUN,inan,neut plur,ablt | NOUN,inan,neut plur,ablt,V-be | NOUN,inan,neut plur,accs | NOUN,inan,neut plur,accs,V-be | NOUN,inan,neut plur,datv | NOUN,inan,neut plur,datv,V-be | NOUN,inan,neut plur,gent | NOUN,inan,neut plur,loct | NOUN,inan,neut plur,loct,V-be | NOUN,inan,neut plur,nomn | NOUN,inan,neut plur,nomn,V-be | NOUN,inan,neut sing,ablt | NOUN,inan,neut sing,ablt,V-be | NOUN,inan,neut sing,accs | NOUN,inan,neut sing,accs,V-be | NOUN,inan,neut sing,datv | NOUN,inan,neut sing,datv,V-be | NOUN,inan,neut sing,gent | NOUN,inan,neut sing,gent,V-be | NOUN,inan,neut sing,loct | NOUN,inan,neut sing,loct,V-be | NOUN,inan,neut sing,loct,V-be,V-bi | NOUN,inan,neut sing,nomn | NOUN,inan,neut sing,nomn,V-be	false	4.82	31	WORDFREQ_RANKED	IN_POOL_REVIEW_REQUIRED	
отмена	6	HARD	NOUN,inan,femn plur,ablt | NOUN,inan,femn plur,accs | NOUN,inan,femn plur,datv | NOUN,inan,femn plur,gent | NOUN,inan,femn plur,loct | NOUN,inan,femn plur,nomn | NOUN,inan,femn sing,ablt | NOUN,inan,femn sing,ablt,V-oy | NOUN,inan,femn sing,accs | NOUN,inan,femn sing,datv | NOUN,inan,femn sing,gent | NOUN,inan,femn sing,loct | NOUN,inan,femn sing,nomn	false	3.78	321	WORDFREQ_RANKED	IN_POOL_REVIEW_REQUIRED	
отпуск	6	HARD	NOUN,inan,masc plur,ablt | NOUN,inan,masc plur,accs | NOUN,inan,masc plur,datv | NOUN,inan,masc plur,gent | NOUN,inan,masc plur,loct | NOUN,inan,masc plur,nomn | NOUN,inan,masc sing,ablt | NOUN,inan,masc sing,accs | NOUN,inan,masc sing,datv | NOUN,inan,masc sing,gent | NOUN,inan,masc sing,loc2 | NOUN,inan,masc sing,loct | NOUN,inan,masc sing,nomn	false	4.41	99	WORDFREQ_RANKED	IN_POOL_REVIEW_REQUIRED	
отрасль	7	EXPERT	NOUN,inan,femn plur,ablt | NOUN,inan,femn plur,accs | NOUN,inan,femn plur,datv | NOUN,inan,femn plur,gent | NOUN,inan,femn plur,loct | NOUN,inan,femn plur,nomn | NOUN,inan,femn sing,ablt | NOUN,inan,femn sing,accs | NOUN,inan,femn sing,datv | NOUN,inan,femn sing,gent | NOUN,inan,femn sing,loct | NOUN,inan,femn sing,nomn	false	3.88	254	WORDFREQ_RANKED	IN_POOL_REVIEW_REQUIRED	
отрезок	7	EXPERT	NOUN,inan,masc plur,ablt | NOUN,inan,masc plur,accs | NOUN,inan,masc plur,datv | NOUN,inan,masc plur,gent | NOUN,inan,masc plur,loct | NOUN,inan,masc plur,nomn | NOUN,inan,masc sing,ablt | NOUN,inan,masc sing,accs | NOUN,inan,masc sing,datv | NOUN,inan,masc sing,gent | NOUN,inan,masc sing,loct | NOUN,inan,masc sing,nomn	false	3.70	358	WORDFREQ_RANKED	IN_POOL_REVIEW_REQUIRED	
отрыв	5	MEDIUM	NOUN,inan,masc plur,ablt | NOUN,inan,masc plur,accs | NOUN,inan,masc plur,datv | NOUN,inan,masc plur,gent | NOUN,inan,masc plur,loct | NOUN,inan,masc plur,nomn | NOUN,inan,masc sing,ablt | NOUN,inan,masc sing,accs | NOUN,inan,masc sing,datv | NOUN,inan,masc sing,gent | NOUN,inan,masc sing,loct | NOUN,inan,masc sing,nomn	false	3.78	375	TRUSTED_V1	TRUSTED	ALLOW
отрывок	7	EXPERT	NOUN,inan,masc plur,ablt | NOUN,inan,masc plur,accs | NOUN,inan,masc plur,datv | NOUN,inan,masc plur,gent | NOUN,inan,masc plur,loct | NOUN,inan,masc plur,nomn | NOUN,inan,masc sing,ablt | NOUN,inan,masc sing,accs | NOUN,inan,masc sing,datv | NOUN,inan,masc sing,gent | NOUN,inan,masc sing,loct | NOUN,inan,masc sing,nomn	false	3.82	289	WORDFREQ_RANKED	IN_POOL_REVIEW_REQUIRED	
отряд	5	MEDIUM	NOUN,inan,masc plur,ablt | NOUN,inan,masc plur,accs | NOUN,inan,masc plur,datv | NOUN,inan,masc plur,gent | NOUN,inan,masc plur,loct | NOUN,inan,masc plur,nomn | NOUN,inan,masc sing,ablt | NOUN,inan,masc sing,accs | NOUN,inan,masc sing,datv | NOUN,inan,masc sing,gent | NOUN,inan,masc sing,loct | NOUN,inan,masc sing,nomn	false	4.48	101	TRUSTED_V1	TRUSTED	ALLOW
отсек	5	MEDIUM	NOUN,inan,masc plur,ablt | NOUN,inan,masc plur,accs | NOUN,inan,masc plur,datv | NOUN,inan,masc plur,gent | NOUN,inan,masc plur,loct | NOUN,inan,masc plur,nomn | NOUN,inan,masc sing,ablt | NOUN,inan,masc sing,accs | NOUN,inan,masc sing,datv | NOUN,inan,masc sing,gent | NOUN,inan,masc sing,loct | NOUN,inan,masc sing,nomn	false	3.54	540	TRUSTED_V1	TRUSTED	ALLOW
отстой	6	HARD	NOUN,inan,masc plur,ablt | NOUN,inan,masc plur,accs | NOUN,inan,masc plur,datv | NOUN,inan,masc plur,gent | NOUN,inan,masc plur,loct | NOUN,inan,masc plur,nomn | NOUN,inan,masc sing,ablt | NOUN,inan,masc sing,accs | NOUN,inan,masc sing,datv | NOUN,inan,masc sing,gent | NOUN,inan,masc sing,loct | NOUN,inan,masc sing,nomn	false	3.63	428	WORDFREQ_RANKED	IN_POOL_REVIEW_REQUIRED	
оттенок	7	EXPERT	NOUN,inan,masc plur,ablt | NOUN,inan,masc plur,accs | NOUN,inan,masc plur,datv | NOUN,inan,masc plur,gent | NOUN,inan,masc plur,loct | NOUN,inan,masc plur,nomn | NOUN,inan,masc sing,ablt | NOUN,inan,masc sing,accs | NOUN,inan,masc sing,datv | NOUN,inan,masc sing,gent | NOUN,inan,masc sing,loct | NOUN,inan,masc sing,nomn	false	3.71	351	WORDFREQ_RANKED	IN_POOL_REVIEW_REQUIRED	
отчет	5	MEDIUM	NOUN,inan,masc plur,ablt | NOUN,inan,masc plur,accs | NOUN,inan,masc plur,datv | NOUN,inan,masc plur,gent | NOUN,inan,masc plur,loct | NOUN,inan,masc plur,nomn | NOUN,inan,masc sing,ablt | NOUN,inan,masc sing,accs | NOUN,inan,masc sing,datv | NOUN,inan,masc sing,gent | NOUN,inan,masc sing,loct | NOUN,inan,masc sing,nomn	false	4.52	88	TRUSTED_V1	TRUSTED	ALLOW
офис	4	EASY	NOUN,inan,masc plur,ablt | NOUN,inan,masc plur,accs | NOUN,inan,masc plur,datv | NOUN,inan,masc plur,gent | NOUN,inan,masc plur,loct | NOUN,inan,masc plur,nomn | NOUN,inan,masc sing,ablt | NOUN,inan,masc sing,accs | NOUN,inan,masc sing,datv | NOUN,inan,masc sing,gent | NOUN,inan,masc sing,loct | NOUN,inan,masc sing,nomn	false	4.44	106	WORDFREQ_RANKED	IN_POOL_REVIEW_REQUIRED	
офицер	6	HARD	NOUN,anim,masc plur,ablt | NOUN,anim,masc plur,accs | NOUN,anim,masc plur,datv | NOUN,anim,masc plur,gent | NOUN,anim,masc plur,loct | NOUN,anim,masc plur,nomn | NOUN,anim,masc sing,ablt | NOUN,anim,masc sing,accs | NOUN,anim,masc sing,datv | NOUN,anim,masc sing,gent | NOUN,anim,masc sing,loct | NOUN,anim,masc sing,nomn	false	4.49	85	WORDFREQ_RANKED	IN_POOL_REVIEW_REQUIRED	
охота	5	MEDIUM	NOUN,inan,femn plur,ablt | NOUN,inan,femn plur,accs | NOUN,inan,femn plur,datv | NOUN,inan,femn plur,gent | NOUN,inan,femn plur,loct | NOUN,inan,femn plur,nomn | NOUN,inan,femn sing,ablt | NOUN,inan,femn sing,ablt,V-oy | NOUN,inan,femn sing,accs | NOUN,inan,femn sing,datv | NOUN,inan,femn sing,gent | NOUN,inan,femn sing,loct | NOUN,inan,femn sing,nomn	false	4.19	178	TRUSTED_V1	TRUSTED	ALLOW
охотник	7	EXPERT	NOUN,anim,masc plur,ablt | NOUN,anim,masc plur,accs | NOUN,anim,masc plur,datv | NOUN,anim,masc plur,gent | NOUN,anim,masc plur,loct | NOUN,anim,masc plur,nomn | NOUN,anim,masc sing,ablt | NOUN,anim,masc sing,accs | NOUN,anim,masc sing,datv | NOUN,anim,masc sing,gent | NOUN,anim,masc sing,loct | NOUN,anim,masc sing,nomn	false	4.01	216	WORDFREQ_RANKED	IN_POOL_REVIEW_REQUIRED	
охрана	6	HARD	NOUN,inan,femn plur,ablt | NOUN,inan,femn plur,accs | NOUN,inan,femn plur,datv | NOUN,inan,femn plur,gent | NOUN,inan,femn plur,loct | NOUN,inan,femn plur,nomn | NOUN,inan,femn sing,ablt | NOUN,inan,femn sing,ablt,V-oy | NOUN,inan,femn sing,accs | NOUN,inan,femn sing,datv | NOUN,inan,femn sing,gent | NOUN,inan,femn sing,loct | NOUN,inan,femn sing,nomn	false	4.25	143	WORDFREQ_RANKED	IN_POOL_REVIEW_REQUIRED	
оценка	6	HARD	NOUN,inan,femn plur,ablt | NOUN,inan,femn plur,accs | NOUN,inan,femn plur,datv | NOUN,inan,femn plur,gent | NOUN,inan,femn plur,loct | NOUN,inan,femn plur,nomn | NOUN,inan,femn sing,ablt | NOUN,inan,femn sing,ablt,V-oy | NOUN,inan,femn sing,accs | NOUN,inan,femn sing,datv | NOUN,inan,femn sing,gent | NOUN,inan,femn sing,loct | NOUN,inan,femn sing,nomn	false	4.66	62	WORDFREQ_RANKED	IN_POOL_REVIEW_REQUIRED	
очаг	4	EASY	NOUN,inan,masc plur,ablt | NOUN,inan,masc plur,accs | NOUN,inan,masc plur,datv | NOUN,inan,masc plur,gent | NOUN,inan,masc plur,loct | NOUN,inan,masc plur,nomn | NOUN,inan,masc sing,ablt | NOUN,inan,masc sing,accs | NOUN,inan,masc sing,datv | NOUN,inan,masc sing,gent | NOUN,inan,masc sing,loct | NOUN,inan,masc sing,nomn	false	3.64	322	WORDFREQ_RANKED	IN_POOL_REVIEW_REQUIRED	
очередь	7	EXPERT	NOUN,inan,femn plur,ablt | NOUN,inan,femn plur,accs | NOUN,inan,femn plur,datv | NOUN,inan,femn plur,gent | NOUN,inan,femn plur,loct | NOUN,inan,femn plur,nomn | NOUN,inan,femn sing,ablt | NOUN,inan,femn sing,accs | NOUN,inan,femn sing,datv | NOUN,inan,femn sing,gent | NOUN,inan,femn sing,loct | NOUN,inan,femn sing,nomn	false	5.10	10	WORDFREQ_RANKED	IN_POOL_REVIEW_REQUIRED	
очистка	7	EXPERT	NOUN,inan,femn plur,ablt | NOUN,inan,femn plur,accs | NOUN,inan,femn plur,datv | NOUN,inan,femn plur,gent | NOUN,inan,femn plur,loct | NOUN,inan,femn plur,nomn | NOUN,inan,femn sing,ablt | NOUN,inan,femn sing,ablt,V-oy | NOUN,inan,femn sing,accs | NOUN,inan,femn sing,datv | NOUN,inan,femn sing,gent | NOUN,inan,femn sing,loct | NOUN,inan,femn sing,nomn	false	3.47	495	WORDFREQ_RANKED	IN_POOL_REVIEW_REQUIRED	
очки	4	EASY	NOUN,inan,GNdr,Pltm plur,ablt | NOUN,inan,GNdr,Pltm plur,accs | NOUN,inan,GNdr,Pltm plur,datv | NOUN,inan,GNdr,Pltm plur,gent | NOUN,inan,GNdr,Pltm plur,loct | NOUN,inan,GNdr,Pltm plur,nomn	true	4.51	92	WORDFREQ_RANKED	IN_POOL_REVIEW_REQUIRED	
ошибка	6	HARD	NOUN,inan,femn plur,ablt | NOUN,inan,femn plur,accs | NOUN,inan,femn plur,datv | NOUN,inan,femn plur,gent | NOUN,inan,femn plur,loct | NOUN,inan,femn plur,nomn | NOUN,inan,femn sing,ablt | NOUN,inan,femn sing,ablt,V-oy | NOUN,inan,femn sing,accs | NOUN,inan,femn sing,datv | NOUN,inan,femn sing,gent | NOUN,inan,femn sing,loct | NOUN,inan,femn sing,nomn	false	4.48	88	WORDFREQ_RANKED	IN_POOL_REVIEW_REQUIRED	
падение	7	EXPERT	NOUN,inan,neut plur,ablt | NOUN,inan,neut plur,ablt,V-be | NOUN,inan,neut plur,accs | NOUN,inan,neut plur,accs,V-be | NOUN,inan,neut plur,datv | NOUN,inan,neut plur,datv,V-be | NOUN,inan,neut plur,gent | NOUN,inan,neut plur,loct | NOUN,inan,neut plur,loct,V-be | NOUN,inan,neut plur,nomn | NOUN,inan,neut plur,nomn,V-be | NOUN,inan,neut sing,ablt | NOUN,inan,neut sing,ablt,V-be | NOUN,inan,neut sing,accs | NOUN,inan,neut sing,accs,V-be | NOUN,inan,neut sing,datv | NOUN,inan,neut sing,datv,V-be | NOUN,inan,neut sing,gent | NOUN,inan,neut sing,gent,V-be | NOUN,inan,neut sing,loct | NOUN,inan,neut sing,loct,V-be | NOUN,inan,neut sing,loct,V-be,V-bi | NOUN,inan,neut sing,nomn | NOUN,inan,neut sing,nomn,V-be	false	4.33	113	WORDFREQ_RANKED	IN_POOL_REVIEW_REQUIRED	
пакет	5	MEDIUM	NOUN,inan,masc plur,ablt | NOUN,inan,masc plur,accs | NOUN,inan,masc plur,datv | NOUN,inan,masc plur,gent | NOUN,inan,masc plur,loct | NOUN,inan,masc plur,nomn | NOUN,inan,masc sing,ablt | NOUN,inan,masc sing,accs | NOUN,inan,masc sing,datv | NOUN,inan,masc sing,gent | NOUN,inan,masc sing,loct | NOUN,inan,masc sing,nomn	false	4.38	125	TRUSTED_V1	TRUSTED	ALLOW
пакт	4	EASY	NOUN,inan,masc plur,ablt | NOUN,inan,masc plur,accs | NOUN,inan,masc plur,datv | NOUN,inan,masc plur,gent | NOUN,inan,masc plur,loct | NOUN,inan,masc plur,nomn | NOUN,inan,masc sing,ablt | NOUN,inan,masc sing,accs | NOUN,inan,masc sing,datv | NOUN,inan,masc sing,gent | NOUN,inan,masc sing,loct | NOUN,inan,masc sing,nomn	false	3.34	474	WORDFREQ_RANKED	IN_POOL_REVIEW_REQUIRED	
палата	6	HARD	NOUN,inan,femn plur,ablt | NOUN,inan,femn plur,accs | NOUN,inan,femn plur,datv | NOUN,inan,femn plur,gent | NOUN,inan,femn plur,loct | NOUN,inan,femn plur,nomn | NOUN,inan,femn sing,ablt | NOUN,inan,femn sing,ablt,V-oy | NOUN,inan,femn sing,accs | NOUN,inan,femn sing,datv | NOUN,inan,femn sing,gent | NOUN,inan,femn sing,loct | NOUN,inan,femn sing,nomn	false	4.07	200	WORDFREQ_RANKED	IN_POOL_REVIEW_REQUIRED	
палец	5	MEDIUM	NOUN,inan,masc plur,ablt | NOUN,inan,masc plur,accs | NOUN,inan,masc plur,datv | NOUN,inan,masc plur,gent | NOUN,inan,masc plur,loct | NOUN,inan,masc plur,nomn | NOUN,inan,masc sing,ablt | NOUN,inan,masc sing,accs | NOUN,inan,masc sing,datv | NOUN,inan,masc sing,gent | NOUN,inan,masc sing,loct | NOUN,inan,masc sing,nomn	false	4.21	173	TRUSTED_V1	TRUSTED	ALLOW
пальто	6	HARD	NOUN,inan,neut,Fixd plur,ablt | NOUN,inan,neut,Fixd plur,accs | NOUN,inan,neut,Fixd plur,datv | NOUN,inan,neut,Fixd plur,gent | NOUN,inan,neut,Fixd plur,loct | NOUN,inan,neut,Fixd plur,nomn | NOUN,inan,neut,Fixd sing,ablt | NOUN,inan,neut,Fixd sing,accs | NOUN,inan,neut,Fixd sing,datv | NOUN,inan,neut,Fixd sing,gent | NOUN,inan,neut,Fixd sing,loct | NOUN,inan,neut,Fixd sing,nomn	false	4.24	148	WORDFREQ_RANKED	IN_POOL_REVIEW_REQUIRED	
память	6	HARD	NOUN,inan,femn plur,ablt | NOUN,inan,femn plur,accs | NOUN,inan,femn plur,datv | NOUN,inan,femn plur,gent | NOUN,inan,femn plur,loct | NOUN,inan,femn plur,nomn | NOUN,inan,femn sing,ablt | NOUN,inan,femn sing,accs | NOUN,inan,femn sing,datv | NOUN,inan,femn sing,gent | NOUN,inan,femn sing,loct | NOUN,inan,femn sing,nomn	false	4.96	23	WORDFREQ_RANKED	IN_POOL_REVIEW_REQUIRED	
панда	5	MEDIUM	NOUN,anim,femn plur,ablt | NOUN,anim,femn plur,accs | NOUN,anim,femn plur,datv | NOUN,anim,femn plur,gent | NOUN,anim,femn plur,loct | NOUN,anim,femn plur,nomn | NOUN,anim,femn sing,ablt | NOUN,anim,femn sing,ablt,V-oy | NOUN,anim,femn sing,accs | NOUN,anim,femn sing,datv | NOUN,anim,femn sing,gent | NOUN,anim,femn sing,loct | NOUN,anim,femn sing,nomn	false	3.32	726	TRUSTED_V1	TRUSTED	ALLOW
панель	6	HARD	NOUN,inan,femn plur,ablt | NOUN,inan,femn plur,accs | NOUN,inan,femn plur,datv | NOUN,inan,femn plur,gent | NOUN,inan,femn plur,loct | NOUN,inan,femn plur,nomn | NOUN,inan,femn sing,ablt | NOUN,inan,femn sing,accs | NOUN,inan,femn sing,datv | NOUN,inan,femn sing,gent | NOUN,inan,femn sing,loct | NOUN,inan,femn sing,nomn	false	3.75	335	WORDFREQ_RANKED	IN_POOL_REVIEW_REQUIRED	
пани	4	EASY	NOUN,anim,femn,Fixd plur,ablt | NOUN,anim,femn,Fixd plur,accs | NOUN,anim,femn,Fixd plur,datv | NOUN,anim,femn,Fixd plur,gent | NOUN,anim,femn,Fixd plur,loct | NOUN,anim,femn,Fixd plur,nomn | NOUN,anim,femn,Fixd sing,ablt | NOUN,anim,femn,Fixd sing,accs | NOUN,anim,femn,Fixd sing,datv | NOUN,anim,femn,Fixd sing,gent | NOUN,anim,femn,Fixd sing,loct | NOUN,anim,femn,Fixd sing,nomn	false	3.27	518	WORDFREQ_RANKED	IN_POOL_REVIEW_REQUIRED	
паника	6	HARD	NOUN,inan,femn plur,ablt | NOUN,inan,femn plur,accs | NOUN,inan,femn plur,datv | NOUN,inan,femn plur,gent | NOUN,inan,femn plur,loct | NOUN,inan,femn plur,nomn | NOUN,inan,femn sing,ablt | NOUN,inan,femn sing,ablt,V-oy | NOUN,inan,femn sing,accs | NOUN,inan,femn sing,datv | NOUN,inan,femn sing,gent | NOUN,inan,femn sing,loct | NOUN,inan,femn sing,nomn	false	3.69	383	WORDFREQ_RANKED	IN_POOL_REVIEW_REQUIRED	
панк	4	EASY	NOUN,anim,masc plur,ablt | NOUN,anim,masc plur,accs | NOUN,anim,masc plur,datv | NOUN,anim,masc plur,gent | NOUN,anim,masc plur,loct | NOUN,anim,masc plur,nomn | NOUN,anim,masc sing,ablt | NOUN,anim,masc sing,accs | NOUN,anim,masc sing,datv | NOUN,anim,masc sing,gent | NOUN,anim,masc sing,loct | NOUN,anim,masc sing,nomn | NOUN,inan,masc,Sgtm sing,ablt | NOUN,inan,masc,Sgtm sing,accs | NOUN,inan,masc,Sgtm sing,datv | NOUN,inan,masc,Sgtm sing,gent | NOUN,inan,masc,Sgtm sing,loct | NOUN,inan,masc,Sgtm sing,nomn	false	3.83	260	WORDFREQ_RANKED	IN_POOL_REVIEW_REQUIRED	
папа	4	EASY	NOUN,anim,masc plur,ablt | NOUN,anim,masc plur,accs | NOUN,anim,masc plur,datv | NOUN,anim,masc plur,gent | NOUN,anim,masc plur,loct | NOUN,anim,masc plur,nomn | NOUN,anim,masc sing,ablt | NOUN,anim,masc sing,ablt,V-oy | NOUN,anim,masc sing,accs | NOUN,anim,masc sing,datv | NOUN,anim,masc sing,gent | NOUN,anim,masc sing,loct | NOUN,anim,masc sing,nomn | NOUN,anim,masc sing,voct	false	4.84	44	WORDFREQ_RANKED	IN_POOL_REVIEW_REQUIRED	
папка	5	MEDIUM	NOUN,inan,femn plur,ablt | NOUN,inan,femn plur,accs | NOUN,inan,femn plur,datv | NOUN,inan,femn plur,gent | NOUN,inan,femn plur,loct | NOUN,inan,femn plur,nomn | NOUN,inan,femn sing,ablt | NOUN,inan,femn sing,ablt,V-oy | NOUN,inan,femn sing,accs | NOUN,inan,femn sing,datv | NOUN,inan,femn sing,gent | NOUN,inan,femn sing,loct | NOUN,inan,femn sing,nomn	false	3.46	595	TRUSTED_V1	TRUSTED	ALLOW
пара	4	EASY	NOUN,inan,femn plur,ablt | NOUN,inan,femn plur,accs | NOUN,inan,femn plur,datv | NOUN,inan,femn plur,gent | NOUN,inan,femn plur,loct | NOUN,inan,femn plur,nomn | NOUN,inan,femn sing,ablt | NOUN,inan,femn sing,ablt,V-oy | NOUN,inan,femn sing,accs | NOUN,inan,femn sing,datv | NOUN,inan,femn sing,gent | NOUN,inan,femn sing,loct | NOUN,inan,femn sing,nomn	false	4.77	51	WORDFREQ_RANKED	IN_POOL_REVIEW_REQUIRED	
парень	6	HARD	NOUN,anim,masc plur,ablt | NOUN,anim,masc plur,accs | NOUN,anim,masc plur,datv | NOUN,anim,masc plur,gent | NOUN,anim,masc plur,loct | NOUN,anim,masc plur,nomn | NOUN,anim,masc sing,ablt | NOUN,anim,masc sing,accs | NOUN,anim,masc sing,datv | NOUN,anim,masc sing,gent | NOUN,anim,masc sing,loct | NOUN,anim,masc sing,nomn	false	4.96	24	WORDFREQ_RANKED	IN_POOL_REVIEW_REQUIRED	
пари	4	EASY	NOUN,inan,neut,Fixd plur,ablt | NOUN,inan,neut,Fixd plur,accs | NOUN,inan,neut,Fixd plur,datv | NOUN,inan,neut,Fixd plur,gent | NOUN,inan,neut,Fixd plur,loct | NOUN,inan,neut,Fixd plur,nomn | NOUN,inan,neut,Fixd sing,ablt | NOUN,inan,neut,Fixd sing,accs | NOUN,inan,neut,Fixd sing,datv | NOUN,inan,neut,Fixd sing,gent | NOUN,inan,neut,Fixd sing,loct | NOUN,inan,neut,Fixd sing,nomn	false	3.73	289	WORDFREQ_RANKED	IN_POOL_REVIEW_REQUIRED	
парк	4	EASY	NOUN,inan,masc plur,ablt | NOUN,inan,masc plur,accs | NOUN,inan,masc plur,datv | NOUN,inan,masc plur,gent | NOUN,inan,masc plur,loct | NOUN,inan,masc plur,nomn | NOUN,inan,masc sing,ablt | NOUN,inan,masc sing,accs | NOUN,inan,masc sing,datv | NOUN,inan,masc sing,gent | NOUN,inan,masc sing,loct | NOUN,inan,masc sing,nomn	false	4.71	57	WORDFREQ_RANKED	IN_POOL_REVIEW_REQUIRED	
пародия	7	EXPERT	NOUN,inan,femn plur,ablt | NOUN,inan,femn plur,accs | NOUN,inan,femn plur,datv | NOUN,inan,femn plur,gent | NOUN,inan,femn plur,loct | NOUN,inan,femn plur,nomn | NOUN,inan,femn sing,ablt | NOUN,inan,femn sing,ablt,V-ey | NOUN,inan,femn sing,accs | NOUN,inan,femn sing,datv | NOUN,inan,femn sing,gent | NOUN,inan,femn sing,loct | NOUN,inan,femn sing,nomn	false	3.53	453	WORDFREQ_RANKED	IN_POOL_REVIEW_REQUIRED	
пароль	6	HARD	NOUN,inan,masc plur,ablt | NOUN,inan,masc plur,accs | NOUN,inan,masc plur,datv | NOUN,inan,masc plur,gent | NOUN,inan,masc plur,loct | NOUN,inan,masc plur,nomn | NOUN,inan,masc sing,ablt | NOUN,inan,masc sing,accs | NOUN,inan,masc sing,datv | NOUN,inan,masc sing,gent | NOUN,inan,masc sing,loct | NOUN,inan,masc sing,nomn	false	3.96	237	WORDFREQ_RANKED	IN_POOL_REVIEW_REQUIRED	
паром	5	MEDIUM	NOUN,inan,masc plur,ablt | NOUN,inan,masc plur,accs | NOUN,inan,masc plur,datv | NOUN,inan,masc plur,gent | NOUN,inan,masc plur,loct | NOUN,inan,masc plur,nomn | NOUN,inan,masc sing,ablt | NOUN,inan,masc sing,accs | NOUN,inan,masc sing,datv | NOUN,inan,masc sing,gent | NOUN,inan,masc sing,loct | NOUN,inan,masc sing,nomn	false	3.79	373	TRUSTED_V1	TRUSTED	ALLOW
пароход	7	EXPERT	NOUN,inan,masc plur,ablt | NOUN,inan,masc plur,accs | NOUN,inan,masc plur,datv | NOUN,inan,masc plur,gent | NOUN,inan,masc plur,loct | NOUN,inan,masc plur,nomn | NOUN,inan,masc sing,ablt | NOUN,inan,masc sing,accs | NOUN,inan,masc sing,datv | NOUN,inan,masc sing,gent | NOUN,inan,masc sing,loct | NOUN,inan,masc sing,nomn	false	3.62	400	WORDFREQ_RANKED	IN_POOL_REVIEW_REQUIRED	
парочка	7	EXPERT	NOUN,inan,femn plur,ablt | NOUN,inan,femn plur,accs | NOUN,inan,femn plur,datv | NOUN,inan,femn plur,gent | NOUN,inan,femn plur,loct | NOUN,inan,femn plur,nomn | NOUN,inan,femn sing,ablt | NOUN,inan,femn sing,ablt,V-oy | NOUN,inan,femn sing,accs | NOUN,inan,femn sing,datv | NOUN,inan,femn sing,gent | NOUN,inan,femn sing,loct | NOUN,inan,femn sing,nomn	false	3.72	344	WORDFREQ_RANKED	IN_POOL_REVIEW_REQUIRED	
парта	5	MEDIUM	NOUN,inan,femn plur,ablt | NOUN,inan,femn plur,accs | NOUN,inan,femn plur,datv | NOUN,inan,femn plur,gent | NOUN,inan,femn plur,loct | NOUN,inan,femn plur,nomn | NOUN,inan,femn sing,ablt | NOUN,inan,femn sing,ablt,V-oy | NOUN,inan,femn sing,accs | NOUN,inan,femn sing,datv | NOUN,inan,femn sing,gent | NOUN,inan,femn sing,loct | NOUN,inan,femn sing,nomn	false	2.44	1739	TRUSTED_V1	TRUSTED	ALLOW
партия	6	HARD	NOUN,inan,femn plur,ablt | NOUN,inan,femn plur,accs | NOUN,inan,femn plur,datv | NOUN,inan,femn plur,gent | NOUN,inan,femn plur,loct | NOUN,inan,femn plur,nomn | NOUN,inan,femn sing,ablt | NOUN,inan,femn sing,ablt,V-ey | NOUN,inan,femn sing,accs | NOUN,inan,femn sing,datv | NOUN,inan,femn sing,gent | NOUN,inan,femn sing,loct | NOUN,inan,femn sing,nomn	false	4.87	33	WORDFREQ_RANKED	IN_POOL_REVIEW_REQUIRED	
партнер	7	EXPERT	NOUN,anim,masc plur,ablt | NOUN,anim,masc plur,accs | NOUN,anim,masc plur,datv | NOUN,anim,masc plur,gent | NOUN,anim,masc plur,loct | NOUN,anim,masc plur,nomn | NOUN,anim,masc sing,ablt | NOUN,anim,masc sing,accs | NOUN,anim,masc sing,datv | NOUN,anim,masc sing,gent | NOUN,anim,masc sing,loct | NOUN,anim,masc sing,nomn	false	4.06	201	WORDFREQ_RANKED	IN_POOL_REVIEW_REQUIRED	
парус	5	MEDIUM	NOUN,inan,masc plur,ablt | NOUN,inan,masc plur,accs | NOUN,inan,masc plur,datv | NOUN,inan,masc plur,gent | NOUN,inan,masc plur,loct | NOUN,inan,masc plur,nomn | NOUN,inan,masc sing,ablt | NOUN,inan,masc sing,accs | NOUN,inan,masc sing,datv | NOUN,inan,masc sing,gent | NOUN,inan,masc sing,loct | NOUN,inan,masc sing,nomn	false	3.53	546	TRUSTED_V1	TRUSTED	ALLOW
паспорт	7	EXPERT	NOUN,inan,masc plur,ablt | NOUN,inan,masc plur,accs | NOUN,inan,masc plur,datv | NOUN,inan,masc plur,gent | NOUN,inan,masc plur,loct | NOUN,inan,masc plur,nomn | NOUN,inan,masc sing,ablt | NOUN,inan,masc sing,accs | NOUN,inan,masc sing,datv | NOUN,inan,masc sing,gent | NOUN,inan,masc sing,loct | NOUN,inan,masc sing,nomn	false	4.26	131	WORDFREQ_RANKED	IN_POOL_REVIEW_REQUIRED	
паста	5	MEDIUM	NOUN,inan,femn plur,ablt | NOUN,inan,femn plur,accs | NOUN,inan,femn plur,datv | NOUN,inan,femn plur,gent | NOUN,inan,femn plur,loct | NOUN,inan,femn plur,nomn | NOUN,inan,femn sing,ablt | NOUN,inan,femn sing,ablt,V-oy | NOUN,inan,femn sing,accs | NOUN,inan,femn sing,datv | NOUN,inan,femn sing,gent | NOUN,inan,femn sing,loct | NOUN,inan,femn sing,nomn	false	3.38	672	TRUSTED_V1	TRUSTED	ALLOW
пастор	6	HARD	NOUN,anim,masc plur,ablt | NOUN,anim,masc plur,accs | NOUN,anim,masc plur,datv | NOUN,anim,masc plur,gent | NOUN,anim,masc plur,loct | NOUN,anim,masc plur,nomn | NOUN,anim,masc sing,ablt | NOUN,anim,masc sing,accs | NOUN,anim,masc sing,datv | NOUN,anim,masc sing,gent | NOUN,anim,masc sing,loct | NOUN,anim,masc sing,nomn	false	3.55	495	WORDFREQ_RANKED	IN_POOL_REVIEW_REQUIRED	
патриот	7	EXPERT	NOUN,anim,masc plur,ablt | NOUN,anim,masc plur,accs | NOUN,anim,masc plur,datv | NOUN,anim,masc plur,gent | NOUN,anim,masc plur,loct | NOUN,anim,masc plur,nomn | NOUN,anim,masc sing,ablt | NOUN,anim,masc sing,accs | NOUN,anim,masc sing,datv | NOUN,anim,masc sing,gent | NOUN,anim,masc sing,loct | NOUN,anim,masc sing,nomn	false	3.62	401	WORDFREQ_RANKED	IN_POOL_REVIEW_REQUIRED	
патруль	7	EXPERT	NOUN,anim,masc plur,ablt | NOUN,anim,masc plur,accs | NOUN,anim,masc plur,datv | NOUN,anim,masc plur,gent | NOUN,anim,masc plur,loct | NOUN,anim,masc plur,nomn | NOUN,anim,masc sing,ablt | NOUN,anim,masc sing,accs | NOUN,anim,masc sing,datv | NOUN,anim,masc sing,gent | NOUN,anim,masc sing,loct | NOUN,anim,masc sing,nomn | NOUN,inan,masc plur,ablt | NOUN,inan,masc plur,accs | NOUN,inan,masc plur,datv | NOUN,inan,masc plur,gent | NOUN,inan,masc plur,loct | NOUN,inan,masc plur,nomn | NOUN,inan,masc sing,ablt | NOUN,inan,masc sing,accs | NOUN,inan,masc sing,datv | NOUN,inan,masc sing,gent | NOUN,inan,masc sing,loct | NOUN,inan,masc sing,nomn	false	3.63	396	WORDFREQ_RANKED	IN_POOL_REVIEW_REQUIRED	
паук	4	EASY	NOUN,anim,masc plur,ablt | NOUN,anim,masc plur,accs | NOUN,anim,masc plur,datv | NOUN,anim,masc plur,gent | NOUN,anim,masc plur,loct | NOUN,anim,masc plur,nomn | NOUN,anim,masc sing,ablt | NOUN,anim,masc sing,accs | NOUN,anim,masc sing,datv | NOUN,anim,masc sing,gent | NOUN,anim,masc sing,loct | NOUN,anim,masc sing,nomn	false	3.86	252	WORDFREQ_RANKED	IN_POOL_REVIEW_REQUIRED	
пациент	7	EXPERT	NOUN,anim,masc plur,ablt | NOUN,anim,masc plur,accs | NOUN,anim,masc plur,datv | NOUN,anim,masc plur,gent | NOUN,anim,masc plur,loct | NOUN,anim,masc plur,nomn | NOUN,anim,masc sing,ablt | NOUN,anim,masc sing,accs | NOUN,anim,masc sing,datv | NOUN,anim,masc sing,gent | NOUN,anim,masc sing,loct | NOUN,anim,masc sing,nomn	false	3.93	239	WORDFREQ_RANKED	IN_POOL_REVIEW_REQUIRED	
певец	5	MEDIUM	NOUN,anim,masc plur,ablt | NOUN,anim,masc plur,accs | NOUN,anim,masc plur,datv | NOUN,anim,masc plur,gent | NOUN,anim,masc plur,loct | NOUN,anim,masc plur,nomn | NOUN,anim,masc sing,ablt | NOUN,anim,masc sing,accs | NOUN,anim,masc sing,datv | NOUN,anim,masc sing,gent | NOUN,anim,masc sing,loct | NOUN,anim,masc sing,nomn	false	4.13	206	TRUSTED_V1	TRUSTED	ALLOW
певица	6	HARD	NOUN,anim,femn plur,ablt | NOUN,anim,femn plur,accs | NOUN,anim,femn plur,datv | NOUN,anim,femn plur,gent | NOUN,anim,femn plur,loct | NOUN,anim,femn plur,nomn | NOUN,anim,femn sing,ablt | NOUN,anim,femn sing,ablt,V-ey | NOUN,anim,femn sing,accs | NOUN,anim,femn sing,datv | NOUN,anim,femn sing,gent | NOUN,anim,femn sing,loct | NOUN,anim,femn sing,nomn	false	4.29	125	WORDFREQ_RANKED	IN_POOL_REVIEW_REQUIRED	
педагог	7	EXPERT	NOUN,anim,masc plur,ablt | NOUN,anim,masc plur,accs | NOUN,anim,masc plur,datv | NOUN,anim,masc plur,gent | NOUN,anim,masc plur,loct | NOUN,anim,masc plur,nomn | NOUN,anim,masc sing,ablt | NOUN,anim,masc sing,accs | NOUN,anim,masc sing,datv | NOUN,anim,masc sing,gent | NOUN,anim,masc sing,loct | NOUN,anim,masc sing,nomn	false	3.84	274	WORDFREQ_RANKED	IN_POOL_REVIEW_REQUIRED	
пейзаж	6	HARD	NOUN,inan,masc plur,ablt | NOUN,inan,masc plur,accs | NOUN,inan,masc plur,datv | NOUN,inan,masc plur,gent | NOUN,inan,masc plur,loct | NOUN,inan,masc plur,nomn | NOUN,inan,masc sing,ablt | NOUN,inan,masc sing,accs | NOUN,inan,masc sing,datv | NOUN,inan,masc sing,gent | NOUN,inan,masc sing,loct | NOUN,inan,masc sing,nomn	false	3.87	275	WORDFREQ_RANKED	IN_POOL_REVIEW_REQUIRED	
пена	4	EASY	NOUN,inan,femn plur,ablt | NOUN,inan,femn plur,accs | NOUN,inan,femn plur,datv | NOUN,inan,femn plur,gent | NOUN,inan,femn plur,loct | NOUN,inan,femn plur,nomn | NOUN,inan,femn sing,ablt | NOUN,inan,femn sing,ablt,V-oy | NOUN,inan,femn sing,accs | NOUN,inan,femn sing,datv | NOUN,inan,femn sing,gent | NOUN,inan,femn sing,loct | NOUN,inan,femn sing,nomn	false	3.43	411	WORDFREQ_RANKED	IN_POOL_REVIEW_REQUIRED	
пение	5	MEDIUM	NOUN,inan,neut plur,ablt | NOUN,inan,neut plur,ablt,V-be | NOUN,inan,neut plur,accs | NOUN,inan,neut plur,accs,V-be | NOUN,inan,neut plur,datv | NOUN,inan,neut plur,datv,V-be | NOUN,inan,neut plur,gent | NOUN,inan,neut plur,loct | NOUN,inan,neut plur,loct,V-be | NOUN,inan,neut plur,nomn | NOUN,inan,neut plur,nomn,V-be | NOUN,inan,neut sing,ablt | NOUN,inan,neut sing,ablt,V-be | NOUN,inan,neut sing,accs | NOUN,inan,neut sing,accs,V-be | NOUN,inan,neut sing,datv | NOUN,inan,neut sing,datv,V-be | NOUN,inan,neut sing,gent | NOUN,inan,neut sing,gent,V-be | NOUN,inan,neut sing,loct | NOUN,inan,neut sing,loct,V-be | NOUN,inan,neut sing,loct,V-be,V-bi | NOUN,inan,neut sing,nomn | NOUN,inan,neut sing,nomn,V-be	false	3.86	336	TRUSTED_V1	TRUSTED	ALLOW
пенсия	6	HARD	NOUN,inan,femn plur,ablt | NOUN,inan,femn plur,accs | NOUN,inan,femn plur,datv | NOUN,inan,femn plur,gent | NOUN,inan,femn plur,loct | NOUN,inan,femn plur,nomn | NOUN,inan,femn sing,ablt | NOUN,inan,femn sing,ablt,V-ey | NOUN,inan,femn sing,accs | NOUN,inan,femn sing,datv | NOUN,inan,femn sing,gent | NOUN,inan,femn sing,loct | NOUN,inan,femn sing,nomn	false	3.65	413	WORDFREQ_RANKED	IN_POOL_REVIEW_REQUIRED	
пепел	5	MEDIUM	NOUN,inan,masc plur,ablt | NOUN,inan,masc plur,accs | NOUN,inan,masc plur,datv | NOUN,inan,masc plur,gent | NOUN,inan,masc plur,loct | NOUN,inan,masc plur,nomn | NOUN,inan,masc sing,ablt | NOUN,inan,masc sing,accs | NOUN,inan,masc sing,datv | NOUN,inan,masc sing,gen2 | NOUN,inan,masc sing,gent | NOUN,inan,masc sing,loct | NOUN,inan,masc sing,nomn	false	3.71	422	TRUSTED_V1	TRUSTED	ALLOW
перебор	7	EXPERT	NOUN,inan,masc plur,ablt | NOUN,inan,masc plur,accs | NOUN,inan,masc plur,datv | NOUN,inan,masc plur,gent | NOUN,inan,masc plur,loct | NOUN,inan,masc plur,nomn | NOUN,inan,masc sing,ablt | NOUN,inan,masc sing,accs | NOUN,inan,masc sing,datv | NOUN,inan,masc sing,gent | NOUN,inan,masc sing,loct | NOUN,inan,masc sing,nomn	false	3.52	458	WORDFREQ_RANKED	IN_POOL_REVIEW_REQUIRED	
перевод	7	EXPERT	NOUN,inan,masc plur,ablt | NOUN,inan,masc plur,accs | NOUN,inan,masc plur,datv | NOUN,inan,masc plur,gent | NOUN,inan,masc plur,loct | NOUN,inan,masc plur,nomn | NOUN,inan,masc sing,ablt | NOUN,inan,masc sing,accs | NOUN,inan,masc sing,datv | NOUN,inan,masc sing,gent | NOUN,inan,masc sing,loct | NOUN,inan,masc sing,nomn	false	4.79	35	WORDFREQ_RANKED	IN_POOL_REVIEW_REQUIRED	
переезд	7	EXPERT	NOUN,inan,masc plur,ablt | NOUN,inan,masc plur,accs | NOUN,inan,masc plur,datv | NOUN,inan,masc plur,gent | NOUN,inan,masc plur,loct | NOUN,inan,masc plur,nomn | NOUN,inan,masc sing,ablt | NOUN,inan,masc sing,accs | NOUN,inan,masc sing,datv | NOUN,inan,masc sing,gent | NOUN,inan,masc sing,loct | NOUN,inan,masc sing,nomn	false	3.82	290	WORDFREQ_RANKED	IN_POOL_REVIEW_REQUIRED	
перелом	7	EXPERT	NOUN,inan,masc plur,ablt | NOUN,inan,masc plur,accs | NOUN,inan,masc plur,datv | NOUN,inan,masc plur,gent | NOUN,inan,masc plur,loct | NOUN,inan,masc plur,nomn | NOUN,inan,masc sing,ablt | NOUN,inan,masc sing,accs | NOUN,inan,masc sing,datv | NOUN,inan,masc sing,gent | NOUN,inan,masc sing,loct | NOUN,inan,masc sing,nomn	false	3.84	275	WORDFREQ_RANKED	IN_POOL_REVIEW_REQUIRED	
перенос	7	EXPERT	NOUN,inan,masc plur,ablt | NOUN,inan,masc plur,accs | NOUN,inan,masc plur,datv | NOUN,inan,masc plur,gent | NOUN,inan,masc plur,loct | NOUN,inan,masc plur,nomn | NOUN,inan,masc sing,ablt | NOUN,inan,masc sing,accs | NOUN,inan,masc sing,datv | NOUN,inan,masc sing,gent | NOUN,inan,masc sing,loct | NOUN,inan,masc sing,nomn	false	3.84	276	WORDFREQ_RANKED	IN_POOL_REVIEW_REQUIRED	
перерыв	7	EXPERT	NOUN,inan,masc plur,ablt | NOUN,inan,masc plur,accs | NOUN,inan,masc plur,datv | NOUN,inan,masc plur,gent | NOUN,inan,masc plur,loct | NOUN,inan,masc plur,nomn | NOUN,inan,masc sing,ablt | NOUN,inan,masc sing,accs | NOUN,inan,masc sing,datv | NOUN,inan,masc sing,gent | NOUN,inan,masc sing,loct | NOUN,inan,masc sing,nomn	false	4.13	175	WORDFREQ_RANKED	IN_POOL_REVIEW_REQUIRED	
переход	7	EXPERT	NOUN,inan,masc plur,ablt | NOUN,inan,masc plur,accs | NOUN,inan,masc plur,datv | NOUN,inan,masc plur,gent | NOUN,inan,masc plur,loct | NOUN,inan,masc plur,nomn | NOUN,inan,masc sing,ablt | NOUN,inan,masc sing,accs | NOUN,inan,masc sing,datv | NOUN,inan,masc sing,gent | NOUN,inan,masc sing,loct | NOUN,inan,masc sing,nomn	false	4.52	76	WORDFREQ_RANKED	IN_POOL_REVIEW_REQUIRED	
перец	5	MEDIUM	NOUN,inan,masc plur,ablt | NOUN,inan,masc plur,accs | NOUN,inan,masc plur,datv | NOUN,inan,masc plur,gent | NOUN,inan,masc plur,loct | NOUN,inan,masc plur,nomn | NOUN,inan,masc sing,ablt | NOUN,inan,masc sing,accs | NOUN,inan,masc sing,datv | NOUN,inan,masc sing,gen2 | NOUN,inan,masc sing,gent | NOUN,inan,masc sing,loct | NOUN,inan,masc sing,nomn	false	3.91	310	TRUSTED_V1	TRUSTED	ALLOW
период	6	HARD	NOUN,inan,masc plur,ablt | NOUN,inan,masc plur,accs | NOUN,inan,masc plur,datv | NOUN,inan,masc plur,gent | NOUN,inan,masc plur,loct | NOUN,inan,masc plur,nomn | NOUN,inan,masc sing,ablt | NOUN,inan,masc sing,accs | NOUN,inan,masc sing,datv | NOUN,inan,masc sing,gent | NOUN,inan,masc sing,loct | NOUN,inan,masc sing,nomn	false	5.33	3	WORDFREQ_RANKED	IN_POOL_REVIEW_REQUIRED	
перо	4	EASY	NOUN,inan,neut plur,ablt | NOUN,inan,neut plur,accs | NOUN,inan,neut plur,datv | NOUN,inan,neut plur,gent | NOUN,inan,neut plur,loct | NOUN,inan,neut plur,nomn | NOUN,inan,neut sing,ablt | NOUN,inan,neut sing,accs | NOUN,inan,neut sing,datv | NOUN,inan,neut sing,gent | NOUN,inan,neut sing,loct | NOUN,inan,neut sing,nomn	false	3.72	294	WORDFREQ_RANKED	IN_POOL_REVIEW_REQUIRED	
песня	5	MEDIUM	NOUN,inan,femn plur,ablt | NOUN,inan,femn plur,accs | NOUN,inan,femn plur,datv | NOUN,inan,femn plur,gent | NOUN,inan,femn plur,gent,Infr | NOUN,inan,femn plur,loct | NOUN,inan,femn plur,nomn | NOUN,inan,femn sing,ablt | NOUN,inan,femn sing,ablt,Arch,Litr | NOUN,inan,femn sing,ablt,V-ey | NOUN,inan,femn sing,accs | NOUN,inan,femn sing,accs,Arch,Litr | NOUN,inan,femn sing,datv | NOUN,inan,femn sing,gent | NOUN,inan,femn sing,loct | NOUN,inan,femn sing,nomn | NOUN,inan,femn sing,nomn,Arch,Litr	false	4.94	29	TRUSTED_V1	TRUSTED	ALLOW
песо	4	EASY	NOUN,inan,neut,Fixd,Ms-f plur,ablt | NOUN,inan,neut,Fixd,Ms-f plur,accs | NOUN,inan,neut,Fixd,Ms-f plur,datv | NOUN,inan,neut,Fixd,Ms-f plur,gent | NOUN,inan,neut,Fixd,Ms-f plur,loct | NOUN,inan,neut,Fixd,Ms-f plur,nomn | NOUN,inan,neut,Fixd,Ms-f sing,ablt | NOUN,inan,neut,Fixd,Ms-f sing,accs | NOUN,inan,neut,Fixd,Ms-f sing,datv | NOUN,inan,neut,Fixd,Ms-f sing,gent | NOUN,inan,neut,Fixd,Ms-f sing,loct | NOUN,inan,neut,Fixd,Ms-f sing,nomn	false	3.33	482	WORDFREQ_RANKED	IN_POOL_REVIEW_REQUIRED	
песок	5	MEDIUM	NOUN,inan,masc plur,ablt | NOUN,inan,masc plur,accs | NOUN,inan,masc plur,datv | NOUN,inan,masc plur,gent | NOUN,inan,masc plur,loct | NOUN,inan,masc plur,nomn | NOUN,inan,masc sing,ablt | NOUN,inan,masc sing,accs | NOUN,inan,masc sing,datv | NOUN,inan,masc sing,gen2 | NOUN,inan,masc sing,gent | NOUN,inan,masc sing,loct | NOUN,inan,masc sing,nomn	false	4.11	222	TRUSTED_V1	TRUSTED	ALLOW
петух	5	MEDIUM	NOUN,anim,masc plur,ablt | NOUN,anim,masc plur,accs | NOUN,anim,masc plur,datv | NOUN,anim,masc plur,gent | NOUN,anim,masc plur,loct | NOUN,anim,masc plur,nomn | NOUN,anim,masc sing,ablt | NOUN,anim,masc sing,accs | NOUN,anim,masc sing,datv | NOUN,anim,masc sing,gent | NOUN,anim,masc sing,loct | NOUN,anim,masc sing,nomn	false	3.54	541	TRUSTED_V1	TRUSTED	ALLOW
печаль	6	HARD	NOUN,inan,femn plur,ablt | NOUN,inan,femn plur,accs | NOUN,inan,femn plur,datv | NOUN,inan,femn plur,gent | NOUN,inan,femn plur,loct | NOUN,inan,femn plur,nomn | NOUN,inan,femn sing,ablt | NOUN,inan,femn sing,accs | NOUN,inan,femn sing,datv | NOUN,inan,femn sing,gent | NOUN,inan,femn sing,loct | NOUN,inan,femn sing,nomn	false	3.85	286	WORDFREQ_RANKED	IN_POOL_REVIEW_REQUIRED	
печать	6	HARD	NOUN,inan,femn plur,ablt | NOUN,inan,femn plur,accs | NOUN,inan,femn plur,datv | NOUN,inan,femn plur,gent | NOUN,inan,femn plur,loct | NOUN,inan,femn plur,nomn | NOUN,inan,femn sing,ablt | NOUN,inan,femn sing,accs | NOUN,inan,femn sing,datv | NOUN,inan,femn sing,gent | NOUN,inan,femn sing,loct | NOUN,inan,femn sing,nomn	false	4.18	160	WORDFREQ_RANKED	IN_POOL_REVIEW_REQUIRED	
печень	6	HARD	NOUN,inan,femn plur,ablt | NOUN,inan,femn plur,accs | NOUN,inan,femn plur,datv | NOUN,inan,femn plur,gent | NOUN,inan,femn plur,loct | NOUN,inan,femn plur,nomn | NOUN,inan,femn sing,ablt | NOUN,inan,femn sing,accs | NOUN,inan,femn sing,datv | NOUN,inan,femn sing,gent | NOUN,inan,femn sing,loct | NOUN,inan,femn sing,nomn	false	3.94	244	WORDFREQ_RANKED	IN_POOL_REVIEW_REQUIRED	
печка	5	MEDIUM	NOUN,inan,femn plur,ablt | NOUN,inan,femn plur,accs | NOUN,inan,femn plur,datv | NOUN,inan,femn plur,gent | NOUN,inan,femn plur,loct | NOUN,inan,femn plur,nomn | NOUN,inan,femn sing,ablt | NOUN,inan,femn sing,ablt,V-oy | NOUN,inan,femn sing,accs | NOUN,inan,femn sing,datv | NOUN,inan,femn sing,gent | NOUN,inan,femn sing,loct | NOUN,inan,femn sing,nomn	false	3.08	961	TRUSTED_V1	TRUSTED	ALLOW
печь	4	EASY	NOUN,inan,femn plur,ablt | NOUN,inan,femn plur,accs | NOUN,inan,femn plur,datv | NOUN,inan,femn plur,gent | NOUN,inan,femn plur,loct | NOUN,inan,femn plur,nomn | NOUN,inan,femn sing,ablt | NOUN,inan,femn sing,accs | NOUN,inan,femn sing,datv | NOUN,inan,femn sing,gent | NOUN,inan,femn sing,loc2 | NOUN,inan,femn sing,loct | NOUN,inan,femn sing,nomn	false	3.97	210	WORDFREQ_RANKED	IN_POOL_REVIEW_REQUIRED	
пещера	6	HARD	NOUN,inan,femn plur,ablt | NOUN,inan,femn plur,accs | NOUN,inan,femn plur,datv | NOUN,inan,femn plur,gent | NOUN,inan,femn plur,loct | NOUN,inan,femn plur,nomn | NOUN,inan,femn sing,ablt | NOUN,inan,femn sing,ablt,V-oy | NOUN,inan,femn sing,accs | NOUN,inan,femn sing,datv | NOUN,inan,femn sing,gent | NOUN,inan,femn sing,loct | NOUN,inan,femn sing,nomn	false	3.55	496	WORDFREQ_RANKED	IN_POOL_REVIEW_REQUIRED	
пианино	7	EXPERT	NOUN,inan,neut,Fixd plur,ablt | NOUN,inan,neut,Fixd plur,accs | NOUN,inan,neut,Fixd plur,datv | NOUN,inan,neut,Fixd plur,gent | NOUN,inan,neut,Fixd plur,loct | NOUN,inan,neut,Fixd plur,nomn | NOUN,inan,neut,Fixd sing,ablt | NOUN,inan,neut,Fixd sing,accs | NOUN,inan,neut,Fixd sing,datv | NOUN,inan,neut,Fixd sing,gent | NOUN,inan,neut,Fixd sing,loct | NOUN,inan,neut,Fixd sing,nomn	false	3.79	303	WORDFREQ_RANKED	IN_POOL_REVIEW_REQUIRED	
пиар	4	EASY	NOUN,inan,masc plur,ablt | NOUN,inan,masc plur,accs | NOUN,inan,masc plur,datv | NOUN,inan,masc plur,gent | NOUN,inan,masc plur,loct | NOUN,inan,masc plur,nomn | NOUN,inan,masc sing,ablt | NOUN,inan,masc sing,accs | NOUN,inan,masc sing,datv | NOUN,inan,masc sing,gent | NOUN,inan,masc sing,loct | NOUN,inan,masc sing,nomn	false	3.66	316	WORDFREQ_RANKED	IN_POOL_REVIEW_REQUIRED	
пиво	4	EASY	NOUN,inan,neut,Sgtm sing,ablt | NOUN,inan,neut,Sgtm sing,accs | NOUN,inan,neut,Sgtm sing,datv | NOUN,inan,neut,Sgtm sing,gent | NOUN,inan,neut,Sgtm sing,loct | NOUN,inan,neut,Sgtm sing,nomn	false	4.39	115	WORDFREQ_RANKED	IN_POOL_REVIEW_REQUIRED	
пиджак	6	HARD	NOUN,inan,masc plur,ablt | NOUN,inan,masc plur,accs | NOUN,inan,masc plur,datv | NOUN,inan,masc plur,gent | NOUN,inan,masc plur,loct | NOUN,inan,masc plur,nomn | NOUN,inan,masc sing,ablt | NOUN,inan,masc sing,accs | NOUN,inan,masc sing,datv | NOUN,inan,masc sing,gent | NOUN,inan,masc sing,loct | NOUN,inan,masc sing,nomn	false	3.65	414	WORDFREQ_RANKED	IN_POOL_REVIEW_REQUIRED	
пикник	6	HARD	NOUN,anim,masc plur,ablt | NOUN,anim,masc plur,accs | NOUN,anim,masc plur,datv | NOUN,anim,masc plur,gent | NOUN,anim,masc plur,loct | NOUN,anim,masc plur,nomn | NOUN,anim,masc sing,ablt | NOUN,anim,masc sing,accs | NOUN,anim,masc sing,datv | NOUN,anim,masc sing,gent | NOUN,anim,masc sing,loct | NOUN,anim,masc sing,nomn | NOUN,inan,masc plur,ablt | NOUN,inan,masc plur,accs | NOUN,inan,masc plur,datv | NOUN,inan,masc plur,gent | NOUN,inan,masc plur,loct | NOUN,inan,masc plur,nomn | NOUN,inan,masc sing,ablt | NOUN,inan,masc sing,accs | NOUN,inan,masc sing,datv | NOUN,inan,masc sing,gent | NOUN,inan,masc sing,loct | NOUN,inan,masc sing,nomn	false	3.60	456	WORDFREQ_RANKED	IN_POOL_REVIEW_REQUIRED	
пила	4	EASY	NOUN,inan,femn plur,ablt | NOUN,inan,femn plur,accs | NOUN,inan,femn plur,datv | NOUN,inan,femn plur,gent | NOUN,inan,femn plur,loct | NOUN,inan,femn plur,nomn | NOUN,inan,femn sing,ablt | NOUN,inan,femn sing,ablt,V-oy | NOUN,inan,femn sing,accs | NOUN,inan,femn sing,datv | NOUN,inan,femn sing,gent | NOUN,inan,femn sing,loct | NOUN,inan,femn sing,nomn	false	3.84	258	WORDFREQ_RANKED	IN_POOL_REVIEW_REQUIRED	
пилот	5	MEDIUM	NOUN,anim,masc plur,ablt | NOUN,anim,masc plur,accs | NOUN,anim,masc plur,datv | NOUN,anim,masc plur,gent | NOUN,anim,masc plur,loct | NOUN,anim,masc plur,nomn | NOUN,anim,masc sing,ablt | NOUN,anim,masc sing,accs | NOUN,anim,masc sing,datv | NOUN,anim,masc sing,gent | NOUN,anim,masc sing,loct | NOUN,anim,masc sing,nomn	false	4.35	135	TRUSTED_V1	TRUSTED	ALLOW
пирог	5	MEDIUM	NOUN,inan,masc plur,ablt | NOUN,inan,masc plur,accs | NOUN,inan,masc plur,datv | NOUN,inan,masc plur,gent | NOUN,inan,masc plur,loct | NOUN,inan,masc plur,nomn | NOUN,inan,masc sing,ablt | NOUN,inan,masc sing,accs | NOUN,inan,masc sing,datv | NOUN,inan,masc sing,gent | NOUN,inan,masc sing,loct | NOUN,inan,masc sing,nomn	false	4.09	232	TRUSTED_V1	TRUSTED	ALLOW
пирс	4	EASY	NOUN,inan,masc plur,ablt | NOUN,inan,masc plur,accs | NOUN,inan,masc plur,datv | NOUN,inan,masc plur,gent | NOUN,inan,masc plur,loct | NOUN,inan,masc plur,nomn | NOUN,inan,masc sing,ablt | NOUN,inan,masc sing,accs | NOUN,inan,masc sing,datv | NOUN,inan,masc sing,gent | NOUN,inan,masc sing,loct | NOUN,inan,masc sing,nomn	false	3.61	333	WORDFREQ_RANKED	IN_POOL_REVIEW_REQUIRED	
письмо	6	HARD	NOUN,inan,neut plur,ablt | NOUN,inan,neut plur,accs | NOUN,inan,neut plur,datv | NOUN,inan,neut plur,gent | NOUN,inan,neut plur,loct | NOUN,inan,neut plur,nomn | NOUN,inan,neut sing,ablt | NOUN,inan,neut sing,accs | NOUN,inan,neut sing,datv | NOUN,inan,neut sing,gent | NOUN,inan,neut sing,loct | NOUN,inan,neut sing,nomn	false	4.91	28	MANUAL_ALLOW	IN_POOL_REVIEW_REQUIRED	ALLOW
питание	7	EXPERT	NOUN,inan,neut plur,ablt | NOUN,inan,neut plur,ablt,V-be | NOUN,inan,neut plur,accs | NOUN,inan,neut plur,accs,V-be | NOUN,inan,neut plur,datv | NOUN,inan,neut plur,datv,V-be | NOUN,inan,neut plur,gent | NOUN,inan,neut plur,loct | NOUN,inan,neut plur,loct,V-be | NOUN,inan,neut plur,nomn | NOUN,inan,neut plur,nomn,V-be | NOUN,inan,neut sing,ablt | NOUN,inan,neut sing,ablt,V-be | NOUN,inan,neut sing,accs | NOUN,inan,neut sing,accs,V-be | NOUN,inan,neut sing,datv | NOUN,inan,neut sing,datv,V-be | NOUN,inan,neut sing,gent | NOUN,inan,neut sing,gent,V-be | NOUN,inan,neut sing,loct | NOUN,inan,neut sing,loct,V-be | NOUN,inan,neut sing,loct,V-be,V-bi | NOUN,inan,neut sing,nomn | NOUN,inan,neut sing,nomn,V-be	false	4.34	109	WORDFREQ_RANKED	IN_POOL_REVIEW_REQUIRED	
питон	5	MEDIUM	NOUN,anim,masc plur,ablt | NOUN,anim,masc plur,accs | NOUN,anim,masc plur,datv | NOUN,anim,masc plur,gent | NOUN,anim,masc plur,loct | NOUN,anim,masc plur,nomn | NOUN,anim,masc sing,ablt | NOUN,anim,masc sing,accs | NOUN,anim,masc sing,datv | NOUN,anim,masc sing,gent | NOUN,anim,masc sing,loct | NOUN,anim,masc sing,nomn	false	2.96	1087	TRUSTED_V1	TRUSTED	ALLOW
пища	4	EASY	NOUN,inan,femn plur,ablt | NOUN,inan,femn plur,accs | NOUN,inan,femn plur,datv | NOUN,inan,femn plur,gent | NOUN,inan,femn plur,loct | NOUN,inan,femn plur,nomn | NOUN,inan,femn sing,ablt | NOUN,inan,femn sing,ablt,V-ey | NOUN,inan,femn sing,accs | NOUN,inan,femn sing,datv | NOUN,inan,femn sing,gent | NOUN,inan,femn sing,loct | NOUN,inan,femn sing,nomn	false	3.82	262	WORDFREQ_RANKED	IN_POOL_REVIEW_REQUIRED	
плакат	6	HARD	NOUN,inan,masc plur,ablt | NOUN,inan,masc plur,accs | NOUN,inan,masc plur,datv | NOUN,inan,masc plur,gent | NOUN,inan,masc plur,loct | NOUN,inan,masc plur,nomn | NOUN,inan,masc sing,ablt | NOUN,inan,masc sing,accs | NOUN,inan,masc sing,datv | NOUN,inan,masc sing,gent | NOUN,inan,masc sing,loct | NOUN,inan,masc sing,nomn	false	3.70	377	WORDFREQ_RANKED	IN_POOL_REVIEW_REQUIRED	
пламя	5	MEDIUM	NOUN,inan,neut plur,ablt | NOUN,inan,neut plur,accs | NOUN,inan,neut plur,datv | NOUN,inan,neut plur,gent | NOUN,inan,neut plur,loct | NOUN,inan,neut plur,nomn | NOUN,inan,neut sing,ablt | NOUN,inan,neut sing,accs | NOUN,inan,neut sing,datv | NOUN,inan,neut sing,gent | NOUN,inan,neut sing,loct | NOUN,inan,neut sing,nomn	false	4.04	255	TRUSTED_V1	TRUSTED	ALLOW
план	4	EASY	NOUN,inan,masc plur,ablt | NOUN,inan,masc plur,accs | NOUN,inan,masc plur,datv | NOUN,inan,masc plur,gent | NOUN,inan,masc plur,loct | NOUN,inan,masc plur,nomn | NOUN,inan,masc sing,ablt | NOUN,inan,masc sing,accs | NOUN,inan,masc sing,datv | NOUN,inan,masc sing,gent | NOUN,inan,masc sing,loct | NOUN,inan,masc sing,nomn	false	5.05	22	WORDFREQ_RANKED	IN_POOL_REVIEW_REQUIRED	
планета	7	EXPERT	NOUN,inan,femn plur,ablt | NOUN,inan,femn plur,accs | NOUN,inan,femn plur,datv | NOUN,inan,femn plur,gent | NOUN,inan,femn plur,loct | NOUN,inan,femn plur,nomn | NOUN,inan,femn sing,ablt | NOUN,inan,femn sing,ablt,V-oy | NOUN,inan,femn sing,accs | NOUN,inan,femn sing,datv | NOUN,inan,femn sing,gent | NOUN,inan,femn sing,loct | NOUN,inan,femn sing,nomn	false	4.25	135	WORDFREQ_RANKED	IN_POOL_REVIEW_REQUIRED	
планшет	7	EXPERT	NOUN,inan,masc plur,ablt | NOUN,inan,masc plur,accs | NOUN,inan,masc plur,datv | NOUN,inan,masc plur,gent | NOUN,inan,masc plur,loct | NOUN,inan,masc plur,nomn | NOUN,inan,masc sing,ablt | NOUN,inan,masc sing,accs | NOUN,inan,masc sing,datv | NOUN,inan,masc sing,gent | NOUN,inan,masc sing,loct | NOUN,inan,masc sing,nomn	false	3.59	421	WORDFREQ_RANKED	IN_POOL_REVIEW_REQUIRED	
платок	6	HARD	NOUN,inan,masc plur,ablt | NOUN,inan,masc plur,accs | NOUN,inan,masc plur,datv | NOUN,inan,masc plur,gent | NOUN,inan,masc plur,loct | NOUN,inan,masc plur,nomn | NOUN,inan,masc sing,ablt | NOUN,inan,masc sing,accs | NOUN,inan,masc sing,datv | NOUN,inan,masc sing,gent | NOUN,inan,masc sing,loct | NOUN,inan,masc sing,nomn	false	3.65	415	WORDFREQ_RANKED	IN_POOL_REVIEW_REQUIRED	
платье	6	HARD	NOUN,inan,neut plur,ablt | NOUN,inan,neut plur,accs | NOUN,inan,neut plur,datv | NOUN,inan,neut plur,gent | NOUN,inan,neut plur,loct | NOUN,inan,neut plur,nomn | NOUN,inan,neut sing,ablt | NOUN,inan,neut sing,accs | NOUN,inan,neut sing,datv | NOUN,inan,neut sing,gent | NOUN,inan,neut sing,loct | NOUN,inan,neut sing,nomn	false	4.63	69	WORDFREQ_RANKED	IN_POOL_REVIEW_REQUIRED	
плач	4	EASY	NOUN,inan,masc plur,ablt | NOUN,inan,masc plur,accs | NOUN,inan,masc plur,datv | NOUN,inan,masc plur,gent | NOUN,inan,masc plur,loct | NOUN,inan,masc plur,nomn | NOUN,inan,masc sing,ablt | NOUN,inan,masc sing,accs | NOUN,inan,masc sing,datv | NOUN,inan,masc sing,gent | NOUN,inan,masc sing,loct | NOUN,inan,masc sing,nomn	false	3.69	306	WORDFREQ_RANKED	IN_POOL_REVIEW_REQUIRED	
плащ	4	EASY	NOUN,inan,masc plur,ablt | NOUN,inan,masc plur,accs | NOUN,inan,masc plur,datv | NOUN,inan,masc plur,gent | NOUN,inan,masc plur,loct | NOUN,inan,masc plur,nomn | NOUN,inan,masc sing,ablt | NOUN,inan,masc sing,accs | NOUN,inan,masc sing,datv | NOUN,inan,masc sing,gent | NOUN,inan,masc sing,loct | NOUN,inan,masc sing,nomn	false	3.91	231	WORDFREQ_RANKED	IN_POOL_REVIEW_REQUIRED	
плен	4	EASY	NOUN,inan,masc plur,ablt | NOUN,inan,masc plur,accs | NOUN,inan,masc plur,datv | NOUN,inan,masc plur,gent | NOUN,inan,masc plur,loct | NOUN,inan,masc plur,nomn | NOUN,inan,masc sing,ablt | NOUN,inan,masc sing,accs | NOUN,inan,masc sing,datv | NOUN,inan,masc sing,gent | NOUN,inan,masc sing,loc2 | NOUN,inan,masc sing,loct | NOUN,inan,masc sing,nomn	false	4.17	163	WORDFREQ_RANKED	IN_POOL_REVIEW_REQUIRED	
пленка	6	HARD	NOUN,inan,femn plur,ablt | NOUN,inan,femn plur,accs | NOUN,inan,femn plur,datv | NOUN,inan,femn plur,gent | NOUN,inan,femn plur,loct | NOUN,inan,femn plur,nomn | NOUN,inan,femn sing,ablt | NOUN,inan,femn sing,ablt,V-oy | NOUN,inan,femn sing,accs | NOUN,inan,femn sing,datv | NOUN,inan,femn sing,gent | NOUN,inan,femn sing,loct | NOUN,inan,femn sing,nomn	false	3.56	486	WORDFREQ_RANKED	IN_POOL_REVIEW_REQUIRED	
плечо	5	MEDIUM	NOUN,inan,neut plur,ablt | NOUN,inan,neut plur,ablt,Infr | NOUN,inan,neut plur,accs | NOUN,inan,neut plur,datv | NOUN,inan,neut plur,gent | NOUN,inan,neut plur,gent,Infr | NOUN,inan,neut plur,loct | NOUN,inan,neut plur,nomn | NOUN,inan,neut sing,ablt | NOUN,inan,neut sing,accs | NOUN,inan,neut sing,datv | NOUN,inan,neut sing,gent | NOUN,inan,neut sing,loct | NOUN,inan,neut sing,nomn	false	4.12	213	TRUSTED_V1	TRUSTED	ALLOW
плита	5	MEDIUM	NOUN,inan,femn plur,ablt | NOUN,inan,femn plur,accs | NOUN,inan,femn plur,datv | NOUN,inan,femn plur,gent | NOUN,inan,femn plur,loct | NOUN,inan,femn plur,nomn | NOUN,inan,femn sing,ablt | NOUN,inan,femn sing,ablt,V-oy | NOUN,inan,femn sing,accs | NOUN,inan,femn sing,datv | NOUN,inan,femn sing,gent | NOUN,inan,femn sing,loct | NOUN,inan,femn sing,nomn	false	3.58	511	TRUSTED_V1	TRUSTED	ALLOW
плод	4	EASY	NOUN,inan,masc plur,ablt | NOUN,inan,masc plur,accs | NOUN,inan,masc plur,datv | NOUN,inan,masc plur,gent | NOUN,inan,masc plur,loct | NOUN,inan,masc plur,nomn | NOUN,inan,masc sing,ablt | NOUN,inan,masc sing,accs | NOUN,inan,masc sing,datv | NOUN,inan,masc sing,gent | NOUN,inan,masc sing,loct | NOUN,inan,masc sing,nomn	false	3.94	223	WORDFREQ_RANKED	IN_POOL_REVIEW_REQUIRED	
плот	4	EASY	NOUN,inan,masc plur,ablt | NOUN,inan,masc plur,accs | NOUN,inan,masc plur,datv | NOUN,inan,masc plur,gent | NOUN,inan,masc plur,loct | NOUN,inan,masc plur,nomn | NOUN,inan,masc sing,ablt | NOUN,inan,masc sing,accs | NOUN,inan,masc sing,datv | NOUN,inan,masc sing,gent | NOUN,inan,masc sing,loc2 | NOUN,inan,masc sing,loct | NOUN,inan,masc sing,nomn	false	3.39	444	WORDFREQ_RANKED	IN_POOL_REVIEW_REQUIRED	
площадь	7	EXPERT	NOUN,inan,femn plur,ablt | NOUN,inan,femn plur,accs | NOUN,inan,femn plur,datv | NOUN,inan,femn plur,gent | NOUN,inan,femn plur,loct | NOUN,inan,femn plur,nomn | NOUN,inan,femn sing,ablt | NOUN,inan,femn sing,accs | NOUN,inan,femn sing,datv | NOUN,inan,femn sing,gent | NOUN,inan,femn sing,loct | NOUN,inan,femn sing,nomn	false	4.82	32	WORDFREQ_RANKED	IN_POOL_REVIEW_REQUIRED	
пляж	4	EASY	NOUN,inan,masc plur,ablt | NOUN,inan,masc plur,accs | NOUN,inan,masc plur,datv | NOUN,inan,masc plur,gent | NOUN,inan,masc plur,loct | NOUN,inan,masc plur,nomn | NOUN,inan,masc sing,ablt | NOUN,inan,masc sing,accs | NOUN,inan,masc sing,datv | NOUN,inan,masc sing,gent | NOUN,inan,masc sing,loc2 | NOUN,inan,masc sing,loct | NOUN,inan,masc sing,nomn	false	3.96	214	WORDFREQ_RANKED	IN_POOL_REVIEW_REQUIRED	
побег	5	MEDIUM	NOUN,inan,masc plur,ablt | NOUN,inan,masc plur,accs | NOUN,inan,masc plur,datv | NOUN,inan,masc plur,gent | NOUN,inan,masc plur,loct | NOUN,inan,masc plur,nomn | NOUN,inan,masc sing,ablt | NOUN,inan,masc sing,accs | NOUN,inan,masc sing,datv | NOUN,inan,masc sing,gent | NOUN,inan,masc sing,loct | NOUN,inan,masc sing,nomn	false	4.00	272	TRUSTED_V1	TRUSTED	ALLOW
победа	6	HARD	NOUN,inan,femn plur,ablt | NOUN,inan,femn plur,accs | NOUN,inan,femn plur,datv | NOUN,inan,femn plur,gent | NOUN,inan,femn plur,loct | NOUN,inan,femn plur,nomn | NOUN,inan,femn sing,ablt | NOUN,inan,femn sing,ablt,V-oy | NOUN,inan,femn sing,accs | NOUN,inan,femn sing,datv | NOUN,inan,femn sing,gent | NOUN,inan,femn sing,loct | NOUN,inan,femn sing,nomn	false	4.71	55	WORDFREQ_RANKED	IN_POOL_REVIEW_REQUIRED	
повар	5	MEDIUM	NOUN,anim,masc plur,ablt | NOUN,anim,masc plur,accs | NOUN,anim,masc plur,datv | NOUN,anim,masc plur,gent | NOUN,anim,masc plur,loct | NOUN,anim,masc plur,nomn | NOUN,anim,masc sing,ablt | NOUN,anim,masc sing,accs | NOUN,anim,masc sing,datv | NOUN,anim,masc sing,gent | NOUN,anim,masc sing,loct | NOUN,anim,masc sing,nomn	false	3.92	303	TRUSTED_V1	TRUSTED	ALLOW
повесть	7	EXPERT	NOUN,inan,femn plur,ablt | NOUN,inan,femn plur,accs | NOUN,inan,femn plur,datv | NOUN,inan,femn plur,gent | NOUN,inan,femn plur,loct | NOUN,inan,femn plur,nomn | NOUN,inan,femn sing,ablt | NOUN,inan,femn sing,accs | NOUN,inan,femn sing,datv | NOUN,inan,femn sing,gent | NOUN,inan,femn sing,loct | NOUN,inan,femn sing,nomn	false	4.15	169	WORDFREQ_RANKED	IN_POOL_REVIEW_REQUIRED	
повод	5	MEDIUM	NOUN,inan,masc plur,ablt | NOUN,inan,masc plur,accs | NOUN,inan,masc plur,datv | NOUN,inan,masc plur,gent | NOUN,inan,masc plur,loct | NOUN,inan,masc plur,nomn | NOUN,inan,masc sing,ablt | NOUN,inan,masc sing,accs | NOUN,inan,masc sing,datv | NOUN,inan,masc sing,gent | NOUN,inan,masc sing,loc2 | NOUN,inan,masc sing,loct | NOUN,inan,masc sing,nomn	false	4.38	126	TRUSTED_V1	TRUSTED	ALLOW
поворот	7	EXPERT	NOUN,inan,masc plur,ablt | NOUN,inan,masc plur,accs | NOUN,inan,masc plur,datv | NOUN,inan,masc plur,gent | NOUN,inan,masc plur,loct | NOUN,inan,masc plur,nomn | NOUN,inan,masc sing,ablt | NOUN,inan,masc sing,accs | NOUN,inan,masc sing,datv | NOUN,inan,masc sing,gent | NOUN,inan,masc sing,loct | NOUN,inan,masc sing,nomn	false	4.22	147	WORDFREQ_RANKED	IN_POOL_REVIEW_REQUIRED	
погода	6	HARD	NOUN,inan,femn plur,ablt | NOUN,inan,femn plur,accs | NOUN,inan,femn plur,datv | NOUN,inan,femn plur,gent | NOUN,inan,femn plur,loct | NOUN,inan,femn plur,nomn | NOUN,inan,femn sing,ablt | NOUN,inan,femn sing,ablt,V-oy | NOUN,inan,femn sing,accs | NOUN,inan,femn sing,datv | NOUN,inan,femn sing,gent | NOUN,inan,femn sing,loct | NOUN,inan,femn sing,nomn	false	4.42	98	MANUAL_ALLOW	IN_POOL_REVIEW_REQUIRED	ALLOW
подарок	7	EXPERT	NOUN,inan,masc plur,ablt | NOUN,inan,masc plur,accs | NOUN,inan,masc plur,datv | NOUN,inan,masc plur,gent | NOUN,inan,masc plur,loct | NOUN,inan,masc plur,nomn | NOUN,inan,masc sing,ablt | NOUN,inan,masc sing,accs | NOUN,inan,masc sing,datv | NOUN,inan,masc sing,gent | NOUN,inan,masc sing,loct | NOUN,inan,masc sing,nomn	false	4.75	40	MANUAL_ALLOW	IN_POOL_REVIEW_REQUIRED	ALLOW
подача	6	HARD	NOUN,inan,femn plur,ablt | NOUN,inan,femn plur,accs | NOUN,inan,femn plur,datv | NOUN,inan,femn plur,gent | NOUN,inan,femn plur,loct | NOUN,inan,femn plur,nomn | NOUN,inan,femn sing,ablt | NOUN,inan,femn sing,ablt,V-ey | NOUN,inan,femn sing,accs | NOUN,inan,femn sing,datv | NOUN,inan,femn sing,gent | NOUN,inan,femn sing,loct | NOUN,inan,femn sing,nomn	false	3.66	408	WORDFREQ_RANKED	IN_POOL_REVIEW_REQUIRED	
подбор	6	HARD	NOUN,inan,masc plur,ablt | NOUN,inan,masc plur,accs | NOUN,inan,masc plur,datv | NOUN,inan,masc plur,gent | NOUN,inan,masc plur,loct | NOUN,inan,masc plur,nomn | NOUN,inan,masc sing,ablt | NOUN,inan,masc sing,accs | NOUN,inan,masc sing,datv | NOUN,inan,masc sing,gent | NOUN,inan,masc sing,loct | NOUN,inan,masc sing,nomn	false	3.81	304	WORDFREQ_RANKED	IN_POOL_REVIEW_REQUIRED	
подвал	6	HARD	NOUN,inan,masc plur,ablt | NOUN,inan,masc plur,accs | NOUN,inan,masc plur,datv | NOUN,inan,masc plur,gent | NOUN,inan,masc plur,loct | NOUN,inan,masc plur,nomn | NOUN,inan,masc sing,ablt | NOUN,inan,masc sing,accs | NOUN,inan,masc sing,datv | NOUN,inan,masc sing,gent | NOUN,inan,masc sing,loct | NOUN,inan,masc sing,nomn	false	3.67	400	WORDFREQ_RANKED	IN_POOL_REVIEW_REQUIRED	
подвиг	6	HARD	NOUN,inan,masc plur,ablt | NOUN,inan,masc plur,accs | NOUN,inan,masc plur,datv | NOUN,inan,masc plur,gent | NOUN,inan,masc plur,loct | NOUN,inan,masc plur,nomn | NOUN,inan,masc sing,ablt | NOUN,inan,masc sing,accs | NOUN,inan,masc sing,datv | NOUN,inan,masc sing,gent | NOUN,inan,masc sing,loct | NOUN,inan,masc sing,nomn	false	4.12	182	WORDFREQ_RANKED	IN_POOL_REVIEW_REQUIRED	
подиум	6	HARD	NOUN,inan,masc plur,ablt | NOUN,inan,masc plur,accs | NOUN,inan,masc plur,datv | NOUN,inan,masc plur,gent | NOUN,inan,masc plur,loct | NOUN,inan,masc plur,nomn | NOUN,inan,masc sing,ablt | NOUN,inan,masc sing,accs | NOUN,inan,masc sing,datv | NOUN,inan,masc sing,gent | NOUN,inan,masc sing,loct | NOUN,inan,masc sing,nomn	false	3.57	475	WORDFREQ_RANKED	IN_POOL_REVIEW_REQUIRED	
подобие	7	EXPERT	NOUN,inan,neut plur,ablt | NOUN,inan,neut plur,ablt,V-be | NOUN,inan,neut plur,accs | NOUN,inan,neut plur,accs,V-be | NOUN,inan,neut plur,datv | NOUN,inan,neut plur,datv,V-be | NOUN,inan,neut plur,gent | NOUN,inan,neut plur,loct | NOUN,inan,neut plur,loct,V-be | NOUN,inan,neut plur,nomn | NOUN,inan,neut plur,nomn,V-be | NOUN,inan,neut sing,ablt | NOUN,inan,neut sing,ablt,V-be | NOUN,inan,neut sing,accs | NOUN,inan,neut sing,accs,V-be | NOUN,inan,neut sing,datv | NOUN,inan,neut sing,datv,V-be | NOUN,inan,neut sing,gent | NOUN,inan,neut sing,gent,V-be | NOUN,inan,neut sing,loct | NOUN,inan,neut sing,loct,V-be | NOUN,inan,neut sing,loct,V-be,V-bi | NOUN,inan,neut sing,nomn | NOUN,inan,neut sing,nomn,V-be	false	3.60	415	WORDFREQ_RANKED	IN_POOL_REVIEW_REQUIRED	
подпись	7	EXPERT	NOUN,inan,femn plur,ablt | NOUN,inan,femn plur,accs | NOUN,inan,femn plur,datv | NOUN,inan,femn plur,gent | NOUN,inan,femn plur,loct | NOUN,inan,femn plur,nomn | NOUN,inan,femn sing,ablt | NOUN,inan,femn sing,accs | NOUN,inan,femn sing,datv | NOUN,inan,femn sing,gent | NOUN,inan,femn sing,loct | NOUN,inan,femn sing,nomn	false	4.17	165	WORDFREQ_RANKED	IN_POOL_REVIEW_REQUIRED	
подруга	7	EXPERT	NOUN,anim,femn plur,ablt | NOUN,anim,femn plur,accs | NOUN,anim,femn plur,datv | NOUN,anim,femn plur,gent | NOUN,anim,femn plur,loct | NOUN,anim,femn plur,nomn | NOUN,anim,femn sing,ablt | NOUN,anim,femn sing,ablt,V-oy | NOUN,anim,femn sing,accs | NOUN,anim,femn sing,datv | NOUN,anim,femn sing,gent | NOUN,anim,femn sing,loct | NOUN,anim,femn sing,nomn	false	4.53	74	WORDFREQ_RANKED	IN_POOL_REVIEW_REQUIRED	
подход	6	HARD	NOUN,inan,masc plur,ablt | NOUN,inan,masc plur,accs | NOUN,inan,masc plur,datv | NOUN,inan,masc plur,gent | NOUN,inan,masc plur,loct | NOUN,inan,masc plur,nomn | NOUN,inan,masc sing,ablt | NOUN,inan,masc sing,accs | NOUN,inan,masc sing,datv | NOUN,inan,masc sing,gent | NOUN,inan,masc sing,loct | NOUN,inan,masc sing,nomn	false	4.50	82	WORDFREQ_RANKED	IN_POOL_REVIEW_REQUIRED	
подъезд	7	EXPERT	NOUN,inan,masc plur,ablt | NOUN,inan,masc plur,accs | NOUN,inan,masc plur,datv | NOUN,inan,masc plur,gent | NOUN,inan,masc plur,loct | NOUN,inan,masc plur,nomn | NOUN,inan,masc sing,ablt | NOUN,inan,masc sing,accs | NOUN,inan,masc sing,datv | NOUN,inan,masc sing,gent | NOUN,inan,masc sing,loct | NOUN,inan,masc sing,nomn	false	3.64	389	WORDFREQ_RANKED	IN_POOL_REVIEW_REQUIRED	
подъем	6	HARD	NOUN,inan,masc plur,ablt | NOUN,inan,masc plur,accs | NOUN,inan,masc plur,datv | NOUN,inan,masc plur,gent | NOUN,inan,masc plur,loct | NOUN,inan,masc plur,nomn | NOUN,inan,masc sing,ablt | NOUN,inan,masc sing,accs | NOUN,inan,masc sing,datv | NOUN,inan,masc sing,gent | NOUN,inan,masc sing,loct | NOUN,inan,masc sing,nomn	false	4.02	214	WORDFREQ_RANKED	IN_POOL_REVIEW_REQUIRED	
поезд	5	MEDIUM	NOUN,inan,masc plur,ablt | NOUN,inan,masc plur,accs | NOUN,inan,masc plur,datv | NOUN,inan,masc plur,gent | NOUN,inan,masc plur,loct | NOUN,inan,masc plur,nomn | NOUN,inan,masc sing,ablt | NOUN,inan,masc sing,accs | NOUN,inan,masc sing,datv | NOUN,inan,masc sing,gent | NOUN,inan,masc sing,loct | NOUN,inan,masc sing,nomn	false	4.54	83	TRUSTED_V1	TRUSTED	ALLOW
поездка	7	EXPERT	NOUN,inan,femn plur,ablt | NOUN,inan,femn plur,accs | NOUN,inan,femn plur,datv | NOUN,inan,femn plur,gent | NOUN,inan,femn plur,loct | NOUN,inan,femn plur,nomn | NOUN,inan,femn sing,ablt | NOUN,inan,femn sing,ablt,V-oy | NOUN,inan,femn sing,accs | NOUN,inan,femn sing,datv | NOUN,inan,femn sing,gent | NOUN,inan,femn sing,loct | NOUN,inan,femn sing,nomn	false	4.15	170	WORDFREQ_RANKED	IN_POOL_REVIEW_REQUIRED	
пожар	5	MEDIUM	NOUN,inan,masc plur,ablt | NOUN,inan,masc plur,accs | NOUN,inan,masc plur,datv | NOUN,inan,masc plur,gent | NOUN,inan,masc plur,loct | NOUN,inan,masc plur,nomn | NOUN,inan,masc sing,ablt | NOUN,inan,masc sing,accs | NOUN,inan,masc sing,datv | NOUN,inan,masc sing,gent | NOUN,inan,masc sing,loct | NOUN,inan,masc sing,nomn	false	4.51	93	TRUSTED_V1	TRUSTED	ALLOW
поза	4	EASY	NOUN,inan,femn plur,ablt | NOUN,inan,femn plur,accs | NOUN,inan,femn plur,datv | NOUN,inan,femn plur,gent | NOUN,inan,femn plur,loct | NOUN,inan,femn plur,nomn | NOUN,inan,femn sing,ablt | NOUN,inan,femn sing,ablt,V-oy | NOUN,inan,femn sing,accs | NOUN,inan,femn sing,datv | NOUN,inan,femn sing,gent | NOUN,inan,femn sing,loct | NOUN,inan,femn sing,nomn	false	3.45	402	WORDFREQ_RANKED	IN_POOL_REVIEW_REQUIRED	
позиция	7	EXPERT	NOUN,inan,femn plur,ablt | NOUN,inan,femn plur,accs | NOUN,inan,femn plur,datv | NOUN,inan,femn plur,gent | NOUN,inan,femn plur,loct | NOUN,inan,femn plur,nomn | NOUN,inan,femn sing,ablt | NOUN,inan,femn sing,ablt,V-ey | NOUN,inan,femn sing,accs | NOUN,inan,femn sing,datv | NOUN,inan,femn sing,gent | NOUN,inan,femn sing,loct | NOUN,inan,femn sing,nomn	false	4.33	114	WORDFREQ_RANKED	IN_POOL_REVIEW_REQUIRED	
поклон	6	HARD	NOUN,inan,masc plur,ablt | NOUN,inan,masc plur,accs | NOUN,inan,masc plur,datv | NOUN,inan,masc plur,gent | NOUN,inan,masc plur,loct | NOUN,inan,masc plur,nomn | NOUN,inan,masc sing,ablt | NOUN,inan,masc sing,accs | NOUN,inan,masc sing,datv | NOUN,inan,masc sing,gent | NOUN,inan,masc sing,loct | NOUN,inan,masc sing,nomn	false	3.62	438	WORDFREQ_RANKED	IN_POOL_REVIEW_REQUIRED	
покой	5	MEDIUM	NOUN,inan,masc plur,ablt | NOUN,inan,masc plur,accs | NOUN,inan,masc plur,datv | NOUN,inan,masc plur,gent | NOUN,inan,masc plur,loct | NOUN,inan,masc plur,nomn | NOUN,inan,masc sing,ablt | NOUN,inan,masc sing,accs | NOUN,inan,masc sing,datv | NOUN,inan,masc sing,gen2 | NOUN,inan,masc sing,gent | NOUN,inan,masc sing,loct | NOUN,inan,masc sing,nomn	false	4.12	214	TRUSTED_V1	TRUSTED	ALLOW
покров	6	HARD	NOUN,inan,masc plur,ablt | NOUN,inan,masc plur,accs | NOUN,inan,masc plur,datv | NOUN,inan,masc plur,gent | NOUN,inan,masc plur,loct | NOUN,inan,masc plur,nomn | NOUN,inan,masc sing,ablt | NOUN,inan,masc sing,accs | NOUN,inan,masc sing,datv | NOUN,inan,masc sing,gent | NOUN,inan,masc sing,loct | NOUN,inan,masc sing,nomn	false	3.74	341	WORDFREQ_RANKED	IN_POOL_REVIEW_REQUIRED	
покупка	7	EXPERT	NOUN,inan,femn plur,ablt | NOUN,inan,femn plur,accs | NOUN,inan,femn plur,datv | NOUN,inan,femn plur,gent | NOUN,inan,femn plur,loct | NOUN,inan,femn plur,nomn | NOUN,inan,femn sing,ablt | NOUN,inan,femn sing,ablt,V-oy | NOUN,inan,femn sing,accs | NOUN,inan,femn sing,datv | NOUN,inan,femn sing,gent | NOUN,inan,femn sing,loct | NOUN,inan,femn sing,nomn	false	3.86	263	WORDFREQ_RANKED	IN_POOL_REVIEW_REQUIRED	
полвека	7	EXPERT	NOUN,inan,neut,Sgtm sing,ablt | NOUN,inan,neut,Sgtm sing,accs | NOUN,inan,neut,Sgtm sing,datv | NOUN,inan,neut,Sgtm sing,gent | NOUN,inan,neut,Sgtm sing,loct | NOUN,inan,neut,Sgtm sing,nomn	false	3.57	432	WORDFREQ_RANKED	IN_POOL_REVIEW_REQUIRED	
полгода	7	EXPERT	NOUN,inan,neut,Sgtm sing,ablt | NOUN,inan,neut,Sgtm sing,accs | NOUN,inan,neut,Sgtm sing,datv | NOUN,inan,neut,Sgtm sing,gent | NOUN,inan,neut,Sgtm sing,loct | NOUN,inan,neut,Sgtm sing,nomn	false	4.45	85	WORDFREQ_RANKED	IN_POOL_REVIEW_REQUIRED	
полдень	7	EXPERT	NOUN,inan,masc plur,ablt | NOUN,inan,masc plur,ablt,Infr | NOUN,inan,masc plur,accs | NOUN,inan,masc plur,accs,Infr | NOUN,inan,masc plur,datv | NOUN,inan,masc plur,datv,Infr | NOUN,inan,masc plur,gent | NOUN,inan,masc plur,gent,Arch | NOUN,inan,masc plur,gent,Infr | NOUN,inan,masc plur,loct | NOUN,inan,masc plur,loct,Infr | NOUN,inan,masc plur,nomn | NOUN,inan,masc plur,nomn,Infr | NOUN,inan,masc sing,ablt | NOUN,inan,masc sing,ablt,Infr | NOUN,inan,masc sing,accs | NOUN,inan,masc sing,datv | NOUN,inan,masc sing,datv,Infr | NOUN,inan,masc sing,gent | NOUN,inan,masc sing,gent,Infr | NOUN,inan,masc sing,loct | NOUN,inan,masc sing,loct,Infr | NOUN,inan,masc sing,nomn	false	3.83	283	WORDFREQ_RANKED	IN_POOL_REVIEW_REQUIRED	
поле	4	EASY	NOUN,inan,neut plur,ablt | NOUN,inan,neut plur,accs | NOUN,inan,neut plur,datv | NOUN,inan,neut plur,gent | NOUN,inan,neut plur,loct | NOUN,inan,neut plur,nomn | NOUN,inan,neut sing,ablt | NOUN,inan,neut sing,accs | NOUN,inan,neut sing,datv | NOUN,inan,neut sing,gent | NOUN,inan,neut sing,loct | NOUN,inan,neut sing,nomn	false	5.09	15	MANUAL_ALLOW	IN_POOL_REVIEW_REQUIRED	ALLOW
полет	5	MEDIUM	NOUN,inan,masc plur,ablt | NOUN,inan,masc plur,accs | NOUN,inan,masc plur,datv | NOUN,inan,masc plur,gent | NOUN,inan,masc plur,loct | NOUN,inan,masc plur,nomn | NOUN,inan,masc sing,ablt | NOUN,inan,masc sing,accs | NOUN,inan,masc sing,datv | NOUN,inan,masc sing,gent | NOUN,inan,masc sing,loct | NOUN,inan,masc sing,nomn	false	4.11	223	TRUSTED_V1	TRUSTED	ALLOW
полигон	7	EXPERT	NOUN,inan,masc plur,ablt | NOUN,inan,masc plur,accs | NOUN,inan,masc plur,datv | NOUN,inan,masc plur,gent | NOUN,inan,masc plur,loct | NOUN,inan,masc plur,nomn | NOUN,inan,masc sing,ablt | NOUN,inan,masc sing,accs | NOUN,inan,masc sing,datv | NOUN,inan,masc sing,gent | NOUN,inan,masc sing,loct | NOUN,inan,masc sing,nomn	false	3.62	402	WORDFREQ_RANKED	IN_POOL_REVIEW_REQUIRED	
политик	7	EXPERT	NOUN,anim,masc plur,ablt | NOUN,anim,masc plur,accs | NOUN,anim,masc plur,datv | NOUN,anim,masc plur,gent | NOUN,anim,masc plur,loct | NOUN,anim,masc plur,nomn | NOUN,anim,masc sing,ablt | NOUN,anim,masc sing,accs | NOUN,anim,masc sing,datv | NOUN,anim,masc sing,gent | NOUN,anim,masc sing,loct | NOUN,anim,masc sing,nomn	false	4.34	110	WORDFREQ_RANKED	IN_POOL_REVIEW_REQUIRED	
полиция	7	EXPERT	NOUN,inan,femn plur,ablt | NOUN,inan,femn plur,accs | NOUN,inan,femn plur,datv | NOUN,inan,femn plur,gent | NOUN,inan,femn plur,loct | NOUN,inan,femn plur,nomn | NOUN,inan,femn sing,ablt | NOUN,inan,femn sing,ablt,V-ey | NOUN,inan,femn sing,accs | NOUN,inan,femn sing,datv | NOUN,inan,femn sing,gent | NOUN,inan,femn sing,loct | NOUN,inan,femn sing,nomn	false	4.90	20	WORDFREQ_RANKED	IN_POOL_REVIEW_REQUIRED	
полк	4	EASY	NOUN,inan,masc plur,ablt | NOUN,inan,masc plur,accs | NOUN,inan,masc plur,datv | NOUN,inan,masc plur,gent | NOUN,inan,masc plur,loct | NOUN,inan,masc plur,nomn | NOUN,inan,masc sing,ablt | NOUN,inan,masc sing,accs | NOUN,inan,masc sing,datv | NOUN,inan,masc sing,gent | NOUN,inan,masc sing,loc2 | NOUN,inan,masc sing,loct | NOUN,inan,masc sing,nomn	false	4.35	125	WORDFREQ_RANKED	IN_POOL_REVIEW_REQUIRED	
полка	5	MEDIUM	NOUN,inan,femn plur,ablt | NOUN,inan,femn plur,accs | NOUN,inan,femn plur,datv | NOUN,inan,femn plur,gent | NOUN,inan,femn plur,loct | NOUN,inan,femn plur,nomn | NOUN,inan,femn sing,ablt | NOUN,inan,femn sing,ablt,V-oy | NOUN,inan,femn sing,accs | NOUN,inan,femn sing,datv | NOUN,inan,femn sing,gent | NOUN,inan,femn sing,loct | NOUN,inan,femn sing,nomn	false	4.41	120	TRUSTED_V1	TRUSTED	ALLOW
полночь	7	EXPERT	NOUN,inan,femn plur,ablt | NOUN,inan,femn plur,ablt,Infr | NOUN,inan,femn plur,accs | NOUN,inan,femn plur,accs,Infr | NOUN,inan,femn plur,datv | NOUN,inan,femn plur,datv,Infr | NOUN,inan,femn plur,gent | NOUN,inan,femn plur,gent,Infr | NOUN,inan,femn plur,loct | NOUN,inan,femn plur,loct,Infr | NOUN,inan,femn plur,nomn | NOUN,inan,femn plur,nomn,Infr | NOUN,inan,femn sing,ablt | NOUN,inan,femn sing,ablt,Infr | NOUN,inan,femn sing,accs | NOUN,inan,femn sing,datv | NOUN,inan,femn sing,datv,Infr | NOUN,inan,femn sing,gent | NOUN,inan,femn sing,gent,Infr | NOUN,inan,femn sing,loct | NOUN,inan,femn sing,loct,Infr | NOUN,inan,femn sing,nomn	false	3.89	248	WORDFREQ_RANKED	IN_POOL_REVIEW_REQUIRED	
полоса	6	HARD	NOUN,inan,femn plur,ablt | NOUN,inan,femn plur,accs | NOUN,inan,femn plur,datv | NOUN,inan,femn plur,gent | NOUN,inan,femn plur,loct | NOUN,inan,femn plur,nomn | NOUN,inan,femn sing,ablt | NOUN,inan,femn sing,ablt,V-oy | NOUN,inan,femn sing,accs | NOUN,inan,femn sing,datv | NOUN,inan,femn sing,gent | NOUN,inan,femn sing,loct | NOUN,inan,femn sing,nomn	false	4.08	194	WORDFREQ_RANKED	IN_POOL_REVIEW_REQUIRED	
полость	7	EXPERT	NOUN,inan,femn plur,ablt | NOUN,inan,femn plur,accs | NOUN,inan,femn plur,datv | NOUN,inan,femn plur,gent | NOUN,inan,femn plur,loct | NOUN,inan,femn plur,nomn | NOUN,inan,femn sing,ablt | NOUN,inan,femn sing,accs | NOUN,inan,femn sing,datv | NOUN,inan,femn sing,gent | NOUN,inan,femn sing,loct | NOUN,inan,femn sing,nomn	false	3.48	488	WORDFREQ_RANKED	IN_POOL_REVIEW_REQUIRED	
полотно	7	EXPERT	NOUN,inan,neut plur,ablt | NOUN,inan,neut plur,accs | NOUN,inan,neut plur,datv | NOUN,inan,neut plur,gent | NOUN,inan,neut plur,loct | NOUN,inan,neut plur,nomn | NOUN,inan,neut sing,ablt | NOUN,inan,neut sing,accs | NOUN,inan,neut sing,datv | NOUN,inan,neut sing,gent | NOUN,inan,neut sing,loct | NOUN,inan,neut sing,nomn	false	3.79	304	WORDFREQ_RANKED	IN_POOL_REVIEW_REQUIRED	
полчаса	7	EXPERT	NOUN,inan,masc plur,ablt | NOUN,inan,masc plur,accs | NOUN,inan,masc plur,datv | NOUN,inan,masc plur,gent | NOUN,inan,masc plur,loct | NOUN,inan,masc plur,nomn | NOUN,inan,masc sing,accs | NOUN,inan,masc sing,loc2 | NOUN,inan,masc sing,nomn | NOUN,inan,neut plur,accs | NOUN,inan,neut plur,nomn | NOUN,inan,neut sing,ablt | NOUN,inan,neut sing,accs | NOUN,inan,neut sing,datv | NOUN,inan,neut sing,gent | NOUN,inan,neut sing,loct | NOUN,inan,neut sing,nomn	false	4.37	100	WORDFREQ_RANKED	IN_POOL_REVIEW_REQUIRED	
польза	6	HARD	NOUN,inan,femn plur,ablt | NOUN,inan,femn plur,accs | NOUN,inan,femn plur,datv | NOUN,inan,femn plur,gent | NOUN,inan,femn plur,loct | NOUN,inan,femn plur,nomn | NOUN,inan,femn sing,ablt | NOUN,inan,femn sing,ablt,V-oy | NOUN,inan,femn sing,accs | NOUN,inan,femn sing,datv | NOUN,inan,femn sing,gent | NOUN,inan,femn sing,loct | NOUN,inan,femn sing,nomn	false	3.75	336	WORDFREQ_RANKED	IN_POOL_REVIEW_REQUIRED	
поляна	6	HARD	NOUN,inan,femn plur,ablt | NOUN,inan,femn plur,accs | NOUN,inan,femn plur,datv | NOUN,inan,femn plur,gent | NOUN,inan,femn plur,loct | NOUN,inan,femn plur,nomn | NOUN,inan,femn sing,ablt | NOUN,inan,femn sing,ablt,V-oy | NOUN,inan,femn sing,accs | NOUN,inan,femn sing,datv | NOUN,inan,femn sing,gent | NOUN,inan,femn sing,loct | NOUN,inan,femn sing,nomn	false	3.60	457	WORDFREQ_RANKED	IN_POOL_REVIEW_REQUIRED	
помидор	7	EXPERT	NOUN,inan,masc plur,ablt | NOUN,inan,masc plur,accs | NOUN,inan,masc plur,datv | NOUN,inan,masc plur,gent | NOUN,inan,masc plur,gent,Infr | NOUN,inan,masc plur,loct | NOUN,inan,masc plur,nomn | NOUN,inan,masc sing,ablt | NOUN,inan,masc sing,accs | NOUN,inan,masc sing,datv | NOUN,inan,masc sing,gent | NOUN,inan,masc sing,loct | NOUN,inan,masc sing,nomn	false	3.17	786	MANUAL_ALLOW	IN_POOL_REVIEW_REQUIRED	ALLOW
помощь	6	HARD	NOUN,inan,femn plur,ablt | NOUN,inan,femn plur,accs | NOUN,inan,femn plur,datv | NOUN,inan,femn plur,gent | NOUN,inan,femn plur,loct | NOUN,inan,femn plur,nomn | NOUN,inan,femn sing,ablt | NOUN,inan,femn sing,accs | NOUN,inan,femn sing,datv | NOUN,inan,femn sing,gent | NOUN,inan,femn sing,loct | NOUN,inan,femn sing,nomn	false	5.25	5	WORDFREQ_RANKED	IN_POOL_REVIEW_REQUIRED	
пони	4	EASY	NOUN,anim,masc,Fixd plur,ablt | NOUN,anim,masc,Fixd plur,accs | NOUN,anim,masc,Fixd plur,datv | NOUN,anim,masc,Fixd plur,gent | NOUN,anim,masc,Fixd plur,loct | NOUN,anim,masc,Fixd plur,nomn | NOUN,anim,masc,Fixd sing,ablt | NOUN,anim,masc,Fixd sing,accs | NOUN,anim,masc,Fixd sing,datv | NOUN,anim,masc,Fixd sing,gent | NOUN,anim,masc,Fixd sing,loct | NOUN,anim,masc,Fixd sing,nomn	false	3.73	290	WORDFREQ_RANKED	IN_POOL_REVIEW_REQUIRED	
понятие	7	EXPERT	NOUN,inan,neut plur,ablt | NOUN,inan,neut plur,ablt,V-be | NOUN,inan,neut plur,accs | NOUN,inan,neut plur,accs,V-be | NOUN,inan,neut plur,datv | NOUN,inan,neut plur,datv,V-be | NOUN,inan,neut plur,gent | NOUN,inan,neut plur,loct | NOUN,inan,neut plur,loct,V-be | NOUN,inan,neut plur,nomn | NOUN,inan,neut plur,nomn,V-be | NOUN,inan,neut sing,ablt | NOUN,inan,neut sing,ablt,V-be | NOUN,inan,neut sing,accs | NOUN,inan,neut sing,accs,V-be | NOUN,inan,neut sing,datv | NOUN,inan,neut sing,datv,V-be | NOUN,inan,neut sing,gent | NOUN,inan,neut sing,gent,V-be | NOUN,inan,neut sing,loct | NOUN,inan,neut sing,loct,V-be | NOUN,inan,neut sing,loct,V-be,V-bi | NOUN,inan,neut sing,nomn | NOUN,inan,neut sing,nomn,V-be	false	4.44	88	WORDFREQ_RANKED	IN_POOL_REVIEW_REQUIRED	
поприще	7	EXPERT	NOUN,inan,neut plur,ablt | NOUN,inan,neut plur,accs | NOUN,inan,neut plur,datv | NOUN,inan,neut plur,gent | NOUN,inan,neut plur,loct | NOUN,inan,neut plur,nomn | NOUN,inan,neut sing,ablt | NOUN,inan,neut sing,accs | NOUN,inan,neut sing,datv | NOUN,inan,neut sing,gent | NOUN,inan,neut sing,loct | NOUN,inan,neut sing,nomn	false	3.48	489	WORDFREQ_RANKED	IN_POOL_REVIEW_REQUIRED	
попытка	7	EXPERT	NOUN,inan,femn plur,ablt | NOUN,inan,femn plur,accs | NOUN,inan,femn plur,datv | NOUN,inan,femn plur,gent | NOUN,inan,femn plur,loct | NOUN,inan,femn plur,nomn | NOUN,inan,femn sing,ablt | NOUN,inan,femn sing,ablt,V-oy | NOUN,inan,femn sing,accs | NOUN,inan,femn sing,datv | NOUN,inan,femn sing,gent | NOUN,inan,femn sing,loct | NOUN,inan,femn sing,nomn	false	4.55	67	WORDFREQ_RANKED	IN_POOL_REVIEW_REQUIRED	
пора	4	EASY	NOUN,inan,femn plur,ablt | NOUN,inan,femn plur,accs | NOUN,inan,femn plur,datv | NOUN,inan,femn plur,gent | NOUN,inan,femn plur,loct | NOUN,inan,femn plur,nomn | NOUN,inan,femn sing,ablt | NOUN,inan,femn sing,ablt,V-oy | NOUN,inan,femn sing,accs | NOUN,inan,femn sing,datv | NOUN,inan,femn sing,gent | NOUN,inan,femn sing,loct | NOUN,inan,femn sing,nomn	false	4.99	27	WORDFREQ_RANKED	IN_POOL_REVIEW_REQUIRED	
порез	5	MEDIUM	NOUN,inan,masc plur,ablt | NOUN,inan,masc plur,accs | NOUN,inan,masc plur,datv | NOUN,inan,masc plur,gent | NOUN,inan,masc plur,loct | NOUN,inan,masc plur,nomn | NOUN,inan,masc sing,ablt | NOUN,inan,masc sing,accs | NOUN,inan,masc sing,datv | NOUN,inan,masc sing,gent | NOUN,inan,masc sing,loct | NOUN,inan,masc sing,nomn	false	2.73	1386	TRUSTED_V1	TRUSTED	ALLOW
порог	5	MEDIUM	NOUN,inan,masc plur,ablt | NOUN,inan,masc plur,accs | NOUN,inan,masc plur,datv | NOUN,inan,masc plur,gent | NOUN,inan,masc plur,loct | NOUN,inan,masc plur,nomn | NOUN,inan,masc sing,ablt | NOUN,inan,masc sing,accs | NOUN,inan,masc sing,datv | NOUN,inan,masc sing,gent | NOUN,inan,masc sing,loct | NOUN,inan,masc sing,nomn	false	3.94	295	TRUSTED_V1	TRUSTED	ALLOW
порода	6	HARD	NOUN,inan,femn plur,ablt | NOUN,inan,femn plur,accs | NOUN,inan,femn plur,datv | NOUN,inan,femn plur,gent | NOUN,inan,femn plur,loct | NOUN,inan,femn plur,nomn | NOUN,inan,femn sing,ablt | NOUN,inan,femn sing,ablt,V-oy | NOUN,inan,femn sing,accs | NOUN,inan,femn sing,datv | NOUN,inan,femn sing,gent | NOUN,inan,femn sing,loct | NOUN,inan,femn sing,nomn	false	3.72	356	WORDFREQ_RANKED	IN_POOL_REVIEW_REQUIRED	
порошок	7	EXPERT	NOUN,inan,masc plur,ablt | NOUN,inan,masc plur,accs | NOUN,inan,masc plur,datv | NOUN,inan,masc plur,gent | NOUN,inan,masc plur,loct | NOUN,inan,masc plur,nomn | NOUN,inan,masc sing,ablt | NOUN,inan,masc sing,accs | NOUN,inan,masc sing,datv | NOUN,inan,masc sing,gen2 | NOUN,inan,masc sing,gent | NOUN,inan,masc sing,loct | NOUN,inan,masc sing,nomn	false	3.85	266	WORDFREQ_RANKED	IN_POOL_REVIEW_REQUIRED	
порт	4	EASY	NOUN,inan,masc plur,ablt | NOUN,inan,masc plur,accs | NOUN,inan,masc plur,datv | NOUN,inan,masc plur,gent | NOUN,inan,masc plur,loct | NOUN,inan,masc plur,nomn | NOUN,inan,masc sing,ablt | NOUN,inan,masc sing,accs | NOUN,inan,masc sing,datv | NOUN,inan,masc sing,gent | NOUN,inan,masc sing,loc2 | NOUN,inan,masc sing,loct | NOUN,inan,masc sing,nomn	false	4.29	134	WORDFREQ_RANKED	IN_POOL_REVIEW_REQUIRED	
портал	6	HARD	NOUN,inan,masc plur,ablt | NOUN,inan,masc plur,accs | NOUN,inan,masc plur,datv | NOUN,inan,masc plur,gent | NOUN,inan,masc plur,loct | NOUN,inan,masc plur,nomn | NOUN,inan,masc sing,ablt | NOUN,inan,masc sing,accs | NOUN,inan,masc sing,datv | NOUN,inan,masc sing,gent | NOUN,inan,masc sing,loct | NOUN,inan,masc sing,nomn	false	4.40	100	WORDFREQ_RANKED	IN_POOL_REVIEW_REQUIRED	
портрет	7	EXPERT	NOUN,inan,masc plur,ablt | NOUN,inan,masc plur,accs | NOUN,inan,masc plur,datv | NOUN,inan,masc plur,gent | NOUN,inan,masc plur,loct | NOUN,inan,masc plur,nomn | NOUN,inan,masc sing,ablt | NOUN,inan,masc sing,accs | NOUN,inan,masc sing,datv | NOUN,inan,masc sing,gent | NOUN,inan,masc sing,loct | NOUN,inan,masc sing,nomn	false	4.35	106	WORDFREQ_RANKED	IN_POOL_REVIEW_REQUIRED	
поручик	7	EXPERT	NOUN,anim,masc plur,ablt | NOUN,anim,masc plur,accs | NOUN,anim,masc plur,datv | NOUN,anim,masc plur,gent | NOUN,anim,masc plur,loct | NOUN,anim,masc plur,nomn | NOUN,anim,masc sing,ablt | NOUN,anim,masc sing,accs | NOUN,anim,masc sing,datv | NOUN,anim,masc sing,gent | NOUN,anim,masc sing,loct | NOUN,anim,masc sing,nomn	false	3.48	490	WORDFREQ_RANKED	IN_POOL_REVIEW_REQUIRED	
порядок	7	EXPERT	NOUN,inan,masc plur,ablt | NOUN,inan,masc plur,accs | NOUN,inan,masc plur,datv | NOUN,inan,masc plur,gent | NOUN,inan,masc plur,loct | NOUN,inan,masc plur,nomn | NOUN,inan,masc sing,ablt | NOUN,inan,masc sing,accs | NOUN,inan,masc sing,datv | NOUN,inan,masc sing,gen2 | NOUN,inan,masc sing,gent | NOUN,inan,masc sing,loct | NOUN,inan,masc sing,nomn	false	4.86	27	WORDFREQ_RANKED	IN_POOL_REVIEW_REQUIRED	
посадка	7	EXPERT	NOUN,inan,femn plur,ablt | NOUN,inan,femn plur,accs | NOUN,inan,femn plur,datv | NOUN,inan,femn plur,gent | NOUN,inan,femn plur,loct | NOUN,inan,femn plur,nomn | NOUN,inan,femn sing,ablt | NOUN,inan,femn sing,ablt,V-oy | NOUN,inan,femn sing,accs | NOUN,inan,femn sing,datv | NOUN,inan,femn sing,gent | NOUN,inan,femn sing,loct | NOUN,inan,femn sing,nomn	false	3.77	318	WORDFREQ_RANKED	IN_POOL_REVIEW_REQUIRED	
посев	5	MEDIUM	NOUN,inan,masc plur,ablt | NOUN,inan,masc plur,accs | NOUN,inan,masc plur,datv | NOUN,inan,masc plur,gent | NOUN,inan,masc plur,loct | NOUN,inan,masc plur,nomn | NOUN,inan,masc sing,ablt | NOUN,inan,masc sing,accs | NOUN,inan,masc sing,datv | NOUN,inan,masc sing,gent | NOUN,inan,masc sing,loct | NOUN,inan,masc sing,nomn	false	3.41	646	TRUSTED_V1	TRUSTED	ALLOW
поселок	7	EXPERT	NOUN,inan,masc plur,ablt | NOUN,inan,masc plur,accs | NOUN,inan,masc plur,datv | NOUN,inan,masc plur,gent | NOUN,inan,masc plur,loct | NOUN,inan,masc plur,nomn | NOUN,inan,masc sing,ablt | NOUN,inan,masc sing,accs | NOUN,inan,masc sing,datv | NOUN,inan,masc sing,gent | NOUN,inan,masc sing,loct | NOUN,inan,masc sing,nomn	false	4.12	177	WORDFREQ_RANKED	IN_POOL_REVIEW_REQUIRED	
пособие	7	EXPERT	NOUN,inan,neut plur,ablt | NOUN,inan,neut plur,ablt,V-be | NOUN,inan,neut plur,accs | NOUN,inan,neut plur,accs,V-be | NOUN,inan,neut plur,datv | NOUN,inan,neut plur,datv,V-be | NOUN,inan,neut plur,gent | NOUN,inan,neut plur,loct | NOUN,inan,neut plur,loct,V-be | NOUN,inan,neut plur,nomn | NOUN,inan,neut plur,nomn,V-be | NOUN,inan,neut sing,ablt | NOUN,inan,neut sing,ablt,V-be | NOUN,inan,neut sing,accs | NOUN,inan,neut sing,accs,V-be | NOUN,inan,neut sing,datv | NOUN,inan,neut sing,datv,V-be | NOUN,inan,neut sing,gent | NOUN,inan,neut sing,gent,V-be | NOUN,inan,neut sing,loct | NOUN,inan,neut sing,loct,V-be | NOUN,inan,neut sing,loct,V-be,V-bi | NOUN,inan,neut sing,nomn | NOUN,inan,neut sing,nomn,V-be	false	4.36	103	WORDFREQ_RANKED	IN_POOL_REVIEW_REQUIRED	
пост	4	EASY	NOUN,inan,masc plur,ablt | NOUN,inan,masc plur,accs | NOUN,inan,masc plur,datv | NOUN,inan,masc plur,gent | NOUN,inan,masc plur,loct | NOUN,inan,masc plur,nomn | NOUN,inan,masc sing,ablt | NOUN,inan,masc sing,accs | NOUN,inan,masc sing,datv | NOUN,inan,masc sing,gent | NOUN,inan,masc sing,loc2 | NOUN,inan,masc sing,loct | NOUN,inan,masc sing,nomn	false	4.98	28	WORDFREQ_RANKED	IN_POOL_REVIEW_REQUIRED	
постель	7	EXPERT	NOUN,inan,femn plur,ablt | NOUN,inan,femn plur,accs | NOUN,inan,femn plur,datv | NOUN,inan,femn plur,gent | NOUN,inan,femn plur,loct | NOUN,inan,femn plur,nomn | NOUN,inan,femn sing,ablt | NOUN,inan,femn sing,accs | NOUN,inan,femn sing,datv | NOUN,inan,femn sing,gent | NOUN,inan,femn sing,loct | NOUN,inan,femn sing,nomn	false	4.11	182	WORDFREQ_RANKED	IN_POOL_REVIEW_REQUIRED	
посуда	6	HARD	NOUN,inan,femn plur,ablt | NOUN,inan,femn plur,accs | NOUN,inan,femn plur,datv | NOUN,inan,femn plur,gent | NOUN,inan,femn plur,loct | NOUN,inan,femn plur,nomn | NOUN,inan,femn sing,ablt | NOUN,inan,femn sing,ablt,V-oy | NOUN,inan,femn sing,accs | NOUN,inan,femn sing,datv | NOUN,inan,femn sing,gent | NOUN,inan,femn sing,loct | NOUN,inan,femn sing,nomn	false	3.60	458	WORDFREQ_RANKED	IN_POOL_REVIEW_REQUIRED	
посылка	7	EXPERT	NOUN,inan,femn plur,ablt | NOUN,inan,femn plur,accs | NOUN,inan,femn plur,datv | NOUN,inan,femn plur,gent | NOUN,inan,femn plur,loct | NOUN,inan,femn plur,nomn | NOUN,inan,femn sing,ablt | NOUN,inan,femn sing,ablt,V-oy | NOUN,inan,femn sing,accs | NOUN,inan,femn sing,datv | NOUN,inan,femn sing,gent | NOUN,inan,femn sing,loct | NOUN,inan,femn sing,nomn	false	3.53	454	WORDFREQ_RANKED	IN_POOL_REVIEW_REQUIRED	
потеря	6	HARD	NOUN,inan,femn plur,ablt | NOUN,inan,femn plur,accs | NOUN,inan,femn plur,datv | NOUN,inan,femn plur,gent | NOUN,inan,femn plur,loct | NOUN,inan,femn plur,nomn | NOUN,inan,femn sing,ablt | NOUN,inan,femn sing,ablt,V-ey | NOUN,inan,femn sing,accs | NOUN,inan,femn sing,datv | NOUN,inan,femn sing,gent | NOUN,inan,femn sing,loct | NOUN,inan,femn sing,nomn	false	4.14	174	WORDFREQ_RANKED	IN_POOL_REVIEW_REQUIRED	
поток	5	MEDIUM	NOUN,inan,masc plur,ablt | NOUN,inan,masc plur,accs | NOUN,inan,masc plur,datv | NOUN,inan,masc plur,gent | NOUN,inan,masc plur,loct | NOUN,inan,masc plur,nomn | NOUN,inan,masc sing,ablt | NOUN,inan,masc sing,accs | NOUN,inan,masc sing,datv | NOUN,inan,masc sing,gent | NOUN,inan,masc sing,loct | NOUN,inan,masc sing,nomn	false	4.49	99	TRUSTED_V1	TRUSTED	ALLOW
потолок	7	EXPERT	NOUN,inan,masc plur,ablt | NOUN,inan,masc plur,accs | NOUN,inan,masc plur,datv | NOUN,inan,masc plur,gent | NOUN,inan,masc plur,loct | NOUN,inan,masc plur,nomn | NOUN,inan,masc sing,ablt | NOUN,inan,masc sing,accs | NOUN,inan,masc sing,datv | NOUN,inan,masc sing,gent | NOUN,inan,masc sing,loct | NOUN,inan,masc sing,nomn	false	3.96	230	WORDFREQ_RANKED	IN_POOL_REVIEW_REQUIRED	
поход	5	MEDIUM	NOUN,inan,masc plur,ablt | NOUN,inan,masc plur,accs | NOUN,inan,masc plur,datv | NOUN,inan,masc plur,gent | NOUN,inan,masc plur,loct | NOUN,inan,masc plur,nomn | NOUN,inan,masc sing,ablt | NOUN,inan,masc sing,accs | NOUN,inan,masc sing,datv | NOUN,inan,masc sing,gent | NOUN,inan,masc sing,loct | NOUN,inan,masc sing,nomn	false	4.28	152	TRUSTED_V1	TRUSTED	ALLOW
поцелуй	7	EXPERT	NOUN,inan,masc plur,ablt | NOUN,inan,masc plur,accs | NOUN,inan,masc plur,datv | NOUN,inan,masc plur,gent | NOUN,inan,masc plur,loct | NOUN,inan,masc plur,nomn | NOUN,inan,masc sing,ablt | NOUN,inan,masc sing,accs | NOUN,inan,masc sing,datv | NOUN,inan,masc sing,gent | NOUN,inan,masc sing,loct | NOUN,inan,masc sing,nomn	false	4.18	161	WORDFREQ_RANKED	IN_POOL_REVIEW_REQUIRED	
почва	5	MEDIUM	NOUN,inan,femn plur,ablt | NOUN,inan,femn plur,accs | NOUN,inan,femn plur,datv | NOUN,inan,femn plur,gent | NOUN,inan,femn plur,loct | NOUN,inan,femn plur,nomn | NOUN,inan,femn sing,ablt | NOUN,inan,femn sing,ablt,V-oy | NOUN,inan,femn sing,accs | NOUN,inan,femn sing,datv | NOUN,inan,femn sing,gent | NOUN,inan,femn sing,loct | NOUN,inan,femn sing,nomn	false	3.50	563	TRUSTED_V1	TRUSTED	ALLOW
почерк	6	HARD	NOUN,inan,masc plur,ablt | NOUN,inan,masc plur,accs | NOUN,inan,masc plur,datv | NOUN,inan,masc plur,gent | NOUN,inan,masc plur,loct | NOUN,inan,masc plur,nomn | NOUN,inan,masc sing,ablt | NOUN,inan,masc sing,accs | NOUN,inan,masc sing,datv | NOUN,inan,masc sing,gent | NOUN,inan,masc sing,loct | NOUN,inan,masc sing,nomn	false	3.74	342	WORDFREQ_RANKED	IN_POOL_REVIEW_REQUIRED	
почта	5	MEDIUM	NOUN,inan,femn plur,ablt | NOUN,inan,femn plur,accs | NOUN,inan,femn plur,datv | NOUN,inan,femn plur,gent | NOUN,inan,femn plur,loct | NOUN,inan,femn plur,nomn | NOUN,inan,femn sing,ablt | NOUN,inan,femn sing,ablt,V-oy | NOUN,inan,femn sing,accs | NOUN,inan,femn sing,datv | NOUN,inan,femn sing,gent | NOUN,inan,femn sing,loct | NOUN,inan,femn sing,nomn	false	4.22	171	TRUSTED_V1	TRUSTED	ALLOW
поэзия	6	HARD	NOUN,inan,femn plur,ablt | NOUN,inan,femn plur,accs | NOUN,inan,femn plur,datv | NOUN,inan,femn plur,gent | NOUN,inan,femn plur,loct | NOUN,inan,femn plur,nomn | NOUN,inan,femn sing,ablt | NOUN,inan,femn sing,ablt,V-ey | NOUN,inan,femn sing,accs | NOUN,inan,femn sing,datv | NOUN,inan,femn sing,gent | NOUN,inan,femn sing,loct | NOUN,inan,femn sing,nomn	false	4.08	195	WORDFREQ_RANKED	IN_POOL_REVIEW_REQUIRED	
поэт	4	EASY	NOUN,anim,masc plur,ablt | NOUN,anim,masc plur,accs | NOUN,anim,masc plur,datv | NOUN,anim,masc plur,gent | NOUN,anim,masc plur,loct | NOUN,anim,masc plur,nomn | NOUN,anim,masc sing,ablt | NOUN,anim,masc sing,accs | NOUN,anim,masc sing,datv | NOUN,anim,masc sing,gent | NOUN,anim,masc sing,loct | NOUN,anim,masc sing,nomn	false	4.54	86	WORDFREQ_RANKED	IN_POOL_REVIEW_REQUIRED	
пояс	4	EASY	NOUN,inan,masc plur,ablt | NOUN,inan,masc plur,accs | NOUN,inan,masc plur,datv | NOUN,inan,masc plur,gent | NOUN,inan,masc plur,loct | NOUN,inan,masc plur,nomn | NOUN,inan,masc sing,ablt | NOUN,inan,masc sing,accs | NOUN,inan,masc sing,datv | NOUN,inan,masc sing,gent | NOUN,inan,masc sing,loct | NOUN,inan,masc sing,nomn	false	4.19	158	WORDFREQ_RANKED	IN_POOL_REVIEW_REQUIRED	
правило	7	EXPERT	NOUN,inan,neut plur,ablt | NOUN,inan,neut plur,accs | NOUN,inan,neut plur,datv | NOUN,inan,neut plur,gent | NOUN,inan,neut plur,loct | NOUN,inan,neut plur,nomn | NOUN,inan,neut sing,ablt | NOUN,inan,neut sing,accs | NOUN,inan,neut sing,datv | NOUN,inan,neut sing,gent | NOUN,inan,neut sing,loct | NOUN,inan,neut sing,nomn	false	4.92	19	WORDFREQ_RANKED	IN_POOL_REVIEW_REQUIRED	
право	5	MEDIUM	NOUN,inan,neut plur,ablt | NOUN,inan,neut plur,accs | NOUN,inan,neut plur,datv | NOUN,inan,neut plur,gent | NOUN,inan,neut plur,loct | NOUN,inan,neut plur,nomn | NOUN,inan,neut sing,ablt | NOUN,inan,neut sing,accs | NOUN,inan,neut sing,datv | NOUN,inan,neut sing,gent | NOUN,inan,neut sing,loct | NOUN,inan,neut sing,nomn	false	5.22	8	TRUSTED_V1	TRUSTED	ALLOW
прах	4	EASY	NOUN,inan,masc plur,ablt | NOUN,inan,masc plur,accs | NOUN,inan,masc plur,datv | NOUN,inan,masc plur,gent | NOUN,inan,masc plur,loct | NOUN,inan,masc plur,nomn | NOUN,inan,masc sing,ablt | NOUN,inan,masc sing,accs | NOUN,inan,masc sing,datv | NOUN,inan,masc sing,gent | NOUN,inan,masc sing,loct | NOUN,inan,masc sing,nomn	false	3.87	248	WORDFREQ_RANKED	IN_POOL_REVIEW_REQUIRED	
предел	6	HARD	NOUN,inan,masc plur,ablt | NOUN,inan,masc plur,accs | NOUN,inan,masc plur,datv | NOUN,inan,masc plur,gent | NOUN,inan,masc plur,loct | NOUN,inan,masc plur,nomn | NOUN,inan,masc sing,ablt | NOUN,inan,masc sing,accs | NOUN,inan,masc sing,datv | NOUN,inan,masc sing,gent | NOUN,inan,masc sing,loct | NOUN,inan,masc sing,nomn	false	3.97	235	WORDFREQ_RANKED	IN_POOL_REVIEW_REQUIRED	
предлог	7	EXPERT	NOUN,inan,masc plur,ablt | NOUN,inan,masc plur,accs | NOUN,inan,masc plur,datv | NOUN,inan,masc plur,gent | NOUN,inan,masc plur,loct | NOUN,inan,masc plur,nomn | NOUN,inan,masc sing,ablt | NOUN,inan,masc sing,accs | NOUN,inan,masc sing,datv | NOUN,inan,masc sing,gent | NOUN,inan,masc sing,loct | NOUN,inan,masc sing,nomn	false	3.50	475	WORDFREQ_RANKED	IN_POOL_REVIEW_REQUIRED	
предмет	7	EXPERT	NOUN,inan,masc plur,ablt | NOUN,inan,masc plur,accs | NOUN,inan,masc plur,datv | NOUN,inan,masc plur,gent | NOUN,inan,masc plur,loct | NOUN,inan,masc plur,nomn | NOUN,inan,masc sing,ablt | NOUN,inan,masc sing,accs | NOUN,inan,masc sing,datv | NOUN,inan,masc sing,gent | NOUN,inan,masc sing,loct | NOUN,inan,masc sing,nomn	false	4.44	89	WORDFREQ_RANKED	IN_POOL_REVIEW_REQUIRED	
премия	6	HARD	NOUN,inan,femn plur,ablt | NOUN,inan,femn plur,accs | NOUN,inan,femn plur,datv | NOUN,inan,femn plur,gent | NOUN,inan,femn plur,loct | NOUN,inan,femn plur,nomn | NOUN,inan,femn sing,ablt | NOUN,inan,femn sing,ablt,V-ey | NOUN,inan,femn sing,accs | NOUN,inan,femn sing,datv | NOUN,inan,femn sing,gent | NOUN,inan,femn sing,loct | NOUN,inan,femn sing,nomn	false	4.07	201	WORDFREQ_RANKED	IN_POOL_REVIEW_REQUIRED	
премьер	7	EXPERT	NOUN,anim,masc plur,ablt | NOUN,anim,masc plur,accs | NOUN,anim,masc plur,datv | NOUN,anim,masc plur,gent | NOUN,anim,masc plur,loct | NOUN,anim,masc plur,nomn | NOUN,anim,masc sing,ablt | NOUN,anim,masc sing,accs | NOUN,anim,masc sing,datv | NOUN,anim,masc sing,gent | NOUN,anim,masc sing,loct | NOUN,anim,masc sing,nomn	false	4.90	21	WORDFREQ_RANKED	IN_POOL_REVIEW_REQUIRED	
пресса	6	HARD	NOUN,inan,femn plur,ablt | NOUN,inan,femn plur,accs | NOUN,inan,femn plur,datv | NOUN,inan,femn plur,gent | NOUN,inan,femn plur,loct | NOUN,inan,femn plur,nomn | NOUN,inan,femn sing,ablt | NOUN,inan,femn sing,ablt,V-oy | NOUN,inan,femn sing,accs | NOUN,inan,femn sing,datv | NOUN,inan,femn sing,gent | NOUN,inan,femn sing,loct | NOUN,inan,femn sing,nomn	false	4.13	178	WORDFREQ_RANKED	IN_POOL_REVIEW_REQUIRED	
престиж	7	EXPERT	NOUN,inan,masc plur,ablt | NOUN,inan,masc plur,accs | NOUN,inan,masc plur,datv | NOUN,inan,masc plur,gent | NOUN,inan,masc plur,loct | NOUN,inan,masc plur,nomn | NOUN,inan,masc sing,ablt | NOUN,inan,masc sing,accs | NOUN,inan,masc sing,datv | NOUN,inan,masc sing,gent | NOUN,inan,masc sing,loct | NOUN,inan,masc sing,nomn	false	3.55	446	WORDFREQ_RANKED	IN_POOL_REVIEW_REQUIRED	
престол	7	EXPERT	NOUN,inan,masc plur,ablt | NOUN,inan,masc plur,accs | NOUN,inan,masc plur,datv | NOUN,inan,masc plur,gent | NOUN,inan,masc plur,loct | NOUN,inan,masc plur,nomn | NOUN,inan,masc sing,ablt | NOUN,inan,masc sing,accs | NOUN,inan,masc sing,datv | NOUN,inan,masc sing,gent | NOUN,inan,masc sing,loct | NOUN,inan,masc sing,nomn	false	3.88	255	WORDFREQ_RANKED	IN_POOL_REVIEW_REQUIRED	
прибор	6	HARD	NOUN,inan,masc plur,ablt | NOUN,inan,masc plur,accs | NOUN,inan,masc plur,datv | NOUN,inan,masc plur,gent | NOUN,inan,masc plur,loct | NOUN,inan,masc plur,nomn | NOUN,inan,masc sing,ablt | NOUN,inan,masc sing,accs | NOUN,inan,masc sing,datv | NOUN,inan,masc sing,gent | NOUN,inan,masc sing,loct | NOUN,inan,masc sing,nomn	false	3.93	249	WORDFREQ_RANKED	IN_POOL_REVIEW_REQUIRED	
прибыль	7	EXPERT	NOUN,inan,femn plur,ablt | NOUN,inan,femn plur,accs | NOUN,inan,femn plur,datv | NOUN,inan,femn plur,gent | NOUN,inan,femn plur,loct | NOUN,inan,femn plur,nomn | NOUN,inan,femn sing,ablt | NOUN,inan,femn sing,accs | NOUN,inan,femn sing,datv | NOUN,inan,femn sing,gent | NOUN,inan,femn sing,loct | NOUN,inan,femn sing,nomn	false	4.43	92	WORDFREQ_RANKED	IN_POOL_REVIEW_REQUIRED	
привет	6	HARD	NOUN,inan,masc plur,ablt | NOUN,inan,masc plur,accs | NOUN,inan,masc plur,datv | NOUN,inan,masc plur,gent | NOUN,inan,masc plur,loct | NOUN,inan,masc plur,nomn | NOUN,inan,masc sing,ablt | NOUN,inan,masc sing,accs | NOUN,inan,masc sing,datv | NOUN,inan,masc sing,gent | NOUN,inan,masc sing,loct | NOUN,inan,masc sing,nomn	false	5.13	11	WORDFREQ_RANKED	IN_POOL_REVIEW_REQUIRED	
привод	6	HARD	NOUN,inan,masc plur,ablt | NOUN,inan,masc plur,accs | NOUN,inan,masc plur,datv | NOUN,inan,masc plur,gent | NOUN,inan,masc plur,loct | NOUN,inan,masc plur,nomn | NOUN,inan,masc sing,ablt | NOUN,inan,masc sing,accs | NOUN,inan,masc sing,datv | NOUN,inan,masc sing,gent | NOUN,inan,masc sing,loct | NOUN,inan,masc sing,nomn	false	3.75	337	WORDFREQ_RANKED	IN_POOL_REVIEW_REQUIRED	
приезд	6	HARD	NOUN,inan,masc plur,ablt | NOUN,inan,masc plur,accs | NOUN,inan,masc plur,datv | NOUN,inan,masc plur,gent | NOUN,inan,masc plur,loct | NOUN,inan,masc plur,nomn | NOUN,inan,masc sing,ablt | NOUN,inan,masc sing,accs | NOUN,inan,masc sing,datv | NOUN,inan,masc sing,gent | NOUN,inan,masc sing,loct | NOUN,inan,masc sing,nomn	false	3.63	429	WORDFREQ_RANKED	IN_POOL_REVIEW_REQUIRED	
прием	5	MEDIUM	NOUN,inan,masc plur,ablt | NOUN,inan,masc plur,accs | NOUN,inan,masc plur,datv | NOUN,inan,masc plur,gent | NOUN,inan,masc plur,loct | NOUN,inan,masc plur,nomn | NOUN,inan,masc sing,ablt | NOUN,inan,masc sing,accs | NOUN,inan,masc sing,datv | NOUN,inan,masc sing,gent | NOUN,inan,masc sing,loct | NOUN,inan,masc sing,nomn	false	4.58	75	TRUSTED_V1	TRUSTED	ALLOW
приз	4	EASY	NOUN,inan,masc plur,ablt | NOUN,inan,masc plur,accs | NOUN,inan,masc plur,datv | NOUN,inan,masc plur,gent | NOUN,inan,masc plur,loct | NOUN,inan,masc plur,nomn | NOUN,inan,masc sing,ablt | NOUN,inan,masc sing,accs | NOUN,inan,masc sing,datv | NOUN,inan,masc sing,gent | NOUN,inan,masc sing,loct | NOUN,inan,masc sing,nomn	false	4.38	118	WORDFREQ_RANKED	IN_POOL_REVIEW_REQUIRED	
призер	6	HARD	NOUN,anim,masc plur,ablt | NOUN,anim,masc plur,accs | NOUN,anim,masc plur,datv | NOUN,anim,masc plur,gent | NOUN,anim,masc plur,loct | NOUN,anim,masc plur,nomn | NOUN,anim,masc sing,ablt | NOUN,anim,masc sing,accs | NOUN,anim,masc sing,datv | NOUN,anim,masc sing,gent | NOUN,anim,masc sing,loct | NOUN,anim,masc sing,nomn	false	3.55	497	WORDFREQ_RANKED	IN_POOL_REVIEW_REQUIRED	
признак	7	EXPERT	NOUN,inan,masc plur,ablt | NOUN,inan,masc plur,accs | NOUN,inan,masc plur,datv | NOUN,inan,masc plur,gent | NOUN,inan,masc plur,loct | NOUN,inan,masc plur,nomn | NOUN,inan,masc sing,ablt | NOUN,inan,masc sing,accs | NOUN,inan,masc sing,datv | NOUN,inan,masc sing,gent | NOUN,inan,masc sing,loct | NOUN,inan,masc sing,nomn	false	4.07	195	WORDFREQ_RANKED	IN_POOL_REVIEW_REQUIRED	
призрак	7	EXPERT	NOUN,anim,masc plur,ablt | NOUN,anim,masc plur,accs | NOUN,anim,masc plur,datv | NOUN,anim,masc plur,gent | NOUN,anim,masc plur,loct | NOUN,anim,masc plur,nomn | NOUN,anim,masc sing,ablt | NOUN,anim,masc sing,accs | NOUN,anim,masc sing,datv | NOUN,anim,masc sing,gent | NOUN,anim,masc sing,loct | NOUN,anim,masc sing,nomn | NOUN,inan,masc plur,ablt | NOUN,inan,masc plur,accs | NOUN,inan,masc plur,datv | NOUN,inan,masc plur,gent | NOUN,inan,masc plur,loct | NOUN,inan,masc plur,nomn | NOUN,inan,masc sing,ablt | NOUN,inan,masc sing,accs | NOUN,inan,masc sing,datv | NOUN,inan,masc sing,gent | NOUN,inan,masc sing,loct | NOUN,inan,masc sing,nomn	false	4.03	210	WORDFREQ_RANKED	IN_POOL_REVIEW_REQUIRED	
призыв	6	HARD	NOUN,inan,masc plur,ablt | NOUN,inan,masc plur,accs | NOUN,inan,masc plur,datv | NOUN,inan,masc plur,gent | NOUN,inan,masc plur,loct | NOUN,inan,masc plur,nomn | NOUN,inan,masc sing,ablt | NOUN,inan,masc sing,accs | NOUN,inan,masc sing,datv | NOUN,inan,masc sing,gent | NOUN,inan,masc sing,loct | NOUN,inan,masc sing,nomn	false	4.10	188	WORDFREQ_RANKED	IN_POOL_REVIEW_REQUIRED	
приказ	6	HARD	NOUN,inan,masc plur,ablt | NOUN,inan,masc plur,accs | NOUN,inan,masc plur,datv | NOUN,inan,masc plur,gent | NOUN,inan,masc plur,loct | NOUN,inan,masc plur,nomn | NOUN,inan,masc sing,ablt | NOUN,inan,masc sing,accs | NOUN,inan,masc sing,datv | NOUN,inan,masc sing,gent | NOUN,inan,masc sing,loct | NOUN,inan,masc sing,nomn	false	4.66	63	WORDFREQ_RANKED	IN_POOL_REVIEW_REQUIRED	
пример	6	HARD	NOUN,inan,masc plur,ablt | NOUN,inan,masc plur,accs | NOUN,inan,masc plur,datv | NOUN,inan,masc plur,gent | NOUN,inan,masc plur,loct | NOUN,inan,masc plur,nomn | NOUN,inan,masc sing,ablt | NOUN,inan,masc sing,accs | NOUN,inan,masc sing,datv | NOUN,inan,masc sing,gent | NOUN,inan,masc sing,loct | NOUN,inan,masc sing,nomn	false	4.70	57	WORDFREQ_RANKED	IN_POOL_REVIEW_REQUIRED	
принцип	7	EXPERT	NOUN,inan,masc plur,ablt | NOUN,inan,masc plur,accs | NOUN,inan,masc plur,datv | NOUN,inan,masc plur,gent | NOUN,inan,masc plur,loct | NOUN,inan,masc plur,nomn | NOUN,inan,masc sing,ablt | NOUN,inan,masc sing,accs | NOUN,inan,masc sing,datv | NOUN,inan,masc sing,gent | NOUN,inan,masc sing,loct | NOUN,inan,masc sing,nomn	false	4.43	93	WORDFREQ_RANKED	IN_POOL_REVIEW_REQUIRED	
природа	7	EXPERT	NOUN,inan,femn plur,ablt | NOUN,inan,femn plur,accs | NOUN,inan,femn plur,datv | NOUN,inan,femn plur,gent | NOUN,inan,femn plur,loct | NOUN,inan,femn plur,nomn | NOUN,inan,femn sing,ablt | NOUN,inan,femn sing,ablt,V-oy | NOUN,inan,femn sing,accs | NOUN,inan,femn sing,datv | NOUN,inan,femn sing,gent | NOUN,inan,femn sing,loct | NOUN,inan,femn sing,nomn	false	4.42	94	MANUAL_ALLOW	IN_POOL_REVIEW_REQUIRED	ALLOW
прирост	7	EXPERT	NOUN,inan,masc plur,ablt | NOUN,inan,masc plur,accs | NOUN,inan,masc plur,datv | NOUN,inan,masc plur,gent | NOUN,inan,masc plur,loct | NOUN,inan,masc plur,nomn | NOUN,inan,masc sing,ablt | NOUN,inan,masc sing,accs | NOUN,inan,masc sing,datv | NOUN,inan,masc sing,gent | NOUN,inan,masc sing,loct | NOUN,inan,masc sing,nomn	false	3.97	227	WORDFREQ_RANKED	IN_POOL_REVIEW_REQUIRED	
приступ	7	EXPERT	NOUN,inan,masc plur,ablt | NOUN,inan,masc plur,accs | NOUN,inan,masc plur,datv | NOUN,inan,masc plur,gent | NOUN,inan,masc plur,loct | NOUN,inan,masc plur,nomn | NOUN,inan,masc sing,ablt | NOUN,inan,masc sing,accs | NOUN,inan,masc sing,datv | NOUN,inan,masc sing,gent | NOUN,inan,masc sing,loct | NOUN,inan,masc sing,nomn	false	3.77	319	WORDFREQ_RANKED	IN_POOL_REVIEW_REQUIRED	
приток	6	HARD	NOUN,inan,masc plur,ablt | NOUN,inan,masc plur,accs | NOUN,inan,masc plur,datv | NOUN,inan,masc plur,gent | NOUN,inan,masc plur,loct | NOUN,inan,masc plur,nomn | NOUN,inan,masc sing,ablt | NOUN,inan,masc sing,accs | NOUN,inan,masc sing,datv | NOUN,inan,masc sing,gent | NOUN,inan,masc sing,loct | NOUN,inan,masc sing,nomn	false	3.94	245	WORDFREQ_RANKED	IN_POOL_REVIEW_REQUIRED	
приход	6	HARD	NOUN,inan,masc plur,ablt | NOUN,inan,masc plur,accs | NOUN,inan,masc plur,datv | NOUN,inan,masc plur,gent | NOUN,inan,masc plur,loct | NOUN,inan,masc plur,nomn | NOUN,inan,masc sing,ablt | NOUN,inan,masc sing,accs | NOUN,inan,masc sing,datv | NOUN,inan,masc sing,gent | NOUN,inan,masc sing,loct | NOUN,inan,masc sing,nomn	false	3.88	272	WORDFREQ_RANKED	IN_POOL_REVIEW_REQUIRED	
прицел	6	HARD	NOUN,inan,masc plur,ablt | NOUN,inan,masc plur,accs | NOUN,inan,masc plur,datv | NOUN,inan,masc plur,gent | NOUN,inan,masc plur,loct | NOUN,inan,masc plur,nomn | NOUN,inan,masc sing,ablt | NOUN,inan,masc sing,accs | NOUN,inan,masc sing,datv | NOUN,inan,masc sing,gent | NOUN,inan,masc sing,loct | NOUN,inan,masc sing,nomn	false	3.56	487	WORDFREQ_RANKED	IN_POOL_REVIEW_REQUIRED	
причина	7	EXPERT	NOUN,inan,femn plur,ablt | NOUN,inan,femn plur,accs | NOUN,inan,femn plur,datv | NOUN,inan,femn plur,gent | NOUN,inan,femn plur,loct | NOUN,inan,femn plur,nomn | NOUN,inan,femn sing,ablt | NOUN,inan,femn sing,ablt,V-oy | NOUN,inan,femn sing,accs | NOUN,inan,femn sing,datv | NOUN,inan,femn sing,gent | NOUN,inan,femn sing,loct | NOUN,inan,femn sing,nomn	false	4.70	47	WORDFREQ_RANKED	IN_POOL_REVIEW_REQUIRED	
провал	6	HARD	NOUN,inan,masc plur,ablt | NOUN,inan,masc plur,accs | NOUN,inan,masc plur,datv | NOUN,inan,masc plur,gent | NOUN,inan,masc plur,loct | NOUN,inan,masc plur,nomn | NOUN,inan,masc sing,ablt | NOUN,inan,masc sing,accs | NOUN,inan,masc sing,datv | NOUN,inan,masc sing,gent | NOUN,inan,masc sing,loct | NOUN,inan,masc sing,nomn	false	3.99	228	WORDFREQ_RANKED	IN_POOL_REVIEW_REQUIRED	
прогноз	7	EXPERT	NOUN,inan,masc plur,ablt | NOUN,inan,masc plur,accs | NOUN,inan,masc plur,datv | NOUN,inan,masc plur,gent | NOUN,inan,masc plur,loct | NOUN,inan,masc plur,nomn | NOUN,inan,masc sing,ablt | NOUN,inan,masc sing,accs | NOUN,inan,masc sing,datv | NOUN,inan,masc sing,gent | NOUN,inan,masc sing,loct | NOUN,inan,masc sing,nomn	false	4.44	90	WORDFREQ_RANKED	IN_POOL_REVIEW_REQUIRED	
продажа	7	EXPERT	NOUN,inan,femn plur,ablt | NOUN,inan,femn plur,accs | NOUN,inan,femn plur,datv | NOUN,inan,femn plur,gent | NOUN,inan,femn plur,loct | NOUN,inan,femn plur,nomn | NOUN,inan,femn sing,ablt | NOUN,inan,femn sing,ablt,V-ey | NOUN,inan,femn sing,accs | NOUN,inan,femn sing,datv | NOUN,inan,femn sing,gent | NOUN,inan,femn sing,loct | NOUN,inan,femn sing,nomn	false	4.19	158	WORDFREQ_RANKED	IN_POOL_REVIEW_REQUIRED	
продукт	7	EXPERT	NOUN,inan,masc plur,ablt | NOUN,inan,masc plur,accs | NOUN,inan,masc plur,datv | NOUN,inan,masc plur,gent | NOUN,inan,masc plur,loct | NOUN,inan,masc plur,nomn | NOUN,inan,masc sing,ablt | NOUN,inan,masc sing,accs | NOUN,inan,masc sing,datv | NOUN,inan,masc sing,gent | NOUN,inan,masc sing,loct | NOUN,inan,masc sing,nomn	false	4.47	84	WORDFREQ_RANKED	IN_POOL_REVIEW_REQUIRED	
проезд	6	HARD	NOUN,inan,masc plur,ablt | NOUN,inan,masc plur,accs | NOUN,inan,masc plur,datv | NOUN,inan,masc plur,gent | NOUN,inan,masc plur,loct | NOUN,inan,masc plur,nomn | NOUN,inan,masc sing,ablt | NOUN,inan,masc sing,accs | NOUN,inan,masc sing,datv | NOUN,inan,masc sing,gent | NOUN,inan,masc sing,loct | NOUN,inan,masc sing,nomn	false	4.25	144	WORDFREQ_RANKED	IN_POOL_REVIEW_REQUIRED	
проект	6	HARD	NOUN,inan,masc plur,ablt | NOUN,inan,masc plur,accs | NOUN,inan,masc plur,datv | NOUN,inan,masc plur,gent | NOUN,inan,masc plur,loct | NOUN,inan,masc plur,nomn | NOUN,inan,masc sing,ablt | NOUN,inan,masc sing,accs | NOUN,inan,masc sing,datv | NOUN,inan,masc sing,gent | NOUN,inan,masc sing,loct | NOUN,inan,masc sing,nomn	false	5.12	12	WORDFREQ_RANKED	IN_POOL_REVIEW_REQUIRED	
прокат	6	HARD	NOUN,inan,masc plur,ablt | NOUN,inan,masc plur,accs | NOUN,inan,masc plur,datv | NOUN,inan,masc plur,gent | NOUN,inan,masc plur,loct | NOUN,inan,masc plur,nomn | NOUN,inan,masc sing,ablt | NOUN,inan,masc sing,accs | NOUN,inan,masc sing,datv | NOUN,inan,masc sing,gent | NOUN,inan,masc sing,loct | NOUN,inan,masc sing,nomn	false	4.08	196	WORDFREQ_RANKED	IN_POOL_REVIEW_REQUIRED	
пролив	6	HARD	NOUN,inan,masc plur,ablt | NOUN,inan,masc plur,accs | NOUN,inan,masc plur,datv | NOUN,inan,masc plur,gent | NOUN,inan,masc plur,loct | NOUN,inan,masc plur,nomn | NOUN,inan,masc sing,ablt | NOUN,inan,masc sing,accs | NOUN,inan,masc sing,datv | NOUN,inan,masc sing,gent | NOUN,inan,masc sing,loct | NOUN,inan,masc sing,nomn	false	3.74	343	WORDFREQ_RANKED	IN_POOL_REVIEW_REQUIRED	
пропуск	7	EXPERT	NOUN,inan,masc plur,ablt | NOUN,inan,masc plur,accs | NOUN,inan,masc plur,datv | NOUN,inan,masc plur,gent | NOUN,inan,masc plur,loct | NOUN,inan,masc plur,nomn | NOUN,inan,masc sing,ablt | NOUN,inan,masc sing,accs | NOUN,inan,masc sing,datv | NOUN,inan,masc sing,gent | NOUN,inan,masc sing,loct | NOUN,inan,masc sing,nomn	false	3.66	384	WORDFREQ_RANKED	IN_POOL_REVIEW_REQUIRED	
пророк	6	HARD	NOUN,anim,masc plur,ablt | NOUN,anim,masc plur,accs | NOUN,anim,masc plur,datv | NOUN,anim,masc plur,gent | NOUN,anim,masc plur,loct | NOUN,anim,masc plur,nomn | NOUN,anim,masc sing,ablt | NOUN,anim,masc sing,accs | NOUN,anim,masc sing,datv | NOUN,anim,masc sing,gent | NOUN,anim,masc sing,loct | NOUN,anim,masc sing,nomn	false	3.67	401	WORDFREQ_RANKED	IN_POOL_REVIEW_REQUIRED	
прорыв	6	HARD	NOUN,inan,masc plur,ablt | NOUN,inan,masc plur,accs | NOUN,inan,masc plur,datv | NOUN,inan,masc plur,gent | NOUN,inan,masc plur,loct | NOUN,inan,masc plur,nomn | NOUN,inan,masc sing,ablt | NOUN,inan,masc sing,accs | NOUN,inan,masc sing,datv | NOUN,inan,masc sing,gent | NOUN,inan,masc sing,loct | NOUN,inan,masc sing,nomn	false	4.00	225	WORDFREQ_RANKED	IN_POOL_REVIEW_REQUIRED	
просьба	7	EXPERT	NOUN,inan,femn plur,ablt | NOUN,inan,femn plur,accs | NOUN,inan,femn plur,datv | NOUN,inan,femn plur,gent | NOUN,inan,femn plur,loct | NOUN,inan,femn plur,nomn | NOUN,inan,femn sing,ablt | NOUN,inan,femn sing,ablt,V-oy | NOUN,inan,femn sing,accs | NOUN,inan,femn sing,datv | NOUN,inan,femn sing,gent | NOUN,inan,femn sing,loct | NOUN,inan,femn sing,nomn	false	4.11	183	WORDFREQ_RANKED	IN_POOL_REVIEW_REQUIRED	
протест	7	EXPERT	NOUN,inan,masc plur,ablt | NOUN,inan,masc plur,accs | NOUN,inan,masc plur,datv | NOUN,inan,masc plur,gent | NOUN,inan,masc plur,loct | NOUN,inan,masc plur,nomn | NOUN,inan,masc sing,ablt | NOUN,inan,masc sing,accs | NOUN,inan,masc sing,datv | NOUN,inan,masc sing,gent | NOUN,inan,masc sing,loct | NOUN,inan,masc sing,nomn	false	4.11	184	WORDFREQ_RANKED	IN_POOL_REVIEW_REQUIRED	
профиль	7	EXPERT	NOUN,inan,masc plur,ablt | NOUN,inan,masc plur,accs | NOUN,inan,masc plur,datv | NOUN,inan,masc plur,gent | NOUN,inan,masc plur,loct | NOUN,inan,masc plur,nomn | NOUN,inan,masc sing,ablt | NOUN,inan,masc sing,accs | NOUN,inan,masc sing,datv | NOUN,inan,masc sing,gent | NOUN,inan,masc sing,loct | NOUN,inan,masc sing,nomn	false	4.20	154	WORDFREQ_RANKED	IN_POOL_REVIEW_REQUIRED	
проход	6	HARD	NOUN,inan,masc plur,ablt | NOUN,inan,masc plur,accs | NOUN,inan,masc plur,datv | NOUN,inan,masc plur,gent | NOUN,inan,masc plur,loct | NOUN,inan,masc plur,nomn | NOUN,inan,masc sing,ablt | NOUN,inan,masc sing,accs | NOUN,inan,masc sing,datv | NOUN,inan,masc sing,gent | NOUN,inan,masc sing,loct | NOUN,inan,masc sing,nomn	false	3.93	250	WORDFREQ_RANKED	IN_POOL_REVIEW_REQUIRED	
процент	7	EXPERT	NOUN,inan,masc plur,ablt | NOUN,inan,masc plur,accs | NOUN,inan,masc plur,datv | NOUN,inan,masc plur,gent | NOUN,inan,masc plur,loct | NOUN,inan,masc plur,nomn | NOUN,inan,masc sing,ablt | NOUN,inan,masc sing,accs | NOUN,inan,masc sing,datv | NOUN,inan,masc sing,gent | NOUN,inan,masc sing,loct | NOUN,inan,masc sing,nomn	false	4.26	132	WORDFREQ_RANKED	IN_POOL_REVIEW_REQUIRED	
процесс	7	EXPERT	NOUN,inan,masc plur,ablt | NOUN,inan,masc plur,accs | NOUN,inan,masc plur,datv | NOUN,inan,masc plur,gent | NOUN,inan,masc plur,loct | NOUN,inan,masc plur,nomn | NOUN,inan,masc sing,ablt | NOUN,inan,masc sing,accs | NOUN,inan,masc sing,datv | NOUN,inan,masc sing,gent | NOUN,inan,masc sing,loct | NOUN,inan,masc sing,nomn	false	5.03	15	WORDFREQ_RANKED	IN_POOL_REVIEW_REQUIRED	
прошлое	7	EXPERT	NOUN,inan,neut plur,ablt | NOUN,inan,neut plur,accs | NOUN,inan,neut plur,datv | NOUN,inan,neut plur,gent | NOUN,inan,neut plur,loct | NOUN,inan,neut plur,nomn | NOUN,inan,neut sing,ablt | NOUN,inan,neut sing,accs | NOUN,inan,neut sing,datv | NOUN,inan,neut sing,gent | NOUN,inan,neut sing,loct | NOUN,inan,neut sing,nomn	false	4.53	75	WORDFREQ_RANKED	IN_POOL_REVIEW_REQUIRED	
пруд	4	EASY	NOUN,inan,masc plur,ablt | NOUN,inan,masc plur,accs | NOUN,inan,masc plur,datv | NOUN,inan,masc plur,gent | NOUN,inan,masc plur,loct | NOUN,inan,masc plur,nomn | NOUN,inan,masc sing,ablt | NOUN,inan,masc sing,accs | NOUN,inan,masc sing,datv | NOUN,inan,masc sing,gent | NOUN,inan,masc sing,loc2 | NOUN,inan,masc sing,loct | NOUN,inan,masc sing,nomn	false	3.70	301	WORDFREQ_RANKED	IN_POOL_REVIEW_REQUIRED	
прут	4	EASY	NOUN,inan,masc plur,ablt | NOUN,inan,masc plur,accs | NOUN,inan,masc plur,datv | NOUN,inan,masc plur,gent | NOUN,inan,masc plur,loct | NOUN,inan,masc plur,nomn | NOUN,inan,masc sing,ablt | NOUN,inan,masc sing,accs | NOUN,inan,masc sing,datv | NOUN,inan,masc sing,gent | NOUN,inan,masc sing,loct | NOUN,inan,masc sing,nomn	false	3.30	503	WORDFREQ_RANKED	IN_POOL_REVIEW_REQUIRED	
прыжок	6	HARD	NOUN,inan,masc plur,ablt | NOUN,inan,masc plur,accs | NOUN,inan,masc plur,datv | NOUN,inan,masc plur,gent | NOUN,inan,masc plur,loct | NOUN,inan,masc plur,nomn | NOUN,inan,masc sing,ablt | NOUN,inan,masc sing,accs | NOUN,inan,masc sing,datv | NOUN,inan,masc sing,gent | NOUN,inan,masc sing,loct | NOUN,inan,masc sing,nomn	false	3.86	279	WORDFREQ_RANKED	IN_POOL_REVIEW_REQUIRED	
псих	4	EASY	NOUN,anim,masc plur,ablt | NOUN,anim,masc plur,accs | NOUN,anim,masc plur,datv | NOUN,anim,masc plur,gent | NOUN,anim,masc plur,loct | NOUN,anim,masc plur,nomn | NOUN,anim,masc sing,ablt | NOUN,anim,masc sing,accs | NOUN,anim,masc sing,datv | NOUN,anim,masc sing,gent | NOUN,anim,masc sing,loct | NOUN,anim,masc sing,nomn	false	3.61	334	WORDFREQ_RANKED	IN_POOL_REVIEW_REQUIRED	
птица	5	MEDIUM	NOUN,anim,femn plur,ablt | NOUN,anim,femn plur,accs | NOUN,anim,femn plur,datv | NOUN,anim,femn plur,gent | NOUN,anim,femn plur,loct | NOUN,anim,femn plur,nomn | NOUN,anim,femn sing,ablt | NOUN,anim,femn sing,ablt,V-ey | NOUN,anim,femn sing,accs | NOUN,anim,femn sing,datv | NOUN,anim,femn sing,gent | NOUN,anim,femn sing,loct | NOUN,anim,femn sing,nomn	false	4.34	137	TRUSTED_V1	TRUSTED	ALLOW
птичка	6	HARD	NOUN,anim,femn plur,ablt | NOUN,anim,femn plur,accs | NOUN,anim,femn plur,datv | NOUN,anim,femn plur,gent | NOUN,anim,femn plur,loct | NOUN,anim,femn plur,nomn | NOUN,anim,femn sing,ablt | NOUN,anim,femn sing,ablt,V-oy | NOUN,anim,femn sing,accs | NOUN,anim,femn sing,datv | NOUN,anim,femn sing,gent | NOUN,anim,femn sing,loct | NOUN,anim,femn sing,nomn | NOUN,inan,femn plur,ablt | NOUN,inan,femn plur,accs | NOUN,inan,femn plur,datv | NOUN,inan,femn plur,gent | NOUN,inan,femn plur,loct | NOUN,inan,femn plur,nomn | NOUN,inan,femn sing,ablt | NOUN,inan,femn sing,ablt,V-oy | NOUN,inan,femn sing,accs | NOUN,inan,femn sing,datv | NOUN,inan,femn sing,gent | NOUN,inan,femn sing,loct | NOUN,inan,femn sing,nomn	false	3.55	498	WORDFREQ_RANKED	IN_POOL_REVIEW_REQUIRED	
публика	7	EXPERT	NOUN,inan,femn plur,ablt | NOUN,inan,femn plur,accs | NOUN,inan,femn plur,datv | NOUN,inan,femn plur,gent | NOUN,inan,femn plur,loct | NOUN,inan,femn plur,nomn | NOUN,inan,femn sing,ablt | NOUN,inan,femn sing,ablt,V-oy | NOUN,inan,femn sing,accs | NOUN,inan,femn sing,datv | NOUN,inan,femn sing,gent | NOUN,inan,femn sing,loct | NOUN,inan,femn sing,nomn	false	3.95	231	WORDFREQ_RANKED	IN_POOL_REVIEW_REQUIRED	
пудра	5	MEDIUM	NOUN,inan,femn plur,ablt | NOUN,inan,femn plur,accs | NOUN,inan,femn plur,datv | NOUN,inan,femn plur,gent | NOUN,inan,femn plur,loct | NOUN,inan,femn plur,nomn | NOUN,inan,femn sing,ablt | NOUN,inan,femn sing,ablt,V-oy | NOUN,inan,femn sing,accs | NOUN,inan,femn sing,datv | NOUN,inan,femn sing,gent | NOUN,inan,femn sing,loct | NOUN,inan,femn sing,nomn	false	2.86	1224	TRUSTED_V1	TRUSTED	ALLOW
пузырь	6	HARD	NOUN,anim,masc plur,ablt | NOUN,anim,masc plur,accs | NOUN,anim,masc plur,datv | NOUN,anim,masc plur,gent | NOUN,anim,masc plur,loct | NOUN,anim,masc plur,nomn | NOUN,anim,masc sing,ablt | NOUN,anim,masc sing,accs | NOUN,anim,masc sing,datv | NOUN,anim,masc sing,gent | NOUN,anim,masc sing,loct | NOUN,anim,masc sing,nomn | NOUN,inan,masc plur,ablt | NOUN,inan,masc plur,accs | NOUN,inan,masc plur,datv | NOUN,inan,masc plur,gent | NOUN,inan,masc plur,loct | NOUN,inan,masc plur,nomn | NOUN,inan,masc sing,ablt | NOUN,inan,masc sing,accs | NOUN,inan,masc sing,datv | NOUN,inan,masc sing,gent | NOUN,inan,masc sing,loct | NOUN,inan,masc sing,nomn	false	3.59	464	WORDFREQ_RANKED	IN_POOL_REVIEW_REQUIRED	
пуля	4	EASY	NOUN,inan,femn plur,ablt | NOUN,inan,femn plur,accs | NOUN,inan,femn plur,datv | NOUN,inan,femn plur,gent | NOUN,inan,femn plur,loct | NOUN,inan,femn plur,nomn | NOUN,inan,femn sing,ablt | NOUN,inan,femn sing,ablt,V-ey | NOUN,inan,femn sing,accs | NOUN,inan,femn sing,datv | NOUN,inan,femn sing,gent | NOUN,inan,femn sing,loct | NOUN,inan,femn sing,nomn	false	3.86	253	WORDFREQ_RANKED	IN_POOL_REVIEW_REQUIRED	
пункт	5	MEDIUM	NOUN,inan,masc plur,ablt | NOUN,inan,masc plur,accs | NOUN,inan,masc plur,datv | NOUN,inan,masc plur,gent | NOUN,inan,masc plur,loct | NOUN,inan,masc plur,nomn | NOUN,inan,masc sing,ablt | NOUN,inan,masc sing,accs | NOUN,inan,masc sing,datv | NOUN,inan,masc sing,gent | NOUN,inan,masc sing,loct | NOUN,inan,masc sing,nomn	false	4.57	77	TRUSTED_V1	TRUSTED	ALLOW
пуск	4	EASY	NOUN,inan,masc plur,ablt | NOUN,inan,masc plur,accs | NOUN,inan,masc plur,datv | NOUN,inan,masc plur,gent | NOUN,inan,masc plur,loct | NOUN,inan,masc plur,nomn | NOUN,inan,masc sing,ablt | NOUN,inan,masc sing,accs | NOUN,inan,masc sing,datv | NOUN,inan,masc sing,gent | NOUN,inan,masc sing,loct | NOUN,inan,masc sing,nomn	false	3.66	317	WORDFREQ_RANKED	IN_POOL_REVIEW_REQUIRED	
пустота	7	EXPERT	NOUN,inan,femn plur,ablt | NOUN,inan,femn plur,accs | NOUN,inan,femn plur,datv | NOUN,inan,femn plur,gent | NOUN,inan,femn plur,loct | NOUN,inan,femn plur,nomn | NOUN,inan,femn sing,ablt | NOUN,inan,femn sing,ablt,V-oy | NOUN,inan,femn sing,accs | NOUN,inan,femn sing,datv | NOUN,inan,femn sing,gent | NOUN,inan,femn sing,loct | NOUN,inan,femn sing,nomn	false	3.66	385	WORDFREQ_RANKED	IN_POOL_REVIEW_REQUIRED	
пустыня	7	EXPERT	NOUN,inan,femn plur,ablt | NOUN,inan,femn plur,accs | NOUN,inan,femn plur,datv | NOUN,inan,femn plur,gent | NOUN,inan,femn plur,loct | NOUN,inan,femn plur,nomn | NOUN,inan,femn sing,ablt | NOUN,inan,femn sing,ablt,V-ey | NOUN,inan,femn sing,accs | NOUN,inan,femn sing,datv | NOUN,inan,femn sing,gent | NOUN,inan,femn sing,loct | NOUN,inan,femn sing,nomn	false	3.56	440	WORDFREQ_RANKED	IN_POOL_REVIEW_REQUIRED	
путь	4	EASY	NOUN,inan,masc plur,ablt | NOUN,inan,masc plur,accs | NOUN,inan,masc plur,datv | NOUN,inan,masc plur,gent | NOUN,inan,masc plur,loct | NOUN,inan,masc plur,nomn | NOUN,inan,masc sing,ablt | NOUN,inan,masc sing,accs | NOUN,inan,masc sing,datv | NOUN,inan,masc sing,gent | NOUN,inan,masc sing,loct | NOUN,inan,masc sing,nomn	false	5.13	12	WORDFREQ_RANKED	IN_POOL_REVIEW_REQUIRED	
пушка	5	MEDIUM	NOUN,inan,femn plur,ablt | NOUN,inan,femn plur,accs | NOUN,inan,femn plur,datv | NOUN,inan,femn plur,gent | NOUN,inan,femn plur,loct | NOUN,inan,femn plur,nomn | NOUN,inan,femn sing,ablt | NOUN,inan,femn sing,ablt,V-oy | NOUN,inan,femn sing,accs | NOUN,inan,femn sing,datv | NOUN,inan,femn sing,gent | NOUN,inan,femn sing,loct | NOUN,inan,femn sing,nomn	false	3.83	352	TRUSTED_V1	TRUSTED	ALLOW
пчела	5	MEDIUM	NOUN,anim,femn plur,ablt | NOUN,anim,femn plur,accs | NOUN,anim,femn plur,datv | NOUN,anim,femn plur,gent | NOUN,anim,femn plur,loct | NOUN,anim,femn plur,nomn | NOUN,anim,femn sing,ablt | NOUN,anim,femn sing,ablt,V-oy | NOUN,anim,femn sing,accs | NOUN,anim,femn sing,datv | NOUN,anim,femn sing,gent | NOUN,anim,femn sing,loct | NOUN,anim,femn sing,nomn	false	3.47	589	TRUSTED_V1	TRUSTED	ALLOW
пыль	4	EASY	NOUN,inan,femn,Sgtm sing,ablt | NOUN,inan,femn,Sgtm sing,accs | NOUN,inan,femn,Sgtm sing,datv | NOUN,inan,femn,Sgtm sing,gent | NOUN,inan,femn,Sgtm sing,loct | NOUN,inan,femn,Sgtm sing,nomn	false	4.11	173	WORDFREQ_RANKED	IN_POOL_REVIEW_REQUIRED	
пьяный	6	HARD	NOUN,anim,masc plur,ablt | NOUN,anim,masc plur,accs | NOUN,anim,masc plur,datv | NOUN,anim,masc plur,gent | NOUN,anim,masc plur,loct | NOUN,anim,masc plur,nomn | NOUN,anim,masc sing,ablt | NOUN,anim,masc sing,accs | NOUN,anim,masc sing,datv | NOUN,anim,masc sing,gent | NOUN,anim,masc sing,loct | NOUN,anim,masc sing,nomn	false	4.01	221	WORDFREQ_RANKED	IN_POOL_REVIEW_REQUIRED	
пюре	4	EASY	NOUN,inan,neut,Fixd plur,ablt | NOUN,inan,neut,Fixd plur,accs | NOUN,inan,neut,Fixd plur,datv | NOUN,inan,neut,Fixd plur,gent | NOUN,inan,neut,Fixd plur,loct | NOUN,inan,neut,Fixd plur,nomn | NOUN,inan,neut,Fixd sing,ablt | NOUN,inan,neut,Fixd sing,accs | NOUN,inan,neut,Fixd sing,datv | NOUN,inan,neut,Fixd sing,gent | NOUN,inan,neut,Fixd sing,loct | NOUN,inan,neut,Fixd sing,nomn	false	3.61	335	WORDFREQ_RANKED	IN_POOL_REVIEW_REQUIRED	
пятка	5	MEDIUM	NOUN,inan,femn plur,ablt | NOUN,inan,femn plur,accs | NOUN,inan,femn plur,datv | NOUN,inan,femn plur,gent | NOUN,inan,femn plur,loct | NOUN,inan,femn plur,nomn | NOUN,inan,femn sing,ablt | NOUN,inan,femn sing,ablt,V-oy | NOUN,inan,femn sing,accs | NOUN,inan,femn sing,datv | NOUN,inan,femn sing,gent | NOUN,inan,femn sing,loct | NOUN,inan,femn sing,nomn	false	2.67	1463	TRUSTED_V1	TRUSTED	ALLOW
пятница	7	EXPERT	NOUN,inan,femn plur,ablt | NOUN,inan,femn plur,accs | NOUN,inan,femn plur,datv | NOUN,inan,femn plur,gent | NOUN,inan,femn plur,loct | NOUN,inan,femn plur,nomn | NOUN,inan,femn sing,ablt | NOUN,inan,femn sing,ablt,V-ey | NOUN,inan,femn sing,accs | NOUN,inan,femn sing,datv | NOUN,inan,femn sing,gent | NOUN,inan,femn sing,loct | NOUN,inan,femn sing,nomn	false	3.94	234	WORDFREQ_RANKED	IN_POOL_REVIEW_REQUIRED	
работа	6	HARD	NOUN,inan,femn plur,ablt | NOUN,inan,femn plur,accs | NOUN,inan,femn plur,datv | NOUN,inan,femn plur,gent | NOUN,inan,femn plur,loct | NOUN,inan,femn plur,nomn | NOUN,inan,femn sing,ablt | NOUN,inan,femn sing,ablt,V-oy | NOUN,inan,femn sing,accs | NOUN,inan,femn sing,datv | NOUN,inan,femn sing,gent | NOUN,inan,femn sing,loct | NOUN,inan,femn sing,nomn	false	5.33	4	MANUAL_ALLOW	IN_POOL_REVIEW_REQUIRED	ALLOW
рабочий	7	EXPERT	NOUN,anim,masc plur,ablt | NOUN,anim,masc plur,accs | NOUN,anim,masc plur,datv | NOUN,anim,masc plur,gent | NOUN,anim,masc plur,loct | NOUN,anim,masc plur,nomn | NOUN,anim,masc sing,ablt | NOUN,anim,masc sing,accs | NOUN,anim,masc sing,datv | NOUN,anim,masc sing,gent | NOUN,anim,masc sing,loct | NOUN,anim,masc sing,nomn	false	4.64	56	WORDFREQ_RANKED	IN_POOL_REVIEW_REQUIRED	
рабство	7	EXPERT	NOUN,inan,neut plur,ablt | NOUN,inan,neut plur,accs | NOUN,inan,neut plur,datv | NOUN,inan,neut plur,gent | NOUN,inan,neut plur,loct | NOUN,inan,neut plur,nomn | NOUN,inan,neut sing,ablt | NOUN,inan,neut sing,accs | NOUN,inan,neut sing,datv | NOUN,inan,neut sing,gent | NOUN,inan,neut sing,loct | NOUN,inan,neut sing,nomn	false	3.82	291	WORDFREQ_RANKED	IN_POOL_REVIEW_REQUIRED	
рагу	4	EASY	NOUN,inan,neut,Fixd plur,ablt | NOUN,inan,neut,Fixd plur,accs | NOUN,inan,neut,Fixd plur,datv | NOUN,inan,neut,Fixd plur,gent | NOUN,inan,neut,Fixd plur,loct | NOUN,inan,neut,Fixd plur,nomn | NOUN,inan,neut,Fixd sing,ablt | NOUN,inan,neut,Fixd sing,accs | NOUN,inan,neut,Fixd sing,datv | NOUN,inan,neut,Fixd sing,gent | NOUN,inan,neut,Fixd sing,loct | NOUN,inan,neut,Fixd sing,nomn	false	3.27	519	WORDFREQ_RANKED	IN_POOL_REVIEW_REQUIRED	
радио	5	MEDIUM	NOUN,inan,neut,Fixd plur,ablt | NOUN,inan,neut,Fixd plur,accs | NOUN,inan,neut,Fixd plur,datv | NOUN,inan,neut,Fixd plur,gent | NOUN,inan,neut,Fixd plur,loct | NOUN,inan,neut,Fixd plur,nomn | NOUN,inan,neut,Fixd sing,ablt | NOUN,inan,neut,Fixd sing,accs | NOUN,inan,neut,Fixd sing,datv | NOUN,inan,neut,Fixd sing,gent | NOUN,inan,neut,Fixd sing,loct | NOUN,inan,neut,Fixd sing,nomn	false	4.76	49	TRUSTED_V1	TRUSTED	ALLOW
радиус	6	HARD	NOUN,inan,masc plur,ablt | NOUN,inan,masc plur,accs | NOUN,inan,masc plur,datv | NOUN,inan,masc plur,gent | NOUN,inan,masc plur,loct | NOUN,inan,masc plur,nomn | NOUN,inan,masc sing,ablt | NOUN,inan,masc sing,accs | NOUN,inan,masc sing,datv | NOUN,inan,masc sing,gent | NOUN,inan,masc sing,loct | NOUN,inan,masc sing,nomn	false	3.82	298	WORDFREQ_RANKED	IN_POOL_REVIEW_REQUIRED	
радость	7	EXPERT	NOUN,inan,femn plur,ablt | NOUN,inan,femn plur,accs | NOUN,inan,femn plur,datv | NOUN,inan,femn plur,gent | NOUN,inan,femn plur,loct | NOUN,inan,femn plur,nomn | NOUN,inan,femn sing,ablt | NOUN,inan,femn sing,accs | NOUN,inan,femn sing,datv | NOUN,inan,femn sing,gent | NOUN,inan,femn sing,loct | NOUN,inan,femn sing,nomn	false	4.51	79	WORDFREQ_RANKED	IN_POOL_REVIEW_REQUIRED	
радуга	6	HARD	NOUN,inan,femn plur,ablt | NOUN,inan,femn plur,accs | NOUN,inan,femn plur,datv | NOUN,inan,femn plur,gent | NOUN,inan,femn plur,loct | NOUN,inan,femn plur,nomn | NOUN,inan,femn sing,ablt | NOUN,inan,femn sing,ablt,V-oy | NOUN,inan,femn sing,accs | NOUN,inan,femn sing,datv | NOUN,inan,femn sing,gent | NOUN,inan,femn sing,loct | NOUN,inan,femn sing,nomn	false	3.69	384	WORDFREQ_RANKED	IN_POOL_REVIEW_REQUIRED	
разбор	6	HARD	NOUN,inan,masc plur,ablt | NOUN,inan,masc plur,accs | NOUN,inan,masc plur,datv | NOUN,inan,masc plur,gent | NOUN,inan,masc plur,loct | NOUN,inan,masc plur,nomn | NOUN,inan,masc sing,ablt | NOUN,inan,masc sing,accs | NOUN,inan,masc sing,datv | NOUN,inan,masc sing,gent | NOUN,inan,masc sing,loct | NOUN,inan,masc sing,nomn	false	3.68	391	WORDFREQ_RANKED	IN_POOL_REVIEW_REQUIRED	
развод	6	HARD	NOUN,inan,masc plur,ablt | NOUN,inan,masc plur,accs | NOUN,inan,masc plur,datv | NOUN,inan,masc plur,gent | NOUN,inan,masc plur,loct | NOUN,inan,masc plur,nomn | NOUN,inan,masc sing,ablt | NOUN,inan,masc sing,accs | NOUN,inan,masc sing,datv | NOUN,inan,masc sing,gent | NOUN,inan,masc sing,loct | NOUN,inan,masc sing,nomn	false	3.96	238	WORDFREQ_RANKED	IN_POOL_REVIEW_REQUIRED	
разгар	6	HARD	NOUN,inan,masc plur,ablt | NOUN,inan,masc plur,accs | NOUN,inan,masc plur,datv | NOUN,inan,masc plur,gent | NOUN,inan,masc plur,loct | NOUN,inan,masc plur,nomn | NOUN,inan,masc sing,ablt | NOUN,inan,masc sing,accs | NOUN,inan,masc sing,datv | NOUN,inan,masc sing,gent | NOUN,inan,masc sing,loct | NOUN,inan,masc sing,nomn	false	3.79	317	WORDFREQ_RANKED	IN_POOL_REVIEW_REQUIRED	
разгром	7	EXPERT	NOUN,inan,masc plur,ablt | NOUN,inan,masc plur,accs | NOUN,inan,masc plur,datv | NOUN,inan,masc plur,gent | NOUN,inan,masc plur,loct | NOUN,inan,masc plur,nomn | NOUN,inan,masc sing,ablt | NOUN,inan,masc sing,accs | NOUN,inan,masc sing,datv | NOUN,inan,masc sing,gent | NOUN,inan,masc sing,loct | NOUN,inan,masc sing,nomn	false	3.67	377	WORDFREQ_RANKED	IN_POOL_REVIEW_REQUIRED	
раздел	6	HARD	NOUN,inan,masc plur,ablt | NOUN,inan,masc plur,accs | NOUN,inan,masc plur,datv | NOUN,inan,masc plur,gent | NOUN,inan,masc plur,loct | NOUN,inan,masc plur,nomn | NOUN,inan,masc sing,ablt | NOUN,inan,masc sing,accs | NOUN,inan,masc sing,datv | NOUN,inan,masc sing,gent | NOUN,inan,masc sing,loct | NOUN,inan,masc sing,nomn	false	4.28	130	WORDFREQ_RANKED	IN_POOL_REVIEW_REQUIRED	
размах	6	HARD	NOUN,inan,masc plur,ablt | NOUN,inan,masc plur,accs | NOUN,inan,masc plur,datv | NOUN,inan,masc plur,gent | NOUN,inan,masc plur,loct | NOUN,inan,masc plur,nomn | NOUN,inan,masc sing,ablt | NOUN,inan,masc sing,accs | NOUN,inan,masc sing,datv | NOUN,inan,masc sing,gent | NOUN,inan,masc sing,loct | NOUN,inan,masc sing,nomn	false	3.70	378	WORDFREQ_RANKED	IN_POOL_REVIEW_REQUIRED	
размер	6	HARD	NOUN,inan,masc plur,ablt | NOUN,inan,masc plur,accs | NOUN,inan,masc plur,datv | NOUN,inan,masc plur,gent | NOUN,inan,masc plur,loct | NOUN,inan,masc plur,nomn | NOUN,inan,masc sing,ablt | NOUN,inan,masc sing,accs | NOUN,inan,masc sing,datv | NOUN,inan,masc sing,gent | NOUN,inan,masc sing,loct | NOUN,inan,masc sing,nomn	false	4.77	46	WORDFREQ_RANKED	IN_POOL_REVIEW_REQUIRED	
разница	7	EXPERT	NOUN,inan,femn plur,ablt | NOUN,inan,femn plur,accs | NOUN,inan,femn plur,datv | NOUN,inan,femn plur,gent | NOUN,inan,femn plur,loct | NOUN,inan,femn plur,nomn | NOUN,inan,femn sing,ablt | NOUN,inan,femn sing,ablt,V-ey | NOUN,inan,femn sing,accs | NOUN,inan,femn sing,datv | NOUN,inan,femn sing,gent | NOUN,inan,femn sing,loct | NOUN,inan,femn sing,nomn	false	4.65	53	WORDFREQ_RANKED	IN_POOL_REVIEW_REQUIRED	
разрыв	6	HARD	NOUN,inan,masc plur,ablt | NOUN,inan,masc plur,accs | NOUN,inan,masc plur,datv | NOUN,inan,masc plur,gent | NOUN,inan,masc plur,loct | NOUN,inan,masc plur,nomn | NOUN,inan,masc sing,ablt | NOUN,inan,masc sing,accs | NOUN,inan,masc sing,datv | NOUN,inan,masc sing,gent | NOUN,inan,masc sing,loct | NOUN,inan,masc sing,nomn	false	4.18	161	WORDFREQ_RANKED	IN_POOL_REVIEW_REQUIRED	
разряд	6	HARD	NOUN,inan,masc plur,ablt | NOUN,inan,masc plur,accs | NOUN,inan,masc plur,datv | NOUN,inan,masc plur,gent | NOUN,inan,masc plur,loct | NOUN,inan,masc plur,nomn | NOUN,inan,masc sing,ablt | NOUN,inan,masc sing,accs | NOUN,inan,masc sing,datv | NOUN,inan,masc sing,gent | NOUN,inan,masc sing,loct | NOUN,inan,masc sing,nomn	false	3.95	242	WORDFREQ_RANKED	IN_POOL_REVIEW_REQUIRED	
разум	5	MEDIUM	NOUN,inan,masc plur,ablt | NOUN,inan,masc plur,accs | NOUN,inan,masc plur,datv | NOUN,inan,masc plur,gent | NOUN,inan,masc plur,loct | NOUN,inan,masc plur,nomn | NOUN,inan,masc sing,ablt | NOUN,inan,masc sing,accs | NOUN,inan,masc sing,datv | NOUN,inan,masc sing,gent | NOUN,inan,masc sing,loct | NOUN,inan,masc sing,nomn	false	4.28	153	TRUSTED_V1	TRUSTED	ALLOW
ракета	6	HARD	NOUN,inan,femn plur,ablt | NOUN,inan,femn plur,accs | NOUN,inan,femn plur,datv | NOUN,inan,femn plur,gent | NOUN,inan,femn plur,loct | NOUN,inan,femn plur,nomn | NOUN,inan,femn sing,ablt | NOUN,inan,femn sing,ablt,V-oy | NOUN,inan,femn sing,accs | NOUN,inan,femn sing,datv | NOUN,inan,femn sing,gent | NOUN,inan,femn sing,loct | NOUN,inan,femn sing,nomn	false	4.09	191	WORDFREQ_RANKED	IN_POOL_REVIEW_REQUIRED	
рама	4	EASY	NOUN,inan,femn plur,ablt | NOUN,inan,femn plur,accs | NOUN,inan,femn plur,datv | NOUN,inan,femn plur,gent | NOUN,inan,femn plur,loct | NOUN,inan,femn plur,nomn | NOUN,inan,femn sing,ablt | NOUN,inan,femn sing,ablt,V-oy | NOUN,inan,femn sing,accs | NOUN,inan,femn sing,datv | NOUN,inan,femn sing,gent | NOUN,inan,femn sing,loct | NOUN,inan,femn sing,nomn	false	3.42	421	WORDFREQ_RANKED	IN_POOL_REVIEW_REQUIRED	
рамка	5	MEDIUM	NOUN,inan,femn plur,ablt | NOUN,inan,femn plur,accs | NOUN,inan,femn plur,datv | NOUN,inan,femn plur,gent | NOUN,inan,femn plur,loct | NOUN,inan,femn plur,nomn | NOUN,inan,femn sing,ablt | NOUN,inan,femn sing,ablt,V-oy | NOUN,inan,femn sing,accs | NOUN,inan,femn sing,datv | NOUN,inan,femn sing,gent | NOUN,inan,femn sing,loct | NOUN,inan,femn sing,nomn	false	3.10	940	TRUSTED_V1	TRUSTED	ALLOW
рана	4	EASY	NOUN,inan,femn plur,ablt | NOUN,inan,femn plur,accs | NOUN,inan,femn plur,datv | NOUN,inan,femn plur,gent | NOUN,inan,femn plur,loct | NOUN,inan,femn plur,nomn | NOUN,inan,femn sing,ablt | NOUN,inan,femn sing,ablt,V-oy | NOUN,inan,femn sing,accs | NOUN,inan,femn sing,datv | NOUN,inan,femn sing,gent | NOUN,inan,femn sing,loct | NOUN,inan,femn sing,nomn	false	3.68	309	WORDFREQ_RANKED	IN_POOL_REVIEW_REQUIRED	
ранг	4	EASY	NOUN,inan,masc plur,ablt | NOUN,inan,masc plur,accs | NOUN,inan,masc plur,datv | NOUN,inan,masc plur,gent | NOUN,inan,masc plur,loct | NOUN,inan,masc plur,nomn | NOUN,inan,masc sing,ablt | NOUN,inan,masc sing,accs | NOUN,inan,masc sing,datv | NOUN,inan,masc sing,gent | NOUN,inan,masc sing,loct | NOUN,inan,masc sing,nomn	false	3.51	377	WORDFREQ_RANKED	IN_POOL_REVIEW_REQUIRED	
ранение	7	EXPERT	NOUN,inan,neut plur,ablt | NOUN,inan,neut plur,ablt,V-be | NOUN,inan,neut plur,accs | NOUN,inan,neut plur,accs,V-be | NOUN,inan,neut plur,datv | NOUN,inan,neut plur,datv,V-be | NOUN,inan,neut plur,gent | NOUN,inan,neut plur,loct | NOUN,inan,neut plur,loct,V-be | NOUN,inan,neut plur,nomn | NOUN,inan,neut plur,nomn,V-be | NOUN,inan,neut sing,ablt | NOUN,inan,neut sing,ablt,V-be | NOUN,inan,neut sing,accs | NOUN,inan,neut sing,accs,V-be | NOUN,inan,neut sing,datv | NOUN,inan,neut sing,datv,V-be | NOUN,inan,neut sing,gent | NOUN,inan,neut sing,gent,V-be | NOUN,inan,neut sing,loct | NOUN,inan,neut sing,loct,V-be | NOUN,inan,neut sing,loct,V-be,V-bi | NOUN,inan,neut sing,nomn | NOUN,inan,neut sing,nomn,V-be	false	3.94	235	WORDFREQ_RANKED	IN_POOL_REVIEW_REQUIRED	
рапорт	6	HARD	NOUN,inan,masc plur,ablt | NOUN,inan,masc plur,accs | NOUN,inan,masc plur,accs,Infr | NOUN,inan,masc plur,datv | NOUN,inan,masc plur,gent | NOUN,inan,masc plur,loct | NOUN,inan,masc plur,nomn | NOUN,inan,masc plur,nomn,Infr | NOUN,inan,masc sing,ablt | NOUN,inan,masc sing,accs | NOUN,inan,masc sing,datv | NOUN,inan,masc sing,gent | NOUN,inan,masc sing,loct | NOUN,inan,masc sing,nomn	false	3.61	445	WORDFREQ_RANKED	IN_POOL_REVIEW_REQUIRED	
раса	4	EASY	NOUN,inan,femn plur,ablt | NOUN,inan,femn plur,accs | NOUN,inan,femn plur,datv | NOUN,inan,femn plur,gent | NOUN,inan,femn plur,loct | NOUN,inan,femn plur,nomn | NOUN,inan,femn sing,ablt | NOUN,inan,femn sing,ablt,V-oy | NOUN,inan,femn sing,accs | NOUN,inan,femn sing,datv | NOUN,inan,femn sing,gent | NOUN,inan,femn sing,loct | NOUN,inan,femn sing,nomn	false	3.62	329	WORDFREQ_RANKED	IN_POOL_REVIEW_REQUIRED	
расклад	7	EXPERT	NOUN,inan,masc plur,ablt | NOUN,inan,masc plur,accs | NOUN,inan,masc plur,datv | NOUN,inan,masc plur,gent | NOUN,inan,masc plur,loct | NOUN,inan,masc plur,nomn | NOUN,inan,masc sing,ablt | NOUN,inan,masc sing,accs | NOUN,inan,masc sing,datv | NOUN,inan,masc sing,gent | NOUN,inan,masc sing,loct | NOUN,inan,masc sing,nomn	false	3.52	459	WORDFREQ_RANKED	IN_POOL_REVIEW_REQUIRED	
раскол	6	HARD	NOUN,inan,masc plur,ablt | NOUN,inan,masc plur,accs | NOUN,inan,masc plur,datv | NOUN,inan,masc plur,gent | NOUN,inan,masc plur,loct | NOUN,inan,masc plur,nomn | NOUN,inan,masc sing,ablt | NOUN,inan,masc sing,accs | NOUN,inan,masc sing,datv | NOUN,inan,masc sing,gent | NOUN,inan,masc sing,loct | NOUN,inan,masc sing,nomn	false	3.79	318	WORDFREQ_RANKED	IN_POOL_REVIEW_REQUIRED	
распад	6	HARD	NOUN,inan,masc plur,ablt | NOUN,inan,masc plur,accs | NOUN,inan,masc plur,datv | NOUN,inan,masc plur,gent | NOUN,inan,masc plur,loct | NOUN,inan,masc plur,nomn | NOUN,inan,masc sing,ablt | NOUN,inan,masc sing,accs | NOUN,inan,masc sing,datv | NOUN,inan,masc sing,gent | NOUN,inan,masc sing,loct | NOUN,inan,masc sing,nomn	false	3.72	357	WORDFREQ_RANKED	IN_POOL_REVIEW_REQUIRED	
рассвет	7	EXPERT	NOUN,inan,masc plur,ablt | NOUN,inan,masc plur,accs | NOUN,inan,masc plur,datv | NOUN,inan,masc plur,gent | NOUN,inan,masc plur,loct | NOUN,inan,masc plur,nomn | NOUN,inan,masc sing,ablt | NOUN,inan,masc sing,accs | NOUN,inan,masc sing,datv | NOUN,inan,masc sing,gent | NOUN,inan,masc sing,loct | NOUN,inan,masc sing,nomn	false	3.86	264	WORDFREQ_RANKED	IN_POOL_REVIEW_REQUIRED	
рассказ	7	EXPERT	NOUN,inan,masc plur,ablt | NOUN,inan,masc plur,accs | NOUN,inan,masc plur,datv | NOUN,inan,masc plur,gent | NOUN,inan,masc plur,loct | NOUN,inan,masc plur,nomn | NOUN,inan,masc sing,ablt | NOUN,inan,masc sing,accs | NOUN,inan,masc sing,datv | NOUN,inan,masc sing,gent | NOUN,inan,masc sing,loct | NOUN,inan,masc sing,nomn	false	4.50	81	WORDFREQ_RANKED	IN_POOL_REVIEW_REQUIRED	
раствор	7	EXPERT	NOUN,inan,masc plur,ablt | NOUN,inan,masc plur,accs | NOUN,inan,masc plur,datv | NOUN,inan,masc plur,gent | NOUN,inan,masc plur,loct | NOUN,inan,masc plur,nomn | NOUN,inan,masc sing,ablt | NOUN,inan,masc sing,accs | NOUN,inan,masc sing,datv | NOUN,inan,masc sing,gent | NOUN,inan,masc sing,loct | NOUN,inan,masc sing,nomn	false	3.67	378	WORDFREQ_RANKED	IN_POOL_REVIEW_REQUIRED	
расход	6	HARD	NOUN,inan,masc plur,ablt | NOUN,inan,masc plur,accs | NOUN,inan,masc plur,datv | NOUN,inan,masc plur,gent | NOUN,inan,masc plur,loct | NOUN,inan,masc plur,nomn | NOUN,inan,masc sing,ablt | NOUN,inan,masc sing,accs | NOUN,inan,masc sing,datv | NOUN,inan,masc sing,gent | NOUN,inan,masc sing,loct | NOUN,inan,masc sing,nomn	false	3.93	251	WORDFREQ_RANKED	IN_POOL_REVIEW_REQUIRED	
расцвет	7	EXPERT	NOUN,inan,masc plur,ablt | NOUN,inan,masc plur,accs | NOUN,inan,masc plur,datv | NOUN,inan,masc plur,gent | NOUN,inan,masc plur,loct | NOUN,inan,masc plur,nomn | NOUN,inan,masc sing,ablt | NOUN,inan,masc sing,accs | NOUN,inan,masc sing,datv | NOUN,inan,masc sing,gent | NOUN,inan,masc sing,loct | NOUN,inan,masc sing,nomn	false	3.54	451	WORDFREQ_RANKED	IN_POOL_REVIEW_REQUIRED	
расчет	6	HARD	NOUN,inan,masc plur,ablt | NOUN,inan,masc plur,accs | NOUN,inan,masc plur,datv | NOUN,inan,masc plur,gent | NOUN,inan,masc plur,loct | NOUN,inan,masc plur,nomn | NOUN,inan,masc sing,ablt | NOUN,inan,masc sing,accs | NOUN,inan,masc sing,datv | NOUN,inan,masc sing,gent | NOUN,inan,masc sing,loct | NOUN,inan,masc sing,nomn	false	4.13	179	WORDFREQ_RANKED	IN_POOL_REVIEW_REQUIRED	
рацион	6	HARD	NOUN,inan,masc plur,ablt | NOUN,inan,masc plur,accs | NOUN,inan,masc plur,datv | NOUN,inan,masc plur,gent | NOUN,inan,masc plur,loct | NOUN,inan,masc plur,nomn | NOUN,inan,masc sing,ablt | NOUN,inan,masc sing,accs | NOUN,inan,masc sing,datv | NOUN,inan,masc sing,gent | NOUN,inan,masc sing,loct | NOUN,inan,masc sing,nomn	false	3.68	392	WORDFREQ_RANKED	IN_POOL_REVIEW_REQUIRED	
реактор	7	EXPERT	NOUN,inan,masc plur,ablt | NOUN,inan,masc plur,accs | NOUN,inan,masc plur,datv | NOUN,inan,masc plur,gent | NOUN,inan,masc plur,loct | NOUN,inan,masc plur,nomn | NOUN,inan,masc sing,ablt | NOUN,inan,masc sing,accs | NOUN,inan,masc sing,datv | NOUN,inan,masc sing,gent | NOUN,inan,masc sing,loct | NOUN,inan,masc sing,nomn	false	3.63	397	WORDFREQ_RANKED	IN_POOL_REVIEW_REQUIRED	
реакция	7	EXPERT	NOUN,inan,femn plur,ablt | NOUN,inan,femn plur,accs | NOUN,inan,femn plur,datv | NOUN,inan,femn plur,gent | NOUN,inan,femn plur,loct | NOUN,inan,femn plur,nomn | NOUN,inan,femn sing,ablt | NOUN,inan,femn sing,ablt,V-ey | NOUN,inan,femn sing,accs | NOUN,inan,femn sing,datv | NOUN,inan,femn sing,gent | NOUN,inan,femn sing,loct | NOUN,inan,femn sing,nomn	false	4.54	71	WORDFREQ_RANKED	IN_POOL_REVIEW_REQUIRED	
реал	4	EASY	NOUN,inan,masc plur,ablt | NOUN,inan,masc plur,accs | NOUN,inan,masc plur,datv | NOUN,inan,masc plur,gent | NOUN,inan,masc plur,loct | NOUN,inan,masc plur,nomn | NOUN,inan,masc sing,ablt | NOUN,inan,masc sing,accs | NOUN,inan,masc sing,datv | NOUN,inan,masc sing,gent | NOUN,inan,masc sing,loct | NOUN,inan,masc sing,nomn	false	4.26	144	WORDFREQ_RANKED	IN_POOL_REVIEW_REQUIRED	
ребенок	7	EXPERT	NOUN,anim,masc plur,ablt | NOUN,anim,masc plur,accs | NOUN,anim,masc plur,datv | NOUN,anim,masc plur,gent | NOUN,anim,masc plur,loct | NOUN,anim,masc plur,nomn | NOUN,anim,masc sing,ablt | NOUN,anim,masc sing,accs | NOUN,anim,masc sing,datv | NOUN,anim,masc sing,gent | NOUN,anim,masc sing,loct | NOUN,anim,masc sing,nomn	false	4.87	25	MANUAL_ALLOW	IN_POOL_REVIEW_REQUIRED	ALLOW
ребро	5	MEDIUM	NOUN,inan,neut plur,ablt | NOUN,inan,neut plur,accs | NOUN,inan,neut plur,datv | NOUN,inan,neut plur,gent | NOUN,inan,neut plur,loct | NOUN,inan,neut plur,nomn | NOUN,inan,neut sing,ablt | NOUN,inan,neut sing,accs | NOUN,inan,neut sing,datv | NOUN,inan,neut sing,gent | NOUN,inan,neut sing,loct | NOUN,inan,neut sing,nomn	false	3.42	632	TRUSTED_V1	TRUSTED	ALLOW
ребята	6	HARD	NOUN,anim,GNdr,Pltm plur,ablt | NOUN,anim,GNdr,Pltm plur,accs | NOUN,anim,GNdr,Pltm plur,datv | NOUN,anim,GNdr,Pltm plur,gent | NOUN,anim,GNdr,Pltm plur,loct | NOUN,anim,GNdr,Pltm plur,nomn | NOUN,anim,GNdr,Pltm plur,voct	true	4.98	18	WORDFREQ_RANKED	IN_POOL_REVIEW_REQUIRED	
ребятки	7	EXPERT	NOUN,anim,GNdr,Pltm plur,ablt | NOUN,anim,GNdr,Pltm plur,accs | NOUN,anim,GNdr,Pltm plur,datv | NOUN,anim,GNdr,Pltm plur,gent | NOUN,anim,GNdr,Pltm plur,loct | NOUN,anim,GNdr,Pltm plur,nomn	true	3.66	386	WORDFREQ_RANKED	IN_POOL_REVIEW_REQUIRED	
реванш	6	HARD	NOUN,inan,masc plur,ablt | NOUN,inan,masc plur,accs | NOUN,inan,masc plur,datv | NOUN,inan,masc plur,gent | NOUN,inan,masc plur,loct | NOUN,inan,masc plur,nomn | NOUN,inan,masc sing,ablt | NOUN,inan,masc sing,accs | NOUN,inan,masc sing,datv | NOUN,inan,masc sing,gent | NOUN,inan,masc sing,loct | NOUN,inan,masc sing,nomn	false	3.59	465	WORDFREQ_RANKED	IN_POOL_REVIEW_REQUIRED	
регион	6	HARD	NOUN,inan,masc plur,ablt | NOUN,inan,masc plur,accs | NOUN,inan,masc plur,datv | NOUN,inan,masc plur,gent | NOUN,inan,masc plur,loct | NOUN,inan,masc plur,nomn | NOUN,inan,masc sing,ablt | NOUN,inan,masc sing,accs | NOUN,inan,masc sing,datv | NOUN,inan,masc sing,gent | NOUN,inan,masc sing,loct | NOUN,inan,masc sing,nomn	false	4.37	105	WORDFREQ_RANKED	IN_POOL_REVIEW_REQUIRED	
редис	5	MEDIUM	NOUN,inan,masc plur,ablt | NOUN,inan,masc plur,accs | NOUN,inan,masc plur,datv | NOUN,inan,masc plur,gent | NOUN,inan,masc plur,loct | NOUN,inan,masc plur,nomn | NOUN,inan,masc sing,ablt | NOUN,inan,masc sing,accs | NOUN,inan,masc sing,datv | NOUN,inan,masc sing,gent | NOUN,inan,masc sing,loct | NOUN,inan,masc sing,nomn	false	2.72	1400	TRUSTED_V1	TRUSTED	ALLOW
реестр	6	HARD	NOUN,inan,masc plur,ablt | NOUN,inan,masc plur,accs | NOUN,inan,masc plur,datv | NOUN,inan,masc plur,gent | NOUN,inan,masc plur,loct | NOUN,inan,masc plur,nomn | NOUN,inan,masc sing,ablt | NOUN,inan,masc sing,accs | NOUN,inan,masc sing,datv | NOUN,inan,masc sing,gent | NOUN,inan,masc sing,loct | NOUN,inan,masc sing,nomn	false	3.99	229	WORDFREQ_RANKED	IN_POOL_REVIEW_REQUIRED	
режим	5	MEDIUM	NOUN,inan,masc plur,ablt | NOUN,inan,masc plur,accs | NOUN,inan,masc plur,datv | NOUN,inan,masc plur,gent | NOUN,inan,masc plur,loct | NOUN,inan,masc plur,nomn | NOUN,inan,masc sing,ablt | NOUN,inan,masc sing,accs | NOUN,inan,masc sing,datv | NOUN,inan,masc sing,gent | NOUN,inan,masc sing,loct | NOUN,inan,masc sing,nomn	false	4.81	43	TRUSTED_V1	TRUSTED	ALLOW
резерв	6	HARD	NOUN,inan,masc plur,ablt | NOUN,inan,masc plur,accs | NOUN,inan,masc plur,datv | NOUN,inan,masc plur,gent | NOUN,inan,masc plur,loct | NOUN,inan,masc plur,nomn | NOUN,inan,masc sing,ablt | NOUN,inan,masc sing,accs | NOUN,inan,masc sing,datv | NOUN,inan,masc sing,gent | NOUN,inan,masc sing,loct | NOUN,inan,masc sing,nomn	false	3.89	266	WORDFREQ_RANKED	IN_POOL_REVIEW_REQUIRED	
резюме	6	HARD	NOUN,inan,neut,Fixd plur,ablt | NOUN,inan,neut,Fixd plur,accs | NOUN,inan,neut,Fixd plur,datv | NOUN,inan,neut,Fixd plur,gent | NOUN,inan,neut,Fixd plur,loct | NOUN,inan,neut,Fixd plur,nomn | NOUN,inan,neut,Fixd sing,ablt | NOUN,inan,neut,Fixd sing,accs | NOUN,inan,neut,Fixd sing,datv | NOUN,inan,neut,Fixd sing,gent | NOUN,inan,neut,Fixd sing,loct | NOUN,inan,neut,Fixd sing,nomn	false	4.08	197	WORDFREQ_RANKED	IN_POOL_REVIEW_REQUIRED	
рейд	4	EASY	NOUN,inan,masc plur,ablt | NOUN,inan,masc plur,accs | NOUN,inan,masc plur,datv | NOUN,inan,masc plur,gent | NOUN,inan,masc plur,loct | NOUN,inan,masc plur,nomn | NOUN,inan,masc sing,ablt | NOUN,inan,masc sing,accs | NOUN,inan,masc sing,datv | NOUN,inan,masc sing,gent | NOUN,inan,masc sing,loct | NOUN,inan,masc sing,nomn	false	3.65	319	WORDFREQ_RANKED	IN_POOL_REVIEW_REQUIRED	
рейс	4	EASY	NOUN,inan,masc plur,ablt | NOUN,inan,masc plur,accs | NOUN,inan,masc plur,datv | NOUN,inan,masc plur,gent | NOUN,inan,masc plur,loct | NOUN,inan,masc plur,nomn | NOUN,inan,masc sing,ablt | NOUN,inan,masc sing,accs | NOUN,inan,masc sing,datv | NOUN,inan,masc sing,gent | NOUN,inan,masc sing,loct | NOUN,inan,masc sing,nomn	false	4.29	135	WORDFREQ_RANKED	IN_POOL_REVIEW_REQUIRED	
рейтинг	7	EXPERT	NOUN,inan,masc plur,ablt | NOUN,inan,masc plur,accs | NOUN,inan,masc plur,datv | NOUN,inan,masc plur,gent | NOUN,inan,masc plur,loct | NOUN,inan,masc plur,nomn | NOUN,inan,masc sing,ablt | NOUN,inan,masc sing,accs | NOUN,inan,masc sing,datv | NOUN,inan,masc sing,gent | NOUN,inan,masc sing,loct | NOUN,inan,masc sing,nomn	false	4.54	72	WORDFREQ_RANKED	IN_POOL_REVIEW_REQUIRED	
река	4	EASY	NOUN,inan,femn plur,ablt | NOUN,inan,femn plur,accs | NOUN,inan,femn plur,datv | NOUN,inan,femn plur,gent | NOUN,inan,femn plur,loct | NOUN,inan,femn plur,nomn | NOUN,inan,femn sing,ablt | NOUN,inan,femn sing,ablt,V-oy | NOUN,inan,femn sing,accs | NOUN,inan,femn sing,datv | NOUN,inan,femn sing,gent | NOUN,inan,femn sing,loct | NOUN,inan,femn sing,nomn	false	4.23	150	MANUAL_ALLOW	IN_POOL_REVIEW_REQUIRED	ALLOW
реклама	7	EXPERT	NOUN,inan,femn plur,ablt | NOUN,inan,femn plur,accs | NOUN,inan,femn plur,datv | NOUN,inan,femn plur,gent | NOUN,inan,femn plur,loct | NOUN,inan,femn plur,nomn | NOUN,inan,femn sing,ablt | NOUN,inan,femn sing,ablt,V-oy | NOUN,inan,femn sing,accs | NOUN,inan,femn sing,datv | NOUN,inan,femn sing,gent | NOUN,inan,femn sing,loct | NOUN,inan,femn sing,nomn	false	4.11	185	WORDFREQ_RANKED	IN_POOL_REVIEW_REQUIRED	
рекорд	6	HARD	NOUN,inan,masc plur,ablt | NOUN,inan,masc plur,accs | NOUN,inan,masc plur,datv | NOUN,inan,masc plur,gent | NOUN,inan,masc plur,loct | NOUN,inan,masc plur,nomn | NOUN,inan,masc sing,ablt | NOUN,inan,masc sing,accs | NOUN,inan,masc sing,datv | NOUN,inan,masc sing,gent | NOUN,inan,masc sing,loct | NOUN,inan,masc sing,nomn	false	4.57	76	WORDFREQ_RANKED	IN_POOL_REVIEW_REQUIRED	
ректор	6	HARD	NOUN,anim,masc plur,ablt | NOUN,anim,masc plur,accs | NOUN,anim,masc plur,datv | NOUN,anim,masc plur,gent | NOUN,anim,masc plur,loct | NOUN,anim,masc plur,nomn | NOUN,anim,masc plur,nomn,Infr | NOUN,anim,masc sing,ablt | NOUN,anim,masc sing,accs | NOUN,anim,masc sing,datv | NOUN,anim,masc sing,gent | NOUN,anim,masc sing,loct | NOUN,anim,masc sing,nomn	false	3.92	259	WORDFREQ_RANKED	IN_POOL_REVIEW_REQUIRED	
реле	4	EASY	NOUN,inan,neut,Fixd plur,ablt | NOUN,inan,neut,Fixd plur,accs | NOUN,inan,neut,Fixd plur,datv | NOUN,inan,neut,Fixd plur,gent | NOUN,inan,neut,Fixd plur,loct | NOUN,inan,neut,Fixd plur,nomn | NOUN,inan,neut,Fixd sing,ablt | NOUN,inan,neut,Fixd sing,accs | NOUN,inan,neut,Fixd sing,datv | NOUN,inan,neut,Fixd sing,gent | NOUN,inan,neut,Fixd sing,loct | NOUN,inan,neut,Fixd sing,nomn	false	3.39	445	WORDFREQ_RANKED	IN_POOL_REVIEW_REQUIRED	
религия	7	EXPERT	NOUN,inan,femn plur,ablt | NOUN,inan,femn plur,accs | NOUN,inan,femn plur,datv | NOUN,inan,femn plur,gent | NOUN,inan,femn plur,loct | NOUN,inan,femn plur,nomn | NOUN,inan,femn sing,ablt | NOUN,inan,femn sing,ablt,V-ey | NOUN,inan,femn sing,accs | NOUN,inan,femn sing,datv | NOUN,inan,femn sing,gent | NOUN,inan,femn sing,loct | NOUN,inan,femn sing,nomn	false	4.06	202	WORDFREQ_RANKED	IN_POOL_REVIEW_REQUIRED	
рельеф	6	HARD	NOUN,inan,masc plur,ablt | NOUN,inan,masc plur,accs | NOUN,inan,masc plur,datv | NOUN,inan,masc plur,gent | NOUN,inan,masc plur,loct | NOUN,inan,masc plur,nomn | NOUN,inan,masc sing,ablt | NOUN,inan,masc sing,accs | NOUN,inan,masc sing,datv | NOUN,inan,masc sing,gent | NOUN,inan,masc sing,loct | NOUN,inan,masc sing,nomn	false	3.67	402	WORDFREQ_RANKED	IN_POOL_REVIEW_REQUIRED	
рельс	5	MEDIUM	NOUN,inan,masc plur,ablt | NOUN,inan,masc plur,accs | NOUN,inan,masc plur,datv | NOUN,inan,masc plur,gent | NOUN,inan,masc plur,gent,Infr | NOUN,inan,masc plur,loct | NOUN,inan,masc plur,nomn | NOUN,inan,masc sing,ablt | NOUN,inan,masc sing,accs | NOUN,inan,masc sing,datv | NOUN,inan,masc sing,gent | NOUN,inan,masc sing,loct | NOUN,inan,masc sing,nomn	false	3.13	912	TRUSTED_V1	TRUSTED	ALLOW
ремень	6	HARD	NOUN,inan,masc plur,ablt | NOUN,inan,masc plur,accs | NOUN,inan,masc plur,datv | NOUN,inan,masc plur,gent | NOUN,inan,masc plur,loct | NOUN,inan,masc plur,nomn | NOUN,inan,masc sing,ablt | NOUN,inan,masc sing,accs | NOUN,inan,masc sing,datv | NOUN,inan,masc sing,gent | NOUN,inan,masc sing,loct | NOUN,inan,masc sing,nomn	false	3.69	385	WORDFREQ_RANKED	IN_POOL_REVIEW_REQUIRED	
ремонт	6	HARD	NOUN,inan,masc plur,ablt | NOUN,inan,masc plur,accs | NOUN,inan,masc plur,datv | NOUN,inan,masc plur,gent | NOUN,inan,masc plur,loct | NOUN,inan,masc plur,nomn | NOUN,inan,masc sing,ablt | NOUN,inan,masc sing,accs | NOUN,inan,masc sing,datv | NOUN,inan,masc sing,gent | NOUN,inan,masc sing,loct | NOUN,inan,masc sing,nomn	false	4.64	67	WORDFREQ_RANKED	IN_POOL_REVIEW_REQUIRED	
ресурс	6	HARD	NOUN,inan,masc plur,ablt | NOUN,inan,masc plur,accs | NOUN,inan,masc plur,datv | NOUN,inan,masc plur,gent | NOUN,inan,masc plur,loct | NOUN,inan,masc plur,nomn | NOUN,inan,masc sing,ablt | NOUN,inan,masc sing,accs | NOUN,inan,masc sing,datv | NOUN,inan,masc sing,gent | NOUN,inan,masc sing,loct | NOUN,inan,masc sing,nomn	false	3.96	239	WORDFREQ_RANKED	IN_POOL_REVIEW_REQUIRED	
реформа	7	EXPERT	NOUN,inan,femn plur,ablt | NOUN,inan,femn plur,accs | NOUN,inan,femn plur,datv | NOUN,inan,femn plur,gent | NOUN,inan,femn plur,loct | NOUN,inan,femn plur,nomn | NOUN,inan,femn sing,ablt | NOUN,inan,femn sing,ablt,V-oy | NOUN,inan,femn sing,accs | NOUN,inan,femn sing,datv | NOUN,inan,femn sing,gent | NOUN,inan,femn sing,loct | NOUN,inan,femn sing,nomn	false	4.10	190	WORDFREQ_RANKED	IN_POOL_REVIEW_REQUIRED	
рецепт	6	HARD	NOUN,inan,masc plur,ablt | NOUN,inan,masc plur,accs | NOUN,inan,masc plur,datv | NOUN,inan,masc plur,gent | NOUN,inan,masc plur,loct | NOUN,inan,masc plur,nomn | NOUN,inan,masc sing,ablt | NOUN,inan,masc sing,accs | NOUN,inan,masc sing,datv | NOUN,inan,masc sing,gent | NOUN,inan,masc sing,loct | NOUN,inan,masc sing,nomn	false	4.01	222	WORDFREQ_RANKED	IN_POOL_REVIEW_REQUIRED	
речка	5	MEDIUM	NOUN,inan,femn plur,ablt | NOUN,inan,femn plur,accs | NOUN,inan,femn plur,datv | NOUN,inan,femn plur,gent | NOUN,inan,femn plur,loct | NOUN,inan,femn plur,nomn | NOUN,inan,femn sing,ablt | NOUN,inan,femn sing,ablt,V-oy | NOUN,inan,femn sing,accs | NOUN,inan,femn sing,datv | NOUN,inan,femn sing,gent | NOUN,inan,femn sing,loct | NOUN,inan,femn sing,nomn	false	3.50	564	TRUSTED_V1	TRUSTED	ALLOW
речь	4	EASY	NOUN,inan,femn plur,ablt | NOUN,inan,femn plur,accs | NOUN,inan,femn plur,datv | NOUN,inan,femn plur,gent | NOUN,inan,femn plur,loct | NOUN,inan,femn plur,nomn | NOUN,inan,femn sing,ablt | NOUN,inan,femn sing,accs | NOUN,inan,femn sing,datv | NOUN,inan,femn sing,gent | NOUN,inan,femn sing,loct | NOUN,inan,femn sing,nomn	false	5.07	18	WORDFREQ_RANKED	IN_POOL_REVIEW_REQUIRED	
решение	7	EXPERT	NOUN,inan,neut plur,ablt | NOUN,inan,neut plur,ablt,V-be | NOUN,inan,neut plur,accs | NOUN,inan,neut plur,accs,V-be | NOUN,inan,neut plur,datv | NOUN,inan,neut plur,datv,V-be | NOUN,inan,neut plur,gent | NOUN,inan,neut plur,loct | NOUN,inan,neut plur,loct,V-be | NOUN,inan,neut plur,nomn | NOUN,inan,neut plur,nomn,V-be | NOUN,inan,neut sing,ablt | NOUN,inan,neut sing,ablt,V-be | NOUN,inan,neut sing,accs | NOUN,inan,neut sing,accs,V-be | NOUN,inan,neut sing,datv | NOUN,inan,neut sing,datv,V-be | NOUN,inan,neut sing,gent | NOUN,inan,neut sing,gent,V-be | NOUN,inan,neut sing,loct | NOUN,inan,neut sing,loct,V-be | NOUN,inan,neut sing,loct,V-be,V-bi | NOUN,inan,neut sing,nomn | NOUN,inan,neut sing,nomn,V-be	false	5.27	5	WORDFREQ_RANKED	IN_POOL_REVIEW_REQUIRED	
ринг	4	EASY	NOUN,inan,masc plur,ablt | NOUN,inan,masc plur,accs | NOUN,inan,masc plur,datv | NOUN,inan,masc plur,gent | NOUN,inan,masc plur,loct | NOUN,inan,masc plur,nomn | NOUN,inan,masc sing,ablt | NOUN,inan,masc sing,accs | NOUN,inan,masc sing,datv | NOUN,inan,masc sing,gent | NOUN,inan,masc sing,loct | NOUN,inan,masc sing,nomn	false	3.74	285	WORDFREQ_RANKED	IN_POOL_REVIEW_REQUIRED	
риск	4	EASY	NOUN,inan,masc plur,ablt | NOUN,inan,masc plur,accs | NOUN,inan,masc plur,datv | NOUN,inan,masc plur,gent | NOUN,inan,masc plur,loct | NOUN,inan,masc plur,nomn | NOUN,inan,masc sing,ablt | NOUN,inan,masc sing,accs | NOUN,inan,masc sing,datv | NOUN,inan,masc sing,gen2 | NOUN,inan,masc sing,gent | NOUN,inan,masc sing,loct | NOUN,inan,masc sing,nomn	false	4.36	121	WORDFREQ_RANKED	IN_POOL_REVIEW_REQUIRED	
рисунок	7	EXPERT	NOUN,inan,masc plur,ablt | NOUN,inan,masc plur,accs | NOUN,inan,masc plur,datv | NOUN,inan,masc plur,gent | NOUN,inan,masc plur,loct | NOUN,inan,masc plur,nomn | NOUN,inan,masc sing,ablt | NOUN,inan,masc sing,accs | NOUN,inan,masc sing,datv | NOUN,inan,masc sing,gent | NOUN,inan,masc sing,loct | NOUN,inan,masc sing,nomn	false	4.32	117	WORDFREQ_RANKED	IN_POOL_REVIEW_REQUIRED	
ритм	4	EASY	NOUN,inan,masc plur,ablt | NOUN,inan,masc plur,accs | NOUN,inan,masc plur,datv | NOUN,inan,masc plur,gent | NOUN,inan,masc plur,loct | NOUN,inan,masc plur,nomn | NOUN,inan,masc sing,ablt | NOUN,inan,masc sing,accs | NOUN,inan,masc sing,datv | NOUN,inan,masc sing,gent | NOUN,inan,masc sing,loct | NOUN,inan,masc sing,nomn	false	4.09	181	WORDFREQ_RANKED	IN_POOL_REVIEW_REQUIRED	
ритуал	6	HARD	NOUN,inan,masc plur,ablt | NOUN,inan,masc plur,accs | NOUN,inan,masc plur,datv | NOUN,inan,masc plur,gent | NOUN,inan,masc plur,loct | NOUN,inan,masc plur,nomn | NOUN,inan,masc sing,ablt | NOUN,inan,masc sing,accs | NOUN,inan,masc sing,datv | NOUN,inan,masc sing,gent | NOUN,inan,masc sing,loct | NOUN,inan,masc sing,nomn	false	3.74	344	WORDFREQ_RANKED	IN_POOL_REVIEW_REQUIRED	
родина	6	HARD	NOUN,inan,femn plur,ablt | NOUN,inan,femn plur,accs | NOUN,inan,femn plur,datv | NOUN,inan,femn plur,gent | NOUN,inan,femn plur,loct | NOUN,inan,femn plur,nomn | NOUN,inan,femn sing,ablt | NOUN,inan,femn sing,ablt,V-oy | NOUN,inan,femn sing,accs | NOUN,inan,femn sing,datv | NOUN,inan,femn sing,gent | NOUN,inan,femn sing,loct | NOUN,inan,femn sing,nomn	false	4.25	145	WORDFREQ_RANKED	IN_POOL_REVIEW_REQUIRED	
роды	4	EASY	NOUN,inan,GNdr,Pltm plur,ablt | NOUN,inan,GNdr,Pltm plur,accs | NOUN,inan,GNdr,Pltm plur,datv | NOUN,inan,GNdr,Pltm plur,gent | NOUN,inan,GNdr,Pltm plur,loct | NOUN,inan,GNdr,Pltm plur,nomn	true	3.95	219	WORDFREQ_RANKED	IN_POOL_REVIEW_REQUIRED	
рожа	4	EASY	NOUN,inan,femn plur,ablt | NOUN,inan,femn plur,accs | NOUN,inan,femn plur,datv | NOUN,inan,femn plur,gent | NOUN,inan,femn plur,loct | NOUN,inan,femn plur,nomn | NOUN,inan,femn sing,ablt | NOUN,inan,femn sing,ablt,V-ey | NOUN,inan,femn sing,accs | NOUN,inan,femn sing,datv | NOUN,inan,femn sing,gent | NOUN,inan,femn sing,loct | NOUN,inan,femn sing,nomn	false	3.27	520	WORDFREQ_RANKED	IN_POOL_REVIEW_REQUIRED	
розыск	6	HARD	NOUN,inan,masc plur,ablt | NOUN,inan,masc plur,accs | NOUN,inan,masc plur,datv | NOUN,inan,masc plur,gent | NOUN,inan,masc plur,loct | NOUN,inan,masc plur,nomn | NOUN,inan,masc sing,ablt | NOUN,inan,masc sing,accs | NOUN,inan,masc sing,datv | NOUN,inan,masc sing,gent | NOUN,inan,masc sing,loct | NOUN,inan,masc sing,nomn	false	3.90	264	WORDFREQ_RANKED	IN_POOL_REVIEW_REQUIRED	
ролл	4	EASY	NOUN,inan,masc plur,ablt | NOUN,inan,masc plur,accs | NOUN,inan,masc plur,datv | NOUN,inan,masc plur,gent | NOUN,inan,masc plur,loct | NOUN,inan,masc plur,nomn | NOUN,inan,masc sing,ablt | NOUN,inan,masc sing,accs | NOUN,inan,masc sing,datv | NOUN,inan,masc sing,gent | NOUN,inan,masc sing,loct | NOUN,inan,masc sing,nomn	false	3.55	364	WORDFREQ_RANKED	IN_POOL_REVIEW_REQUIRED	
роль	4	EASY	NOUN,inan,femn plur,ablt | NOUN,inan,femn plur,accs | NOUN,inan,femn plur,datv | NOUN,inan,femn plur,gent | NOUN,inan,femn plur,loct | NOUN,inan,femn plur,nomn | NOUN,inan,femn sing,ablt | NOUN,inan,femn sing,accs | NOUN,inan,femn sing,datv | NOUN,inan,femn sing,gent | NOUN,inan,femn sing,loct | NOUN,inan,femn sing,nomn	false	5.28	5	WORDFREQ_RANKED	IN_POOL_REVIEW_REQUIRED	
роман	5	MEDIUM	NOUN,inan,masc plur,ablt | NOUN,inan,masc plur,accs | NOUN,inan,masc plur,datv | NOUN,inan,masc plur,gent | NOUN,inan,masc plur,loct | NOUN,inan,masc plur,nomn | NOUN,inan,masc sing,ablt | NOUN,inan,masc sing,accs | NOUN,inan,masc sing,datv | NOUN,inan,masc sing,gent | NOUN,inan,masc sing,loct | NOUN,inan,masc sing,nomn	false	4.85	37	TRUSTED_V1	TRUSTED	ALLOW
роса	4	EASY	NOUN,inan,femn plur,ablt | NOUN,inan,femn plur,accs | NOUN,inan,femn plur,datv | NOUN,inan,femn plur,gent | NOUN,inan,femn plur,loct | NOUN,inan,femn plur,nomn | NOUN,inan,femn sing,ablt | NOUN,inan,femn sing,ablt,V-oy | NOUN,inan,femn sing,accs | NOUN,inan,femn sing,datv | NOUN,inan,femn sing,gent | NOUN,inan,femn sing,loct | NOUN,inan,femn sing,nomn	false	3.45	403	WORDFREQ_RANKED	IN_POOL_REVIEW_REQUIRED	
роскошь	7	EXPERT	NOUN,inan,femn plur,ablt | NOUN,inan,femn plur,accs | NOUN,inan,femn plur,datv | NOUN,inan,femn plur,gent | NOUN,inan,femn plur,loct | NOUN,inan,femn plur,nomn | NOUN,inan,femn sing,ablt | NOUN,inan,femn sing,accs | NOUN,inan,femn sing,datv | NOUN,inan,femn sing,gent | NOUN,inan,femn sing,loct | NOUN,inan,femn sing,nomn	false	3.71	352	WORDFREQ_RANKED	IN_POOL_REVIEW_REQUIRED	
роспись	7	EXPERT	NOUN,inan,femn plur,ablt | NOUN,inan,femn plur,accs | NOUN,inan,femn plur,datv | NOUN,inan,femn plur,gent | NOUN,inan,femn plur,loct | NOUN,inan,femn plur,nomn | NOUN,inan,femn sing,ablt | NOUN,inan,femn sing,accs | NOUN,inan,femn sing,datv | NOUN,inan,femn sing,gent | NOUN,inan,femn sing,loct | NOUN,inan,femn sing,nomn	false	3.61	406	WORDFREQ_RANKED	IN_POOL_REVIEW_REQUIRED	
рост	4	EASY	NOUN,inan,masc plur,ablt | NOUN,inan,masc plur,accs | NOUN,inan,masc plur,datv | NOUN,inan,masc plur,gent | NOUN,inan,masc plur,loct | NOUN,inan,masc plur,nomn | NOUN,inan,masc sing,ablt | NOUN,inan,masc sing,accs | NOUN,inan,masc sing,datv | NOUN,inan,masc sing,gen2 | NOUN,inan,masc sing,gent | NOUN,inan,masc sing,loct | NOUN,inan,masc sing,nomn	false	4.95	32	WORDFREQ_RANKED	IN_POOL_REVIEW_REQUIRED	
рота	4	EASY	NOUN,inan,femn plur,ablt | NOUN,inan,femn plur,accs | NOUN,inan,femn plur,datv | NOUN,inan,femn plur,gent | NOUN,inan,femn plur,loct | NOUN,inan,femn plur,nomn | NOUN,inan,femn sing,ablt | NOUN,inan,femn sing,ablt,V-oy | NOUN,inan,femn sing,accs | NOUN,inan,femn sing,datv | NOUN,inan,femn sing,gent | NOUN,inan,femn sing,loct | NOUN,inan,femn sing,nomn	false	3.76	277	WORDFREQ_RANKED	IN_POOL_REVIEW_REQUIRED	
роща	4	EASY	NOUN,inan,femn plur,ablt | NOUN,inan,femn plur,accs | NOUN,inan,femn plur,datv | NOUN,inan,femn plur,gent | NOUN,inan,femn plur,loct | NOUN,inan,femn plur,nomn | NOUN,inan,femn sing,ablt | NOUN,inan,femn sing,ablt,V-ey | NOUN,inan,femn sing,accs | NOUN,inan,femn sing,datv | NOUN,inan,femn sing,gent | NOUN,inan,femn sing,loct | NOUN,inan,femn sing,nomn	false	3.34	475	WORDFREQ_RANKED	IN_POOL_REVIEW_REQUIRED	
рояль	5	MEDIUM	NOUN,inan,masc plur,ablt | NOUN,inan,masc plur,accs | NOUN,inan,masc plur,datv | NOUN,inan,masc plur,gent | NOUN,inan,masc plur,loct | NOUN,inan,masc plur,nomn | NOUN,inan,masc sing,ablt | NOUN,inan,masc sing,accs | NOUN,inan,masc sing,datv | NOUN,inan,masc sing,gent | NOUN,inan,masc sing,loct | NOUN,inan,masc sing,nomn	false	3.50	565	TRUSTED_V1	TRUSTED	ALLOW
рубашка	7	EXPERT	NOUN,inan,femn plur,ablt | NOUN,inan,femn plur,accs | NOUN,inan,femn plur,datv | NOUN,inan,femn plur,gent | NOUN,inan,femn plur,loct | NOUN,inan,femn plur,nomn | NOUN,inan,femn sing,ablt | NOUN,inan,femn sing,ablt,V-oy | NOUN,inan,femn sing,accs | NOUN,inan,femn sing,datv | NOUN,inan,femn sing,gent | NOUN,inan,femn sing,loct | NOUN,inan,femn sing,nomn	false	3.63	398	MANUAL_ALLOW	IN_POOL_REVIEW_REQUIRED	ALLOW
рубеж	5	MEDIUM	NOUN,inan,masc plur,ablt | NOUN,inan,masc plur,accs | NOUN,inan,masc plur,datv | NOUN,inan,masc plur,gent | NOUN,inan,masc plur,loct | NOUN,inan,masc plur,nomn | NOUN,inan,masc sing,ablt | NOUN,inan,masc sing,accs | NOUN,inan,masc sing,datv | NOUN,inan,masc sing,gent | NOUN,inan,masc sing,loct | NOUN,inan,masc sing,nomn	false	4.08	239	TRUSTED_V1	TRUSTED	ALLOW
рубль	5	MEDIUM	NOUN,inan,masc plur,ablt | NOUN,inan,masc plur,accs | NOUN,inan,masc plur,datv | NOUN,inan,masc plur,gent | NOUN,inan,masc plur,loct | NOUN,inan,masc plur,nomn | NOUN,inan,masc sing,ablt | NOUN,inan,masc sing,accs | NOUN,inan,masc sing,datv | NOUN,inan,masc sing,gent | NOUN,inan,masc sing,loct | NOUN,inan,masc sing,nomn	false	4.42	117	TRUSTED_V1	TRUSTED	ALLOW
рубрика	7	EXPERT	NOUN,inan,femn plur,ablt | NOUN,inan,femn plur,accs | NOUN,inan,femn plur,datv | NOUN,inan,femn plur,gent | NOUN,inan,femn plur,loct | NOUN,inan,femn plur,nomn | NOUN,inan,femn sing,ablt | NOUN,inan,femn sing,ablt,V-oy | NOUN,inan,femn sing,accs | NOUN,inan,femn sing,datv | NOUN,inan,femn sing,gent | NOUN,inan,femn sing,loct | NOUN,inan,femn sing,nomn	false	3.58	427	WORDFREQ_RANKED	IN_POOL_REVIEW_REQUIRED	
руда	4	EASY	NOUN,inan,femn plur,ablt | NOUN,inan,femn plur,accs | NOUN,inan,femn plur,datv | NOUN,inan,femn plur,gent | NOUN,inan,femn plur,loct | NOUN,inan,femn plur,nomn | NOUN,inan,femn sing,ablt | NOUN,inan,femn sing,ablt,V-oy | NOUN,inan,femn sing,accs | NOUN,inan,femn sing,datv | NOUN,inan,femn sing,gent | NOUN,inan,femn sing,loct | NOUN,inan,femn sing,nomn	false	3.40	438	WORDFREQ_RANKED	IN_POOL_REVIEW_REQUIRED	
рука	4	EASY	NOUN,inan,femn plur,ablt | NOUN,inan,femn plur,accs | NOUN,inan,femn plur,datv | NOUN,inan,femn plur,gent | NOUN,inan,femn plur,loct | NOUN,inan,femn plur,nomn | NOUN,inan,femn sing,ablt | NOUN,inan,femn sing,ablt,V-oy | NOUN,inan,femn sing,accs | NOUN,inan,femn sing,datv | NOUN,inan,femn sing,gent | NOUN,inan,femn sing,loct | NOUN,inan,femn sing,nomn	false	4.50	95	MANUAL_ALLOW	IN_POOL_REVIEW_REQUIRED	ALLOW
рукав	5	MEDIUM	NOUN,inan,masc plur,ablt | NOUN,inan,masc plur,accs | NOUN,inan,masc plur,datv | NOUN,inan,masc plur,gent | NOUN,inan,masc plur,loct | NOUN,inan,masc plur,nomn | NOUN,inan,masc sing,ablt | NOUN,inan,masc sing,accs | NOUN,inan,masc sing,datv | NOUN,inan,masc sing,gent | NOUN,inan,masc sing,loct | NOUN,inan,masc sing,nomn	false	3.52	548	TRUSTED_V1	TRUSTED	ALLOW
рулет	5	MEDIUM	NOUN,inan,masc plur,ablt | NOUN,inan,masc plur,accs | NOUN,inan,masc plur,datv | NOUN,inan,masc plur,gent | NOUN,inan,masc plur,loct | NOUN,inan,masc plur,nomn | NOUN,inan,masc sing,ablt | NOUN,inan,masc sing,accs | NOUN,inan,masc sing,datv | NOUN,inan,masc sing,gent | NOUN,inan,masc sing,loct | NOUN,inan,masc sing,nomn	false	3.05	998	TRUSTED_V1	TRUSTED	ALLOW
руль	4	EASY	NOUN,inan,masc plur,ablt | NOUN,inan,masc plur,accs | NOUN,inan,masc plur,datv | NOUN,inan,masc plur,gent | NOUN,inan,masc plur,loct | NOUN,inan,masc plur,nomn | NOUN,inan,masc sing,ablt | NOUN,inan,masc sing,accs | NOUN,inan,masc sing,datv | NOUN,inan,masc sing,gent | NOUN,inan,masc sing,loct | NOUN,inan,masc sing,nomn	false	4.11	174	WORDFREQ_RANKED	IN_POOL_REVIEW_REQUIRED	
рупор	5	MEDIUM	NOUN,inan,masc plur,ablt | NOUN,inan,masc plur,accs | NOUN,inan,masc plur,accs,Infr | NOUN,inan,masc plur,datv | NOUN,inan,masc plur,gent | NOUN,inan,masc plur,loct | NOUN,inan,masc plur,nomn | NOUN,inan,masc plur,nomn,Infr | NOUN,inan,masc sing,ablt | NOUN,inan,masc sing,accs | NOUN,inan,masc sing,datv | NOUN,inan,masc sing,gent | NOUN,inan,masc sing,loct | NOUN,inan,masc sing,nomn	false	2.81	1290	TRUSTED_V1	TRUSTED	ALLOW
ручей	5	MEDIUM	NOUN,inan,masc plur,ablt | NOUN,inan,masc plur,accs | NOUN,inan,masc plur,datv | NOUN,inan,masc plur,gent | NOUN,inan,masc plur,loct | NOUN,inan,masc plur,nomn | NOUN,inan,masc sing,ablt | NOUN,inan,masc sing,accs | NOUN,inan,masc sing,datv | NOUN,inan,masc sing,gent | NOUN,inan,masc sing,loct | NOUN,inan,masc sing,nomn	false	3.58	512	TRUSTED_V1	TRUSTED	ALLOW
ручка	5	MEDIUM	NOUN,inan,femn plur,ablt | NOUN,inan,femn plur,accs | NOUN,inan,femn plur,datv | NOUN,inan,femn plur,gent | NOUN,inan,femn plur,loct | NOUN,inan,femn plur,nomn | NOUN,inan,femn sing,ablt | NOUN,inan,femn sing,ablt,V-oy | NOUN,inan,femn sing,accs | NOUN,inan,femn sing,datv | NOUN,inan,femn sing,gent | NOUN,inan,femn sing,loct | NOUN,inan,femn sing,nomn	false	3.62	468	TRUSTED_V1	TRUSTED	ALLOW
рыба	4	EASY	NOUN,anim,femn plur,ablt | NOUN,anim,femn plur,accs | NOUN,anim,femn plur,datv | NOUN,anim,femn plur,gent | NOUN,anim,femn plur,loct | NOUN,anim,femn plur,nomn | NOUN,anim,femn sing,ablt | NOUN,anim,femn sing,ablt,V-oy | NOUN,anim,femn sing,accs | NOUN,anim,femn sing,datv | NOUN,anim,femn sing,gent | NOUN,anim,femn sing,loct | NOUN,anim,femn sing,nomn	false	4.29	136	WORDFREQ_RANKED	IN_POOL_REVIEW_REQUIRED	
рыбак	5	MEDIUM	NOUN,anim,masc plur,ablt | NOUN,anim,masc plur,accs | NOUN,anim,masc plur,datv | NOUN,anim,masc plur,gent | NOUN,anim,masc plur,loct | NOUN,anim,masc plur,nomn | NOUN,anim,masc sing,ablt | NOUN,anim,masc sing,accs | NOUN,anim,masc sing,datv | NOUN,anim,masc sing,gent | NOUN,anim,masc sing,loct | NOUN,anim,masc sing,nomn	false	3.66	453	TRUSTED_V1	TRUSTED	ALLOW
рынок	5	MEDIUM	NOUN,inan,masc plur,ablt | NOUN,inan,masc plur,accs | NOUN,inan,masc plur,datv | NOUN,inan,masc plur,gent | NOUN,inan,masc plur,loct | NOUN,inan,masc plur,nomn | NOUN,inan,masc sing,ablt | NOUN,inan,masc sing,accs | NOUN,inan,masc sing,datv | NOUN,inan,masc sing,gent | NOUN,inan,masc sing,loct | NOUN,inan,masc sing,nomn	false	4.70	56	TRUSTED_V1	TRUSTED	ALLOW
рыцарь	6	HARD	NOUN,anim,masc plur,ablt | NOUN,anim,masc plur,accs | NOUN,anim,masc plur,datv | NOUN,anim,masc plur,gent | NOUN,anim,masc plur,loct | NOUN,anim,masc plur,nomn | NOUN,anim,masc sing,ablt | NOUN,anim,masc sing,accs | NOUN,anim,masc sing,datv | NOUN,anim,masc sing,gent | NOUN,anim,masc sing,loct | NOUN,anim,masc sing,nomn	false	3.96	240	WORDFREQ_RANKED	IN_POOL_REVIEW_REQUIRED	
рюкзак	6	HARD	NOUN,inan,masc plur,ablt | NOUN,inan,masc plur,accs | NOUN,inan,masc plur,datv | NOUN,inan,masc plur,gent | NOUN,inan,masc plur,loct | NOUN,inan,masc plur,nomn | NOUN,inan,masc sing,ablt | NOUN,inan,masc sing,accs | NOUN,inan,masc sing,datv | NOUN,inan,masc sing,gent | NOUN,inan,masc sing,loct | NOUN,inan,masc sing,nomn	false	3.75	338	WORDFREQ_RANKED	IN_POOL_REVIEW_REQUIRED	
рядовой	7	EXPERT	NOUN,anim,masc plur,ablt | NOUN,anim,masc plur,accs | NOUN,anim,masc plur,datv | NOUN,anim,masc plur,gent | NOUN,anim,masc plur,loct | NOUN,anim,masc plur,nomn | NOUN,anim,masc sing,ablt | NOUN,anim,masc sing,accs | NOUN,anim,masc sing,datv | NOUN,anim,masc sing,gent | NOUN,anim,masc sing,loct | NOUN,anim,masc sing,nomn	false	3.98	222	WORDFREQ_RANKED	IN_POOL_REVIEW_REQUIRED	
сага	4	EASY	NOUN,inan,femn plur,ablt | NOUN,inan,femn plur,accs | NOUN,inan,femn plur,datv | NOUN,inan,femn plur,gent | NOUN,inan,femn plur,loct | NOUN,inan,femn plur,nomn | NOUN,inan,femn sing,ablt | NOUN,inan,femn sing,ablt,V-oy | NOUN,inan,femn sing,accs | NOUN,inan,femn sing,datv | NOUN,inan,femn sing,gent | NOUN,inan,femn sing,loct | NOUN,inan,femn sing,nomn	false	3.36	459	WORDFREQ_RANKED	IN_POOL_REVIEW_REQUIRED	
сайт	4	EASY	NOUN,inan,masc plur,ablt | NOUN,inan,masc plur,accs | NOUN,inan,masc plur,datv | NOUN,inan,masc plur,gent | NOUN,inan,masc plur,loct | NOUN,inan,masc plur,nomn | NOUN,inan,masc sing,ablt | NOUN,inan,masc sing,accs | NOUN,inan,masc sing,datv | NOUN,inan,masc sing,gent | NOUN,inan,masc sing,loct | NOUN,inan,masc sing,nomn	false	5.23	6	WORDFREQ_RANKED	IN_POOL_REVIEW_REQUIRED	
салат	5	MEDIUM	NOUN,inan,masc plur,ablt | NOUN,inan,masc plur,accs | NOUN,inan,masc plur,datv | NOUN,inan,masc plur,gent | NOUN,inan,masc plur,loct | NOUN,inan,masc plur,nomn | NOUN,inan,masc sing,ablt | NOUN,inan,masc sing,accs | NOUN,inan,masc sing,datv | NOUN,inan,masc sing,gen2 | NOUN,inan,masc sing,gent | NOUN,inan,masc sing,loct | NOUN,inan,masc sing,nomn	false	4.01	266	TRUSTED_V1	TRUSTED	ALLOW
сало	4	EASY	NOUN,inan,neut plur,ablt | NOUN,inan,neut plur,accs | NOUN,inan,neut plur,datv | NOUN,inan,neut plur,gent | NOUN,inan,neut plur,loct | NOUN,inan,neut plur,nomn | NOUN,inan,neut sing,ablt | NOUN,inan,neut sing,accs | NOUN,inan,neut sing,datv | NOUN,inan,neut sing,gent | NOUN,inan,neut sing,loct | NOUN,inan,neut sing,nomn	false	3.53	370	WORDFREQ_RANKED	IN_POOL_REVIEW_REQUIRED	
салон	5	MEDIUM	NOUN,inan,masc plur,ablt | NOUN,inan,masc plur,accs | NOUN,inan,masc plur,datv | NOUN,inan,masc plur,gent | NOUN,inan,masc plur,loct | NOUN,inan,masc plur,nomn | NOUN,inan,masc sing,ablt | NOUN,inan,masc sing,accs | NOUN,inan,masc sing,datv | NOUN,inan,masc sing,gent | NOUN,inan,masc sing,loct | NOUN,inan,masc sing,nomn	false	4.10	227	TRUSTED_V1	TRUSTED	ALLOW
салют	5	MEDIUM	NOUN,inan,masc plur,ablt | NOUN,inan,masc plur,accs | NOUN,inan,masc plur,datv | NOUN,inan,masc plur,gent | NOUN,inan,masc plur,loct | NOUN,inan,masc plur,nomn | NOUN,inan,masc sing,ablt | NOUN,inan,masc sing,accs | NOUN,inan,masc sing,datv | NOUN,inan,masc sing,gent | NOUN,inan,masc sing,loct | NOUN,inan,masc sing,nomn	false	3.82	357	TRUSTED_V1	TRUSTED	ALLOW
саммит	6	HARD	NOUN,inan,masc plur,ablt | NOUN,inan,masc plur,accs | NOUN,inan,masc plur,datv | NOUN,inan,masc plur,gent | NOUN,inan,masc plur,loct | NOUN,inan,masc plur,nomn | NOUN,inan,masc sing,ablt | NOUN,inan,masc sing,accs | NOUN,inan,masc sing,datv | NOUN,inan,masc sing,gent | NOUN,inan,masc sing,loct | NOUN,inan,masc sing,nomn	false	3.71	368	WORDFREQ_RANKED	IN_POOL_REVIEW_REQUIRED	
самолет	7	EXPERT	NOUN,inan,masc plur,ablt | NOUN,inan,masc plur,accs | NOUN,inan,masc plur,datv | NOUN,inan,masc plur,gent | NOUN,inan,masc plur,loct | NOUN,inan,masc plur,nomn | NOUN,inan,masc sing,ablt | NOUN,inan,masc sing,accs | NOUN,inan,masc sing,datv | NOUN,inan,masc sing,gent | NOUN,inan,masc sing,loct | NOUN,inan,masc sing,nomn	false	4.71	44	WORDFREQ_RANKED	IN_POOL_REVIEW_REQUIRED	
сани	4	EASY	NOUN,inan,GNdr,Pltm plur,ablt | NOUN,inan,GNdr,Pltm plur,accs | NOUN,inan,GNdr,Pltm plur,datv | NOUN,inan,GNdr,Pltm plur,gent | NOUN,inan,GNdr,Pltm plur,loct | NOUN,inan,GNdr,Pltm plur,nomn	true	3.50	381	WORDFREQ_RANKED	IN_POOL_REVIEW_REQUIRED	
санки	5	MEDIUM	NOUN,inan,GNdr,Pltm plur,ablt | NOUN,inan,GNdr,Pltm plur,accs | NOUN,inan,GNdr,Pltm plur,datv | NOUN,inan,GNdr,Pltm plur,gent | NOUN,inan,GNdr,Pltm plur,loct | NOUN,inan,GNdr,Pltm plur,nomn	true	3.01	1033	TRUSTED_V1	TRUSTED	ALLOW
сапог	5	MEDIUM	NOUN,inan,masc plur,ablt | NOUN,inan,masc plur,accs | NOUN,inan,masc plur,datv | NOUN,inan,masc plur,gent | NOUN,inan,masc plur,loct | NOUN,inan,masc plur,nomn | NOUN,inan,masc sing,ablt | NOUN,inan,masc sing,accs | NOUN,inan,masc sing,datv | NOUN,inan,masc sing,gent | NOUN,inan,masc sing,loct | NOUN,inan,masc sing,nomn	false	3.43	620	TRUSTED_V1	TRUSTED	ALLOW
сарай	5	MEDIUM	NOUN,inan,masc plur,ablt | NOUN,inan,masc plur,accs | NOUN,inan,masc plur,datv | NOUN,inan,masc plur,gent | NOUN,inan,masc plur,loct | NOUN,inan,masc plur,nomn | NOUN,inan,masc sing,ablt | NOUN,inan,masc sing,accs | NOUN,inan,masc sing,datv | NOUN,inan,masc sing,gent | NOUN,inan,masc sing,loct | NOUN,inan,masc sing,nomn	false	3.63	465	TRUSTED_V1	TRUSTED	ALLOW
сахар	5	MEDIUM	NOUN,inan,masc plur,ablt | NOUN,inan,masc plur,accs | NOUN,inan,masc plur,datv | NOUN,inan,masc plur,gent | NOUN,inan,masc plur,loct | NOUN,inan,masc plur,nomn | NOUN,inan,masc sing,ablt | NOUN,inan,masc sing,accs | NOUN,inan,masc sing,datv | NOUN,inan,masc sing,gen2 | NOUN,inan,masc sing,gent | NOUN,inan,masc sing,loct | NOUN,inan,masc sing,nomn	false	4.12	215	TRUSTED_V1	TRUSTED	ALLOW
сбой	4	EASY	NOUN,inan,masc plur,ablt | NOUN,inan,masc plur,accs | NOUN,inan,masc plur,datv | NOUN,inan,masc plur,gent | NOUN,inan,masc plur,loct | NOUN,inan,masc plur,nomn | NOUN,inan,masc sing,ablt | NOUN,inan,masc sing,accs | NOUN,inan,masc sing,datv | NOUN,inan,masc sing,gent | NOUN,inan,masc sing,loct | NOUN,inan,masc sing,nomn	false	3.75	282	WORDFREQ_RANKED	IN_POOL_REVIEW_REQUIRED	
сбор	4	EASY	NOUN,inan,masc plur,ablt | NOUN,inan,masc plur,accs | NOUN,inan,masc plur,datv | NOUN,inan,masc plur,gent | NOUN,inan,masc plur,loct | NOUN,inan,masc plur,nomn | NOUN,inan,masc sing,ablt | NOUN,inan,masc sing,accs | NOUN,inan,masc sing,datv | NOUN,inan,masc sing,gent | NOUN,inan,masc sing,loct | NOUN,inan,masc sing,nomn	false	4.39	116	WORDFREQ_RANKED	IN_POOL_REVIEW_REQUIRED	
сборка	6	HARD	NOUN,inan,femn plur,ablt | NOUN,inan,femn plur,accs | NOUN,inan,femn plur,datv | NOUN,inan,femn plur,gent | NOUN,inan,femn plur,loct | NOUN,inan,femn plur,nomn | NOUN,inan,femn sing,ablt | NOUN,inan,femn sing,ablt,V-oy | NOUN,inan,femn sing,accs | NOUN,inan,femn sing,datv | NOUN,inan,femn sing,gent | NOUN,inan,femn sing,loct | NOUN,inan,femn sing,nomn	false	3.61	446	WORDFREQ_RANKED	IN_POOL_REVIEW_REQUIRED	
сборная	7	EXPERT	NOUN,inan,femn plur,ablt | NOUN,inan,femn plur,accs | NOUN,inan,femn plur,datv | NOUN,inan,femn plur,gent | NOUN,inan,femn plur,loct | NOUN,inan,femn plur,nomn | NOUN,inan,femn sing,ablt | NOUN,inan,femn sing,ablt,V-oy | NOUN,inan,femn sing,accs | NOUN,inan,femn sing,datv | NOUN,inan,femn sing,gent | NOUN,inan,femn sing,loct | NOUN,inan,femn sing,nomn	false	4.79	36	WORDFREQ_RANKED	IN_POOL_REVIEW_REQUIRED	
сборник	7	EXPERT	NOUN,inan,masc plur,ablt | NOUN,inan,masc plur,accs | NOUN,inan,masc plur,datv | NOUN,inan,masc plur,gent | NOUN,inan,masc plur,loct | NOUN,inan,masc plur,nomn | NOUN,inan,masc sing,ablt | NOUN,inan,masc sing,accs | NOUN,inan,masc sing,datv | NOUN,inan,masc sing,gent | NOUN,inan,masc sing,loct | NOUN,inan,masc sing,nomn	false	4.67	50	WORDFREQ_RANKED	IN_POOL_REVIEW_REQUIRED	
сбыт	4	EASY	NOUN,inan,masc plur,ablt | NOUN,inan,masc plur,accs | NOUN,inan,masc plur,datv | NOUN,inan,masc plur,gent | NOUN,inan,masc plur,loct | NOUN,inan,masc plur,nomn | NOUN,inan,masc sing,ablt | NOUN,inan,masc sing,accs | NOUN,inan,masc sing,datv | NOUN,inan,masc sing,gent | NOUN,inan,masc sing,loct | NOUN,inan,masc sing,nomn	false	3.42	422	WORDFREQ_RANKED	IN_POOL_REVIEW_REQUIRED	
свадьба	7	EXPERT	NOUN,inan,femn plur,ablt | NOUN,inan,femn plur,accs | NOUN,inan,femn plur,datv | NOUN,inan,femn plur,gent | NOUN,inan,femn plur,loct | NOUN,inan,femn plur,nomn | NOUN,inan,femn sing,ablt | NOUN,inan,femn sing,ablt,V-oy | NOUN,inan,femn sing,accs | NOUN,inan,femn sing,datv | NOUN,inan,femn sing,gent | NOUN,inan,femn sing,loct | NOUN,inan,femn sing,nomn	false	4.29	122	WORDFREQ_RANKED	IN_POOL_REVIEW_REQUIRED	
свет	4	EASY	NOUN,inan,masc,Sgtm sing,ablt | NOUN,inan,masc,Sgtm sing,accs | NOUN,inan,masc,Sgtm sing,datv | NOUN,inan,masc,Sgtm sing,gen2 | NOUN,inan,masc,Sgtm sing,gent | NOUN,inan,masc,Sgtm sing,loc2 | NOUN,inan,masc,Sgtm sing,loct | NOUN,inan,masc,Sgtm sing,nomn	false	5.03	23	WORDFREQ_RANKED	IN_POOL_REVIEW_REQUIRED	
свеча	5	MEDIUM	NOUN,inan,femn plur,ablt | NOUN,inan,femn plur,accs | NOUN,inan,femn plur,datv | NOUN,inan,femn plur,gent | NOUN,inan,femn plur,gent,Infr | NOUN,inan,femn plur,loct | NOUN,inan,femn plur,nomn | NOUN,inan,femn sing,ablt | NOUN,inan,femn sing,ablt,V-oy | NOUN,inan,femn sing,accs | NOUN,inan,femn sing,datv | NOUN,inan,femn sing,gent | NOUN,inan,femn sing,loct | NOUN,inan,femn sing,nomn	false	3.46	597	TRUSTED_V1	TRUSTED	ALLOW
свинья	6	HARD	NOUN,anim,femn plur,ablt | NOUN,anim,femn plur,accs | NOUN,anim,femn plur,datv | NOUN,anim,femn plur,gent | NOUN,anim,femn plur,loct | NOUN,anim,femn plur,nomn | NOUN,anim,femn sing,ablt | NOUN,anim,femn sing,ablt,V-ey | NOUN,anim,femn sing,accs | NOUN,anim,femn sing,datv | NOUN,anim,femn sing,gent | NOUN,anim,femn sing,loct | NOUN,anim,femn sing,nomn	false	3.80	309	WORDFREQ_RANKED	IN_POOL_REVIEW_REQUIRED	
свист	5	MEDIUM	NOUN,inan,masc plur,ablt | NOUN,inan,masc plur,accs | NOUN,inan,masc plur,datv | NOUN,inan,masc plur,gent | NOUN,inan,masc plur,loct | NOUN,inan,masc plur,nomn | NOUN,inan,masc sing,ablt | NOUN,inan,masc sing,accs | NOUN,inan,masc sing,datv | NOUN,inan,masc sing,gen2 | NOUN,inan,masc sing,gent | NOUN,inan,masc sing,loct | NOUN,inan,masc sing,nomn	false	3.43	621	TRUSTED_V1	TRUSTED	ALLOW
свитер	6	HARD	NOUN,inan,masc plur,ablt | NOUN,inan,masc plur,accs | NOUN,inan,masc plur,accs,Infr | NOUN,inan,masc plur,datv | NOUN,inan,masc plur,gent | NOUN,inan,masc plur,loct | NOUN,inan,masc plur,nomn | NOUN,inan,masc plur,nomn,Infr | NOUN,inan,masc sing,ablt | NOUN,inan,masc sing,accs | NOUN,inan,masc sing,datv | NOUN,inan,masc sing,gent | NOUN,inan,masc sing,loct | NOUN,inan,masc sing,nomn	false	3.73	351	WORDFREQ_RANKED	IN_POOL_REVIEW_REQUIRED	
свобода	7	EXPERT	NOUN,inan,femn plur,ablt | NOUN,inan,femn plur,accs | NOUN,inan,femn plur,datv | NOUN,inan,femn plur,gent | NOUN,inan,femn plur,loct | NOUN,inan,femn plur,nomn | NOUN,inan,femn sing,ablt | NOUN,inan,femn sing,ablt,V-oy | NOUN,inan,femn sing,accs | NOUN,inan,femn sing,datv | NOUN,inan,femn sing,gent | NOUN,inan,femn sing,loct | NOUN,inan,femn sing,nomn	false	4.55	68	MANUAL_ALLOW	IN_POOL_REVIEW_REQUIRED	ALLOW
свод	4	EASY	NOUN,inan,masc plur,ablt | NOUN,inan,masc plur,accs | NOUN,inan,masc plur,datv | NOUN,inan,masc plur,gent | NOUN,inan,masc plur,loct | NOUN,inan,masc plur,nomn | NOUN,inan,masc sing,ablt | NOUN,inan,masc sing,accs | NOUN,inan,masc sing,datv | NOUN,inan,masc sing,gent | NOUN,inan,masc sing,loct | NOUN,inan,masc sing,nomn	false	3.64	323	WORDFREQ_RANKED	IN_POOL_REVIEW_REQUIRED	
сдача	5	MEDIUM	NOUN,inan,femn plur,ablt | NOUN,inan,femn plur,accs | NOUN,inan,femn plur,datv | NOUN,inan,femn plur,gent | NOUN,inan,femn plur,loct | NOUN,inan,femn plur,nomn | NOUN,inan,femn sing,ablt | NOUN,inan,femn sing,ablt,V-ey | NOUN,inan,femn sing,accs | NOUN,inan,femn sing,datv | NOUN,inan,femn sing,gent | NOUN,inan,femn sing,loct | NOUN,inan,femn sing,nomn	false	3.52	550	TRUSTED_V1	TRUSTED	ALLOW
сделка	6	HARD	NOUN,inan,femn plur,ablt | NOUN,inan,femn plur,accs | NOUN,inan,femn plur,datv | NOUN,inan,femn plur,gent | NOUN,inan,femn plur,loct | NOUN,inan,femn plur,nomn | NOUN,inan,femn sing,ablt | NOUN,inan,femn sing,ablt,V-oy | NOUN,inan,femn sing,accs | NOUN,inan,femn sing,datv | NOUN,inan,femn sing,gent | NOUN,inan,femn sing,loct | NOUN,inan,femn sing,nomn	false	4.17	166	WORDFREQ_RANKED	IN_POOL_REVIEW_REQUIRED	
сеанс	5	MEDIUM	NOUN,inan,masc plur,ablt | NOUN,inan,masc plur,accs | NOUN,inan,masc plur,datv | NOUN,inan,masc plur,gent | NOUN,inan,masc plur,loct | NOUN,inan,masc plur,nomn | NOUN,inan,masc sing,ablt | NOUN,inan,masc sing,accs | NOUN,inan,masc sing,datv | NOUN,inan,masc sing,gent | NOUN,inan,masc sing,loct | NOUN,inan,masc sing,nomn	false	3.59	502	TRUSTED_V1	TRUSTED	ALLOW
север	5	MEDIUM	NOUN,inan,masc plur,ablt | NOUN,inan,masc plur,accs | NOUN,inan,masc plur,datv | NOUN,inan,masc plur,gent | NOUN,inan,masc plur,loct | NOUN,inan,masc plur,nomn | NOUN,inan,masc sing,ablt | NOUN,inan,masc sing,accs | NOUN,inan,masc sing,datv | NOUN,inan,masc sing,gent | NOUN,inan,masc sing,loct | NOUN,inan,masc sing,nomn	false	4.36	133	TRUSTED_V1	TRUSTED	ALLOW
сегмент	7	EXPERT	NOUN,inan,masc plur,ablt | NOUN,inan,masc plur,accs | NOUN,inan,masc plur,datv | NOUN,inan,masc plur,gent | NOUN,inan,masc plur,loct | NOUN,inan,masc plur,nomn | NOUN,inan,masc sing,ablt | NOUN,inan,masc sing,accs | NOUN,inan,masc sing,datv | NOUN,inan,masc sing,gent | NOUN,inan,masc sing,loct | NOUN,inan,masc sing,nomn	false	3.57	433	WORDFREQ_RANKED	IN_POOL_REVIEW_REQUIRED	
седло	5	MEDIUM	NOUN,inan,neut plur,ablt | NOUN,inan,neut plur,accs | NOUN,inan,neut plur,datv | NOUN,inan,neut plur,gent | NOUN,inan,neut plur,loct | NOUN,inan,neut plur,nomn | NOUN,inan,neut sing,ablt | NOUN,inan,neut sing,accs | NOUN,inan,neut sing,datv | NOUN,inan,neut sing,gent | NOUN,inan,neut sing,loct | NOUN,inan,neut sing,nomn	false	3.51	555	TRUSTED_V1	TRUSTED	ALLOW
сезон	5	MEDIUM	NOUN,inan,masc plur,ablt | NOUN,inan,masc plur,accs | NOUN,inan,masc plur,datv | NOUN,inan,masc plur,gent | NOUN,inan,masc plur,loct | NOUN,inan,masc plur,nomn | NOUN,inan,masc sing,ablt | NOUN,inan,masc sing,accs | NOUN,inan,masc sing,datv | NOUN,inan,masc sing,gent | NOUN,inan,masc sing,loct | NOUN,inan,masc sing,nomn	false	5.10	15	TRUSTED_V1	TRUSTED	ALLOW
сейм	4	EASY	NOUN,inan,masc plur,ablt | NOUN,inan,masc plur,accs | NOUN,inan,masc plur,datv | NOUN,inan,masc plur,gent | NOUN,inan,masc plur,loct | NOUN,inan,masc plur,nomn | NOUN,inan,masc sing,ablt | NOUN,inan,masc sing,accs | NOUN,inan,masc sing,datv | NOUN,inan,masc sing,gent | NOUN,inan,masc sing,loct | NOUN,inan,masc sing,nomn	false	3.49	384	WORDFREQ_RANKED	IN_POOL_REVIEW_REQUIRED	
сейф	4	EASY	NOUN,inan,masc plur,ablt | NOUN,inan,masc plur,accs | NOUN,inan,masc plur,datv | NOUN,inan,masc plur,gent | NOUN,inan,masc plur,loct | NOUN,inan,masc plur,nomn | NOUN,inan,masc sing,ablt | NOUN,inan,masc sing,accs | NOUN,inan,masc sing,datv | NOUN,inan,masc sing,gent | NOUN,inan,masc sing,loct | NOUN,inan,masc sing,nomn	false	3.46	399	WORDFREQ_RANKED	IN_POOL_REVIEW_REQUIRED	
секрет	6	HARD	NOUN,inan,masc plur,ablt | NOUN,inan,masc plur,accs | NOUN,inan,masc plur,datv | NOUN,inan,masc plur,gent | NOUN,inan,masc plur,loct | NOUN,inan,masc plur,nomn | NOUN,inan,masc sing,ablt | NOUN,inan,masc sing,accs | NOUN,inan,masc sing,datv | NOUN,inan,masc sing,gent | NOUN,inan,masc sing,loct | NOUN,inan,masc sing,nomn	false	4.51	81	WORDFREQ_RANKED	IN_POOL_REVIEW_REQUIRED	
сектор	6	HARD	NOUN,inan,masc plur,ablt | NOUN,inan,masc plur,accs | NOUN,inan,masc plur,accs,Infr | NOUN,inan,masc plur,datv | NOUN,inan,masc plur,gent | NOUN,inan,masc plur,loct | NOUN,inan,masc plur,nomn | NOUN,inan,masc plur,nomn,Infr | NOUN,inan,masc sing,ablt | NOUN,inan,masc sing,accs | NOUN,inan,masc sing,datv | NOUN,inan,masc sing,gent | NOUN,inan,masc sing,loct | NOUN,inan,masc sing,nomn	false	4.26	139	WORDFREQ_RANKED	IN_POOL_REVIEW_REQUIRED	
секция	6	HARD	NOUN,inan,femn plur,ablt | NOUN,inan,femn plur,accs | NOUN,inan,femn plur,datv | NOUN,inan,femn plur,gent | NOUN,inan,femn plur,loct | NOUN,inan,femn plur,nomn | NOUN,inan,femn sing,ablt | NOUN,inan,femn sing,ablt,V-ey | NOUN,inan,femn sing,accs | NOUN,inan,femn sing,datv | NOUN,inan,femn sing,gent | NOUN,inan,femn sing,loct | NOUN,inan,femn sing,nomn	false	3.66	409	WORDFREQ_RANKED	IN_POOL_REVIEW_REQUIRED	
село	4	EASY	NOUN,inan,neut plur,ablt | NOUN,inan,neut plur,accs | NOUN,inan,neut plur,datv | NOUN,inan,neut plur,gent | NOUN,inan,neut plur,loct | NOUN,inan,neut plur,nomn | NOUN,inan,neut sing,ablt | NOUN,inan,neut sing,accs | NOUN,inan,neut sing,datv | NOUN,inan,neut sing,gent | NOUN,inan,neut sing,loct | NOUN,inan,neut sing,nomn	false	4.28	138	WORDFREQ_RANKED	IN_POOL_REVIEW_REQUIRED	
семинар	7	EXPERT	NOUN,inan,masc plur,ablt | NOUN,inan,masc plur,accs | NOUN,inan,masc plur,datv | NOUN,inan,masc plur,gent | NOUN,inan,masc plur,loct | NOUN,inan,masc plur,nomn | NOUN,inan,masc sing,ablt | NOUN,inan,masc sing,accs | NOUN,inan,masc sing,datv | NOUN,inan,masc sing,gent | NOUN,inan,masc sing,loct | NOUN,inan,masc sing,nomn	false	3.83	284	WORDFREQ_RANKED	IN_POOL_REVIEW_REQUIRED	
семья	5	MEDIUM	NOUN,inan,femn plur,ablt | NOUN,inan,femn plur,accs | NOUN,inan,femn plur,datv | NOUN,inan,femn plur,gent | NOUN,inan,femn plur,loct | NOUN,inan,femn plur,nomn | NOUN,inan,femn sing,ablt | NOUN,inan,femn sing,ablt,V-ey | NOUN,inan,femn sing,accs | NOUN,inan,femn sing,datv | NOUN,inan,femn sing,gent | NOUN,inan,femn sing,loct | NOUN,inan,femn sing,nomn	false	5.04	20	TRUSTED_V1	TRUSTED	ALLOW
семя	4	EASY	NOUN,inan,neut plur,ablt | NOUN,inan,neut plur,accs | NOUN,inan,neut plur,datv | NOUN,inan,neut plur,gent | NOUN,inan,neut plur,loct | NOUN,inan,neut plur,nomn | NOUN,inan,neut sing,ablt | NOUN,inan,neut sing,accs | NOUN,inan,neut sing,datv | NOUN,inan,neut sing,gent | NOUN,inan,neut sing,loct | NOUN,inan,neut sing,nomn	false	3.48	388	WORDFREQ_RANKED	IN_POOL_REVIEW_REQUIRED	
сенатор	7	EXPERT	NOUN,anim,masc plur,ablt | NOUN,anim,masc plur,accs | NOUN,anim,masc plur,datv | NOUN,anim,masc plur,gent | NOUN,anim,masc plur,loct | NOUN,anim,masc plur,nomn | NOUN,anim,masc sing,ablt | NOUN,anim,masc sing,accs | NOUN,anim,masc sing,datv | NOUN,anim,masc sing,gent | NOUN,anim,masc sing,loct | NOUN,anim,masc sing,nomn	false	4.23	143	WORDFREQ_RANKED	IN_POOL_REVIEW_REQUIRED	
сеньор	6	HARD	NOUN,anim,masc plur,ablt | NOUN,anim,masc plur,accs | NOUN,anim,masc plur,datv | NOUN,anim,masc plur,gent | NOUN,anim,masc plur,loct | NOUN,anim,masc plur,nomn | NOUN,anim,masc sing,ablt | NOUN,anim,masc sing,accs | NOUN,anim,masc sing,datv | NOUN,anim,masc sing,gent | NOUN,anim,masc sing,loct | NOUN,anim,masc sing,nomn	false	3.76	329	WORDFREQ_RANKED	IN_POOL_REVIEW_REQUIRED	
сервер	6	HARD	NOUN,inan,masc plur,ablt | NOUN,inan,masc plur,accs | NOUN,inan,masc plur,accs,Infr | NOUN,inan,masc plur,datv | NOUN,inan,masc plur,gent | NOUN,inan,masc plur,loct | NOUN,inan,masc plur,nomn | NOUN,inan,masc plur,nomn,Infr | NOUN,inan,masc sing,ablt | NOUN,inan,masc sing,accs | NOUN,inan,masc sing,datv | NOUN,inan,masc sing,gent | NOUN,inan,masc sing,loct | NOUN,inan,masc sing,nomn	false	3.77	324	WORDFREQ_RANKED	IN_POOL_REVIEW_REQUIRED	
сервис	6	HARD	NOUN,inan,masc plur,ablt | NOUN,inan,masc plur,accs | NOUN,inan,masc plur,datv | NOUN,inan,masc plur,gent | NOUN,inan,masc plur,loct | NOUN,inan,masc plur,nomn | NOUN,inan,masc sing,ablt | NOUN,inan,masc sing,accs | NOUN,inan,masc sing,datv | NOUN,inan,masc sing,gent | NOUN,inan,masc sing,loct | NOUN,inan,masc sing,nomn	false	4.35	113	WORDFREQ_RANKED	IN_POOL_REVIEW_REQUIRED	
сердце	6	HARD	NOUN,inan,neut plur,ablt | NOUN,inan,neut plur,accs | NOUN,inan,neut plur,datv | NOUN,inan,neut plur,gent | NOUN,inan,neut plur,gent,Infr | NOUN,inan,neut plur,loct | NOUN,inan,neut plur,nomn | NOUN,inan,neut sing,ablt | NOUN,inan,neut sing,accs | NOUN,inan,neut sing,datv | NOUN,inan,neut sing,gent | NOUN,inan,neut sing,loct | NOUN,inan,neut sing,nomn	false	5.17	8	MANUAL_ALLOW	IN_POOL_REVIEW_REQUIRED	ALLOW
серебро	7	EXPERT	NOUN,inan,neut,Sgtm sing,ablt | NOUN,inan,neut,Sgtm sing,accs | NOUN,inan,neut,Sgtm sing,datv | NOUN,inan,neut,Sgtm sing,gent | NOUN,inan,neut,Sgtm sing,loct | NOUN,inan,neut,Sgtm sing,nomn	false	4.32	118	WORDFREQ_RANKED	IN_POOL_REVIEW_REQUIRED	
сержант	7	EXPERT	NOUN,anim,masc plur,ablt | NOUN,anim,masc plur,accs | NOUN,anim,masc plur,datv | NOUN,anim,masc plur,gent | NOUN,anim,masc plur,loct | NOUN,anim,masc plur,nomn | NOUN,anim,masc sing,ablt | NOUN,anim,masc sing,accs | NOUN,anim,masc sing,datv | NOUN,anim,masc sing,gent | NOUN,anim,masc sing,loct | NOUN,anim,masc sing,nomn	false	4.37	101	WORDFREQ_RANKED	IN_POOL_REVIEW_REQUIRED	
сериал	6	HARD	NOUN,inan,masc plur,ablt | NOUN,inan,masc plur,accs | NOUN,inan,masc plur,datv | NOUN,inan,masc plur,gent | NOUN,inan,masc plur,loct | NOUN,inan,masc plur,nomn | NOUN,inan,masc sing,ablt | NOUN,inan,masc sing,accs | NOUN,inan,masc sing,datv | NOUN,inan,masc sing,gent | NOUN,inan,masc sing,loct | NOUN,inan,masc sing,nomn	false	4.52	79	WORDFREQ_RANKED	IN_POOL_REVIEW_REQUIRED	
серп	4	EASY	NOUN,inan,masc plur,ablt | NOUN,inan,masc plur,accs | NOUN,inan,masc plur,datv | NOUN,inan,masc plur,gent | NOUN,inan,masc plur,loct | NOUN,inan,masc plur,nomn | NOUN,inan,masc sing,ablt | NOUN,inan,masc sing,accs | NOUN,inan,masc sing,datv | NOUN,inan,masc sing,gent | NOUN,inan,masc sing,loct | NOUN,inan,masc sing,nomn	false	3.33	483	WORDFREQ_RANKED	IN_POOL_REVIEW_REQUIRED	
сессия	6	HARD	NOUN,inan,femn plur,ablt | NOUN,inan,femn plur,accs | NOUN,inan,femn plur,datv | NOUN,inan,femn plur,gent | NOUN,inan,femn plur,loct | NOUN,inan,femn plur,nomn | NOUN,inan,femn sing,ablt | NOUN,inan,femn sing,ablt,V-ey | NOUN,inan,femn sing,accs | NOUN,inan,femn sing,datv | NOUN,inan,femn sing,gent | NOUN,inan,femn sing,loct | NOUN,inan,femn sing,nomn	false	3.98	232	WORDFREQ_RANKED	IN_POOL_REVIEW_REQUIRED	
сестра	6	HARD	NOUN,anim,femn plur,ablt | NOUN,anim,femn plur,accs | NOUN,anim,femn plur,datv | NOUN,anim,femn plur,gent | NOUN,anim,femn plur,loct | NOUN,anim,femn plur,nomn | NOUN,anim,femn sing,ablt | NOUN,anim,femn sing,ablt,V-oy | NOUN,anim,femn sing,accs | NOUN,anim,femn sing,datv | NOUN,anim,femn sing,gent | NOUN,anim,femn sing,loct | NOUN,anim,femn sing,nomn	false	4.70	58	WORDFREQ_RANKED	IN_POOL_REVIEW_REQUIRED	
сетка	5	MEDIUM	NOUN,inan,femn plur,ablt | NOUN,inan,femn plur,accs | NOUN,inan,femn plur,datv | NOUN,inan,femn plur,gent | NOUN,inan,femn plur,loct | NOUN,inan,femn plur,nomn | NOUN,inan,femn sing,ablt | NOUN,inan,femn sing,ablt,V-oy | NOUN,inan,femn sing,accs | NOUN,inan,femn sing,datv | NOUN,inan,femn sing,gent | NOUN,inan,femn sing,loct | NOUN,inan,femn sing,nomn	false	3.57	521	TRUSTED_V1	TRUSTED	ALLOW
сеть	4	EASY	NOUN,inan,femn plur,ablt | NOUN,inan,femn plur,accs | NOUN,inan,femn plur,datv | NOUN,inan,femn plur,gent | NOUN,inan,femn plur,loct | NOUN,inan,femn plur,nomn | NOUN,inan,femn sing,ablt | NOUN,inan,femn sing,accs | NOUN,inan,femn sing,datv | NOUN,inan,femn sing,gent | NOUN,inan,femn sing,loc2 | NOUN,inan,femn sing,loct | NOUN,inan,femn sing,nomn	false	4.79	48	WORDFREQ_RANKED	IN_POOL_REVIEW_REQUIRED	
сигнал	6	HARD	NOUN,inan,masc plur,ablt | NOUN,inan,masc plur,accs | NOUN,inan,masc plur,datv | NOUN,inan,masc plur,gent | NOUN,inan,masc plur,loct | NOUN,inan,masc plur,nomn | NOUN,inan,masc sing,ablt | NOUN,inan,masc sing,accs | NOUN,inan,masc sing,datv | NOUN,inan,masc sing,gent | NOUN,inan,masc sing,loct | NOUN,inan,masc sing,nomn	false	4.49	86	WORDFREQ_RANKED	IN_POOL_REVIEW_REQUIRED	
сила	4	EASY	NOUN,inan,femn plur,ablt | NOUN,inan,femn plur,accs | NOUN,inan,femn plur,datv | NOUN,inan,femn plur,gent | NOUN,inan,femn plur,loct | NOUN,inan,femn plur,nomn | NOUN,inan,femn sing,ablt | NOUN,inan,femn sing,ablt,V-oy | NOUN,inan,femn sing,accs | NOUN,inan,femn sing,datv | NOUN,inan,femn sing,gent | NOUN,inan,femn sing,loct | NOUN,inan,femn sing,nomn	false	4.75	54	WORDFREQ_RANKED	IN_POOL_REVIEW_REQUIRED	
символ	6	HARD	NOUN,inan,masc plur,ablt | NOUN,inan,masc plur,accs | NOUN,inan,masc plur,datv | NOUN,inan,masc plur,gent | NOUN,inan,masc plur,loct | NOUN,inan,masc plur,nomn | NOUN,inan,masc sing,ablt | NOUN,inan,masc sing,accs | NOUN,inan,masc sing,datv | NOUN,inan,masc sing,gent | NOUN,inan,masc sing,loct | NOUN,inan,masc sing,nomn	false	4.32	118	WORDFREQ_RANKED	IN_POOL_REVIEW_REQUIRED	
синдром	7	EXPERT	NOUN,inan,masc plur,ablt | NOUN,inan,masc plur,accs | NOUN,inan,masc plur,datv | NOUN,inan,masc plur,gent | NOUN,inan,masc plur,loct | NOUN,inan,masc plur,nomn | NOUN,inan,masc sing,ablt | NOUN,inan,masc sing,accs | NOUN,inan,masc sing,datv | NOUN,inan,masc sing,gent | NOUN,inan,masc sing,loct | NOUN,inan,masc sing,nomn	false	4.01	217	WORDFREQ_RANKED	IN_POOL_REVIEW_REQUIRED	
синтез	6	HARD	NOUN,inan,masc plur,ablt | NOUN,inan,masc plur,accs | NOUN,inan,masc plur,datv | NOUN,inan,masc plur,gent | NOUN,inan,masc plur,loct | NOUN,inan,masc plur,nomn | NOUN,inan,masc sing,ablt | NOUN,inan,masc sing,accs | NOUN,inan,masc sing,datv | NOUN,inan,masc sing,gent | NOUN,inan,masc sing,loct | NOUN,inan,masc sing,nomn	false	3.77	325	WORDFREQ_RANKED	IN_POOL_REVIEW_REQUIRED	
синьор	6	HARD	NOUN,anim,masc plur,ablt | NOUN,anim,masc plur,accs | NOUN,anim,masc plur,datv | NOUN,anim,masc plur,gent | NOUN,anim,masc plur,loct | NOUN,anim,masc plur,nomn | NOUN,anim,masc sing,ablt | NOUN,anim,masc sing,accs | NOUN,anim,masc sing,datv | NOUN,anim,masc sing,gent | NOUN,anim,masc sing,loct | NOUN,anim,masc sing,nomn	false	3.74	345	WORDFREQ_RANKED	IN_POOL_REVIEW_REQUIRED	
синяк	5	MEDIUM	NOUN,inan,masc plur,ablt | NOUN,inan,masc plur,accs | NOUN,inan,masc plur,datv | NOUN,inan,masc plur,gent | NOUN,inan,masc plur,loct | NOUN,inan,masc plur,nomn | NOUN,inan,masc sing,ablt | NOUN,inan,masc sing,accs | NOUN,inan,masc sing,datv | NOUN,inan,masc sing,gent | NOUN,inan,masc sing,loct | NOUN,inan,masc sing,nomn	false	3.32	727	TRUSTED_V1	TRUSTED	ALLOW
система	7	EXPERT	NOUN,inan,femn plur,ablt | NOUN,inan,femn plur,accs | NOUN,inan,femn plur,datv | NOUN,inan,femn plur,gent | NOUN,inan,femn plur,loct | NOUN,inan,femn plur,nomn | NOUN,inan,femn sing,ablt | NOUN,inan,femn sing,ablt,V-oy | NOUN,inan,femn sing,accs | NOUN,inan,femn sing,datv | NOUN,inan,femn sing,gent | NOUN,inan,femn sing,loct | NOUN,inan,femn sing,nomn	false	5.18	7	WORDFREQ_RANKED	IN_POOL_REVIEW_REQUIRED	
сияние	6	HARD	NOUN,inan,neut plur,ablt | NOUN,inan,neut plur,ablt,V-be | NOUN,inan,neut plur,accs | NOUN,inan,neut plur,accs,V-be | NOUN,inan,neut plur,datv | NOUN,inan,neut plur,datv,V-be | NOUN,inan,neut plur,gent | NOUN,inan,neut plur,loct | NOUN,inan,neut plur,loct,V-be | NOUN,inan,neut plur,nomn | NOUN,inan,neut plur,nomn,V-be | NOUN,inan,neut sing,ablt | NOUN,inan,neut sing,ablt,V-be | NOUN,inan,neut sing,accs | NOUN,inan,neut sing,accs,V-be | NOUN,inan,neut sing,datv | NOUN,inan,neut sing,datv,V-be | NOUN,inan,neut sing,gent | NOUN,inan,neut sing,gent,V-be | NOUN,inan,neut sing,loct | NOUN,inan,neut sing,loct,V-be | NOUN,inan,neut sing,loct,V-be,V-bi | NOUN,inan,neut sing,nomn | NOUN,inan,neut sing,nomn,V-be	false	3.64	420	WORDFREQ_RANKED	IN_POOL_REVIEW_REQUIRED	
сказка	6	HARD	NOUN,inan,femn plur,ablt | NOUN,inan,femn plur,accs | NOUN,inan,femn plur,datv | NOUN,inan,femn plur,gent | NOUN,inan,femn plur,loct | NOUN,inan,femn plur,nomn | NOUN,inan,femn sing,ablt | NOUN,inan,femn sing,ablt,V-oy | NOUN,inan,femn sing,accs | NOUN,inan,femn sing,datv | NOUN,inan,femn sing,gent | NOUN,inan,femn sing,loct | NOUN,inan,femn sing,nomn	false	4.16	167	WORDFREQ_RANKED	IN_POOL_REVIEW_REQUIRED	
скала	5	MEDIUM	NOUN,inan,femn plur,ablt | NOUN,inan,femn plur,accs | NOUN,inan,femn plur,datv | NOUN,inan,femn plur,gent | NOUN,inan,femn plur,loct | NOUN,inan,femn plur,nomn | NOUN,inan,femn sing,ablt | NOUN,inan,femn sing,ablt,V-oy | NOUN,inan,femn sing,accs | NOUN,inan,femn sing,datv | NOUN,inan,femn sing,gent | NOUN,inan,femn sing,loct | NOUN,inan,femn sing,nomn	false	3.65	457	TRUSTED_V1	TRUSTED	ALLOW
скандал	7	EXPERT	NOUN,inan,masc plur,ablt | NOUN,inan,masc plur,accs | NOUN,inan,masc plur,datv | NOUN,inan,masc plur,gent | NOUN,inan,masc plur,loct | NOUN,inan,masc plur,nomn | NOUN,inan,masc sing,ablt | NOUN,inan,masc sing,accs | NOUN,inan,masc sing,datv | NOUN,inan,masc sing,gen2 | NOUN,inan,masc sing,gent | NOUN,inan,masc sing,loct | NOUN,inan,masc sing,nomn	false	4.26	133	WORDFREQ_RANKED	IN_POOL_REVIEW_REQUIRED	
скачок	6	HARD	NOUN,inan,masc plur,ablt | NOUN,inan,masc plur,accs | NOUN,inan,masc plur,datv | NOUN,inan,masc plur,gent | NOUN,inan,masc plur,loct | NOUN,inan,masc plur,nomn | NOUN,inan,masc sing,ablt | NOUN,inan,masc sing,accs | NOUN,inan,masc sing,datv | NOUN,inan,masc sing,gent | NOUN,inan,masc sing,loct | NOUN,inan,masc sing,nomn	false	3.58	471	WORDFREQ_RANKED	IN_POOL_REVIEW_REQUIRED	
сквер	5	MEDIUM	NOUN,inan,masc plur,ablt | NOUN,inan,masc plur,accs | NOUN,inan,masc plur,datv | NOUN,inan,masc plur,gent | NOUN,inan,masc plur,loct | NOUN,inan,masc plur,nomn | NOUN,inan,masc sing,ablt | NOUN,inan,masc sing,accs | NOUN,inan,masc sing,datv | NOUN,inan,masc sing,gent | NOUN,inan,masc sing,loct | NOUN,inan,masc sing,nomn	false	3.74	406	TRUSTED_V1	TRUSTED	ALLOW
скелет	6	HARD	NOUN,inan,masc plur,ablt | NOUN,inan,masc plur,accs | NOUN,inan,masc plur,datv | NOUN,inan,masc plur,gent | NOUN,inan,masc plur,loct | NOUN,inan,masc plur,nomn | NOUN,inan,masc sing,ablt | NOUN,inan,masc sing,accs | NOUN,inan,masc sing,datv | NOUN,inan,masc sing,gent | NOUN,inan,masc sing,loct | NOUN,inan,masc sing,nomn	false	3.72	358	WORDFREQ_RANKED	IN_POOL_REVIEW_REQUIRED	
скидка	6	HARD	NOUN,inan,femn plur,ablt | NOUN,inan,femn plur,accs | NOUN,inan,femn plur,datv | NOUN,inan,femn plur,gent | NOUN,inan,femn plur,loct | NOUN,inan,femn plur,nomn | NOUN,inan,femn sing,ablt | NOUN,inan,femn sing,ablt,V-oy | NOUN,inan,femn sing,accs | NOUN,inan,femn sing,datv | NOUN,inan,femn sing,gent | NOUN,inan,femn sing,loct | NOUN,inan,femn sing,nomn	false	3.57	476	WORDFREQ_RANKED	IN_POOL_REVIEW_REQUIRED	
склад	5	MEDIUM	NOUN,inan,masc plur,ablt | NOUN,inan,masc plur,accs | NOUN,inan,masc plur,datv | NOUN,inan,masc plur,gent | NOUN,inan,masc plur,loct | NOUN,inan,masc plur,nomn | NOUN,inan,masc sing,ablt | NOUN,inan,masc sing,accs | NOUN,inan,masc sing,datv | NOUN,inan,masc sing,gent | NOUN,inan,masc sing,loc2 | NOUN,inan,masc sing,loct | NOUN,inan,masc sing,nomn	false	4.13	207	TRUSTED_V1	TRUSTED	ALLOW
склон	5	MEDIUM	NOUN,inan,masc plur,ablt | NOUN,inan,masc plur,accs | NOUN,inan,masc plur,datv | NOUN,inan,masc plur,gent | NOUN,inan,masc plur,loct | NOUN,inan,masc plur,nomn | NOUN,inan,masc sing,ablt | NOUN,inan,masc sing,accs | NOUN,inan,masc sing,datv | NOUN,inan,masc sing,gent | NOUN,inan,masc sing,loct | NOUN,inan,masc sing,nomn	false	3.40	658	TRUSTED_V1	TRUSTED	ALLOW
сладкое	7	EXPERT	NOUN,inan,neut plur,ablt | NOUN,inan,neut plur,accs | NOUN,inan,neut plur,datv | NOUN,inan,neut plur,gent | NOUN,inan,neut plur,loct | NOUN,inan,neut plur,nomn | NOUN,inan,neut sing,ablt | NOUN,inan,neut sing,accs | NOUN,inan,neut sing,datv | NOUN,inan,neut sing,gent | NOUN,inan,neut sing,loct | NOUN,inan,neut sing,nomn	false	3.53	455	WORDFREQ_RANKED	IN_POOL_REVIEW_REQUIRED	
след	4	EASY	NOUN,inan,masc plur,ablt | NOUN,inan,masc plur,accs | NOUN,inan,masc plur,datv | NOUN,inan,masc plur,gent | NOUN,inan,masc plur,loct | NOUN,inan,masc plur,nomn | NOUN,inan,masc sing,ablt | NOUN,inan,masc sing,accs | NOUN,inan,masc sing,datv | NOUN,inan,masc sing,gent | NOUN,inan,masc sing,loc2 | NOUN,inan,masc sing,loct | NOUN,inan,masc sing,nomn	false	4.40	111	WORDFREQ_RANKED	IN_POOL_REVIEW_REQUIRED	
слеза	5	MEDIUM	NOUN,inan,femn plur,ablt | NOUN,inan,femn plur,accs | NOUN,inan,femn plur,datv | NOUN,inan,femn plur,gent | NOUN,inan,femn plur,loct | NOUN,inan,femn plur,nomn | NOUN,inan,femn sing,ablt | NOUN,inan,femn sing,ablt,V-oy | NOUN,inan,femn sing,accs | NOUN,inan,femn sing,datv | NOUN,inan,femn sing,gent | NOUN,inan,femn sing,loct | NOUN,inan,femn sing,nomn	false	3.25	795	TRUSTED_V1	TRUSTED	ALLOW
слива	5	MEDIUM	NOUN,inan,femn plur,ablt | NOUN,inan,femn plur,accs | NOUN,inan,femn plur,datv | NOUN,inan,femn plur,gent | NOUN,inan,femn plur,loct | NOUN,inan,femn plur,nomn | NOUN,inan,femn sing,ablt | NOUN,inan,femn sing,ablt,V-oy | NOUN,inan,femn sing,accs | NOUN,inan,femn sing,datv | NOUN,inan,femn sing,gent | NOUN,inan,femn sing,loct | NOUN,inan,femn sing,nomn	false	3.23	812	TRUSTED_V1	TRUSTED	ALLOW
слияние	7	EXPERT	NOUN,inan,neut plur,ablt | NOUN,inan,neut plur,ablt,V-be | NOUN,inan,neut plur,accs | NOUN,inan,neut plur,accs,V-be | NOUN,inan,neut plur,datv | NOUN,inan,neut plur,datv,V-be | NOUN,inan,neut plur,gent | NOUN,inan,neut plur,loct | NOUN,inan,neut plur,loct,V-be | NOUN,inan,neut plur,nomn | NOUN,inan,neut plur,nomn,V-be | NOUN,inan,neut sing,ablt | NOUN,inan,neut sing,ablt,V-be | NOUN,inan,neut sing,accs | NOUN,inan,neut sing,accs,V-be | NOUN,inan,neut sing,datv | NOUN,inan,neut sing,datv,V-be | NOUN,inan,neut sing,gent | NOUN,inan,neut sing,gent,V-be | NOUN,inan,neut sing,loct | NOUN,inan,neut sing,loct,V-be | NOUN,inan,neut sing,loct,V-be,V-bi | NOUN,inan,neut sing,nomn | NOUN,inan,neut sing,nomn,V-be	false	3.70	359	WORDFREQ_RANKED	IN_POOL_REVIEW_REQUIRED	
словарь	7	EXPERT	NOUN,inan,masc plur,ablt | NOUN,inan,masc plur,accs | NOUN,inan,masc plur,datv | NOUN,inan,masc plur,gent | NOUN,inan,masc plur,loct | NOUN,inan,masc plur,nomn | NOUN,inan,masc sing,ablt | NOUN,inan,masc sing,accs | NOUN,inan,masc sing,datv | NOUN,inan,masc sing,gent | NOUN,inan,masc sing,loct | NOUN,inan,masc sing,nomn	false	4.20	155	WORDFREQ_RANKED	IN_POOL_REVIEW_REQUIRED	
слово	5	MEDIUM	NOUN,inan,neut plur,ablt | NOUN,inan,neut plur,accs | NOUN,inan,neut plur,datv | NOUN,inan,neut plur,gent | NOUN,inan,neut plur,loct | NOUN,inan,neut plur,nomn | NOUN,inan,neut sing,ablt | NOUN,inan,neut sing,accs | NOUN,inan,neut sing,datv | NOUN,inan,neut sing,gent | NOUN,inan,neut sing,loct | NOUN,inan,neut sing,nomn	false	5.20	9	TRUSTED_V1	TRUSTED	ALLOW
слог	4	EASY	NOUN,inan,masc plur,ablt | NOUN,inan,masc plur,accs | NOUN,inan,masc plur,datv | NOUN,inan,masc plur,gent | NOUN,inan,masc plur,loct | NOUN,inan,masc plur,nomn | NOUN,inan,masc sing,ablt | NOUN,inan,masc sing,accs | NOUN,inan,masc sing,datv | NOUN,inan,masc sing,gent | NOUN,inan,masc sing,loct | NOUN,inan,masc sing,nomn	false	3.41	430	WORDFREQ_RANKED	IN_POOL_REVIEW_REQUIRED	
слой	4	EASY	NOUN,inan,masc plur,ablt | NOUN,inan,masc plur,accs | NOUN,inan,masc plur,datv | NOUN,inan,masc plur,gent | NOUN,inan,masc plur,loct | NOUN,inan,masc plur,nomn | NOUN,inan,masc sing,ablt | NOUN,inan,masc sing,accs | NOUN,inan,masc sing,datv | NOUN,inan,masc sing,gent | NOUN,inan,masc sing,loc2 | NOUN,inan,masc sing,loct | NOUN,inan,masc sing,nomn	false	4.06	189	WORDFREQ_RANKED	IN_POOL_REVIEW_REQUIRED	
слон	4	EASY	NOUN,anim,masc plur,ablt | NOUN,anim,masc plur,accs | NOUN,anim,masc plur,datv | NOUN,anim,masc plur,gent | NOUN,anim,masc plur,loct | NOUN,anim,masc plur,nomn | NOUN,anim,masc sing,ablt | NOUN,anim,masc sing,accs | NOUN,anim,masc sing,datv | NOUN,anim,masc sing,gent | NOUN,anim,masc sing,loct | NOUN,anim,masc sing,nomn	false	3.74	286	WORDFREQ_RANKED	IN_POOL_REVIEW_REQUIRED	
слуга	5	MEDIUM	NOUN,anim,masc plur,ablt | NOUN,anim,masc plur,accs | NOUN,anim,masc plur,datv | NOUN,anim,masc plur,gent | NOUN,anim,masc plur,loct | NOUN,anim,masc plur,nomn | NOUN,anim,masc sing,ablt | NOUN,anim,masc sing,ablt,V-oy | NOUN,anim,masc sing,accs | NOUN,anim,masc sing,datv | NOUN,anim,masc sing,gent | NOUN,anim,masc sing,loct | NOUN,anim,masc sing,nomn	false	3.88	327	TRUSTED_V1	TRUSTED	ALLOW
служба	6	HARD	NOUN,inan,femn plur,ablt | NOUN,inan,femn plur,accs | NOUN,inan,femn plur,datv | NOUN,inan,femn plur,gent | NOUN,inan,femn plur,loct | NOUN,inan,femn plur,nomn | NOUN,inan,femn sing,ablt | NOUN,inan,femn sing,ablt,V-oy | NOUN,inan,femn sing,accs | NOUN,inan,femn sing,datv | NOUN,inan,femn sing,gent | NOUN,inan,femn sing,loct | NOUN,inan,femn sing,nomn	false	4.59	75	WORDFREQ_RANKED	IN_POOL_REVIEW_REQUIRED	
слух	4	EASY	NOUN,inan,masc plur,ablt | NOUN,inan,masc plur,accs | NOUN,inan,masc plur,datv | NOUN,inan,masc plur,gent | NOUN,inan,masc plur,loct | NOUN,inan,masc plur,nomn | NOUN,inan,masc sing,ablt | NOUN,inan,masc sing,accs | NOUN,inan,masc sing,datv | NOUN,inan,masc sing,gen2 | NOUN,inan,masc sing,gent | NOUN,inan,masc sing,loc2 | NOUN,inan,masc sing,loct | NOUN,inan,masc sing,nomn	false	4.09	182	WORDFREQ_RANKED	IN_POOL_REVIEW_REQUIRED	
случай	6	HARD	NOUN,inan,masc plur,ablt | NOUN,inan,masc plur,accs | NOUN,inan,masc plur,datv | NOUN,inan,masc plur,gent | NOUN,inan,masc plur,loct | NOUN,inan,masc plur,nomn | NOUN,inan,masc sing,ablt | NOUN,inan,masc sing,accs | NOUN,inan,masc sing,datv | NOUN,inan,masc sing,gent | NOUN,inan,masc sing,loct | NOUN,inan,masc sing,nomn	false	4.96	25	WORDFREQ_RANKED	IN_POOL_REVIEW_REQUIRED	
смена	5	MEDIUM	NOUN,inan,femn plur,ablt | NOUN,inan,femn plur,accs | NOUN,inan,femn plur,datv | NOUN,inan,femn plur,gent | NOUN,inan,femn plur,loct | NOUN,inan,femn plur,nomn | NOUN,inan,femn sing,ablt | NOUN,inan,femn sing,ablt,V-oy | NOUN,inan,femn sing,accs | NOUN,inan,femn sing,datv | NOUN,inan,femn sing,gent | NOUN,inan,femn sing,loct | NOUN,inan,femn sing,nomn	false	4.26	160	TRUSTED_V1	TRUSTED	ALLOW
смерть	6	HARD	NOUN,inan,femn plur,ablt | NOUN,inan,femn plur,accs | NOUN,inan,femn plur,datv | NOUN,inan,femn plur,gent | NOUN,inan,femn plur,loct | NOUN,inan,femn plur,nomn | NOUN,inan,femn sing,ablt | NOUN,inan,femn sing,accs | NOUN,inan,femn sing,datv | NOUN,inan,femn sing,gent | NOUN,inan,femn sing,loct | NOUN,inan,femn sing,nomn	false	4.95	26	WORDFREQ_RANKED	IN_POOL_REVIEW_REQUIRED	
смех	4	EASY	NOUN,inan,masc plur,ablt | NOUN,inan,masc plur,accs | NOUN,inan,masc plur,datv | NOUN,inan,masc plur,gent | NOUN,inan,masc plur,loct | NOUN,inan,masc plur,nomn | NOUN,inan,masc sing,ablt | NOUN,inan,masc sing,accs | NOUN,inan,masc sing,datv | NOUN,inan,masc sing,gen2 | NOUN,inan,masc sing,gent | NOUN,inan,masc sing,loct | NOUN,inan,masc sing,nomn	false	4.29	137	WORDFREQ_RANKED	IN_POOL_REVIEW_REQUIRED	
смола	5	MEDIUM	NOUN,inan,femn plur,ablt | NOUN,inan,femn plur,accs | NOUN,inan,femn plur,datv | NOUN,inan,femn plur,gent | NOUN,inan,femn plur,loct | NOUN,inan,femn plur,nomn | NOUN,inan,femn sing,ablt | NOUN,inan,femn sing,ablt,V-oy | NOUN,inan,femn sing,accs | NOUN,inan,femn sing,datv | NOUN,inan,femn sing,gent | NOUN,inan,femn sing,loct | NOUN,inan,femn sing,nomn	false	3.07	976	TRUSTED_V1	TRUSTED	ALLOW
смысл	5	MEDIUM	NOUN,inan,masc plur,ablt | NOUN,inan,masc plur,accs | NOUN,inan,masc plur,datv | NOUN,inan,masc plur,gent | NOUN,inan,masc plur,loct | NOUN,inan,masc plur,nomn | NOUN,inan,masc sing,ablt | NOUN,inan,masc sing,accs | NOUN,inan,masc sing,datv | NOUN,inan,masc sing,gent | NOUN,inan,masc sing,loct | NOUN,inan,masc sing,nomn	false	4.90	33	TRUSTED_V1	TRUSTED	ALLOW
снайпер	7	EXPERT	NOUN,anim,masc plur,ablt | NOUN,anim,masc plur,accs | NOUN,anim,masc plur,datv | NOUN,anim,masc plur,gent | NOUN,anim,masc plur,loct | NOUN,anim,masc plur,nomn | NOUN,anim,masc sing,ablt | NOUN,anim,masc sing,accs | NOUN,anim,masc sing,datv | NOUN,anim,masc sing,gent | NOUN,anim,masc sing,loct | NOUN,anim,masc sing,nomn	false	3.73	340	WORDFREQ_RANKED	IN_POOL_REVIEW_REQUIRED	
снаряд	6	HARD	NOUN,inan,masc plur,ablt | NOUN,inan,masc plur,accs | NOUN,inan,masc plur,datv | NOUN,inan,masc plur,gent | NOUN,inan,masc plur,loct | NOUN,inan,masc plur,nomn | NOUN,inan,masc sing,ablt | NOUN,inan,masc sing,accs | NOUN,inan,masc sing,datv | NOUN,inan,masc sing,gent | NOUN,inan,masc sing,loct | NOUN,inan,masc sing,nomn	false	3.82	299	WORDFREQ_RANKED	IN_POOL_REVIEW_REQUIRED	
снег	4	EASY	NOUN,inan,masc plur,ablt | NOUN,inan,masc plur,accs | NOUN,inan,masc plur,datv | NOUN,inan,masc plur,gent | NOUN,inan,masc plur,loct | NOUN,inan,masc plur,nomn | NOUN,inan,masc sing,ablt | NOUN,inan,masc sing,accs | NOUN,inan,masc sing,datv | NOUN,inan,masc sing,gen2 | NOUN,inan,masc sing,gent | NOUN,inan,masc sing,loc2 | NOUN,inan,masc sing,loct | NOUN,inan,masc sing,nomn	false	4.53	88	WORDFREQ_RANKED	IN_POOL_REVIEW_REQUIRED	
снос	4	EASY	NOUN,inan,masc plur,ablt | NOUN,inan,masc plur,accs | NOUN,inan,masc plur,datv | NOUN,inan,masc plur,gent | NOUN,inan,masc plur,loct | NOUN,inan,masc plur,nomn | NOUN,inan,masc sing,ablt | NOUN,inan,masc sing,accs | NOUN,inan,masc sing,datv | NOUN,inan,masc sing,gent | NOUN,inan,masc sing,loct | NOUN,inan,masc sing,nomn	false	3.52	373	WORDFREQ_RANKED	IN_POOL_REVIEW_REQUIRED	
снятие	6	HARD	NOUN,inan,neut plur,ablt | NOUN,inan,neut plur,ablt,V-be | NOUN,inan,neut plur,accs | NOUN,inan,neut plur,accs,V-be | NOUN,inan,neut plur,datv | NOUN,inan,neut plur,datv,V-be | NOUN,inan,neut plur,gent | NOUN,inan,neut plur,loct | NOUN,inan,neut plur,loct,V-be | NOUN,inan,neut plur,nomn | NOUN,inan,neut plur,nomn,V-be | NOUN,inan,neut sing,ablt | NOUN,inan,neut sing,ablt,V-be | NOUN,inan,neut sing,accs | NOUN,inan,neut sing,accs,V-be | NOUN,inan,neut sing,datv | NOUN,inan,neut sing,datv,V-be | NOUN,inan,neut sing,gent | NOUN,inan,neut sing,gent,V-be | NOUN,inan,neut sing,loct | NOUN,inan,neut sing,loct,V-be | NOUN,inan,neut sing,loct,V-be,V-bi | NOUN,inan,neut sing,nomn | NOUN,inan,neut sing,nomn,V-be	false	3.76	330	WORDFREQ_RANKED	IN_POOL_REVIEW_REQUIRED	
собака	6	HARD	NOUN,anim,femn plur,ablt | NOUN,anim,femn plur,accs | NOUN,anim,femn plur,datv | NOUN,anim,femn plur,gent | NOUN,anim,femn plur,loct | NOUN,anim,femn plur,nomn | NOUN,anim,femn sing,ablt | NOUN,anim,femn sing,ablt,V-oy | NOUN,anim,femn sing,accs | NOUN,anim,femn sing,datv | NOUN,anim,femn sing,gent | NOUN,anim,femn sing,loct | NOUN,anim,femn sing,nomn	false	4.50	83	WORDFREQ_RANKED	IN_POOL_REVIEW_REQUIRED	
собор	5	MEDIUM	NOUN,inan,masc plur,ablt | NOUN,inan,masc plur,accs | NOUN,inan,masc plur,datv | NOUN,inan,masc plur,gent | NOUN,inan,masc plur,loct | NOUN,inan,masc plur,nomn | NOUN,inan,masc sing,ablt | NOUN,inan,masc sing,accs | NOUN,inan,masc sing,datv | NOUN,inan,masc sing,gent | NOUN,inan,masc sing,loct | NOUN,inan,masc sing,nomn	false	4.09	233	TRUSTED_V1	TRUSTED	ALLOW
событие	7	EXPERT	NOUN,inan,neut plur,ablt | NOUN,inan,neut plur,ablt,V-be | NOUN,inan,neut plur,accs | NOUN,inan,neut plur,accs,V-be | NOUN,inan,neut plur,datv | NOUN,inan,neut plur,datv,V-be | NOUN,inan,neut plur,gent | NOUN,inan,neut plur,loct | NOUN,inan,neut plur,loct,V-be | NOUN,inan,neut plur,nomn | NOUN,inan,neut plur,nomn,V-be | NOUN,inan,neut sing,ablt | NOUN,inan,neut sing,ablt,V-be | NOUN,inan,neut sing,accs | NOUN,inan,neut sing,accs,V-be | NOUN,inan,neut sing,datv | NOUN,inan,neut sing,datv,V-be | NOUN,inan,neut sing,gent | NOUN,inan,neut sing,gent,V-be | NOUN,inan,neut sing,loct | NOUN,inan,neut sing,loct,V-be | NOUN,inan,neut sing,loct,V-be,V-bi | NOUN,inan,neut sing,nomn | NOUN,inan,neut sing,nomn,V-be	false	4.38	97	WORDFREQ_RANKED	IN_POOL_REVIEW_REQUIRED	
сова	4	EASY	NOUN,anim,femn plur,ablt | NOUN,anim,femn plur,accs | NOUN,anim,femn plur,datv | NOUN,anim,femn plur,gent | NOUN,anim,femn plur,loct | NOUN,anim,femn plur,nomn | NOUN,anim,femn sing,ablt | NOUN,anim,femn sing,ablt,V-oy | NOUN,anim,femn sing,accs | NOUN,anim,femn sing,datv | NOUN,anim,femn sing,gent | NOUN,anim,femn sing,loct | NOUN,anim,femn sing,nomn	false	3.54	368	WORDFREQ_RANKED	IN_POOL_REVIEW_REQUIRED	
совесть	7	EXPERT	NOUN,inan,femn plur,ablt | NOUN,inan,femn plur,accs | NOUN,inan,femn plur,datv | NOUN,inan,femn plur,gent | NOUN,inan,femn plur,loct | NOUN,inan,femn plur,nomn | NOUN,inan,femn sing,ablt | NOUN,inan,femn sing,accs | NOUN,inan,femn sing,datv | NOUN,inan,femn sing,gent | NOUN,inan,femn sing,loct | NOUN,inan,femn sing,nomn	false	4.11	186	WORDFREQ_RANKED	IN_POOL_REVIEW_REQUIRED	
совет	5	MEDIUM	NOUN,inan,masc plur,ablt | NOUN,inan,masc plur,accs | NOUN,inan,masc plur,datv | NOUN,inan,masc plur,gent | NOUN,inan,masc plur,loct | NOUN,inan,masc plur,nomn | NOUN,inan,masc sing,ablt | NOUN,inan,masc sing,accs | NOUN,inan,masc sing,datv | NOUN,inan,masc sing,gent | NOUN,inan,masc sing,loct | NOUN,inan,masc sing,nomn	false	5.06	18	TRUSTED_V1	TRUSTED	ALLOW
совок	5	MEDIUM	NOUN,inan,masc plur,ablt | NOUN,inan,masc plur,accs | NOUN,inan,masc plur,datv | NOUN,inan,masc plur,gent | NOUN,inan,masc plur,loct | NOUN,inan,masc plur,nomn | NOUN,inan,masc sing,ablt | NOUN,inan,masc sing,accs | NOUN,inan,masc sing,datv | NOUN,inan,masc sing,gent | NOUN,inan,masc sing,loct | NOUN,inan,masc sing,nomn	false	2.92		TRUSTED_V1	TRUSTED	ALLOW
сокол	5	MEDIUM	NOUN,anim,masc plur,ablt | NOUN,anim,masc plur,accs | NOUN,anim,masc plur,datv | NOUN,anim,masc plur,gent | NOUN,anim,masc plur,loct | NOUN,anim,masc plur,nomn | NOUN,anim,masc sing,ablt | NOUN,anim,masc sing,accs | NOUN,anim,masc sing,datv | NOUN,anim,masc sing,gent | NOUN,anim,masc sing,loct | NOUN,anim,masc sing,nomn | NOUN,inan,masc plur,ablt | NOUN,inan,masc plur,accs | NOUN,inan,masc plur,accs,Infr | NOUN,inan,masc plur,datv | NOUN,inan,masc plur,gent | NOUN,inan,masc plur,loct | NOUN,inan,masc plur,nomn | NOUN,inan,masc plur,nomn,Infr | NOUN,inan,masc sing,ablt | NOUN,inan,masc sing,accs | NOUN,inan,masc sing,datv | NOUN,inan,masc sing,gent | NOUN,inan,masc sing,loct | NOUN,inan,masc sing,nomn	false	3.76	388	TRUSTED_V1	TRUSTED	ALLOW
солдат	6	HARD	NOUN,anim,masc plur,ablt | NOUN,anim,masc plur,accs | NOUN,anim,masc plur,datv | NOUN,anim,masc plur,gent | NOUN,anim,masc plur,loct | NOUN,anim,masc plur,nomn | NOUN,anim,masc sing,ablt | NOUN,anim,masc sing,accs | NOUN,anim,masc sing,datv | NOUN,anim,masc sing,gent | NOUN,anim,masc sing,loct | NOUN,anim,masc sing,nomn	false	4.82	37	WORDFREQ_RANKED	IN_POOL_REVIEW_REQUIRED	
солист	6	HARD	NOUN,anim,masc plur,ablt | NOUN,anim,masc plur,accs | NOUN,anim,masc plur,datv | NOUN,anim,masc plur,gent | NOUN,anim,masc plur,loct | NOUN,anim,masc plur,nomn | NOUN,anim,masc sing,ablt | NOUN,anim,masc sing,accs | NOUN,anim,masc sing,datv | NOUN,anim,masc sing,gent | NOUN,anim,masc sing,loct | NOUN,anim,masc sing,nomn	false	3.55	499	WORDFREQ_RANKED	IN_POOL_REVIEW_REQUIRED	
солнце	6	HARD	NOUN,inan,neut plur,ablt | NOUN,inan,neut plur,accs | NOUN,inan,neut plur,datv | NOUN,inan,neut plur,gent | NOUN,inan,neut plur,loct | NOUN,inan,neut plur,nomn | NOUN,inan,neut sing,ablt | NOUN,inan,neut sing,accs | NOUN,inan,neut sing,datv | NOUN,inan,neut sing,gent | NOUN,inan,neut sing,loct | NOUN,inan,neut sing,nomn	false	4.77	47	MANUAL_ALLOW	IN_POOL_REVIEW_REQUIRED	ALLOW
соловей	7	EXPERT	NOUN,anim,masc plur,ablt | NOUN,anim,masc plur,accs | NOUN,anim,masc plur,datv | NOUN,anim,masc plur,gent | NOUN,anim,masc plur,loct | NOUN,anim,masc plur,nomn | NOUN,anim,masc sing,ablt | NOUN,anim,masc sing,accs | NOUN,anim,masc sing,datv | NOUN,anim,masc sing,gent | NOUN,anim,masc sing,loct | NOUN,anim,masc sing,nomn	false	3.50	477	WORDFREQ_RANKED	IN_POOL_REVIEW_REQUIRED	
соль	4	EASY	NOUN,inan,femn plur,ablt | NOUN,inan,femn plur,accs | NOUN,inan,femn plur,datv | NOUN,inan,femn plur,gent | NOUN,inan,femn plur,loct | NOUN,inan,femn plur,nomn | NOUN,inan,femn sing,ablt | NOUN,inan,femn sing,accs | NOUN,inan,femn sing,datv | NOUN,inan,femn sing,gent | NOUN,inan,femn sing,loct | NOUN,inan,femn sing,nomn | NOUN,inan,neut,Fixd plur,ablt | NOUN,inan,neut,Fixd plur,accs | NOUN,inan,neut,Fixd plur,datv | NOUN,inan,neut,Fixd plur,gent | NOUN,inan,neut,Fixd plur,loct | NOUN,inan,neut,Fixd plur,nomn | NOUN,inan,neut,Fixd sing,ablt | NOUN,inan,neut,Fixd sing,accs | NOUN,inan,neut,Fixd sing,datv | NOUN,inan,neut,Fixd sing,gent | NOUN,inan,neut,Fixd sing,loct | NOUN,inan,neut,Fixd sing,nomn	false	4.36	122	WORDFREQ_RANKED	IN_POOL_REVIEW_REQUIRED	
сопка	5	MEDIUM	NOUN,inan,femn plur,ablt | NOUN,inan,femn plur,accs | NOUN,inan,femn plur,datv | NOUN,inan,femn plur,gent | NOUN,inan,femn plur,loct | NOUN,inan,femn plur,nomn | NOUN,inan,femn sing,ablt | NOUN,inan,femn sing,ablt,V-oy | NOUN,inan,femn sing,accs | NOUN,inan,femn sing,datv | NOUN,inan,femn sing,gent | NOUN,inan,femn sing,loct | NOUN,inan,femn sing,nomn	false	2.67	1466	TRUSTED_V1	TRUSTED	ALLOW
сорт	4	EASY	NOUN,inan,masc plur,ablt | NOUN,inan,masc plur,accs | NOUN,inan,masc plur,datv | NOUN,inan,masc plur,gent | NOUN,inan,masc plur,loct | NOUN,inan,masc plur,nomn | NOUN,inan,masc sing,ablt | NOUN,inan,masc sing,accs | NOUN,inan,masc sing,datv | NOUN,inan,masc sing,gent | NOUN,inan,masc sing,loct | NOUN,inan,masc sing,nomn	false	3.95	220	WORDFREQ_RANKED	IN_POOL_REVIEW_REQUIRED	
сосед	5	MEDIUM	NOUN,anim,masc plur,ablt | NOUN,anim,masc plur,accs | NOUN,anim,masc plur,datv | NOUN,anim,masc plur,gent | NOUN,anim,masc plur,loct | NOUN,anim,masc plur,nomn | NOUN,anim,masc sing,ablt | NOUN,anim,masc sing,accs | NOUN,anim,masc sing,datv | NOUN,anim,masc sing,gent | NOUN,anim,masc sing,loct | NOUN,anim,masc sing,nomn	false	4.11	224	TRUSTED_V1	TRUSTED	ALLOW
соседка	7	EXPERT	NOUN,anim,femn plur,ablt | NOUN,anim,femn plur,accs | NOUN,anim,femn plur,datv | NOUN,anim,femn plur,gent | NOUN,anim,femn plur,loct | NOUN,anim,femn plur,nomn | NOUN,anim,femn sing,ablt | NOUN,anim,femn sing,ablt,V-oy | NOUN,anim,femn sing,accs | NOUN,anim,femn sing,datv | NOUN,anim,femn sing,gent | NOUN,anim,femn sing,loct | NOUN,anim,femn sing,nomn	false	3.81	298	WORDFREQ_RANKED	IN_POOL_REVIEW_REQUIRED	
сосна	5	MEDIUM	NOUN,inan,femn plur,ablt | NOUN,inan,femn plur,accs | NOUN,inan,femn plur,datv | NOUN,inan,femn plur,gent | NOUN,inan,femn plur,loct | NOUN,inan,femn plur,nomn | NOUN,inan,femn sing,ablt | NOUN,inan,femn sing,ablt,V-oy | NOUN,inan,femn sing,accs | NOUN,inan,femn sing,datv | NOUN,inan,femn sing,gent | NOUN,inan,femn sing,loct | NOUN,inan,femn sing,nomn	false	3.36	690	TRUSTED_V1	TRUSTED	ALLOW
состав	6	HARD	NOUN,inan,masc plur,ablt | NOUN,inan,masc plur,accs | NOUN,inan,masc plur,datv | NOUN,inan,masc plur,gent | NOUN,inan,masc plur,loct | NOUN,inan,masc plur,nomn | NOUN,inan,masc sing,ablt | NOUN,inan,masc sing,accs | NOUN,inan,masc sing,datv | NOUN,inan,masc sing,gent | NOUN,inan,masc sing,loct | NOUN,inan,masc sing,nomn	false	5.22	6	WORDFREQ_RANKED	IN_POOL_REVIEW_REQUIRED	
соус	4	EASY	NOUN,inan,masc plur,ablt | NOUN,inan,masc plur,accs | NOUN,inan,masc plur,datv | NOUN,inan,masc plur,gent | NOUN,inan,masc plur,loct | NOUN,inan,masc plur,nomn | NOUN,inan,masc plur,nomn,Infr | NOUN,inan,masc sing,ablt | NOUN,inan,masc sing,accs | NOUN,inan,masc sing,datv | NOUN,inan,masc sing,gen2 | NOUN,inan,masc sing,gent | NOUN,inan,masc sing,loct | NOUN,inan,masc sing,nomn	false	3.86	254	WORDFREQ_RANKED	IN_POOL_REVIEW_REQUIRED	
софт	4	EASY	NOUN,inan,masc plur,ablt | NOUN,inan,masc plur,accs | NOUN,inan,masc plur,datv | NOUN,inan,masc plur,gent | NOUN,inan,masc plur,loct | NOUN,inan,masc plur,nomn | NOUN,inan,masc sing,ablt | NOUN,inan,masc sing,accs | NOUN,inan,masc sing,datv | NOUN,inan,masc sing,gent | NOUN,inan,masc sing,loct | NOUN,inan,masc sing,nomn	false	3.30	504	WORDFREQ_RANKED	IN_POOL_REVIEW_REQUIRED	
союз	4	EASY	NOUN,inan,masc plur,ablt | NOUN,inan,masc plur,accs | NOUN,inan,masc plur,datv | NOUN,inan,masc plur,gent | NOUN,inan,masc plur,loct | NOUN,inan,masc plur,nomn | NOUN,inan,masc sing,ablt | NOUN,inan,masc sing,accs | NOUN,inan,masc sing,datv | NOUN,inan,masc sing,gent | NOUN,inan,masc sing,loct | NOUN,inan,masc sing,nomn	false	4.89	40	WORDFREQ_RANKED	IN_POOL_REVIEW_REQUIRED	
спад	4	EASY	NOUN,inan,masc plur,ablt | NOUN,inan,masc plur,accs | NOUN,inan,masc plur,datv | NOUN,inan,masc plur,gent | NOUN,inan,masc plur,loct | NOUN,inan,masc plur,nomn | NOUN,inan,masc sing,ablt | NOUN,inan,masc sing,accs | NOUN,inan,masc sing,datv | NOUN,inan,masc sing,gent | NOUN,inan,masc sing,loct | NOUN,inan,masc sing,nomn	false	3.75	283	WORDFREQ_RANKED	IN_POOL_REVIEW_REQUIRED	
спам	4	EASY	NOUN,inan,masc,Sgtm sing,ablt | NOUN,inan,masc,Sgtm sing,accs | NOUN,inan,masc,Sgtm sing,datv | NOUN,inan,masc,Sgtm sing,gent | NOUN,inan,masc,Sgtm sing,loct | NOUN,inan,masc,Sgtm sing,nomn	false	3.27	521	WORDFREQ_RANKED	IN_POOL_REVIEW_REQUIRED	
спектр	6	HARD	NOUN,inan,masc plur,ablt | NOUN,inan,masc plur,accs | NOUN,inan,masc plur,datv | NOUN,inan,masc plur,gent | NOUN,inan,masc plur,loct | NOUN,inan,masc plur,nomn | NOUN,inan,masc sing,ablt | NOUN,inan,masc sing,accs | NOUN,inan,masc sing,datv | NOUN,inan,masc sing,gent | NOUN,inan,masc sing,loct | NOUN,inan,masc sing,nomn	false	4.04	207	WORDFREQ_RANKED	IN_POOL_REVIEW_REQUIRED	
спецназ	7	EXPERT	NOUN,inan,masc plur,ablt | NOUN,inan,masc plur,accs | NOUN,inan,masc plur,datv | NOUN,inan,masc plur,gent | NOUN,inan,masc plur,loct | NOUN,inan,masc plur,nomn | NOUN,inan,masc sing,ablt | NOUN,inan,masc sing,accs | NOUN,inan,masc sing,datv | NOUN,inan,masc sing,gent | NOUN,inan,masc sing,loct | NOUN,inan,masc sing,nomn	false	3.78	307	WORDFREQ_RANKED	IN_POOL_REVIEW_REQUIRED	
спикер	6	HARD	NOUN,anim,masc plur,ablt | NOUN,anim,masc plur,accs | NOUN,anim,masc plur,datv | NOUN,anim,masc plur,gent | NOUN,anim,masc plur,loct | NOUN,anim,masc plur,nomn | NOUN,anim,masc sing,ablt | NOUN,anim,masc sing,accs | NOUN,anim,masc sing,datv | NOUN,anim,masc sing,gent | NOUN,anim,masc sing,loct | NOUN,anim,masc sing,nomn	false	3.72	359	WORDFREQ_RANKED	IN_POOL_REVIEW_REQUIRED	
спин	4	EASY	NOUN,inan,masc plur,ablt | NOUN,inan,masc plur,accs | NOUN,inan,masc plur,datv | NOUN,inan,masc plur,gent | NOUN,inan,masc plur,loct | NOUN,inan,masc plur,nomn | NOUN,inan,masc sing,ablt | NOUN,inan,masc sing,accs | NOUN,inan,masc sing,datv | NOUN,inan,masc sing,gent | NOUN,inan,masc sing,loct | NOUN,inan,masc sing,nomn	false	3.60	343	WORDFREQ_RANKED	IN_POOL_REVIEW_REQUIRED	
спина	5	MEDIUM	NOUN,inan,femn plur,ablt | NOUN,inan,femn plur,accs | NOUN,inan,femn plur,datv | NOUN,inan,femn plur,gent | NOUN,inan,femn plur,loct | NOUN,inan,femn plur,nomn | NOUN,inan,femn sing,ablt | NOUN,inan,femn sing,ablt,V-oy | NOUN,inan,femn sing,accs | NOUN,inan,femn sing,datv | NOUN,inan,femn sing,gent | NOUN,inan,femn sing,loct | NOUN,inan,femn sing,nomn	false	3.95	291	TRUSTED_V1	TRUSTED	ALLOW
список	6	HARD	NOUN,inan,masc plur,ablt | NOUN,inan,masc plur,accs | NOUN,inan,masc plur,datv | NOUN,inan,masc plur,gent | NOUN,inan,masc plur,loct | NOUN,inan,masc plur,nomn | NOUN,inan,masc sing,ablt | NOUN,inan,masc sing,accs | NOUN,inan,masc sing,datv | NOUN,inan,masc sing,gent | NOUN,inan,masc sing,loct | NOUN,inan,masc sing,nomn	false	5.14	10	WORDFREQ_RANKED	IN_POOL_REVIEW_REQUIRED	
сплав	5	MEDIUM	NOUN,inan,masc plur,ablt | NOUN,inan,masc plur,accs | NOUN,inan,masc plur,datv | NOUN,inan,masc plur,gent | NOUN,inan,masc plur,loct | NOUN,inan,masc plur,nomn | NOUN,inan,masc sing,ablt | NOUN,inan,masc sing,accs | NOUN,inan,masc sing,datv | NOUN,inan,masc sing,gent | NOUN,inan,masc sing,loct | NOUN,inan,masc sing,nomn	false	3.42	634	TRUSTED_V1	TRUSTED	ALLOW
спор	4	EASY	NOUN,inan,masc plur,ablt | NOUN,inan,masc plur,accs | NOUN,inan,masc plur,datv | NOUN,inan,masc plur,gent | NOUN,inan,masc plur,loct | NOUN,inan,masc plur,nomn | NOUN,inan,masc sing,ablt | NOUN,inan,masc sing,accs | NOUN,inan,masc sing,datv | NOUN,inan,masc sing,gen2 | NOUN,inan,masc sing,gent | NOUN,inan,masc sing,loct | NOUN,inan,masc sing,nomn	false	4.18	160	WORDFREQ_RANKED	IN_POOL_REVIEW_REQUIRED	
спорт	5	MEDIUM	NOUN,inan,masc plur,ablt | NOUN,inan,masc plur,accs | NOUN,inan,masc plur,datv | NOUN,inan,masc plur,gent | NOUN,inan,masc plur,loct | NOUN,inan,masc plur,nomn | NOUN,inan,masc sing,ablt | NOUN,inan,masc sing,accs | NOUN,inan,masc sing,datv | NOUN,inan,masc sing,gent | NOUN,inan,masc sing,loct | NOUN,inan,masc sing,nomn	false	4.87	35	TRUSTED_V1	TRUSTED	ALLOW
способ	6	HARD	NOUN,inan,masc plur,ablt | NOUN,inan,masc plur,accs | NOUN,inan,masc plur,datv | NOUN,inan,masc plur,gent | NOUN,inan,masc plur,loct | NOUN,inan,masc plur,nomn | NOUN,inan,masc sing,ablt | NOUN,inan,masc sing,accs | NOUN,inan,masc sing,datv | NOUN,inan,masc sing,gent | NOUN,inan,masc sing,loct | NOUN,inan,masc sing,nomn	false	4.97	19	WORDFREQ_RANKED	IN_POOL_REVIEW_REQUIRED	
справка	7	EXPERT	NOUN,inan,femn plur,ablt | NOUN,inan,femn plur,accs | NOUN,inan,femn plur,datv | NOUN,inan,femn plur,gent | NOUN,inan,femn plur,loct | NOUN,inan,femn plur,nomn | NOUN,inan,femn sing,ablt | NOUN,inan,femn sing,ablt,V-oy | NOUN,inan,femn sing,accs | NOUN,inan,femn sing,datv | NOUN,inan,femn sing,gent | NOUN,inan,femn sing,loct | NOUN,inan,femn sing,nomn	false	3.91	243	WORDFREQ_RANKED	IN_POOL_REVIEW_REQUIRED	
спуск	5	MEDIUM	NOUN,inan,masc plur,ablt | NOUN,inan,masc plur,accs | NOUN,inan,masc plur,datv | NOUN,inan,masc plur,gent | NOUN,inan,masc plur,loct | NOUN,inan,masc plur,nomn | NOUN,inan,masc sing,ablt | NOUN,inan,masc sing,accs | NOUN,inan,masc sing,datv | NOUN,inan,masc sing,gent | NOUN,inan,masc sing,loct | NOUN,inan,masc sing,nomn	false	3.61	481	TRUSTED_V1	TRUSTED	ALLOW
спутник	7	EXPERT	NOUN,anim,masc plur,ablt | NOUN,anim,masc plur,accs | NOUN,anim,masc plur,datv | NOUN,anim,masc plur,gent | NOUN,anim,masc plur,loct | NOUN,anim,masc plur,nomn | NOUN,anim,masc sing,ablt | NOUN,anim,masc sing,accs | NOUN,anim,masc sing,datv | NOUN,anim,masc sing,gent | NOUN,anim,masc sing,loct | NOUN,anim,masc sing,nomn | NOUN,inan,masc plur,ablt | NOUN,inan,masc plur,accs | NOUN,inan,masc plur,datv | NOUN,inan,masc plur,gent | NOUN,inan,masc plur,loct | NOUN,inan,masc plur,nomn | NOUN,inan,masc sing,ablt | NOUN,inan,masc sing,accs | NOUN,inan,masc sing,datv | NOUN,inan,masc sing,gent | NOUN,inan,masc sing,loct | NOUN,inan,masc sing,nomn	false	4.12	178	WORDFREQ_RANKED	IN_POOL_REVIEW_REQUIRED	
среда	5	MEDIUM	NOUN,inan,femn plur,ablt | NOUN,inan,femn plur,accs | NOUN,inan,femn plur,datv | NOUN,inan,femn plur,gent | NOUN,inan,femn plur,loct | NOUN,inan,femn plur,nomn | NOUN,inan,femn sing,ablt | NOUN,inan,femn sing,ablt,V-oy | NOUN,inan,femn sing,accs | NOUN,inan,femn sing,datv | NOUN,inan,femn sing,gent | NOUN,inan,femn sing,loct | NOUN,inan,femn sing,nomn	false	4.19	179	TRUSTED_V1	TRUSTED	ALLOW
срок	4	EASY	NOUN,inan,masc plur,ablt | NOUN,inan,masc plur,accs | NOUN,inan,masc plur,datv | NOUN,inan,masc plur,gent | NOUN,inan,masc plur,loct | NOUN,inan,masc plur,nomn | NOUN,inan,masc sing,ablt | NOUN,inan,masc sing,accs | NOUN,inan,masc sing,datv | NOUN,inan,masc sing,gen2 | NOUN,inan,masc sing,gent | NOUN,inan,masc sing,loct | NOUN,inan,masc sing,nomn	false	4.91	37	WORDFREQ_RANKED	IN_POOL_REVIEW_REQUIRED	
срыв	4	EASY	NOUN,inan,masc plur,ablt | NOUN,inan,masc plur,accs | NOUN,inan,masc plur,datv | NOUN,inan,masc plur,gent | NOUN,inan,masc plur,loct | NOUN,inan,masc plur,nomn | NOUN,inan,masc sing,ablt | NOUN,inan,masc sing,accs | NOUN,inan,masc sing,datv | NOUN,inan,masc sing,gent | NOUN,inan,masc sing,loct | NOUN,inan,masc sing,nomn	false	3.68	310	WORDFREQ_RANKED	IN_POOL_REVIEW_REQUIRED	
ссылка	6	HARD	NOUN,inan,femn plur,ablt | NOUN,inan,femn plur,accs | NOUN,inan,femn plur,datv | NOUN,inan,femn plur,gent | NOUN,inan,femn plur,loct | NOUN,inan,femn plur,nomn | NOUN,inan,femn sing,ablt | NOUN,inan,femn sing,ablt,V-oy | NOUN,inan,femn sing,accs | NOUN,inan,femn sing,datv | NOUN,inan,femn sing,gent | NOUN,inan,femn sing,loct | NOUN,inan,femn sing,nomn	false	3.94	246	WORDFREQ_RANKED	IN_POOL_REVIEW_REQUIRED	
ставка	6	HARD	NOUN,inan,femn plur,ablt | NOUN,inan,femn plur,accs | NOUN,inan,femn plur,datv | NOUN,inan,femn plur,gent | NOUN,inan,femn plur,loct | NOUN,inan,femn plur,nomn | NOUN,inan,femn sing,ablt | NOUN,inan,femn sing,ablt,V-oy | NOUN,inan,femn sing,accs | NOUN,inan,femn sing,datv | NOUN,inan,femn sing,gent | NOUN,inan,femn sing,loct | NOUN,inan,femn sing,nomn	false	4.02	215	WORDFREQ_RANKED	IN_POOL_REVIEW_REQUIRED	
стадион	7	EXPERT	NOUN,inan,masc plur,ablt | NOUN,inan,masc plur,accs | NOUN,inan,masc plur,datv | NOUN,inan,masc plur,gent | NOUN,inan,masc plur,loct | NOUN,inan,masc plur,nomn | NOUN,inan,masc sing,ablt | NOUN,inan,masc sing,accs | NOUN,inan,masc sing,datv | NOUN,inan,masc sing,gent | NOUN,inan,masc sing,loct | NOUN,inan,masc sing,nomn	false	4.33	115	WORDFREQ_RANKED	IN_POOL_REVIEW_REQUIRED	
стадия	6	HARD	NOUN,inan,femn plur,ablt | NOUN,inan,femn plur,accs | NOUN,inan,femn plur,datv | NOUN,inan,femn plur,gent | NOUN,inan,femn plur,loct | NOUN,inan,femn plur,nomn | NOUN,inan,femn sing,ablt | NOUN,inan,femn sing,ablt,V-ey | NOUN,inan,femn sing,accs | NOUN,inan,femn sing,datv | NOUN,inan,femn sing,gent | NOUN,inan,femn sing,loct | NOUN,inan,femn sing,nomn	false	3.84	289	WORDFREQ_RANKED	IN_POOL_REVIEW_REQUIRED	
стадо	5	MEDIUM	NOUN,inan,neut plur,ablt | NOUN,inan,neut plur,accs | NOUN,inan,neut plur,datv | NOUN,inan,neut plur,gent | NOUN,inan,neut plur,loct | NOUN,inan,neut plur,nomn | NOUN,inan,neut sing,ablt | NOUN,inan,neut sing,accs | NOUN,inan,neut sing,datv | NOUN,inan,neut sing,gent | NOUN,inan,neut sing,loct | NOUN,inan,neut sing,nomn	false	3.75	399	TRUSTED_V1	TRUSTED	ALLOW
стаж	4	EASY	NOUN,inan,masc plur,ablt | NOUN,inan,masc plur,accs | NOUN,inan,masc plur,datv | NOUN,inan,masc plur,gent | NOUN,inan,masc plur,loct | NOUN,inan,masc plur,nomn | NOUN,inan,masc sing,ablt | NOUN,inan,masc sing,accs | NOUN,inan,masc sing,datv | NOUN,inan,masc sing,gent | NOUN,inan,masc sing,loct | NOUN,inan,masc sing,nomn	false	3.67	312	WORDFREQ_RANKED	IN_POOL_REVIEW_REQUIRED	
стакан	6	HARD	NOUN,inan,masc plur,ablt | NOUN,inan,masc plur,accs | NOUN,inan,masc plur,datv | NOUN,inan,masc plur,gent | NOUN,inan,masc plur,loct | NOUN,inan,masc plur,nomn | NOUN,inan,masc sing,ablt | NOUN,inan,masc sing,accs | NOUN,inan,masc sing,datv | NOUN,inan,masc sing,gent | NOUN,inan,masc sing,loct | NOUN,inan,masc sing,nomn	false	4.21	153	MANUAL_ALLOW	IN_POOL_REVIEW_REQUIRED	ALLOW
стан	4	EASY	NOUN,inan,masc plur,ablt | NOUN,inan,masc plur,accs | NOUN,inan,masc plur,datv | NOUN,inan,masc plur,gent | NOUN,inan,masc plur,loct | NOUN,inan,masc plur,nomn | NOUN,inan,masc sing,ablt | NOUN,inan,masc sing,accs | NOUN,inan,masc sing,datv | NOUN,inan,masc sing,gent | NOUN,inan,masc sing,loct | NOUN,inan,masc sing,nomn	false	3.78	271	WORDFREQ_RANKED	IN_POOL_REVIEW_REQUIRED	
станок	6	HARD	NOUN,inan,masc plur,ablt | NOUN,inan,masc plur,accs | NOUN,inan,masc plur,datv | NOUN,inan,masc plur,gent | NOUN,inan,masc plur,loct | NOUN,inan,masc plur,nomn | NOUN,inan,masc sing,ablt | NOUN,inan,masc sing,accs | NOUN,inan,masc sing,datv | NOUN,inan,masc sing,gent | NOUN,inan,masc sing,loct | NOUN,inan,masc sing,nomn	false	3.62	439	WORDFREQ_RANKED	IN_POOL_REVIEW_REQUIRED	
станция	7	EXPERT	NOUN,inan,femn plur,ablt | NOUN,inan,femn plur,accs | NOUN,inan,femn plur,datv | NOUN,inan,femn plur,gent | NOUN,inan,femn plur,loct | NOUN,inan,femn plur,nomn | NOUN,inan,femn sing,ablt | NOUN,inan,femn sing,ablt,V-ey | NOUN,inan,femn sing,accs | NOUN,inan,femn sing,datv | NOUN,inan,femn sing,gent | NOUN,inan,femn sing,loct | NOUN,inan,femn sing,nomn	false	4.30	120	WORDFREQ_RANKED	IN_POOL_REVIEW_REQUIRED	
старик	6	HARD	NOUN,anim,masc plur,ablt | NOUN,anim,masc plur,accs | NOUN,anim,masc plur,datv | NOUN,anim,masc plur,gent | NOUN,anim,masc plur,loct | NOUN,anim,masc plur,nomn | NOUN,anim,masc sing,ablt | NOUN,anim,masc sing,accs | NOUN,anim,masc sing,datv | NOUN,anim,masc sing,gent | NOUN,anim,masc sing,loct | NOUN,anim,masc sing,nomn	false	4.43	97	WORDFREQ_RANKED	IN_POOL_REVIEW_REQUIRED	
старина	7	EXPERT	NOUN,anim,masc plur,ablt | NOUN,anim,masc plur,accs | NOUN,anim,masc plur,datv | NOUN,anim,masc plur,gent | NOUN,anim,masc plur,loct | NOUN,anim,masc plur,nomn | NOUN,anim,masc sing,ablt | NOUN,anim,masc sing,ablt,V-oy | NOUN,anim,masc sing,accs | NOUN,anim,masc sing,datv | NOUN,anim,masc sing,gent | NOUN,anim,masc sing,loct | NOUN,anim,masc sing,nomn | NOUN,inan,femn plur,ablt | NOUN,inan,femn plur,accs | NOUN,inan,femn plur,datv | NOUN,inan,femn plur,gent | NOUN,inan,femn plur,loct | NOUN,inan,femn plur,nomn | NOUN,inan,femn sing,ablt | NOUN,inan,femn sing,ablt,V-oy | NOUN,inan,femn sing,accs | NOUN,inan,femn sing,datv | NOUN,inan,femn sing,gent | NOUN,inan,femn sing,loct | NOUN,inan,femn sing,nomn	false	3.61	407	WORDFREQ_RANKED	IN_POOL_REVIEW_REQUIRED	
старое	6	HARD	NOUN,inan,neut plur,ablt | NOUN,inan,neut plur,accs | NOUN,inan,neut plur,datv | NOUN,inan,neut plur,gent | NOUN,inan,neut plur,loct | NOUN,inan,neut plur,nomn | NOUN,inan,neut sing,ablt | NOUN,inan,neut sing,accs | NOUN,inan,neut sing,datv | NOUN,inan,neut sing,gent | NOUN,inan,neut sing,loct | NOUN,inan,neut sing,nomn	false	4.20	154	WORDFREQ_RANKED	IN_POOL_REVIEW_REQUIRED	
старт	5	MEDIUM	NOUN,inan,masc plur,ablt | NOUN,inan,masc plur,accs | NOUN,inan,masc plur,datv | NOUN,inan,masc plur,gent | NOUN,inan,masc plur,loct | NOUN,inan,masc plur,nomn | NOUN,inan,masc sing,ablt | NOUN,inan,masc sing,accs | NOUN,inan,masc sing,datv | NOUN,inan,masc sing,gent | NOUN,inan,masc sing,loct | NOUN,inan,masc sing,nomn	false	4.29	151	TRUSTED_V1	TRUSTED	ALLOW
стартап	7	EXPERT	NOUN,inan,masc plur,ablt | NOUN,inan,masc plur,accs | NOUN,inan,masc plur,datv | NOUN,inan,masc plur,gent | NOUN,inan,masc plur,loct | NOUN,inan,masc plur,nomn | NOUN,inan,masc sing,ablt | NOUN,inan,masc sing,accs | NOUN,inan,masc sing,datv | NOUN,inan,masc sing,gent | NOUN,inan,masc sing,loct | NOUN,inan,masc sing,nomn	false	3.47	496	WORDFREQ_RANKED	IN_POOL_REVIEW_REQUIRED	
старуха	7	EXPERT	NOUN,anim,femn plur,ablt | NOUN,anim,femn plur,accs | NOUN,anim,femn plur,datv | NOUN,anim,femn plur,gent | NOUN,anim,femn plur,loct | NOUN,anim,femn plur,nomn | NOUN,anim,femn sing,ablt | NOUN,anim,femn sing,ablt,V-oy | NOUN,anim,femn sing,accs | NOUN,anim,femn sing,datv | NOUN,anim,femn sing,gent | NOUN,anim,femn sing,loct | NOUN,anim,femn sing,nomn	false	3.61	408	WORDFREQ_RANKED	IN_POOL_REVIEW_REQUIRED	
старший	7	EXPERT	NOUN,anim,masc plur,ablt | NOUN,anim,masc plur,accs | NOUN,anim,masc plur,datv | NOUN,anim,masc plur,gent | NOUN,anim,masc plur,loct | NOUN,anim,masc plur,nomn | NOUN,anim,masc sing,ablt | NOUN,anim,masc sing,accs | NOUN,anim,masc sing,datv | NOUN,anim,masc sing,gent | NOUN,anim,masc sing,loct | NOUN,anim,masc sing,nomn	false	4.69	49	WORDFREQ_RANKED	IN_POOL_REVIEW_REQUIRED	
статус	6	HARD	NOUN,inan,masc plur,ablt | NOUN,inan,masc plur,accs | NOUN,inan,masc plur,datv | NOUN,inan,masc plur,gent | NOUN,inan,masc plur,loct | NOUN,inan,masc plur,nomn | NOUN,inan,masc sing,ablt | NOUN,inan,masc sing,accs | NOUN,inan,masc sing,datv | NOUN,inan,masc sing,gent | NOUN,inan,masc sing,loct | NOUN,inan,masc sing,nomn	false	4.70	59	WORDFREQ_RANKED	IN_POOL_REVIEW_REQUIRED	
статуя	6	HARD	NOUN,inan,femn plur,ablt | NOUN,inan,femn plur,accs | NOUN,inan,femn plur,datv | NOUN,inan,femn plur,gent | NOUN,inan,femn plur,loct | NOUN,inan,femn plur,nomn | NOUN,inan,femn sing,ablt | NOUN,inan,femn sing,ablt,V-ey | NOUN,inan,femn sing,accs | NOUN,inan,femn sing,datv | NOUN,inan,femn sing,gent | NOUN,inan,femn sing,loct | NOUN,inan,femn sing,nomn	false	3.70	379	WORDFREQ_RANKED	IN_POOL_REVIEW_REQUIRED	
статья	6	HARD	NOUN,inan,femn plur,ablt | NOUN,inan,femn plur,accs | NOUN,inan,femn plur,datv | NOUN,inan,femn plur,gent | NOUN,inan,femn plur,loct | NOUN,inan,femn plur,nomn | NOUN,inan,femn sing,ablt | NOUN,inan,femn sing,ablt,V-ey | NOUN,inan,femn sing,accs | NOUN,inan,femn sing,datv | NOUN,inan,femn sing,gent | NOUN,inan,femn sing,loct | NOUN,inan,femn sing,nomn	false	4.76	48	WORDFREQ_RANKED	IN_POOL_REVIEW_REQUIRED	
стая	4	EASY	NOUN,inan,femn plur,ablt | NOUN,inan,femn plur,accs | NOUN,inan,femn plur,datv | NOUN,inan,femn plur,gent | NOUN,inan,femn plur,loct | NOUN,inan,femn plur,nomn | NOUN,inan,femn sing,ablt | NOUN,inan,femn sing,ablt,V-ey | NOUN,inan,femn sing,accs | NOUN,inan,femn sing,datv | NOUN,inan,femn sing,gent | NOUN,inan,femn sing,loct | NOUN,inan,femn sing,nomn	false	3.55	365	WORDFREQ_RANKED	IN_POOL_REVIEW_REQUIRED	
ствол	5	MEDIUM	NOUN,inan,masc plur,ablt | NOUN,inan,masc plur,accs | NOUN,inan,masc plur,datv | NOUN,inan,masc plur,gent | NOUN,inan,masc plur,loct | NOUN,inan,masc plur,nomn | NOUN,inan,masc sing,ablt | NOUN,inan,masc sing,accs | NOUN,inan,masc sing,datv | NOUN,inan,masc sing,gent | NOUN,inan,masc sing,loct | NOUN,inan,masc sing,nomn	false	4.05	253	TRUSTED_V1	TRUSTED	ALLOW
стекло	6	HARD	NOUN,inan,neut plur,ablt | NOUN,inan,neut plur,accs | NOUN,inan,neut plur,datv | NOUN,inan,neut plur,gent | NOUN,inan,neut plur,loct | NOUN,inan,neut plur,nomn | NOUN,inan,neut sing,ablt | NOUN,inan,neut sing,accs | NOUN,inan,neut sing,datv | NOUN,inan,neut sing,gent | NOUN,inan,neut sing,loct | NOUN,inan,neut sing,nomn	false	4.25	146	WORDFREQ_RANKED	IN_POOL_REVIEW_REQUIRED	
стена	5	MEDIUM	NOUN,inan,femn plur,ablt | NOUN,inan,femn plur,accs | NOUN,inan,femn plur,datv | NOUN,inan,femn plur,gent | NOUN,inan,femn plur,loct | NOUN,inan,femn plur,nomn | NOUN,inan,femn sing,ablt | NOUN,inan,femn sing,ablt,V-oy | NOUN,inan,femn sing,accs | NOUN,inan,femn sing,datv | NOUN,inan,femn sing,gent | NOUN,inan,femn sing,loct | NOUN,inan,femn sing,nomn	false	4.14	201	TRUSTED_V1	TRUSTED	ALLOW
степень	7	EXPERT	NOUN,inan,femn plur,ablt | NOUN,inan,femn plur,accs | NOUN,inan,femn plur,datv | NOUN,inan,femn plur,gent | NOUN,inan,femn plur,loct | NOUN,inan,femn plur,nomn | NOUN,inan,femn sing,ablt | NOUN,inan,femn sing,accs | NOUN,inan,femn sing,datv | NOUN,inan,femn sing,gent | NOUN,inan,femn sing,loct | NOUN,inan,femn sing,nomn	false	4.62	60	WORDFREQ_RANKED	IN_POOL_REVIEW_REQUIRED	
степь	5	MEDIUM	NOUN,inan,femn plur,ablt | NOUN,inan,femn plur,accs | NOUN,inan,femn plur,datv | NOUN,inan,femn plur,gent | NOUN,inan,femn plur,loct | NOUN,inan,femn plur,nomn | NOUN,inan,femn sing,ablt | NOUN,inan,femn sing,accs | NOUN,inan,femn sing,datv | NOUN,inan,femn sing,gent | NOUN,inan,femn sing,loc2 | NOUN,inan,femn sing,loct | NOUN,inan,femn sing,nomn	false	3.51	556	TRUSTED_V1	TRUSTED	ALLOW
стимул	6	HARD	NOUN,inan,masc plur,ablt | NOUN,inan,masc plur,accs | NOUN,inan,masc plur,datv | NOUN,inan,masc plur,gent | NOUN,inan,masc plur,loct | NOUN,inan,masc plur,nomn | NOUN,inan,masc sing,ablt | NOUN,inan,masc sing,accs | NOUN,inan,masc sing,datv | NOUN,inan,masc sing,gent | NOUN,inan,masc sing,loct | NOUN,inan,masc sing,nomn	false	3.63	430	WORDFREQ_RANKED	IN_POOL_REVIEW_REQUIRED	
стих	4	EASY	NOUN,inan,masc plur,ablt | NOUN,inan,masc plur,accs | NOUN,inan,masc plur,datv | NOUN,inan,masc plur,gent | NOUN,inan,masc plur,loct | NOUN,inan,masc plur,nomn | NOUN,inan,masc sing,ablt | NOUN,inan,masc sing,accs | NOUN,inan,masc sing,datv | NOUN,inan,masc sing,gent | NOUN,inan,masc sing,loct | NOUN,inan,masc sing,nomn	false	3.91	232	WORDFREQ_RANKED	IN_POOL_REVIEW_REQUIRED	
сток	4	EASY	NOUN,inan,masc plur,ablt | NOUN,inan,masc plur,accs | NOUN,inan,masc plur,datv | NOUN,inan,masc plur,gent | NOUN,inan,masc plur,loct | NOUN,inan,masc plur,nomn | NOUN,inan,masc sing,ablt | NOUN,inan,masc sing,accs | NOUN,inan,masc sing,datv | NOUN,inan,masc sing,gent | NOUN,inan,masc sing,loct | NOUN,inan,masc sing,nomn	false	3.64	324	WORDFREQ_RANKED	IN_POOL_REVIEW_REQUIRED	
стол	4	EASY	NOUN,inan,masc plur,ablt | NOUN,inan,masc plur,accs | NOUN,inan,masc plur,datv | NOUN,inan,masc plur,gent | NOUN,inan,masc plur,loct | NOUN,inan,masc plur,nomn | NOUN,inan,masc sing,ablt | NOUN,inan,masc sing,accs | NOUN,inan,masc sing,datv | NOUN,inan,masc sing,gent | NOUN,inan,masc sing,loc2,Infr | NOUN,inan,masc sing,loct | NOUN,inan,masc sing,nomn	false	4.78	50	MANUAL_ALLOW	IN_POOL_REVIEW_REQUIRED	ALLOW
столб	5	MEDIUM	NOUN,inan,masc plur,ablt | NOUN,inan,masc plur,accs | NOUN,inan,masc plur,datv | NOUN,inan,masc plur,gent | NOUN,inan,masc plur,loct | NOUN,inan,masc plur,nomn | NOUN,inan,masc sing,ablt | NOUN,inan,masc sing,accs | NOUN,inan,masc sing,datv | NOUN,inan,masc sing,gent | NOUN,inan,masc sing,loct | NOUN,inan,masc sing,nomn	false	3.80	367	TRUSTED_V1	TRUSTED	ALLOW
столик	6	HARD	NOUN,inan,masc plur,ablt | NOUN,inan,masc plur,accs | NOUN,inan,masc plur,datv | NOUN,inan,masc plur,gent | NOUN,inan,masc plur,loct | NOUN,inan,masc plur,nomn | NOUN,inan,masc sing,ablt | NOUN,inan,masc sing,accs | NOUN,inan,masc sing,datv | NOUN,inan,masc sing,gent | NOUN,inan,masc sing,loct | NOUN,inan,masc sing,nomn	false	3.82	300	WORDFREQ_RANKED	IN_POOL_REVIEW_REQUIRED	
столица	7	EXPERT	NOUN,inan,femn plur,ablt | NOUN,inan,femn plur,accs | NOUN,inan,femn plur,datv | NOUN,inan,femn plur,gent | NOUN,inan,femn plur,loct | NOUN,inan,femn plur,nomn | NOUN,inan,femn sing,ablt | NOUN,inan,femn sing,ablt,V-ey | NOUN,inan,femn sing,accs | NOUN,inan,femn sing,datv | NOUN,inan,femn sing,gent | NOUN,inan,femn sing,loct | NOUN,inan,femn sing,nomn	false	4.14	172	MANUAL_ALLOW	IN_POOL_REVIEW_REQUIRED	ALLOW
стон	4	EASY	NOUN,inan,masc plur,ablt | NOUN,inan,masc plur,accs | NOUN,inan,masc plur,datv | NOUN,inan,masc plur,gent | NOUN,inan,masc plur,loct | NOUN,inan,masc plur,nomn | NOUN,inan,masc sing,ablt | NOUN,inan,masc sing,accs | NOUN,inan,masc sing,datv | NOUN,inan,masc sing,gent | NOUN,inan,masc sing,loct | NOUN,inan,masc sing,nomn	false	3.29	508	WORDFREQ_RANKED	IN_POOL_REVIEW_REQUIRED	
стопа	5	MEDIUM	NOUN,inan,femn plur,ablt | NOUN,inan,femn plur,accs | NOUN,inan,femn plur,datv | NOUN,inan,femn plur,gent | NOUN,inan,femn plur,loct | NOUN,inan,femn plur,nomn | NOUN,inan,femn sing,ablt | NOUN,inan,femn sing,ablt,V-oy | NOUN,inan,femn sing,accs | NOUN,inan,femn sing,datv | NOUN,inan,femn sing,gent | NOUN,inan,femn sing,loct | NOUN,inan,femn sing,nomn	false	3.09		TRUSTED_V1	TRUSTED	ALLOW
сторона	7	EXPERT	NOUN,inan,femn plur,ablt | NOUN,inan,femn plur,accs | NOUN,inan,femn plur,datv | NOUN,inan,femn plur,gent | NOUN,inan,femn plur,loct | NOUN,inan,femn plur,nomn | NOUN,inan,femn sing,ablt | NOUN,inan,femn sing,ablt,V-oy | NOUN,inan,femn sing,accs | NOUN,inan,femn sing,datv | NOUN,inan,femn sing,gent | NOUN,inan,femn sing,loct | NOUN,inan,femn sing,nomn	false	4.52	77	WORDFREQ_RANKED	IN_POOL_REVIEW_REQUIRED	
стоянка	7	EXPERT	NOUN,inan,femn plur,ablt | NOUN,inan,femn plur,accs | NOUN,inan,femn plur,datv | NOUN,inan,femn plur,gent | NOUN,inan,femn plur,loct | NOUN,inan,femn plur,nomn | NOUN,inan,femn sing,ablt | NOUN,inan,femn sing,ablt,V-oy | NOUN,inan,femn sing,accs | NOUN,inan,femn sing,datv | NOUN,inan,femn sing,gent | NOUN,inan,femn sing,loct | NOUN,inan,femn sing,nomn	false	3.47	497	WORDFREQ_RANKED	IN_POOL_REVIEW_REQUIRED	
страна	6	HARD	NOUN,inan,femn plur,ablt | NOUN,inan,femn plur,accs | NOUN,inan,femn plur,datv | NOUN,inan,femn plur,gent | NOUN,inan,femn plur,loct | NOUN,inan,femn plur,nomn | NOUN,inan,femn sing,ablt | NOUN,inan,femn sing,ablt,V-oy | NOUN,inan,femn sing,accs | NOUN,inan,femn sing,datv | NOUN,inan,femn sing,gent | NOUN,inan,femn sing,loct | NOUN,inan,femn sing,nomn	false	4.81	39	MANUAL_ALLOW	IN_POOL_REVIEW_REQUIRED	ALLOW
страх	5	MEDIUM	NOUN,inan,masc plur,ablt | NOUN,inan,masc plur,accs | NOUN,inan,masc plur,datv | NOUN,inan,masc plur,gent | NOUN,inan,masc plur,loct | NOUN,inan,masc plur,nomn | NOUN,inan,masc sing,ablt | NOUN,inan,masc sing,accs | NOUN,inan,masc sing,datv | NOUN,inan,masc sing,gen2 | NOUN,inan,masc sing,gent | NOUN,inan,masc sing,loct | NOUN,inan,masc sing,nomn	false	4.57	78	TRUSTED_V1	TRUSTED	ALLOW
стрела	6	HARD	NOUN,inan,femn plur,ablt | NOUN,inan,femn plur,accs | NOUN,inan,femn plur,datv | NOUN,inan,femn plur,gent | NOUN,inan,femn plur,loct | NOUN,inan,femn plur,nomn | NOUN,inan,femn sing,ablt | NOUN,inan,femn sing,ablt,V-oy | NOUN,inan,femn sing,accs | NOUN,inan,femn sing,datv | NOUN,inan,femn sing,gent | NOUN,inan,femn sing,loct | NOUN,inan,femn sing,nomn	false	3.84	290	WORDFREQ_RANKED	IN_POOL_REVIEW_REQUIRED	
стрелка	7	EXPERT	NOUN,inan,femn plur,ablt | NOUN,inan,femn plur,accs | NOUN,inan,femn plur,datv | NOUN,inan,femn plur,gent | NOUN,inan,femn plur,loct | NOUN,inan,femn plur,nomn | NOUN,inan,femn sing,ablt | NOUN,inan,femn sing,ablt,V-oy | NOUN,inan,femn sing,accs | NOUN,inan,femn sing,datv | NOUN,inan,femn sing,gent | NOUN,inan,femn sing,loct | NOUN,inan,femn sing,nomn	false	3.90	246	WORDFREQ_RANKED	IN_POOL_REVIEW_REQUIRED	
стресс	6	HARD	NOUN,inan,masc plur,ablt | NOUN,inan,masc plur,accs | NOUN,inan,masc plur,datv | NOUN,inan,masc plur,gent | NOUN,inan,masc plur,loct | NOUN,inan,masc plur,nomn | NOUN,inan,masc sing,ablt | NOUN,inan,masc sing,accs | NOUN,inan,masc sing,datv | NOUN,inan,masc sing,gent | NOUN,inan,masc sing,loct | NOUN,inan,masc sing,nomn	false	4.02	216	WORDFREQ_RANKED	IN_POOL_REVIEW_REQUIRED	
стройка	7	EXPERT	NOUN,inan,femn plur,ablt | NOUN,inan,femn plur,accs | NOUN,inan,femn plur,datv | NOUN,inan,femn plur,gent | NOUN,inan,femn plur,loct | NOUN,inan,femn plur,nomn | NOUN,inan,femn sing,ablt | NOUN,inan,femn sing,ablt,V-oy | NOUN,inan,femn sing,accs | NOUN,inan,femn sing,datv | NOUN,inan,femn sing,gent | NOUN,inan,femn sing,loct | NOUN,inan,femn sing,nomn	false	3.52	460	WORDFREQ_RANKED	IN_POOL_REVIEW_REQUIRED	
строка	6	HARD	NOUN,inan,femn plur,ablt | NOUN,inan,femn plur,accs | NOUN,inan,femn plur,datv | NOUN,inan,femn plur,gent | NOUN,inan,femn plur,loct | NOUN,inan,femn plur,nomn | NOUN,inan,femn sing,ablt | NOUN,inan,femn sing,ablt,V-oy | NOUN,inan,femn sing,accs | NOUN,inan,femn sing,datv | NOUN,inan,femn sing,gent | NOUN,inan,femn sing,loct | NOUN,inan,femn sing,nomn	false	3.57	477	WORDFREQ_RANKED	IN_POOL_REVIEW_REQUIRED	
студент	7	EXPERT	NOUN,anim,masc plur,ablt | NOUN,anim,masc plur,accs | NOUN,anim,masc plur,datv | NOUN,anim,masc plur,gent | NOUN,anim,masc plur,loct | NOUN,anim,masc plur,nomn | NOUN,anim,masc sing,ablt | NOUN,anim,masc sing,accs | NOUN,anim,masc sing,datv | NOUN,anim,masc sing,gent | NOUN,anim,masc sing,loct | NOUN,anim,masc sing,nomn	false	4.20	156	WORDFREQ_RANKED	IN_POOL_REVIEW_REQUIRED	
студия	6	HARD	NOUN,inan,femn plur,ablt | NOUN,inan,femn plur,accs | NOUN,inan,femn plur,datv | NOUN,inan,femn plur,gent | NOUN,inan,femn plur,loct | NOUN,inan,femn plur,nomn | NOUN,inan,femn sing,ablt | NOUN,inan,femn sing,ablt,V-ey | NOUN,inan,femn sing,accs | NOUN,inan,femn sing,datv | NOUN,inan,femn sing,gent | NOUN,inan,femn sing,loct | NOUN,inan,femn sing,nomn	false	4.15	169	WORDFREQ_RANKED	IN_POOL_REVIEW_REQUIRED	
стук	4	EASY	NOUN,inan,masc plur,ablt | NOUN,inan,masc plur,accs | NOUN,inan,masc plur,datv | NOUN,inan,masc plur,gent | NOUN,inan,masc plur,loct | NOUN,inan,masc plur,nomn | NOUN,inan,masc sing,ablt | NOUN,inan,masc sing,accs | NOUN,inan,masc sing,datv | NOUN,inan,masc sing,gen2 | NOUN,inan,masc sing,gent | NOUN,inan,masc sing,loct | NOUN,inan,masc sing,nomn	false	3.81	265	WORDFREQ_RANKED	IN_POOL_REVIEW_REQUIRED	
стул	4	EASY	NOUN,inan,masc plur,ablt | NOUN,inan,masc plur,accs | NOUN,inan,masc plur,datv | NOUN,inan,masc plur,gent | NOUN,inan,masc plur,loct | NOUN,inan,masc plur,nomn | NOUN,inan,masc sing,ablt | NOUN,inan,masc sing,accs | NOUN,inan,masc sing,datv | NOUN,inan,masc sing,gent | NOUN,inan,masc sing,loct | NOUN,inan,masc sing,nomn	false	4.09	183	MANUAL_ALLOW	IN_POOL_REVIEW_REQUIRED	ALLOW
ступень	7	EXPERT	NOUN,inan,femn plur,ablt | NOUN,inan,femn plur,accs | NOUN,inan,femn plur,datv | NOUN,inan,femn plur,gent | NOUN,inan,femn plur,loct | NOUN,inan,femn plur,nomn | NOUN,inan,femn sing,ablt | NOUN,inan,femn sing,accs | NOUN,inan,femn sing,datv | NOUN,inan,femn sing,gent | NOUN,inan,femn sing,loct | NOUN,inan,femn sing,nomn	false	3.78	308	WORDFREQ_RANKED	IN_POOL_REVIEW_REQUIRED	
стыд	4	EASY	NOUN,inan,masc plur,ablt | NOUN,inan,masc plur,accs | NOUN,inan,masc plur,datv | NOUN,inan,masc plur,gent | NOUN,inan,masc plur,loct | NOUN,inan,masc plur,nomn | NOUN,inan,masc sing,ablt | NOUN,inan,masc sing,accs | NOUN,inan,masc sing,datv | NOUN,inan,masc sing,gent | NOUN,inan,masc sing,loct | NOUN,inan,masc sing,nomn	false	3.72	295	WORDFREQ_RANKED	IN_POOL_REVIEW_REQUIRED	
суббота	7	EXPERT	NOUN,inan,femn plur,ablt | NOUN,inan,femn plur,accs | NOUN,inan,femn plur,datv | NOUN,inan,femn plur,gent | NOUN,inan,femn plur,loct | NOUN,inan,femn plur,nomn | NOUN,inan,femn sing,ablt | NOUN,inan,femn sing,ablt,V-oy | NOUN,inan,femn sing,accs | NOUN,inan,femn sing,datv | NOUN,inan,femn sing,gent | NOUN,inan,femn sing,loct | NOUN,inan,femn sing,nomn	false	3.84	277	WORDFREQ_RANKED	IN_POOL_REVIEW_REQUIRED	
субъект	7	EXPERT	NOUN,anim,masc plur,ablt | NOUN,anim,masc plur,accs | NOUN,anim,masc plur,datv | NOUN,anim,masc plur,gent | NOUN,anim,masc plur,loct | NOUN,anim,masc plur,nomn | NOUN,anim,masc sing,ablt | NOUN,anim,masc sing,accs | NOUN,anim,masc sing,datv | NOUN,anim,masc sing,gent | NOUN,anim,masc sing,loct | NOUN,anim,masc sing,nomn | NOUN,inan,masc plur,ablt | NOUN,inan,masc plur,accs | NOUN,inan,masc plur,datv | NOUN,inan,masc plur,gent | NOUN,inan,masc plur,loct | NOUN,inan,masc plur,nomn | NOUN,inan,masc sing,ablt | NOUN,inan,masc sing,accs | NOUN,inan,masc sing,datv | NOUN,inan,masc sing,gent | NOUN,inan,masc sing,loct | NOUN,inan,masc sing,nomn	false	3.77	320	WORDFREQ_RANKED	IN_POOL_REVIEW_REQUIRED	
судьба	6	HARD	NOUN,inan,femn plur,ablt | NOUN,inan,femn plur,accs | NOUN,inan,femn plur,datv | NOUN,inan,femn plur,gent | NOUN,inan,femn plur,loct | NOUN,inan,femn plur,nomn | NOUN,inan,femn sing,ablt | NOUN,inan,femn sing,ablt,V-oy | NOUN,inan,femn sing,accs | NOUN,inan,femn sing,datv | NOUN,inan,femn sing,gent | NOUN,inan,femn sing,loct | NOUN,inan,femn sing,nomn	false	4.74	50	WORDFREQ_RANKED	IN_POOL_REVIEW_REQUIRED	
судья	5	MEDIUM	NOUN,anim,ms-f plur,ablt | NOUN,anim,ms-f plur,accs | NOUN,anim,ms-f plur,datv | NOUN,anim,ms-f plur,gent | NOUN,anim,ms-f plur,loct | NOUN,anim,ms-f plur,nomn | NOUN,anim,ms-f sing,ablt | NOUN,anim,ms-f sing,ablt,V-ey | NOUN,anim,ms-f sing,accs | NOUN,anim,ms-f sing,datv | NOUN,anim,ms-f sing,gent | NOUN,anim,ms-f sing,loct | NOUN,anim,ms-f sing,nomn	false	4.55	81	TRUSTED_V1	TRUSTED	ALLOW
сумерки	7	EXPERT	NOUN,inan,GNdr,Pltm plur,ablt | NOUN,inan,GNdr,Pltm plur,accs | NOUN,inan,GNdr,Pltm plur,datv | NOUN,inan,GNdr,Pltm plur,gent | NOUN,inan,GNdr,Pltm plur,loct | NOUN,inan,GNdr,Pltm plur,nomn	true	3.64	390	WORDFREQ_RANKED	IN_POOL_REVIEW_REQUIRED	
сумма	5	MEDIUM	NOUN,inan,femn plur,ablt | NOUN,inan,femn plur,accs | NOUN,inan,femn plur,datv | NOUN,inan,femn plur,gent | NOUN,inan,femn plur,loct | NOUN,inan,femn plur,nomn | NOUN,inan,femn sing,ablt | NOUN,inan,femn sing,ablt,V-oy | NOUN,inan,femn sing,accs | NOUN,inan,femn sing,datv | NOUN,inan,femn sing,gent | NOUN,inan,femn sing,loct | NOUN,inan,femn sing,nomn	false	4.52	89	TRUSTED_V1	TRUSTED	ALLOW
супруг	6	HARD	NOUN,anim,GNdr,Pltm plur,ablt | NOUN,anim,GNdr,Pltm plur,accs | NOUN,anim,GNdr,Pltm plur,datv | NOUN,anim,GNdr,Pltm plur,gent | NOUN,anim,GNdr,Pltm plur,loct | NOUN,anim,GNdr,Pltm plur,nomn | NOUN,anim,femn plur,accs,Infr | NOUN,anim,femn plur,gent,Infr | NOUN,anim,femn sing,ablt | NOUN,anim,femn sing,ablt,V-oy | NOUN,anim,femn sing,accs | NOUN,anim,femn sing,datv | NOUN,anim,femn sing,gent | NOUN,anim,femn sing,loct | NOUN,anim,femn sing,nomn | NOUN,anim,masc plur,accs | NOUN,anim,masc plur,gent | NOUN,anim,masc sing,ablt | NOUN,anim,masc sing,accs | NOUN,anim,masc sing,datv | NOUN,anim,masc sing,gent | NOUN,anim,masc sing,loct | NOUN,anim,masc sing,nomn	true	3.72	360	WORDFREQ_RANKED	IN_POOL_REVIEW_REQUIRED	
сутки	5	MEDIUM	NOUN,inan,GNdr,Pltm plur,ablt | NOUN,inan,GNdr,Pltm plur,accs | NOUN,inan,GNdr,Pltm plur,datv | NOUN,inan,GNdr,Pltm plur,gent | NOUN,inan,GNdr,Pltm plur,loct | NOUN,inan,GNdr,Pltm plur,nomn	true	4.74	53	TRUSTED_V1	TRUSTED	ALLOW
сфера	5	MEDIUM	NOUN,inan,femn plur,ablt | NOUN,inan,femn plur,accs | NOUN,inan,femn plur,datv | NOUN,inan,femn plur,gent | NOUN,inan,femn plur,loct | NOUN,inan,femn plur,nomn | NOUN,inan,femn sing,ablt | NOUN,inan,femn sing,ablt,V-oy | NOUN,inan,femn sing,accs | NOUN,inan,femn sing,datv | NOUN,inan,femn sing,gent | NOUN,inan,femn sing,loct | NOUN,inan,femn sing,nomn	false	4.03	260	TRUSTED_V1	TRUSTED	ALLOW
схема	5	MEDIUM	NOUN,inan,femn plur,ablt | NOUN,inan,femn plur,accs | NOUN,inan,femn plur,datv | NOUN,inan,femn plur,gent | NOUN,inan,femn plur,loct | NOUN,inan,femn plur,nomn | NOUN,inan,femn sing,ablt | NOUN,inan,femn sing,ablt,V-oy | NOUN,inan,femn sing,accs | NOUN,inan,femn sing,datv | NOUN,inan,femn sing,gent | NOUN,inan,femn sing,loct | NOUN,inan,femn sing,nomn	false	4.64	67	TRUSTED_V1	TRUSTED	ALLOW
сход	4	EASY	NOUN,inan,masc plur,ablt | NOUN,inan,masc plur,accs | NOUN,inan,masc plur,datv | NOUN,inan,masc plur,gent | NOUN,inan,masc plur,loct | NOUN,inan,masc plur,nomn | NOUN,inan,masc sing,ablt | NOUN,inan,masc sing,accs | NOUN,inan,masc sing,datv | NOUN,inan,masc sing,gent | NOUN,inan,masc sing,loct | NOUN,inan,masc sing,nomn	false	3.34	476	WORDFREQ_RANKED	IN_POOL_REVIEW_REQUIRED	
сцена	5	MEDIUM	NOUN,inan,femn plur,ablt | NOUN,inan,femn plur,accs | NOUN,inan,femn plur,datv | NOUN,inan,femn plur,gent | NOUN,inan,femn plur,loct | NOUN,inan,femn plur,nomn | NOUN,inan,femn sing,ablt | NOUN,inan,femn sing,ablt,V-oy | NOUN,inan,femn sing,accs | NOUN,inan,femn sing,datv | NOUN,inan,femn sing,gent | NOUN,inan,femn sing,loct | NOUN,inan,femn sing,nomn	false	4.18	183	TRUSTED_V1	TRUSTED	ALLOW
счет	4	EASY	NOUN,inan,masc plur,ablt | NOUN,inan,masc plur,accs | NOUN,inan,masc plur,datv | NOUN,inan,masc plur,gent | NOUN,inan,masc plur,loct | NOUN,inan,masc plur,nomn | NOUN,inan,masc sing,ablt | NOUN,inan,masc sing,accs | NOUN,inan,masc sing,datv | NOUN,inan,masc sing,gent | NOUN,inan,masc sing,loc2 | NOUN,inan,masc sing,loct | NOUN,inan,masc sing,nomn	false	5.14	11	WORDFREQ_RANKED	IN_POOL_REVIEW_REQUIRED	
съезд	5	MEDIUM	NOUN,inan,masc plur,ablt | NOUN,inan,masc plur,accs | NOUN,inan,masc plur,datv | NOUN,inan,masc plur,gent | NOUN,inan,masc plur,loct | NOUN,inan,masc plur,nomn | NOUN,inan,masc sing,ablt | NOUN,inan,masc sing,accs | NOUN,inan,masc sing,datv | NOUN,inan,masc sing,gent | NOUN,inan,masc sing,loct | NOUN,inan,masc sing,nomn	false	4.16	193	TRUSTED_V1	TRUSTED	ALLOW
сюрприз	7	EXPERT	NOUN,inan,masc plur,ablt | NOUN,inan,masc plur,accs | NOUN,inan,masc plur,datv | NOUN,inan,masc plur,gent | NOUN,inan,masc plur,loct | NOUN,inan,masc plur,nomn | NOUN,inan,masc sing,ablt | NOUN,inan,masc sing,accs | NOUN,inan,masc sing,datv | NOUN,inan,masc sing,gent | NOUN,inan,masc sing,loct | NOUN,inan,masc sing,nomn	false	4.15	171	WORDFREQ_RANKED	IN_POOL_REVIEW_REQUIRED	
табак	5	MEDIUM	NOUN,inan,masc plur,ablt | NOUN,inan,masc plur,accs | NOUN,inan,masc plur,datv | NOUN,inan,masc plur,gent | NOUN,inan,masc plur,loct | NOUN,inan,masc plur,nomn | NOUN,inan,masc sing,ablt | NOUN,inan,masc sing,accs | NOUN,inan,masc sing,datv | NOUN,inan,masc sing,gen2 | NOUN,inan,masc sing,gent | NOUN,inan,masc sing,loct | NOUN,inan,masc sing,nomn	false	3.62	471	TRUSTED_V1	TRUSTED	ALLOW
таблица	7	EXPERT	NOUN,inan,femn plur,ablt | NOUN,inan,femn plur,accs | NOUN,inan,femn plur,datv | NOUN,inan,femn plur,gent | NOUN,inan,femn plur,loct | NOUN,inan,femn plur,nomn | NOUN,inan,femn sing,ablt | NOUN,inan,femn sing,ablt,V-ey | NOUN,inan,femn sing,accs | NOUN,inan,femn sing,datv | NOUN,inan,femn sing,gent | NOUN,inan,femn sing,loct | NOUN,inan,femn sing,nomn	false	4.29	123	WORDFREQ_RANKED	IN_POOL_REVIEW_REQUIRED	
табло	5	MEDIUM	NOUN,inan,neut,Fixd plur,ablt | NOUN,inan,neut,Fixd plur,accs | NOUN,inan,neut,Fixd plur,datv | NOUN,inan,neut,Fixd plur,gent | NOUN,inan,neut,Fixd plur,loct | NOUN,inan,neut,Fixd plur,nomn | NOUN,inan,neut,Fixd sing,ablt | NOUN,inan,neut,Fixd sing,accs | NOUN,inan,neut,Fixd sing,datv | NOUN,inan,neut,Fixd sing,gent | NOUN,inan,neut,Fixd sing,loct | NOUN,inan,neut,Fixd sing,nomn	false	3.43	626	TRUSTED_V1	TRUSTED	ALLOW
табу	4	EASY	NOUN,inan,neut,Fixd plur,ablt | NOUN,inan,neut,Fixd plur,accs | NOUN,inan,neut,Fixd plur,datv | NOUN,inan,neut,Fixd plur,gent | NOUN,inan,neut,Fixd plur,loct | NOUN,inan,neut,Fixd plur,nomn | NOUN,inan,neut,Fixd sing,ablt | NOUN,inan,neut,Fixd sing,accs | NOUN,inan,neut,Fixd sing,datv | NOUN,inan,neut,Fixd sing,gent | NOUN,inan,neut,Fixd sing,loct | NOUN,inan,neut,Fixd sing,nomn	false	3.40	439	WORDFREQ_RANKED	IN_POOL_REVIEW_REQUIRED	
табун	5	MEDIUM	NOUN,inan,masc plur,ablt | NOUN,inan,masc plur,accs | NOUN,inan,masc plur,datv | NOUN,inan,masc plur,gent | NOUN,inan,masc plur,loct | NOUN,inan,masc plur,nomn | NOUN,inan,masc sing,ablt | NOUN,inan,masc sing,accs | NOUN,inan,masc sing,datv | NOUN,inan,masc sing,gent | NOUN,inan,masc sing,loct | NOUN,inan,masc sing,nomn	false	2.80	1303	TRUSTED_V1	TRUSTED	ALLOW
тазик	5	MEDIUM	NOUN,inan,masc plur,ablt | NOUN,inan,masc plur,accs | NOUN,inan,masc plur,datv | NOUN,inan,masc plur,gent | NOUN,inan,masc plur,loct | NOUN,inan,masc plur,nomn | NOUN,inan,masc sing,ablt | NOUN,inan,masc sing,accs | NOUN,inan,masc sing,datv | NOUN,inan,masc sing,gent | NOUN,inan,masc sing,loct | NOUN,inan,masc sing,nomn	false	2.69	1438	TRUSTED_V1	TRUSTED	ALLOW
тайга	5	MEDIUM	NOUN,inan,femn,Sgtm sing,ablt | NOUN,inan,femn,Sgtm sing,ablt,V-oy | NOUN,inan,femn,Sgtm sing,accs | NOUN,inan,femn,Sgtm sing,datv | NOUN,inan,femn,Sgtm sing,gent | NOUN,inan,femn,Sgtm sing,loct | NOUN,inan,femn,Sgtm sing,nomn	false	3.39	663	TRUSTED_V1	TRUSTED	ALLOW
тайм	4	EASY	NOUN,inan,masc plur,ablt | NOUN,inan,masc plur,accs | NOUN,inan,masc plur,datv | NOUN,inan,masc plur,gent | NOUN,inan,masc plur,loct | NOUN,inan,masc plur,nomn | NOUN,inan,masc sing,ablt | NOUN,inan,masc sing,accs | NOUN,inan,masc sing,datv | NOUN,inan,masc sing,gent | NOUN,inan,masc sing,loct | NOUN,inan,masc sing,nomn	false	4.04	195	WORDFREQ_RANKED	IN_POOL_REVIEW_REQUIRED	
тако	4	EASY	NOUN,inan,neut,Fixd plur,ablt | NOUN,inan,neut,Fixd plur,accs | NOUN,inan,neut,Fixd plur,datv | NOUN,inan,neut,Fixd plur,gent | NOUN,inan,neut,Fixd plur,loct | NOUN,inan,neut,Fixd plur,nomn | NOUN,inan,neut,Fixd sing,ablt | NOUN,inan,neut,Fixd sing,accs | NOUN,inan,neut,Fixd sing,datv | NOUN,inan,neut,Fixd sing,gent | NOUN,inan,neut,Fixd sing,loct | NOUN,inan,neut,Fixd sing,nomn	false	3.43	412	WORDFREQ_RANKED	IN_POOL_REVIEW_REQUIRED	
такси	5	MEDIUM	NOUN,inan,neut,Fixd plur,ablt | NOUN,inan,neut,Fixd plur,accs | NOUN,inan,neut,Fixd plur,datv | NOUN,inan,neut,Fixd plur,gent | NOUN,inan,neut,Fixd plur,loct | NOUN,inan,neut,Fixd plur,nomn | NOUN,inan,neut,Fixd sing,ablt | NOUN,inan,neut,Fixd sing,accs | NOUN,inan,neut,Fixd sing,datv | NOUN,inan,neut,Fixd sing,gent | NOUN,inan,neut,Fixd sing,loct | NOUN,inan,neut,Fixd sing,nomn	false	4.48	102	TRUSTED_V1	TRUSTED	ALLOW
таксист	7	EXPERT	NOUN,anim,masc plur,ablt | NOUN,anim,masc plur,accs | NOUN,anim,masc plur,datv | NOUN,anim,masc plur,gent | NOUN,anim,masc plur,loct | NOUN,anim,masc plur,nomn | NOUN,anim,masc sing,ablt | NOUN,anim,masc sing,accs | NOUN,anim,masc sing,datv | NOUN,anim,masc sing,gent | NOUN,anim,masc sing,loct | NOUN,anim,masc sing,nomn	false	3.51	466	WORDFREQ_RANKED	IN_POOL_REVIEW_REQUIRED	
такт	4	EASY	NOUN,inan,masc plur,ablt | NOUN,inan,masc plur,accs | NOUN,inan,masc plur,datv | NOUN,inan,masc plur,gent | NOUN,inan,masc plur,loct | NOUN,inan,masc plur,nomn | NOUN,inan,masc sing,ablt | NOUN,inan,masc sing,accs | NOUN,inan,masc sing,datv | NOUN,inan,masc sing,gent | NOUN,inan,masc sing,loct | NOUN,inan,masc sing,nomn	false	3.44	408	WORDFREQ_RANKED	IN_POOL_REVIEW_REQUIRED	
тактика	7	EXPERT	NOUN,inan,femn plur,ablt | NOUN,inan,femn plur,accs | NOUN,inan,femn plur,datv | NOUN,inan,femn plur,gent | NOUN,inan,femn plur,loct | NOUN,inan,femn plur,nomn | NOUN,inan,femn sing,ablt | NOUN,inan,femn sing,ablt,V-oy | NOUN,inan,femn sing,accs | NOUN,inan,femn sing,datv | NOUN,inan,femn sing,gent | NOUN,inan,femn sing,loct | NOUN,inan,femn sing,nomn	false	3.81	299	WORDFREQ_RANKED	IN_POOL_REVIEW_REQUIRED	
талант	6	HARD	NOUN,inan,masc plur,ablt | NOUN,inan,masc plur,accs | NOUN,inan,masc plur,datv | NOUN,inan,masc plur,gent | NOUN,inan,masc plur,loct | NOUN,inan,masc plur,nomn | NOUN,inan,masc sing,ablt | NOUN,inan,masc sing,accs | NOUN,inan,masc sing,datv | NOUN,inan,masc sing,gent | NOUN,inan,masc sing,loct | NOUN,inan,masc sing,nomn	false	4.31	121	WORDFREQ_RANKED	IN_POOL_REVIEW_REQUIRED	
талон	5	MEDIUM	NOUN,inan,masc plur,ablt | NOUN,inan,masc plur,accs | NOUN,inan,masc plur,datv | NOUN,inan,masc plur,gent | NOUN,inan,masc plur,loct | NOUN,inan,masc plur,nomn | NOUN,inan,masc sing,ablt | NOUN,inan,masc sing,accs | NOUN,inan,masc sing,datv | NOUN,inan,masc sing,gent | NOUN,inan,masc sing,loct | NOUN,inan,masc sing,nomn	false	3.11	930	TRUSTED_V1	TRUSTED	ALLOW
танец	5	MEDIUM	NOUN,inan,masc plur,ablt | NOUN,inan,masc plur,accs | NOUN,inan,masc plur,datv | NOUN,inan,masc plur,gent | NOUN,inan,masc plur,loct | NOUN,inan,masc plur,nomn | NOUN,inan,masc sing,ablt | NOUN,inan,masc sing,accs | NOUN,inan,masc sing,datv | NOUN,inan,masc sing,gent | NOUN,inan,masc sing,loct | NOUN,inan,masc sing,nomn	false	4.27	156	TRUSTED_V1	TRUSTED	ALLOW
танк	4	EASY	NOUN,inan,masc plur,ablt | NOUN,inan,masc plur,accs | NOUN,inan,masc plur,datv | NOUN,inan,masc plur,gent | NOUN,inan,masc plur,loct | NOUN,inan,masc plur,nomn | NOUN,inan,masc sing,ablt | NOUN,inan,masc sing,accs | NOUN,inan,masc sing,datv | NOUN,inan,masc sing,gent | NOUN,inan,masc sing,loct | NOUN,inan,masc sing,nomn	false	4.14	169	WORDFREQ_RANKED	IN_POOL_REVIEW_REQUIRED	
тара	4	EASY	NOUN,inan,femn plur,ablt | NOUN,inan,femn plur,accs | NOUN,inan,femn plur,datv | NOUN,inan,femn plur,gent | NOUN,inan,femn plur,loct | NOUN,inan,femn plur,nomn | NOUN,inan,femn sing,ablt | NOUN,inan,femn sing,ablt,V-oy | NOUN,inan,femn sing,accs | NOUN,inan,femn sing,datv | NOUN,inan,femn sing,gent | NOUN,inan,femn sing,loct | NOUN,inan,femn sing,nomn	false	3.43	413	WORDFREQ_RANKED	IN_POOL_REVIEW_REQUIRED	
тарелка	7	EXPERT	NOUN,inan,femn plur,ablt | NOUN,inan,femn plur,accs | NOUN,inan,femn plur,datv | NOUN,inan,femn plur,gent | NOUN,inan,femn plur,loct | NOUN,inan,femn plur,nomn | NOUN,inan,femn sing,ablt | NOUN,inan,femn sing,ablt,V-oy | NOUN,inan,femn sing,accs | NOUN,inan,femn sing,datv | NOUN,inan,femn sing,gent | NOUN,inan,femn sing,loct | NOUN,inan,femn sing,nomn	false	3.36	581	MANUAL_ALLOW	IN_POOL_REVIEW_REQUIRED	ALLOW
таро	4	EASY	NOUN,inan,neut,Sgtm,Fixd sing,ablt | NOUN,inan,neut,Sgtm,Fixd sing,accs | NOUN,inan,neut,Sgtm,Fixd sing,datv | NOUN,inan,neut,Sgtm,Fixd sing,gent | NOUN,inan,neut,Sgtm,Fixd sing,loct | NOUN,inan,neut,Sgtm,Fixd sing,nomn	false	3.43	414	WORDFREQ_RANKED	IN_POOL_REVIEW_REQUIRED	
театр	5	MEDIUM	NOUN,inan,masc plur,ablt | NOUN,inan,masc plur,accs | NOUN,inan,masc plur,datv | NOUN,inan,masc plur,gent | NOUN,inan,masc plur,loct | NOUN,inan,masc plur,nomn | NOUN,inan,masc sing,ablt | NOUN,inan,masc sing,accs | NOUN,inan,masc sing,datv | NOUN,inan,masc sing,gent | NOUN,inan,masc sing,loct | NOUN,inan,masc sing,nomn	false	4.75	50	TRUSTED_V1	TRUSTED	ALLOW
текст	5	MEDIUM	NOUN,inan,masc plur,ablt | NOUN,inan,masc plur,accs | NOUN,inan,masc plur,datv | NOUN,inan,masc plur,gent | NOUN,inan,masc plur,loct | NOUN,inan,masc plur,nomn | NOUN,inan,masc sing,ablt | NOUN,inan,masc sing,accs | NOUN,inan,masc sing,datv | NOUN,inan,masc sing,gent | NOUN,inan,masc sing,loct | NOUN,inan,masc sing,nomn	false	4.83	40	TRUSTED_V1	TRUSTED	ALLOW
телефон	7	EXPERT	NOUN,inan,masc plur,ablt | NOUN,inan,masc plur,accs | NOUN,inan,masc plur,datv | NOUN,inan,masc plur,gent | NOUN,inan,masc plur,loct | NOUN,inan,masc plur,nomn | NOUN,inan,masc sing,ablt | NOUN,inan,masc sing,accs | NOUN,inan,masc sing,datv | NOUN,inan,masc sing,gent | NOUN,inan,masc sing,loct | NOUN,inan,masc sing,nomn	false	4.95	16	MANUAL_ALLOW	IN_POOL_REVIEW_REQUIRED	ALLOW
телешоу	7	EXPERT	NOUN,inan,neut,Fixd plur,ablt | NOUN,inan,neut,Fixd plur,accs | NOUN,inan,neut,Fixd plur,datv | NOUN,inan,neut,Fixd plur,gent | NOUN,inan,neut,Fixd plur,loct | NOUN,inan,neut,Fixd plur,nomn | NOUN,inan,neut,Fixd sing,ablt | NOUN,inan,neut,Fixd sing,accs | NOUN,inan,neut,Fixd sing,datv | NOUN,inan,neut,Fixd sing,gent | NOUN,inan,neut,Fixd sing,loct | NOUN,inan,neut,Fixd sing,nomn	false	3.74	333	WORDFREQ_RANKED	IN_POOL_REVIEW_REQUIRED	
тело	4	EASY	NOUN,inan,neut plur,ablt | NOUN,inan,neut plur,accs | NOUN,inan,neut plur,datv | NOUN,inan,neut plur,gent | NOUN,inan,neut plur,loct | NOUN,inan,neut plur,nomn | NOUN,inan,neut sing,ablt | NOUN,inan,neut sing,accs | NOUN,inan,neut sing,datv | NOUN,inan,neut sing,gent | NOUN,inan,neut sing,loct | NOUN,inan,neut sing,nomn	false	4.94	33	WORDFREQ_RANKED	IN_POOL_REVIEW_REQUIRED	
тема	4	EASY	NOUN,inan,femn plur,ablt | NOUN,inan,femn plur,accs | NOUN,inan,femn plur,datv | NOUN,inan,femn plur,gent | NOUN,inan,femn plur,loct | NOUN,inan,femn plur,nomn | NOUN,inan,femn sing,ablt | NOUN,inan,femn sing,ablt,V-oy | NOUN,inan,femn sing,accs | NOUN,inan,femn sing,datv | NOUN,inan,femn sing,gent | NOUN,inan,femn sing,loct | NOUN,inan,femn sing,nomn	false	4.67	65	WORDFREQ_RANKED	IN_POOL_REVIEW_REQUIRED	
темп	4	EASY	NOUN,inan,masc plur,ablt | NOUN,inan,masc plur,accs | NOUN,inan,masc plur,datv | NOUN,inan,masc plur,gent | NOUN,inan,masc plur,loct | NOUN,inan,masc plur,nomn | NOUN,inan,masc sing,ablt | NOUN,inan,masc sing,accs | NOUN,inan,masc sing,datv | NOUN,inan,masc sing,gent | NOUN,inan,masc sing,loct | NOUN,inan,masc sing,nomn	false	4.01	200	WORDFREQ_RANKED	IN_POOL_REVIEW_REQUIRED	
теннис	6	HARD	NOUN,inan,masc plur,ablt | NOUN,inan,masc plur,accs | NOUN,inan,masc plur,datv | NOUN,inan,masc plur,gent | NOUN,inan,masc plur,loct | NOUN,inan,masc plur,nomn | NOUN,inan,masc sing,ablt | NOUN,inan,masc sing,accs | NOUN,inan,masc sing,datv | NOUN,inan,masc sing,gent | NOUN,inan,masc sing,loct | NOUN,inan,masc sing,nomn	false	3.99	230	WORDFREQ_RANKED	IN_POOL_REVIEW_REQUIRED	
тень	4	EASY	NOUN,inan,femn plur,ablt | NOUN,inan,femn plur,accs | NOUN,inan,femn plur,datv | NOUN,inan,femn plur,gent | NOUN,inan,femn plur,loct | NOUN,inan,femn plur,nomn | NOUN,inan,femn sing,ablt | NOUN,inan,femn sing,accs | NOUN,inan,femn sing,datv | NOUN,inan,femn sing,gent | NOUN,inan,femn sing,loc2 | NOUN,inan,femn sing,loct | NOUN,inan,femn sing,nomn	false	4.32	129	WORDFREQ_RANKED	IN_POOL_REVIEW_REQUIRED	
теорема	7	EXPERT	NOUN,inan,femn plur,ablt | NOUN,inan,femn plur,accs | NOUN,inan,femn plur,datv | NOUN,inan,femn plur,gent | NOUN,inan,femn plur,loct | NOUN,inan,femn plur,nomn | NOUN,inan,femn sing,ablt | NOUN,inan,femn sing,ablt,V-oy | NOUN,inan,femn sing,accs | NOUN,inan,femn sing,datv | NOUN,inan,femn sing,gent | NOUN,inan,femn sing,loct | NOUN,inan,femn sing,nomn	false	3.76	325	WORDFREQ_RANKED	IN_POOL_REVIEW_REQUIRED	
теория	6	HARD	NOUN,inan,femn plur,ablt | NOUN,inan,femn plur,accs | NOUN,inan,femn plur,datv | NOUN,inan,femn plur,gent | NOUN,inan,femn plur,loct | NOUN,inan,femn plur,nomn | NOUN,inan,femn sing,ablt | NOUN,inan,femn sing,ablt,V-ey | NOUN,inan,femn sing,accs | NOUN,inan,femn sing,datv | NOUN,inan,femn sing,gent | NOUN,inan,femn sing,loct | NOUN,inan,femn sing,nomn	false	4.63	70	WORDFREQ_RANKED	IN_POOL_REVIEW_REQUIRED	
тепло	5	MEDIUM	NOUN,inan,neut,Sgtm sing,ablt | NOUN,inan,neut,Sgtm sing,accs | NOUN,inan,neut,Sgtm sing,datv | NOUN,inan,neut,Sgtm sing,gent | NOUN,inan,neut,Sgtm sing,loct | NOUN,inan,neut,Sgtm sing,nomn	false	4.44		TRUSTED_V1	TRUSTED	ALLOW
теракт	6	HARD	NOUN,inan,masc plur,ablt | NOUN,inan,masc plur,accs | NOUN,inan,masc plur,datv | NOUN,inan,masc plur,gent | NOUN,inan,masc plur,loct | NOUN,inan,masc plur,nomn | NOUN,inan,masc sing,ablt | NOUN,inan,masc sing,accs | NOUN,inan,masc sing,datv | NOUN,inan,masc sing,gent | NOUN,inan,masc sing,loct | NOUN,inan,masc sing,nomn	false	3.81	305	WORDFREQ_RANKED	IN_POOL_REVIEW_REQUIRED	
терапия	7	EXPERT	NOUN,inan,femn plur,ablt | NOUN,inan,femn plur,accs | NOUN,inan,femn plur,datv | NOUN,inan,femn plur,gent | NOUN,inan,femn plur,loct | NOUN,inan,femn plur,nomn | NOUN,inan,femn sing,ablt | NOUN,inan,femn sing,ablt,V-ey | NOUN,inan,femn sing,accs | NOUN,inan,femn sing,datv | NOUN,inan,femn sing,gent | NOUN,inan,femn sing,loct | NOUN,inan,femn sing,nomn	false	3.74	334	WORDFREQ_RANKED	IN_POOL_REVIEW_REQUIRED	
термин	6	HARD	NOUN,inan,masc plur,ablt | NOUN,inan,masc plur,accs | NOUN,inan,masc plur,datv | NOUN,inan,masc plur,gent | NOUN,inan,masc plur,loct | NOUN,inan,masc plur,nomn | NOUN,inan,masc sing,ablt | NOUN,inan,masc sing,accs | NOUN,inan,masc sing,datv | NOUN,inan,masc sing,gent | NOUN,inan,masc sing,loct | NOUN,inan,masc sing,nomn	false	4.28	131	WORDFREQ_RANKED	IN_POOL_REVIEW_REQUIRED	
террор	6	HARD	NOUN,inan,masc plur,ablt | NOUN,inan,masc plur,accs | NOUN,inan,masc plur,datv | NOUN,inan,masc plur,gent | NOUN,inan,masc plur,loct | NOUN,inan,masc plur,nomn | NOUN,inan,masc sing,ablt | NOUN,inan,masc sing,accs | NOUN,inan,masc sing,datv | NOUN,inan,masc sing,gent | NOUN,inan,masc sing,loct | NOUN,inan,masc sing,nomn	false	3.61	447	WORDFREQ_RANKED	IN_POOL_REVIEW_REQUIRED	
тест	4	EASY	NOUN,inan,masc plur,ablt | NOUN,inan,masc plur,accs | NOUN,inan,masc plur,datv | NOUN,inan,masc plur,gent | NOUN,inan,masc plur,loct | NOUN,inan,masc plur,nomn | NOUN,inan,masc sing,ablt | NOUN,inan,masc sing,accs | NOUN,inan,masc sing,datv | NOUN,inan,masc sing,gent | NOUN,inan,masc sing,loct | NOUN,inan,masc sing,nomn	false	4.46	103	WORDFREQ_RANKED	IN_POOL_REVIEW_REQUIRED	
тесто	5	MEDIUM	NOUN,inan,neut plur,ablt | NOUN,inan,neut plur,accs | NOUN,inan,neut plur,datv | NOUN,inan,neut plur,gent | NOUN,inan,neut plur,loct | NOUN,inan,neut plur,nomn | NOUN,inan,neut sing,ablt | NOUN,inan,neut sing,accs | NOUN,inan,neut sing,datv | NOUN,inan,neut sing,gent | NOUN,inan,neut sing,loct | NOUN,inan,neut sing,nomn	false	3.69	437	TRUSTED_V1	TRUSTED	ALLOW
тетрадь	7	EXPERT	NOUN,inan,femn plur,ablt | NOUN,inan,femn plur,accs | NOUN,inan,femn plur,datv | NOUN,inan,femn plur,gent | NOUN,inan,femn plur,loct | NOUN,inan,femn plur,nomn | NOUN,inan,femn sing,ablt | NOUN,inan,femn sing,accs | NOUN,inan,femn sing,datv | NOUN,inan,femn sing,gent | NOUN,inan,femn sing,loct | NOUN,inan,femn sing,nomn	false	3.78	309	MANUAL_ALLOW	IN_POOL_REVIEW_REQUIRED	ALLOW
тетя	4	EASY	NOUN,anim,femn plur,ablt | NOUN,anim,femn plur,accs | NOUN,anim,femn plur,accs,Infr | NOUN,anim,femn plur,datv | NOUN,anim,femn plur,gent | NOUN,anim,femn plur,gent,Infr | NOUN,anim,femn plur,loct | NOUN,anim,femn plur,nomn | NOUN,anim,femn sing,ablt | NOUN,anim,femn sing,ablt,V-ey | NOUN,anim,femn sing,accs | NOUN,anim,femn sing,datv | NOUN,anim,femn sing,gent | NOUN,anim,femn sing,loct | NOUN,anim,femn sing,nomn	false	3.99	205	WORDFREQ_RANKED	IN_POOL_REVIEW_REQUIRED	
техника	7	EXPERT	NOUN,inan,femn plur,ablt | NOUN,inan,femn plur,accs | NOUN,inan,femn plur,datv | NOUN,inan,femn plur,gent | NOUN,inan,femn plur,loct | NOUN,inan,femn plur,nomn | NOUN,inan,femn sing,ablt | NOUN,inan,femn sing,ablt,V-oy | NOUN,inan,femn sing,accs | NOUN,inan,femn sing,datv | NOUN,inan,femn sing,gent | NOUN,inan,femn sing,loct | NOUN,inan,femn sing,nomn	false	4.54	73	WORDFREQ_RANKED	IN_POOL_REVIEW_REQUIRED	
течение	7	EXPERT	NOUN,inan,neut plur,ablt | NOUN,inan,neut plur,ablt,V-be | NOUN,inan,neut plur,accs | NOUN,inan,neut plur,accs,V-be | NOUN,inan,neut plur,datv | NOUN,inan,neut plur,datv,V-be | NOUN,inan,neut plur,gent | NOUN,inan,neut plur,loct | NOUN,inan,neut plur,loct,V-be | NOUN,inan,neut plur,nomn | NOUN,inan,neut plur,nomn,V-be | NOUN,inan,neut sing,ablt | NOUN,inan,neut sing,ablt,V-be | NOUN,inan,neut sing,accs | NOUN,inan,neut sing,accs,V-be | NOUN,inan,neut sing,datv | NOUN,inan,neut sing,datv,V-be | NOUN,inan,neut sing,gent | NOUN,inan,neut sing,gent,V-be | NOUN,inan,neut sing,loct | NOUN,inan,neut sing,loct,V-be | NOUN,inan,neut sing,loct,V-be,V-bi | NOUN,inan,neut sing,nomn | NOUN,inan,neut sing,nomn,V-be	false	5.34	3	WORDFREQ_RANKED	IN_POOL_REVIEW_REQUIRED	
течь	4	EASY	NOUN,inan,femn plur,ablt | NOUN,inan,femn plur,accs | NOUN,inan,femn plur,datv | NOUN,inan,femn plur,gent | NOUN,inan,femn plur,loct | NOUN,inan,femn plur,nomn | NOUN,inan,femn sing,ablt | NOUN,inan,femn sing,accs | NOUN,inan,femn sing,datv | NOUN,inan,femn sing,gent | NOUN,inan,femn sing,loct | NOUN,inan,femn sing,nomn	false	3.32	489	WORDFREQ_RANKED	IN_POOL_REVIEW_REQUIRED	
тигр	4	EASY	NOUN,anim,masc plur,ablt | NOUN,anim,masc plur,accs | NOUN,anim,masc plur,datv | NOUN,anim,masc plur,gent | NOUN,anim,masc plur,loct | NOUN,anim,masc plur,nomn | NOUN,anim,masc sing,ablt | NOUN,anim,masc sing,accs | NOUN,anim,masc sing,datv | NOUN,anim,masc sing,gent | NOUN,anim,masc sing,loct | NOUN,anim,masc sing,nomn	false	3.82	263	WORDFREQ_RANKED	IN_POOL_REVIEW_REQUIRED	
тире	4	EASY	NOUN,inan,neut,Fixd plur,ablt | NOUN,inan,neut,Fixd plur,accs | NOUN,inan,neut,Fixd plur,datv | NOUN,inan,neut,Fixd plur,gent | NOUN,inan,neut,Fixd plur,loct | NOUN,inan,neut,Fixd plur,nomn | NOUN,inan,neut,Fixd sing,ablt | NOUN,inan,neut,Fixd sing,accs | NOUN,inan,neut,Fixd sing,datv | NOUN,inan,neut,Fixd sing,gent | NOUN,inan,neut,Fixd sing,loct | NOUN,inan,neut,Fixd sing,nomn	false	3.37	454	WORDFREQ_RANKED	IN_POOL_REVIEW_REQUIRED	
тиски	5	MEDIUM	NOUN,inan,GNdr,Pltm plur,ablt | NOUN,inan,GNdr,Pltm plur,accs | NOUN,inan,GNdr,Pltm plur,datv | NOUN,inan,GNdr,Pltm plur,gent | NOUN,inan,GNdr,Pltm plur,loct | NOUN,inan,GNdr,Pltm plur,nomn	true	2.84	1255	TRUSTED_V1	TRUSTED	ALLOW
титул	5	MEDIUM	NOUN,inan,masc plur,ablt | NOUN,inan,masc plur,accs | NOUN,inan,masc plur,datv | NOUN,inan,masc plur,gent | NOUN,inan,masc plur,loct | NOUN,inan,masc plur,nomn | NOUN,inan,masc sing,ablt | NOUN,inan,masc sing,accs | NOUN,inan,masc sing,datv | NOUN,inan,masc sing,gent | NOUN,inan,masc sing,loct | NOUN,inan,masc sing,nomn	false	4.33	141	TRUSTED_V1	TRUSTED	ALLOW
тишина	6	HARD	NOUN,inan,femn,Sgtm sing,ablt | NOUN,inan,femn,Sgtm sing,ablt,V-oy | NOUN,inan,femn,Sgtm sing,accs | NOUN,inan,femn,Sgtm sing,datv | NOUN,inan,femn,Sgtm sing,gent | NOUN,inan,femn,Sgtm sing,loct | NOUN,inan,femn,Sgtm sing,nomn	false	4.23	150	WORDFREQ_RANKED	IN_POOL_REVIEW_REQUIRED	
ткань	5	MEDIUM	NOUN,inan,femn plur,ablt | NOUN,inan,femn plur,accs | NOUN,inan,femn plur,datv | NOUN,inan,femn plur,gent | NOUN,inan,femn plur,loct | NOUN,inan,femn plur,nomn | NOUN,inan,femn sing,ablt | NOUN,inan,femn sing,accs | NOUN,inan,femn sing,datv | NOUN,inan,femn sing,gent | NOUN,inan,femn sing,loct | NOUN,inan,femn sing,nomn	false	3.90	314	TRUSTED_V1	TRUSTED	ALLOW
товар	5	MEDIUM	NOUN,inan,masc plur,ablt | NOUN,inan,masc plur,accs | NOUN,inan,masc plur,datv | NOUN,inan,masc plur,gent | NOUN,inan,masc plur,loct | NOUN,inan,masc plur,nomn | NOUN,inan,masc sing,ablt | NOUN,inan,masc sing,accs | NOUN,inan,masc sing,datv | NOUN,inan,masc sing,gen2 | NOUN,inan,masc sing,gent | NOUN,inan,masc sing,loct | NOUN,inan,masc sing,nomn	false	4.34	138	TRUSTED_V1	TRUSTED	ALLOW
товарищ	7	EXPERT	NOUN,anim,masc plur,ablt | NOUN,anim,masc plur,accs | NOUN,anim,masc plur,datv | NOUN,anim,masc plur,gent | NOUN,anim,masc plur,loct | NOUN,anim,masc plur,nomn | NOUN,anim,masc sing,ablt | NOUN,anim,masc sing,accs | NOUN,anim,masc sing,datv | NOUN,anim,masc sing,gent | NOUN,anim,masc sing,loct | NOUN,anim,masc sing,nomn	false	4.33	116	WORDFREQ_RANKED	IN_POOL_REVIEW_REQUIRED	
толпа	5	MEDIUM	NOUN,inan,femn plur,ablt | NOUN,inan,femn plur,accs | NOUN,inan,femn plur,datv | NOUN,inan,femn plur,gent | NOUN,inan,femn plur,loct | NOUN,inan,femn plur,nomn | NOUN,inan,femn sing,ablt | NOUN,inan,femn sing,ablt,V-oy | NOUN,inan,femn sing,accs | NOUN,inan,femn sing,datv | NOUN,inan,femn sing,gent | NOUN,inan,femn sing,loct | NOUN,inan,femn sing,nomn	false	4.16	194	TRUSTED_V1	TRUSTED	ALLOW
толчок	6	HARD	NOUN,inan,masc plur,ablt | NOUN,inan,masc plur,accs | NOUN,inan,masc plur,datv | NOUN,inan,masc plur,gent | NOUN,inan,masc plur,loct | NOUN,inan,masc plur,nomn | NOUN,inan,masc sing,ablt | NOUN,inan,masc sing,accs | NOUN,inan,masc sing,datv | NOUN,inan,masc sing,gent | NOUN,inan,masc sing,loct | NOUN,inan,masc sing,nomn	false	3.79	319	WORDFREQ_RANKED	IN_POOL_REVIEW_REQUIRED	
толщина	7	EXPERT	NOUN,inan,femn plur,ablt | NOUN,inan,femn plur,accs | NOUN,inan,femn plur,datv | NOUN,inan,femn plur,gent | NOUN,inan,femn plur,loct | NOUN,inan,femn plur,nomn | NOUN,inan,femn sing,ablt | NOUN,inan,femn sing,ablt,V-oy | NOUN,inan,femn sing,accs | NOUN,inan,femn sing,datv | NOUN,inan,femn sing,gent | NOUN,inan,femn sing,loct | NOUN,inan,femn sing,nomn	false	3.71	353	WORDFREQ_RANKED	IN_POOL_REVIEW_REQUIRED	
томат	5	MEDIUM	NOUN,inan,masc plur,ablt | NOUN,inan,masc plur,accs | NOUN,inan,masc plur,datv | NOUN,inan,masc plur,gent | NOUN,inan,masc plur,loct | NOUN,inan,masc plur,nomn | NOUN,inan,masc sing,ablt | NOUN,inan,masc sing,accs | NOUN,inan,masc sing,datv | NOUN,inan,masc sing,gen2 | NOUN,inan,masc sing,gent | NOUN,inan,masc sing,loct | NOUN,inan,masc sing,nomn	false	2.66	1479	TRUSTED_V1	TRUSTED	ALLOW
тонна	5	MEDIUM	NOUN,inan,femn plur,ablt | NOUN,inan,femn plur,accs | NOUN,inan,femn plur,datv | NOUN,inan,femn plur,gent | NOUN,inan,femn plur,loct | NOUN,inan,femn plur,nomn | NOUN,inan,femn sing,ablt | NOUN,inan,femn sing,ablt,V-oy | NOUN,inan,femn sing,accs | NOUN,inan,femn sing,datv | NOUN,inan,femn sing,gent | NOUN,inan,femn sing,loct | NOUN,inan,femn sing,nomn	false	3.09	948	TRUSTED_V1	TRUSTED	ALLOW
тоннель	7	EXPERT	NOUN,inan,masc plur,ablt | NOUN,inan,masc plur,accs | NOUN,inan,masc plur,datv | NOUN,inan,masc plur,gent | NOUN,inan,masc plur,loct | NOUN,inan,masc plur,nomn | NOUN,inan,masc sing,ablt | NOUN,inan,masc sing,accs | NOUN,inan,masc sing,datv | NOUN,inan,masc sing,gent | NOUN,inan,masc sing,loct | NOUN,inan,masc sing,nomn	false	3.74	335	WORDFREQ_RANKED	IN_POOL_REVIEW_REQUIRED	
топливо	7	EXPERT	NOUN,inan,neut plur,ablt | NOUN,inan,neut plur,accs | NOUN,inan,neut plur,datv | NOUN,inan,neut plur,gent | NOUN,inan,neut plur,loct | NOUN,inan,neut plur,nomn | NOUN,inan,neut sing,ablt | NOUN,inan,neut sing,accs | NOUN,inan,neut sing,datv | NOUN,inan,neut sing,gent | NOUN,inan,neut sing,loct | NOUN,inan,neut sing,nomn	false	4.02	214	WORDFREQ_RANKED	IN_POOL_REVIEW_REQUIRED	
топор	5	MEDIUM	NOUN,inan,masc plur,ablt | NOUN,inan,masc plur,accs | NOUN,inan,masc plur,datv | NOUN,inan,masc plur,gent | NOUN,inan,masc plur,loct | NOUN,inan,masc plur,nomn | NOUN,inan,masc sing,ablt | NOUN,inan,masc sing,accs | NOUN,inan,masc sing,datv | NOUN,inan,masc sing,gent | NOUN,inan,masc sing,loct | NOUN,inan,masc sing,nomn	false	3.80	368	TRUSTED_V1	TRUSTED	ALLOW
торг	4	EASY	NOUN,inan,masc plur,ablt | NOUN,inan,masc plur,accs | NOUN,inan,masc plur,datv | NOUN,inan,masc plur,gent | NOUN,inan,masc plur,loct | NOUN,inan,masc plur,nomn | NOUN,inan,masc sing,ablt | NOUN,inan,masc sing,accs | NOUN,inan,masc sing,datv | NOUN,inan,masc sing,gent | NOUN,inan,masc sing,loc2 | NOUN,inan,masc sing,loct | NOUN,inan,masc sing,nomn	false	3.42	423	WORDFREQ_RANKED	IN_POOL_REVIEW_REQUIRED	
торнадо	7	EXPERT	NOUN,inan,neut,Fixd plur,ablt | NOUN,inan,neut,Fixd plur,accs | NOUN,inan,neut,Fixd plur,datv | NOUN,inan,neut,Fixd plur,gent | NOUN,inan,neut,Fixd plur,loct | NOUN,inan,neut,Fixd plur,nomn | NOUN,inan,neut,Fixd sing,ablt | NOUN,inan,neut,Fixd sing,accs | NOUN,inan,neut,Fixd sing,datv | NOUN,inan,neut,Fixd sing,gent | NOUN,inan,neut,Fixd sing,loct | NOUN,inan,neut,Fixd sing,nomn	false	3.61	409	WORDFREQ_RANKED	IN_POOL_REVIEW_REQUIRED	
торт	4	EASY	NOUN,inan,masc plur,ablt | NOUN,inan,masc plur,accs | NOUN,inan,masc plur,datv | NOUN,inan,masc plur,gent | NOUN,inan,masc plur,loct | NOUN,inan,masc plur,nomn | NOUN,inan,masc sing,ablt | NOUN,inan,masc sing,accs | NOUN,inan,masc sing,datv | NOUN,inan,masc sing,gent | NOUN,inan,masc sing,loct | NOUN,inan,masc sing,nomn	false	4.07	187	WORDFREQ_RANKED	IN_POOL_REVIEW_REQUIRED	
тост	4	EASY	NOUN,inan,masc plur,ablt | NOUN,inan,masc plur,accs | NOUN,inan,masc plur,datv | NOUN,inan,masc plur,gent | NOUN,inan,masc plur,loct | NOUN,inan,masc plur,nomn | NOUN,inan,masc sing,ablt | NOUN,inan,masc sing,accs | NOUN,inan,masc sing,datv | NOUN,inan,masc sing,gent | NOUN,inan,masc sing,loct | NOUN,inan,masc sing,nomn	false	3.59	347	WORDFREQ_RANKED	IN_POOL_REVIEW_REQUIRED	
точка	5	MEDIUM	NOUN,inan,femn plur,ablt | NOUN,inan,femn plur,accs | NOUN,inan,femn plur,datv | NOUN,inan,femn plur,gent | NOUN,inan,femn plur,loct | NOUN,inan,femn plur,nomn | NOUN,inan,femn sing,ablt | NOUN,inan,femn sing,ablt,V-oy | NOUN,inan,femn sing,accs | NOUN,inan,femn sing,datv | NOUN,inan,femn sing,gent | NOUN,inan,femn sing,loct | NOUN,inan,femn sing,nomn	false	4.50	95	TRUSTED_V1	TRUSTED	ALLOW
трава	5	MEDIUM	NOUN,inan,femn plur,ablt | NOUN,inan,femn plur,accs | NOUN,inan,femn plur,datv | NOUN,inan,femn plur,gent | NOUN,inan,femn plur,loct | NOUN,inan,femn plur,nomn | NOUN,inan,femn sing,ablt | NOUN,inan,femn sing,ablt,V-oy | NOUN,inan,femn sing,accs | NOUN,inan,femn sing,datv | NOUN,inan,femn sing,gent | NOUN,inan,femn sing,loct | NOUN,inan,femn sing,nomn	false	3.94	296	TRUSTED_V1	TRUSTED	ALLOW
травма	6	HARD	NOUN,inan,femn plur,ablt | NOUN,inan,femn plur,accs | NOUN,inan,femn plur,datv | NOUN,inan,femn plur,gent | NOUN,inan,femn plur,loct | NOUN,inan,femn plur,nomn | NOUN,inan,femn sing,ablt | NOUN,inan,femn sing,ablt,V-oy | NOUN,inan,femn sing,accs | NOUN,inan,femn sing,datv | NOUN,inan,femn sing,gent | NOUN,inan,femn sing,loct | NOUN,inan,femn sing,nomn	false	3.93	252	WORDFREQ_RANKED	IN_POOL_REVIEW_REQUIRED	
трактор	7	EXPERT	NOUN,inan,masc plur,ablt | NOUN,inan,masc plur,accs | NOUN,inan,masc plur,accs,Infr | NOUN,inan,masc plur,datv | NOUN,inan,masc plur,gent | NOUN,inan,masc plur,loct | NOUN,inan,masc plur,nomn | NOUN,inan,masc plur,nomn,Infr | NOUN,inan,masc sing,ablt | NOUN,inan,masc sing,accs | NOUN,inan,masc sing,datv | NOUN,inan,masc sing,gent | NOUN,inan,masc sing,loct | NOUN,inan,masc sing,nomn	false	3.93	240	WORDFREQ_RANKED	IN_POOL_REVIEW_REQUIRED	
трамвай	7	EXPERT	NOUN,inan,masc plur,ablt | NOUN,inan,masc plur,accs | NOUN,inan,masc plur,datv | NOUN,inan,masc plur,gent | NOUN,inan,masc plur,loct | NOUN,inan,masc plur,nomn | NOUN,inan,masc sing,ablt | NOUN,inan,masc sing,accs | NOUN,inan,masc sing,datv | NOUN,inan,masc sing,gent | NOUN,inan,masc sing,loct | NOUN,inan,masc sing,nomn	false	3.87	259	WORDFREQ_RANKED	IN_POOL_REVIEW_REQUIRED	
трасса	6	HARD	NOUN,inan,femn plur,ablt | NOUN,inan,femn plur,accs | NOUN,inan,femn plur,datv | NOUN,inan,femn plur,gent | NOUN,inan,femn plur,loct | NOUN,inan,femn plur,nomn | NOUN,inan,femn sing,ablt | NOUN,inan,femn sing,ablt,V-oy | NOUN,inan,femn sing,accs | NOUN,inan,femn sing,datv | NOUN,inan,femn sing,gent | NOUN,inan,femn sing,loct | NOUN,inan,femn sing,nomn	false	3.86	280	WORDFREQ_RANKED	IN_POOL_REVIEW_REQUIRED	
тревога	7	EXPERT	NOUN,inan,femn plur,ablt | NOUN,inan,femn plur,accs | NOUN,inan,femn plur,datv | NOUN,inan,femn plur,gent | NOUN,inan,femn plur,loct | NOUN,inan,femn plur,nomn | NOUN,inan,femn sing,ablt | NOUN,inan,femn sing,ablt,V-oy | NOUN,inan,femn sing,accs | NOUN,inan,femn sing,datv | NOUN,inan,femn sing,gent | NOUN,inan,femn sing,loct | NOUN,inan,femn sing,nomn	false	3.87	260	WORDFREQ_RANKED	IN_POOL_REVIEW_REQUIRED	
трейлер	7	EXPERT	NOUN,inan,masc plur,ablt | NOUN,inan,masc plur,accs | NOUN,inan,masc plur,datv | NOUN,inan,masc plur,gent | NOUN,inan,masc plur,loct | NOUN,inan,masc plur,nomn | NOUN,inan,masc sing,ablt | NOUN,inan,masc sing,accs | NOUN,inan,masc sing,datv | NOUN,inan,masc sing,gent | NOUN,inan,masc sing,loct | NOUN,inan,masc sing,nomn	false	3.76	326	WORDFREQ_RANKED	IN_POOL_REVIEW_REQUIRED	
трек	4	EASY	NOUN,inan,masc plur,ablt | NOUN,inan,masc plur,accs | NOUN,inan,masc plur,datv | NOUN,inan,masc plur,gent | NOUN,inan,masc plur,loct | NOUN,inan,masc plur,nomn | NOUN,inan,masc sing,ablt | NOUN,inan,masc sing,accs | NOUN,inan,masc sing,datv | NOUN,inan,masc sing,gent | NOUN,inan,masc sing,loct | NOUN,inan,masc sing,nomn	false	4.16	165	WORDFREQ_RANKED	IN_POOL_REVIEW_REQUIRED	
тренер	6	HARD	NOUN,anim,masc plur,ablt | NOUN,anim,masc plur,accs | NOUN,anim,masc plur,datv | NOUN,anim,masc plur,gent | NOUN,anim,masc plur,loct | NOUN,anim,masc plur,nomn | NOUN,anim,masc sing,ablt | NOUN,anim,masc sing,accs | NOUN,anim,masc sing,datv | NOUN,anim,masc sing,gent | NOUN,anim,masc sing,loct | NOUN,anim,masc sing,nomn	false	4.89	30	WORDFREQ_RANKED	IN_POOL_REVIEW_REQUIRED	
треть	5	MEDIUM	NOUN,inan,femn plur,ablt | NOUN,inan,femn plur,accs | NOUN,inan,femn plur,datv | NOUN,inan,femn plur,gent | NOUN,inan,femn plur,loct | NOUN,inan,femn plur,nomn | NOUN,inan,femn sing,ablt | NOUN,inan,femn sing,accs | NOUN,inan,femn sing,datv | NOUN,inan,femn sing,gent | NOUN,inan,femn sing,loct | NOUN,inan,femn sing,nomn	false	4.13	208	TRUSTED_V1	TRUSTED	ALLOW
триллер	7	EXPERT	NOUN,inan,masc plur,ablt | NOUN,inan,masc plur,accs | NOUN,inan,masc plur,datv | NOUN,inan,masc plur,gent | NOUN,inan,masc plur,loct | NOUN,inan,masc plur,nomn | NOUN,inan,masc sing,ablt | NOUN,inan,masc sing,accs | NOUN,inan,masc sing,datv | NOUN,inan,masc sing,gent | NOUN,inan,masc sing,loct | NOUN,inan,masc sing,nomn	false	3.62	403	WORDFREQ_RANKED	IN_POOL_REVIEW_REQUIRED	
трио	4	EASY	NOUN,inan,neut,Fixd plur,ablt | NOUN,inan,neut,Fixd plur,accs | NOUN,inan,neut,Fixd plur,datv | NOUN,inan,neut,Fixd plur,gent | NOUN,inan,neut,Fixd plur,loct | NOUN,inan,neut,Fixd plur,nomn | NOUN,inan,neut,Fixd sing,ablt | NOUN,inan,neut,Fixd sing,accs | NOUN,inan,neut,Fixd sing,datv | NOUN,inan,neut,Fixd sing,gent | NOUN,inan,neut,Fixd sing,loct | NOUN,inan,neut,Fixd sing,nomn	false	3.58	354	WORDFREQ_RANKED	IN_POOL_REVIEW_REQUIRED	
триумф	6	HARD	NOUN,inan,masc plur,ablt | NOUN,inan,masc plur,accs | NOUN,inan,masc plur,datv | NOUN,inan,masc plur,gent | NOUN,inan,masc plur,loct | NOUN,inan,masc plur,nomn | NOUN,inan,masc sing,ablt | NOUN,inan,masc sing,accs | NOUN,inan,masc sing,datv | NOUN,inan,masc sing,gent | NOUN,inan,masc sing,loct | NOUN,inan,masc sing,nomn	false	3.71	369	WORDFREQ_RANKED	IN_POOL_REVIEW_REQUIRED	
тройка	6	HARD	NOUN,inan,femn plur,ablt | NOUN,inan,femn plur,accs | NOUN,inan,femn plur,datv | NOUN,inan,femn plur,gent | NOUN,inan,femn plur,loct | NOUN,inan,femn plur,nomn | NOUN,inan,femn sing,ablt | NOUN,inan,femn sing,ablt,V-oy | NOUN,inan,femn sing,accs | NOUN,inan,femn sing,datv | NOUN,inan,femn sing,gent | NOUN,inan,femn sing,loct | NOUN,inan,femn sing,nomn	false	3.69	386	WORDFREQ_RANKED	IN_POOL_REVIEW_REQUIRED	
трон	4	EASY	NOUN,inan,masc plur,ablt | NOUN,inan,masc plur,accs | NOUN,inan,masc plur,datv | NOUN,inan,masc plur,gent | NOUN,inan,masc plur,loct | NOUN,inan,masc plur,nomn | NOUN,inan,masc sing,ablt | NOUN,inan,masc sing,accs | NOUN,inan,masc sing,datv | NOUN,inan,masc sing,gent | NOUN,inan,masc sing,loct | NOUN,inan,masc sing,nomn	false	3.96	215	WORDFREQ_RANKED	IN_POOL_REVIEW_REQUIRED	
тропа	5	MEDIUM	NOUN,inan,femn plur,ablt | NOUN,inan,femn plur,accs | NOUN,inan,femn plur,datv | NOUN,inan,femn plur,gent | NOUN,inan,femn plur,loct | NOUN,inan,femn plur,nomn | NOUN,inan,femn sing,ablt | NOUN,inan,femn sing,ablt,V-oy | NOUN,inan,femn sing,accs | NOUN,inan,femn sing,datv | NOUN,inan,femn sing,gent | NOUN,inan,femn sing,loct | NOUN,inan,femn sing,nomn	false	3.43	627	TRUSTED_V1	TRUSTED	ALLOW
трос	4	EASY	NOUN,inan,masc plur,ablt | NOUN,inan,masc plur,accs | NOUN,inan,masc plur,datv | NOUN,inan,masc plur,gent | NOUN,inan,masc plur,loct | NOUN,inan,masc plur,nomn | NOUN,inan,masc sing,ablt | NOUN,inan,masc sing,accs | NOUN,inan,masc sing,datv | NOUN,inan,masc sing,gent | NOUN,inan,masc sing,loc2 | NOUN,inan,masc sing,loct | NOUN,inan,masc sing,nomn	false	3.27	522	WORDFREQ_RANKED	IN_POOL_REVIEW_REQUIRED	
трофей	6	HARD	NOUN,inan,masc plur,ablt | NOUN,inan,masc plur,accs | NOUN,inan,masc plur,datv | NOUN,inan,masc plur,gent | NOUN,inan,masc plur,loct | NOUN,inan,masc plur,nomn | NOUN,inan,masc sing,ablt | NOUN,inan,masc sing,accs | NOUN,inan,masc sing,datv | NOUN,inan,masc sing,gent | NOUN,inan,masc sing,loct | NOUN,inan,masc sing,nomn	false	3.77	326	WORDFREQ_RANKED	IN_POOL_REVIEW_REQUIRED	
труба	5	MEDIUM	NOUN,inan,femn plur,ablt | NOUN,inan,femn plur,accs | NOUN,inan,femn plur,datv | NOUN,inan,femn plur,gent | NOUN,inan,femn plur,loct | NOUN,inan,femn plur,nomn | NOUN,inan,femn sing,ablt | NOUN,inan,femn sing,ablt,V-oy | NOUN,inan,femn sing,accs | NOUN,inan,femn sing,datv | NOUN,inan,femn sing,gent | NOUN,inan,femn sing,loct | NOUN,inan,femn sing,nomn	false	3.82	358	TRUSTED_V1	TRUSTED	ALLOW
труд	4	EASY	NOUN,inan,masc plur,ablt | NOUN,inan,masc plur,accs | NOUN,inan,masc plur,datv | NOUN,inan,masc plur,gent | NOUN,inan,masc plur,loct | NOUN,inan,masc plur,nomn | NOUN,inan,masc sing,ablt | NOUN,inan,masc sing,accs | NOUN,inan,masc sing,datv | NOUN,inan,masc sing,gent | NOUN,inan,masc sing,loct | NOUN,inan,masc sing,nomn	false	4.62	74	WORDFREQ_RANKED	IN_POOL_REVIEW_REQUIRED	
труп	4	EASY	NOUN,inan,masc plur,ablt | NOUN,inan,masc plur,accs | NOUN,inan,masc plur,datv | NOUN,inan,masc plur,gent | NOUN,inan,masc plur,loct | NOUN,inan,masc plur,nomn | NOUN,inan,masc sing,ablt | NOUN,inan,masc sing,accs | NOUN,inan,masc sing,datv | NOUN,inan,masc sing,gent | NOUN,inan,masc sing,loct | NOUN,inan,masc sing,nomn	false	4.17	164	WORDFREQ_RANKED	IN_POOL_REVIEW_REQUIRED	
трус	4	EASY	NOUN,anim,masc plur,ablt | NOUN,anim,masc plur,accs | NOUN,anim,masc plur,datv | NOUN,anim,masc plur,gent | NOUN,anim,masc plur,loct | NOUN,anim,masc plur,nomn | NOUN,anim,masc sing,ablt | NOUN,anim,masc sing,accs | NOUN,anim,masc sing,datv | NOUN,anim,masc sing,gent | NOUN,anim,masc sing,loct | NOUN,anim,masc sing,nomn | NOUN,inan,masc plur,ablt | NOUN,inan,masc plur,accs | NOUN,inan,masc plur,datv | NOUN,inan,masc plur,gent | NOUN,inan,masc plur,loct | NOUN,inan,masc plur,nomn | NOUN,inan,masc sing,ablt | NOUN,inan,masc sing,accs | NOUN,inan,masc sing,datv | NOUN,inan,masc sing,gent | NOUN,inan,masc sing,loct | NOUN,inan,masc sing,nomn	false	3.45	404	WORDFREQ_RANKED	IN_POOL_REVIEW_REQUIRED	
трусы	5	MEDIUM	NOUN,inan,GNdr,Pltm plur,ablt | NOUN,inan,GNdr,Pltm plur,accs | NOUN,inan,GNdr,Pltm plur,datv | NOUN,inan,GNdr,Pltm plur,gent | NOUN,inan,GNdr,Pltm plur,loct | NOUN,inan,GNdr,Pltm plur,nomn	true	3.92		TRUSTED_V1	TRUSTED	ALLOW
трюк	4	EASY	NOUN,inan,masc plur,ablt | NOUN,inan,masc plur,accs | NOUN,inan,masc plur,datv | NOUN,inan,masc plur,gent | NOUN,inan,masc plur,loct | NOUN,inan,masc plur,nomn | NOUN,inan,masc sing,ablt | NOUN,inan,masc sing,accs | NOUN,inan,masc sing,datv | NOUN,inan,masc sing,gent | NOUN,inan,masc sing,loct | NOUN,inan,masc sing,nomn	false	3.43	415	WORDFREQ_RANKED	IN_POOL_REVIEW_REQUIRED	
туалет	6	HARD	NOUN,inan,masc plur,ablt | NOUN,inan,masc plur,accs | NOUN,inan,masc plur,datv | NOUN,inan,masc plur,gent | NOUN,inan,masc plur,loct | NOUN,inan,masc plur,nomn | NOUN,inan,masc sing,ablt | NOUN,inan,masc sing,accs | NOUN,inan,masc sing,datv | NOUN,inan,masc sing,gent | NOUN,inan,masc sing,loct | NOUN,inan,masc sing,nomn	false	4.14	175	WORDFREQ_RANKED	IN_POOL_REVIEW_REQUIRED	
туман	5	MEDIUM	NOUN,inan,masc plur,ablt | NOUN,inan,masc plur,accs | NOUN,inan,masc plur,datv | NOUN,inan,masc plur,gent | NOUN,inan,masc plur,loct | NOUN,inan,masc plur,nomn | NOUN,inan,masc sing,ablt | NOUN,inan,masc sing,accs | NOUN,inan,masc sing,datv | NOUN,inan,masc sing,gen2 | NOUN,inan,masc sing,gent | NOUN,inan,masc sing,loct | NOUN,inan,masc sing,nomn	false	4.02	261	TRUSTED_V1	TRUSTED	ALLOW
тупик	5	MEDIUM	NOUN,anim,masc plur,ablt | NOUN,anim,masc plur,accs | NOUN,anim,masc plur,datv | NOUN,anim,masc plur,gent | NOUN,anim,masc plur,loct | NOUN,anim,masc plur,nomn | NOUN,anim,masc sing,ablt | NOUN,anim,masc sing,accs | NOUN,anim,masc sing,datv | NOUN,anim,masc sing,gent | NOUN,anim,masc sing,loct | NOUN,anim,masc sing,nomn | NOUN,inan,masc plur,ablt | NOUN,inan,masc plur,accs | NOUN,inan,masc plur,datv | NOUN,inan,masc plur,gent | NOUN,inan,masc plur,loct | NOUN,inan,masc plur,nomn | NOUN,inan,masc sing,ablt | NOUN,inan,masc sing,accs | NOUN,inan,masc sing,datv | NOUN,inan,masc sing,gent | NOUN,inan,masc sing,loct | NOUN,inan,masc sing,nomn	false	3.90	315	TRUSTED_V1	TRUSTED	ALLOW
туризм	6	HARD	NOUN,inan,masc plur,ablt | NOUN,inan,masc plur,accs | NOUN,inan,masc plur,datv | NOUN,inan,masc plur,gent | NOUN,inan,masc plur,loct | NOUN,inan,masc plur,nomn | NOUN,inan,masc sing,ablt | NOUN,inan,masc sing,accs | NOUN,inan,masc sing,datv | NOUN,inan,masc sing,gent | NOUN,inan,masc sing,loct | NOUN,inan,masc sing,nomn	false	4.02	217	WORDFREQ_RANKED	IN_POOL_REVIEW_REQUIRED	
турист	6	HARD	NOUN,anim,masc plur,ablt | NOUN,anim,masc plur,accs | NOUN,anim,masc plur,datv | NOUN,anim,masc plur,gent | NOUN,anim,masc plur,loct | NOUN,anim,masc plur,nomn | NOUN,anim,masc sing,ablt | NOUN,anim,masc sing,accs | NOUN,anim,masc sing,datv | NOUN,anim,masc sing,gent | NOUN,anim,masc sing,loct | NOUN,anim,masc sing,nomn	false	3.56	490	WORDFREQ_RANKED	IN_POOL_REVIEW_REQUIRED	
турнир	6	HARD	NOUN,inan,masc plur,ablt | NOUN,inan,masc plur,accs | NOUN,inan,masc plur,datv | NOUN,inan,masc plur,gent | NOUN,inan,masc plur,loct | NOUN,inan,masc plur,nomn | NOUN,inan,masc sing,ablt | NOUN,inan,masc sing,accs | NOUN,inan,masc sing,datv | NOUN,inan,masc sing,gent | NOUN,inan,masc sing,loct | NOUN,inan,masc sing,nomn	false	4.62	72	WORDFREQ_RANKED	IN_POOL_REVIEW_REQUIRED	
тыква	5	MEDIUM	NOUN,inan,femn plur,ablt | NOUN,inan,femn plur,accs | NOUN,inan,femn plur,datv | NOUN,inan,femn plur,gent | NOUN,inan,femn plur,loct | NOUN,inan,femn plur,nomn | NOUN,inan,femn sing,ablt | NOUN,inan,femn sing,ablt,V-oy | NOUN,inan,femn sing,accs | NOUN,inan,femn sing,datv | NOUN,inan,femn sing,gent | NOUN,inan,femn sing,loct | NOUN,inan,femn sing,nomn	false	3.09	949	TRUSTED_V1	TRUSTED	ALLOW
тысяча	6	HARD	NOUN,inan,femn plur,ablt | NOUN,inan,femn plur,accs | NOUN,inan,femn plur,datv | NOUN,inan,femn plur,gent | NOUN,inan,femn plur,loct | NOUN,inan,femn plur,nomn | NOUN,inan,femn sing,ablt | NOUN,inan,femn sing,ablt,Infr | NOUN,inan,femn sing,ablt,V-ey | NOUN,inan,femn sing,accs | NOUN,inan,femn sing,datv | NOUN,inan,femn sing,gent | NOUN,inan,femn sing,loct | NOUN,inan,femn sing,nomn | NOUN,inan,femn,Infr plur,ablt | NOUN,inan,femn,Infr plur,accs | NOUN,inan,femn,Infr plur,datv | NOUN,inan,femn,Infr plur,gent | NOUN,inan,femn,Infr plur,loct | NOUN,inan,femn,Infr plur,nomn | NOUN,inan,femn,Infr sing,ablt | NOUN,inan,femn,Infr sing,ablt,V-ey | NOUN,inan,femn,Infr sing,accs | NOUN,inan,femn,Infr sing,datv | NOUN,inan,femn,Infr sing,gent | NOUN,inan,femn,Infr sing,loct | NOUN,inan,femn,Infr sing,nomn	false	4.07	202	WORDFREQ_RANKED	IN_POOL_REVIEW_REQUIRED	
тьма	4	EASY	NOUN,inan,femn plur,ablt | NOUN,inan,femn plur,accs | NOUN,inan,femn plur,datv | NOUN,inan,femn plur,gent | NOUN,inan,femn plur,loct | NOUN,inan,femn plur,nomn | NOUN,inan,femn sing,ablt | NOUN,inan,femn sing,ablt,V-oy | NOUN,inan,femn sing,accs | NOUN,inan,femn sing,datv | NOUN,inan,femn sing,gent | NOUN,inan,femn sing,loct | NOUN,inan,femn sing,nomn	false	3.87	249	WORDFREQ_RANKED	IN_POOL_REVIEW_REQUIRED	
тюбик	5	MEDIUM	NOUN,inan,masc plur,ablt | NOUN,inan,masc plur,accs | NOUN,inan,masc plur,datv | NOUN,inan,masc plur,gent | NOUN,inan,masc plur,loct | NOUN,inan,masc plur,nomn | NOUN,inan,masc sing,ablt | NOUN,inan,masc sing,accs | NOUN,inan,masc sing,datv | NOUN,inan,masc sing,gent | NOUN,inan,masc sing,loct | NOUN,inan,masc sing,nomn	false	2.67	1468	TRUSTED_V1	TRUSTED	ALLOW
тюрьма	6	HARD	NOUN,inan,femn plur,ablt | NOUN,inan,femn plur,accs | NOUN,inan,femn plur,datv | NOUN,inan,femn plur,gent | NOUN,inan,femn plur,loct | NOUN,inan,femn plur,nomn | NOUN,inan,femn sing,ablt | NOUN,inan,femn sing,ablt,V-oy | NOUN,inan,femn sing,accs | NOUN,inan,femn sing,datv | NOUN,inan,femn sing,gent | NOUN,inan,femn sing,loct | NOUN,inan,femn sing,nomn	false	3.89	267	WORDFREQ_RANKED	IN_POOL_REVIEW_REQUIRED	
тяга	4	EASY	NOUN,inan,femn plur,ablt | NOUN,inan,femn plur,accs | NOUN,inan,femn plur,datv | NOUN,inan,femn plur,gent | NOUN,inan,femn plur,loct | NOUN,inan,femn plur,nomn | NOUN,inan,femn sing,ablt | NOUN,inan,femn sing,ablt,V-oy | NOUN,inan,femn sing,accs | NOUN,inan,femn sing,datv | NOUN,inan,femn sing,gent | NOUN,inan,femn sing,loct | NOUN,inan,femn sing,nomn	false	3.62	330	WORDFREQ_RANKED	IN_POOL_REVIEW_REQUIRED	
тяжесть	7	EXPERT	NOUN,inan,femn plur,ablt | NOUN,inan,femn plur,accs | NOUN,inan,femn plur,datv | NOUN,inan,femn plur,gent | NOUN,inan,femn plur,loct | NOUN,inan,femn plur,nomn | NOUN,inan,femn sing,ablt | NOUN,inan,femn sing,accs | NOUN,inan,femn sing,datv | NOUN,inan,femn sing,gent | NOUN,inan,femn sing,loct | NOUN,inan,femn sing,nomn	false	3.55	447	WORDFREQ_RANKED	IN_POOL_REVIEW_REQUIRED	
убежище	7	EXPERT	NOUN,inan,neut plur,ablt | NOUN,inan,neut plur,accs | NOUN,inan,neut plur,datv | NOUN,inan,neut plur,gent | NOUN,inan,neut plur,loct | NOUN,inan,neut plur,nomn | NOUN,inan,neut sing,ablt | NOUN,inan,neut sing,accs | NOUN,inan,neut sing,datv | NOUN,inan,neut sing,gent | NOUN,inan,neut sing,loct | NOUN,inan,neut sing,nomn	false	4.10	191	WORDFREQ_RANKED	IN_POOL_REVIEW_REQUIRED	
убийца	6	HARD	NOUN,anim,ms-f plur,ablt | NOUN,anim,ms-f plur,accs | NOUN,anim,ms-f plur,datv | NOUN,anim,ms-f plur,gent | NOUN,anim,ms-f plur,loct | NOUN,anim,ms-f plur,nomn | NOUN,anim,ms-f sing,ablt | NOUN,anim,ms-f sing,ablt,V-ey | NOUN,anim,ms-f sing,accs | NOUN,anim,ms-f sing,datv | NOUN,anim,ms-f sing,gent | NOUN,anim,ms-f sing,loct | NOUN,anim,ms-f sing,nomn	false	4.19	157	WORDFREQ_RANKED	IN_POOL_REVIEW_REQUIRED	
уборка	6	HARD	NOUN,inan,femn plur,ablt | NOUN,inan,femn plur,accs | NOUN,inan,femn plur,datv | NOUN,inan,femn plur,gent | NOUN,inan,femn plur,loct | NOUN,inan,femn plur,nomn | NOUN,inan,femn sing,ablt | NOUN,inan,femn sing,ablt,V-oy | NOUN,inan,femn sing,accs | NOUN,inan,femn sing,datv | NOUN,inan,femn sing,gent | NOUN,inan,femn sing,loct | NOUN,inan,femn sing,nomn	false	3.66	410	WORDFREQ_RANKED	IN_POOL_REVIEW_REQUIRED	
убыток	6	HARD	NOUN,inan,masc plur,ablt | NOUN,inan,masc plur,accs | NOUN,inan,masc plur,datv | NOUN,inan,masc plur,gent | NOUN,inan,masc plur,loct | NOUN,inan,masc plur,nomn | NOUN,inan,masc sing,ablt | NOUN,inan,masc sing,accs | NOUN,inan,masc sing,datv | NOUN,inan,masc sing,gen2 | NOUN,inan,masc sing,gent | NOUN,inan,masc sing,loct | NOUN,inan,masc sing,nomn	false	3.64	422	WORDFREQ_RANKED	IN_POOL_REVIEW_REQUIRED	
угловой	7	EXPERT	NOUN,inan,masc plur,ablt | NOUN,inan,masc plur,accs | NOUN,inan,masc plur,datv | NOUN,inan,masc plur,gent | NOUN,inan,masc plur,loct | NOUN,inan,masc plur,nomn | NOUN,inan,masc sing,ablt | NOUN,inan,masc sing,accs | NOUN,inan,masc sing,datv | NOUN,inan,masc sing,gent | NOUN,inan,masc sing,loct | NOUN,inan,masc sing,nomn	false	3.78	310	WORDFREQ_RANKED	IN_POOL_REVIEW_REQUIRED	
угол	4	EASY	NOUN,inan,masc plur,ablt | NOUN,inan,masc plur,accs | NOUN,inan,masc plur,datv | NOUN,inan,masc plur,gent | NOUN,inan,masc plur,loct | NOUN,inan,masc plur,nomn | NOUN,inan,masc sing,ablt | NOUN,inan,masc sing,accs | NOUN,inan,masc sing,datv | NOUN,inan,masc sing,gent | NOUN,inan,masc sing,loc2 | NOUN,inan,masc sing,loct | NOUN,inan,masc sing,nomn	false	4.40	112	WORDFREQ_RANKED	IN_POOL_REVIEW_REQUIRED	
уголок	6	HARD	NOUN,inan,masc plur,ablt | NOUN,inan,masc plur,accs | NOUN,inan,masc plur,datv | NOUN,inan,masc plur,gent | NOUN,inan,masc plur,loct | NOUN,inan,masc plur,nomn | NOUN,inan,masc sing,ablt | NOUN,inan,masc sing,accs | NOUN,inan,masc sing,datv | NOUN,inan,masc sing,gent | NOUN,inan,masc sing,loc2 | NOUN,inan,masc sing,loct | NOUN,inan,masc sing,nomn	false	3.74	346	WORDFREQ_RANKED	IN_POOL_REVIEW_REQUIRED	
уголь	5	MEDIUM	NOUN,inan,masc plur,ablt | NOUN,inan,masc plur,accs | NOUN,inan,masc plur,datv | NOUN,inan,masc plur,gent | NOUN,inan,masc plur,loct | NOUN,inan,masc plur,nomn | NOUN,inan,masc sing,ablt | NOUN,inan,masc sing,ablt,Infr | NOUN,inan,masc sing,accs | NOUN,inan,masc sing,accs,Litr | NOUN,inan,masc sing,datv | NOUN,inan,masc sing,gent | NOUN,inan,masc sing,loc2 | NOUN,inan,masc sing,loct | NOUN,inan,masc sing,nomn | NOUN,inan,masc sing,nomn,Litr	false	4.08	240	TRUSTED_V1	TRUSTED	ALLOW
угроза	6	HARD	NOUN,inan,femn plur,ablt | NOUN,inan,femn plur,accs | NOUN,inan,femn plur,datv | NOUN,inan,femn plur,gent | NOUN,inan,femn plur,loct | NOUN,inan,femn plur,nomn | NOUN,inan,femn sing,ablt | NOUN,inan,femn sing,ablt,V-oy | NOUN,inan,femn sing,accs | NOUN,inan,femn sing,datv | NOUN,inan,femn sing,gent | NOUN,inan,femn sing,loct | NOUN,inan,femn sing,nomn	false	4.25	147	WORDFREQ_RANKED	IN_POOL_REVIEW_REQUIRED	
удар	4	EASY	NOUN,inan,masc plur,ablt | NOUN,inan,masc plur,accs | NOUN,inan,masc plur,datv | NOUN,inan,masc plur,gent | NOUN,inan,masc plur,loct | NOUN,inan,masc plur,nomn | NOUN,inan,masc sing,ablt | NOUN,inan,masc sing,accs | NOUN,inan,masc sing,datv | NOUN,inan,masc sing,gent | NOUN,inan,masc sing,loct | NOUN,inan,masc sing,nomn	false	4.77	52	WORDFREQ_RANKED	IN_POOL_REVIEW_REQUIRED	
удача	5	MEDIUM	NOUN,inan,femn plur,ablt | NOUN,inan,femn plur,accs | NOUN,inan,femn plur,datv | NOUN,inan,femn plur,gent | NOUN,inan,femn plur,loct | NOUN,inan,femn plur,nomn | NOUN,inan,femn sing,ablt | NOUN,inan,femn sing,ablt,V-ey | NOUN,inan,femn sing,accs | NOUN,inan,femn sing,datv | NOUN,inan,femn sing,gent | NOUN,inan,femn sing,loct | NOUN,inan,femn sing,nomn	false	4.06	248	TRUSTED_V1	TRUSTED	ALLOW
удел	4	EASY	NOUN,inan,masc plur,ablt | NOUN,inan,masc plur,accs | NOUN,inan,masc plur,datv | NOUN,inan,masc plur,gent | NOUN,inan,masc plur,loct | NOUN,inan,masc plur,nomn | NOUN,inan,masc sing,ablt | NOUN,inan,masc sing,accs | NOUN,inan,masc sing,datv | NOUN,inan,masc sing,gent | NOUN,inan,masc sing,loct | NOUN,inan,masc sing,nomn	false	3.57	357	WORDFREQ_RANKED	IN_POOL_REVIEW_REQUIRED	
уезд	4	EASY	NOUN,inan,masc plur,ablt | NOUN,inan,masc plur,accs | NOUN,inan,masc plur,datv | NOUN,inan,masc plur,gent | NOUN,inan,masc plur,loct | NOUN,inan,masc plur,nomn | NOUN,inan,masc sing,ablt | NOUN,inan,masc sing,accs | NOUN,inan,masc sing,datv | NOUN,inan,masc sing,gent | NOUN,inan,masc sing,loct | NOUN,inan,masc sing,nomn	false	3.36	460	WORDFREQ_RANKED	IN_POOL_REVIEW_REQUIRED	
ужас	4	EASY	NOUN,inan,masc plur,ablt | NOUN,inan,masc plur,accs | NOUN,inan,masc plur,datv | NOUN,inan,masc plur,gent | NOUN,inan,masc plur,loct | NOUN,inan,masc plur,nomn | NOUN,inan,masc sing,ablt | NOUN,inan,masc sing,accs | NOUN,inan,masc sing,datv | NOUN,inan,masc sing,gent | NOUN,inan,masc sing,loct | NOUN,inan,masc sing,nomn	false	4.35	126	WORDFREQ_RANKED	IN_POOL_REVIEW_REQUIRED	
ужин	4	EASY	NOUN,inan,masc plur,ablt | NOUN,inan,masc plur,accs | NOUN,inan,masc plur,datv | NOUN,inan,masc plur,gent | NOUN,inan,masc plur,loct | NOUN,inan,masc plur,nomn | NOUN,inan,masc sing,ablt | NOUN,inan,masc sing,accs | NOUN,inan,masc sing,datv | NOUN,inan,masc sing,gent | NOUN,inan,masc sing,loct | NOUN,inan,masc sing,nomn	false	4.63	70	WORDFREQ_RANKED	IN_POOL_REVIEW_REQUIRED	
узел	4	EASY	NOUN,inan,masc plur,ablt | NOUN,inan,masc plur,accs | NOUN,inan,masc plur,datv | NOUN,inan,masc plur,gent | NOUN,inan,masc plur,loct | NOUN,inan,masc plur,nomn | NOUN,inan,masc sing,ablt | NOUN,inan,masc sing,accs | NOUN,inan,masc sing,datv | NOUN,inan,masc sing,gent | NOUN,inan,masc sing,loct | NOUN,inan,masc sing,nomn	false	3.94	224	WORDFREQ_RANKED	IN_POOL_REVIEW_REQUIRED	
узор	4	EASY	NOUN,inan,masc plur,ablt | NOUN,inan,masc plur,accs | NOUN,inan,masc plur,datv | NOUN,inan,masc plur,gent | NOUN,inan,masc plur,loct | NOUN,inan,masc plur,nomn | NOUN,inan,masc sing,ablt | NOUN,inan,masc sing,accs | NOUN,inan,masc sing,datv | NOUN,inan,masc sing,gent | NOUN,inan,masc sing,loct | NOUN,inan,masc sing,nomn	false	3.49	386	WORDFREQ_RANKED	IN_POOL_REVIEW_REQUIRED	
указ	4	EASY	NOUN,inan,masc plur,ablt | NOUN,inan,masc plur,accs | NOUN,inan,masc plur,datv | NOUN,inan,masc plur,gent | NOUN,inan,masc plur,loct | NOUN,inan,masc plur,nomn | NOUN,inan,masc sing,ablt | NOUN,inan,masc sing,accs | NOUN,inan,masc sing,datv | NOUN,inan,masc sing,gent | NOUN,inan,masc sing,loct | NOUN,inan,masc sing,nomn	false	4.47	99	WORDFREQ_RANKED	IN_POOL_REVIEW_REQUIRED	
уклон	5	MEDIUM	NOUN,inan,masc plur,ablt | NOUN,inan,masc plur,accs | NOUN,inan,masc plur,datv | NOUN,inan,masc plur,gent | NOUN,inan,masc plur,loct | NOUN,inan,masc plur,nomn | NOUN,inan,masc sing,ablt | NOUN,inan,masc sing,accs | NOUN,inan,masc sing,datv | NOUN,inan,masc sing,gent | NOUN,inan,masc sing,loct | NOUN,inan,masc sing,nomn	false	3.35	702	TRUSTED_V1	TRUSTED	ALLOW
укол	4	EASY	NOUN,inan,masc plur,ablt | NOUN,inan,masc plur,accs | NOUN,inan,masc plur,datv | NOUN,inan,masc plur,gent | NOUN,inan,masc plur,loct | NOUN,inan,masc plur,nomn | NOUN,inan,masc sing,ablt | NOUN,inan,masc sing,accs | NOUN,inan,masc sing,datv | NOUN,inan,masc sing,gent | NOUN,inan,masc sing,loct | NOUN,inan,masc sing,nomn	false	3.48	389	WORDFREQ_RANKED	IN_POOL_REVIEW_REQUIRED	
укроп	5	MEDIUM	NOUN,inan,masc plur,ablt | NOUN,inan,masc plur,accs | NOUN,inan,masc plur,datv | NOUN,inan,masc plur,gent | NOUN,inan,masc plur,loct | NOUN,inan,masc plur,nomn | NOUN,inan,masc sing,ablt | NOUN,inan,masc sing,accs | NOUN,inan,masc sing,datv | NOUN,inan,masc sing,gen2 | NOUN,inan,masc sing,gent | NOUN,inan,masc sing,loct | NOUN,inan,masc sing,nomn	false	3.02	1025	TRUSTED_V1	TRUSTED	ALLOW
укус	4	EASY	NOUN,inan,masc plur,ablt | NOUN,inan,masc plur,accs | NOUN,inan,masc plur,datv | NOUN,inan,masc plur,gent | NOUN,inan,masc plur,loct | NOUN,inan,masc plur,nomn | NOUN,inan,masc sing,ablt | NOUN,inan,masc sing,accs | NOUN,inan,masc sing,datv | NOUN,inan,masc sing,gent | NOUN,inan,masc sing,loct | NOUN,inan,masc sing,nomn	false	3.32	490	WORDFREQ_RANKED	IN_POOL_REVIEW_REQUIRED	
улан	4	EASY	NOUN,anim,masc plur,ablt | NOUN,anim,masc plur,accs | NOUN,anim,masc plur,accs,Infr | NOUN,anim,masc plur,datv | NOUN,anim,masc plur,gent | NOUN,anim,masc plur,gent,Infr | NOUN,anim,masc plur,loct | NOUN,anim,masc plur,nomn | NOUN,anim,masc sing,ablt | NOUN,anim,masc sing,accs | NOUN,anim,masc sing,datv | NOUN,anim,masc sing,gent | NOUN,anim,masc sing,loct | NOUN,anim,masc sing,nomn	false	4.02	198	WORDFREQ_RANKED	IN_POOL_REVIEW_REQUIRED	
улика	5	MEDIUM	NOUN,inan,femn plur,ablt | NOUN,inan,femn plur,accs | NOUN,inan,femn plur,datv | NOUN,inan,femn plur,gent | NOUN,inan,femn plur,loct | NOUN,inan,femn plur,nomn | NOUN,inan,femn sing,ablt | NOUN,inan,femn sing,ablt,V-oy | NOUN,inan,femn sing,accs | NOUN,inan,femn sing,datv | NOUN,inan,femn sing,gent | NOUN,inan,femn sing,loct | NOUN,inan,femn sing,nomn	false	2.65	1492	TRUSTED_V1	TRUSTED	ALLOW
улица	5	MEDIUM	NOUN,inan,femn plur,ablt | NOUN,inan,femn plur,accs | NOUN,inan,femn plur,datv | NOUN,inan,femn plur,gent | NOUN,inan,femn plur,loct | NOUN,inan,femn plur,nomn | NOUN,inan,femn sing,ablt | NOUN,inan,femn sing,ablt,V-ey | NOUN,inan,femn sing,accs | NOUN,inan,femn sing,datv | NOUN,inan,femn sing,gent | NOUN,inan,femn sing,loct | NOUN,inan,femn sing,nomn	false	4.46	108	TRUSTED_V1	TRUSTED	ALLOW
улов	4	EASY	NOUN,inan,masc plur,ablt | NOUN,inan,masc plur,accs | NOUN,inan,masc plur,datv | NOUN,inan,masc plur,gent | NOUN,inan,masc plur,loct | NOUN,inan,masc plur,nomn | NOUN,inan,masc sing,ablt | NOUN,inan,masc sing,accs | NOUN,inan,masc sing,datv | NOUN,inan,masc sing,gent | NOUN,inan,masc sing,loct | NOUN,inan,masc sing,nomn	false	3.33	484	WORDFREQ_RANKED	IN_POOL_REVIEW_REQUIRED	
улыбка	6	HARD	NOUN,inan,femn plur,ablt | NOUN,inan,femn plur,accs | NOUN,inan,femn plur,datv | NOUN,inan,femn plur,gent | NOUN,inan,femn plur,loct | NOUN,inan,femn plur,nomn | NOUN,inan,femn sing,ablt | NOUN,inan,femn sing,ablt,V-oy | NOUN,inan,femn sing,accs | NOUN,inan,femn sing,datv | NOUN,inan,femn sing,gent | NOUN,inan,femn sing,loct | NOUN,inan,femn sing,nomn	false	4.11	187	WORDFREQ_RANKED	IN_POOL_REVIEW_REQUIRED	
умение	6	HARD	NOUN,inan,neut plur,ablt | NOUN,inan,neut plur,ablt,V-be | NOUN,inan,neut plur,accs | NOUN,inan,neut plur,accs,V-be | NOUN,inan,neut plur,datv | NOUN,inan,neut plur,datv,V-be | NOUN,inan,neut plur,gent | NOUN,inan,neut plur,loct | NOUN,inan,neut plur,loct,V-be | NOUN,inan,neut plur,nomn | NOUN,inan,neut plur,nomn,V-be | NOUN,inan,neut sing,ablt | NOUN,inan,neut sing,ablt,V-be | NOUN,inan,neut sing,accs | NOUN,inan,neut sing,accs,V-be | NOUN,inan,neut sing,datv | NOUN,inan,neut sing,datv,V-be | NOUN,inan,neut sing,gent | NOUN,inan,neut sing,gent,V-be | NOUN,inan,neut sing,loct | NOUN,inan,neut sing,loct,V-be | NOUN,inan,neut sing,loct,V-be,V-bi | NOUN,inan,neut sing,nomn | NOUN,inan,neut sing,nomn,V-be	false	4.13	180	WORDFREQ_RANKED	IN_POOL_REVIEW_REQUIRED	
умница	6	HARD	NOUN,anim,ms-f plur,ablt | NOUN,anim,ms-f plur,accs | NOUN,anim,ms-f plur,datv | NOUN,anim,ms-f plur,gent | NOUN,anim,ms-f plur,loct | NOUN,anim,ms-f plur,nomn | NOUN,anim,ms-f sing,ablt | NOUN,anim,ms-f sing,ablt,V-ey | NOUN,anim,ms-f sing,accs | NOUN,anim,ms-f sing,datv | NOUN,anim,ms-f sing,gent | NOUN,anim,ms-f sing,loct | NOUN,anim,ms-f sing,nomn	false	3.74	347	WORDFREQ_RANKED	IN_POOL_REVIEW_REQUIRED	
упадок	6	HARD	NOUN,inan,masc plur,ablt | NOUN,inan,masc plur,accs | NOUN,inan,masc plur,datv | NOUN,inan,masc plur,gent | NOUN,inan,masc plur,loct | NOUN,inan,masc plur,nomn | NOUN,inan,masc sing,ablt | NOUN,inan,masc sing,accs | NOUN,inan,masc sing,datv | NOUN,inan,masc sing,gent | NOUN,inan,masc sing,loct | NOUN,inan,masc sing,nomn	false	3.60	459	WORDFREQ_RANKED	IN_POOL_REVIEW_REQUIRED	
упор	4	EASY	NOUN,inan,masc plur,ablt | NOUN,inan,masc plur,accs | NOUN,inan,masc plur,datv | NOUN,inan,masc plur,gent | NOUN,inan,masc plur,loct | NOUN,inan,masc plur,nomn | NOUN,inan,masc sing,ablt | NOUN,inan,masc sing,accs | NOUN,inan,masc sing,datv | NOUN,inan,masc sing,gent | NOUN,inan,masc sing,loct | NOUN,inan,masc sing,nomn	false	3.96	216	WORDFREQ_RANKED	IN_POOL_REVIEW_REQUIRED	
ураган	6	HARD	NOUN,inan,masc plur,ablt | NOUN,inan,masc plur,accs | NOUN,inan,masc plur,datv | NOUN,inan,masc plur,gent | NOUN,inan,masc plur,loct | NOUN,inan,masc plur,nomn | NOUN,inan,masc sing,ablt | NOUN,inan,masc sing,accs | NOUN,inan,masc sing,datv | NOUN,inan,masc sing,gent | NOUN,inan,masc sing,loct | NOUN,inan,masc sing,nomn	false	3.81	306	WORDFREQ_RANKED	IN_POOL_REVIEW_REQUIRED	
уран	4	EASY	NOUN,inan,masc plur,ablt | NOUN,inan,masc plur,accs | NOUN,inan,masc plur,datv | NOUN,inan,masc plur,gent | NOUN,inan,masc plur,loct | NOUN,inan,masc plur,nomn | NOUN,inan,masc sing,ablt | NOUN,inan,masc sing,accs | NOUN,inan,masc sing,datv | NOUN,inan,masc sing,gent | NOUN,inan,masc sing,loct | NOUN,inan,masc sing,nomn	false	3.47	393	WORDFREQ_RANKED	IN_POOL_REVIEW_REQUIRED	
уровень	7	EXPERT	NOUN,inan,masc plur,ablt | NOUN,inan,masc plur,accs | NOUN,inan,masc plur,datv | NOUN,inan,masc plur,gent | NOUN,inan,masc plur,loct | NOUN,inan,masc plur,nomn | NOUN,inan,masc sing,ablt | NOUN,inan,masc sing,accs | NOUN,inan,masc sing,datv | NOUN,inan,masc sing,gent | NOUN,inan,masc sing,loct | NOUN,inan,masc sing,nomn	false	5.18	8	WORDFREQ_RANKED	IN_POOL_REVIEW_REQUIRED	
урод	4	EASY	NOUN,anim,masc plur,ablt | NOUN,anim,masc plur,accs | NOUN,anim,masc plur,datv | NOUN,anim,masc plur,gent | NOUN,anim,masc plur,loct | NOUN,anim,masc plur,nomn | NOUN,anim,masc sing,ablt | NOUN,anim,masc sing,accs | NOUN,anim,masc sing,datv | NOUN,anim,masc sing,gent | NOUN,anim,masc sing,loct | NOUN,anim,masc sing,nomn	false	3.72	296	WORDFREQ_RANKED	IN_POOL_REVIEW_REQUIRED	
урожай	6	HARD	NOUN,inan,masc plur,ablt | NOUN,inan,masc plur,accs | NOUN,inan,masc plur,datv | NOUN,inan,masc plur,gent | NOUN,inan,masc plur,loct | NOUN,inan,masc plur,nomn | NOUN,inan,masc sing,ablt | NOUN,inan,masc sing,accs | NOUN,inan,masc sing,datv | NOUN,inan,masc sing,gent | NOUN,inan,masc sing,loct | NOUN,inan,masc sing,nomn	false	4.30	123	WORDFREQ_RANKED	IN_POOL_REVIEW_REQUIRED	
урок	4	EASY	NOUN,inan,masc plur,ablt | NOUN,inan,masc plur,accs | NOUN,inan,masc plur,datv | NOUN,inan,masc plur,gent | NOUN,inan,masc plur,loct | NOUN,inan,masc plur,nomn | NOUN,inan,masc sing,ablt | NOUN,inan,masc sing,accs | NOUN,inan,masc sing,datv | NOUN,inan,masc sing,gent | NOUN,inan,masc sing,loct | NOUN,inan,masc sing,nomn	false	4.42	109	WORDFREQ_RANKED	IN_POOL_REVIEW_REQUIRED	
урон	4	EASY	NOUN,inan,masc plur,ablt | NOUN,inan,masc plur,accs | NOUN,inan,masc plur,datv | NOUN,inan,masc plur,gent | NOUN,inan,masc plur,loct | NOUN,inan,masc plur,nomn | NOUN,inan,masc sing,ablt | NOUN,inan,masc sing,accs | NOUN,inan,masc sing,datv | NOUN,inan,masc sing,gent | NOUN,inan,masc sing,loct | NOUN,inan,masc sing,nomn	false	3.67	313	WORDFREQ_RANKED	IN_POOL_REVIEW_REQUIRED	
усадьба	7	EXPERT	NOUN,inan,femn plur,ablt | NOUN,inan,femn plur,accs | NOUN,inan,femn plur,datv | NOUN,inan,femn plur,gent | NOUN,inan,femn plur,loct | NOUN,inan,femn plur,nomn | NOUN,inan,femn sing,ablt | NOUN,inan,femn sing,ablt,V-oy | NOUN,inan,femn sing,accs | NOUN,inan,femn sing,datv | NOUN,inan,femn sing,gent | NOUN,inan,femn sing,loct | NOUN,inan,femn sing,nomn	false	3.75	329	WORDFREQ_RANKED	IN_POOL_REVIEW_REQUIRED	
условие	7	EXPERT	NOUN,inan,neut plur,ablt | NOUN,inan,neut plur,ablt,V-be | NOUN,inan,neut plur,accs | NOUN,inan,neut plur,accs,V-be | NOUN,inan,neut plur,datv | NOUN,inan,neut plur,datv,V-be | NOUN,inan,neut plur,gent | NOUN,inan,neut plur,loct | NOUN,inan,neut plur,loct,V-be | NOUN,inan,neut plur,nomn | NOUN,inan,neut plur,nomn,V-be | NOUN,inan,neut sing,ablt | NOUN,inan,neut sing,ablt,V-be | NOUN,inan,neut sing,accs | NOUN,inan,neut sing,accs,V-be | NOUN,inan,neut sing,datv | NOUN,inan,neut sing,datv,V-be | NOUN,inan,neut sing,gent | NOUN,inan,neut sing,gent,V-be | NOUN,inan,neut sing,loct | NOUN,inan,neut sing,loct,V-be | NOUN,inan,neut sing,loct,V-be,V-bi | NOUN,inan,neut sing,nomn | NOUN,inan,neut sing,nomn,V-be	false	4.04	207	WORDFREQ_RANKED	IN_POOL_REVIEW_REQUIRED	
услуга	6	HARD	NOUN,inan,femn plur,ablt | NOUN,inan,femn plur,accs | NOUN,inan,femn plur,datv | NOUN,inan,femn plur,gent | NOUN,inan,femn plur,loct | NOUN,inan,femn plur,nomn | NOUN,inan,femn sing,ablt | NOUN,inan,femn sing,ablt,V-oy | NOUN,inan,femn sing,accs | NOUN,inan,femn sing,datv | NOUN,inan,femn sing,gent | NOUN,inan,femn sing,loct | NOUN,inan,femn sing,nomn	false	3.74	348	WORDFREQ_RANKED	IN_POOL_REVIEW_REQUIRED	
успех	5	MEDIUM	NOUN,inan,masc plur,ablt | NOUN,inan,masc plur,accs | NOUN,inan,masc plur,datv | NOUN,inan,masc plur,gent | NOUN,inan,masc plur,loct | NOUN,inan,masc plur,nomn | NOUN,inan,masc sing,ablt | NOUN,inan,masc sing,accs | NOUN,inan,masc sing,datv | NOUN,inan,masc sing,gent | NOUN,inan,masc sing,loct | NOUN,inan,masc sing,nomn	false	4.68	61	TRUSTED_V1	TRUSTED	ALLOW
уста	4	EASY	NOUN,inan,GNdr,Pltm plur,ablt | NOUN,inan,GNdr,Pltm plur,accs | NOUN,inan,GNdr,Pltm plur,datv | NOUN,inan,GNdr,Pltm plur,gent | NOUN,inan,GNdr,Pltm plur,loct | NOUN,inan,GNdr,Pltm plur,nomn	true	3.40	440	WORDFREQ_RANKED	IN_POOL_REVIEW_REQUIRED	
уступ	5	MEDIUM	NOUN,inan,masc plur,ablt | NOUN,inan,masc plur,accs | NOUN,inan,masc plur,datv | NOUN,inan,masc plur,gent | NOUN,inan,masc plur,loct | NOUN,inan,masc plur,nomn | NOUN,inan,masc sing,ablt | NOUN,inan,masc sing,accs | NOUN,inan,masc sing,datv | NOUN,inan,masc sing,gent | NOUN,inan,masc sing,loct | NOUN,inan,masc sing,nomn	false	2.55	1620	TRUSTED_V1	TRUSTED	ALLOW
утечка	6	HARD	NOUN,inan,femn plur,ablt | NOUN,inan,femn plur,accs | NOUN,inan,femn plur,datv | NOUN,inan,femn plur,gent | NOUN,inan,femn plur,loct | NOUN,inan,femn plur,nomn | NOUN,inan,femn sing,ablt | NOUN,inan,femn sing,ablt,V-oy | NOUN,inan,femn sing,accs | NOUN,inan,femn sing,datv | NOUN,inan,femn sing,gent | NOUN,inan,femn sing,loct | NOUN,inan,femn sing,nomn	false	3.65	417	WORDFREQ_RANKED	IN_POOL_REVIEW_REQUIRED	
утка	4	EASY	NOUN,anim,femn plur,ablt | NOUN,anim,femn plur,accs | NOUN,anim,femn plur,datv | NOUN,anim,femn plur,gent | NOUN,anim,femn plur,loct | NOUN,anim,femn plur,nomn | NOUN,anim,femn sing,ablt | NOUN,anim,femn sing,ablt,V-oy | NOUN,anim,femn sing,accs | NOUN,anim,femn sing,datv | NOUN,anim,femn sing,gent | NOUN,anim,femn sing,loct | NOUN,anim,femn sing,nomn | NOUN,inan,femn plur,ablt | NOUN,inan,femn plur,accs | NOUN,inan,femn plur,datv | NOUN,inan,femn plur,gent | NOUN,inan,femn plur,loct | NOUN,inan,femn plur,nomn | NOUN,inan,femn sing,ablt | NOUN,inan,femn sing,ablt,V-oy | NOUN,inan,femn sing,accs | NOUN,inan,femn sing,datv | NOUN,inan,femn sing,gent | NOUN,inan,femn sing,loct | NOUN,inan,femn sing,nomn	false	3.61	336	WORDFREQ_RANKED	IN_POOL_REVIEW_REQUIRED	
утро	4	EASY	NOUN,inan,neut plur,ablt | NOUN,inan,neut plur,accs | NOUN,inan,neut plur,datv | NOUN,inan,neut plur,gent | NOUN,inan,neut plur,loct | NOUN,inan,neut plur,nomn | NOUN,inan,neut sing,ablt | NOUN,inan,neut sing,accs | NOUN,inan,neut sing,datv | NOUN,inan,neut sing,gent | NOUN,inan,neut sing,loct | NOUN,inan,neut sing,nomn	false	4.98	29	WORDFREQ_RANKED	IN_POOL_REVIEW_REQUIRED	
уход	4	EASY	NOUN,inan,masc plur,ablt | NOUN,inan,masc plur,accs | NOUN,inan,masc plur,datv | NOUN,inan,masc plur,gent | NOUN,inan,masc plur,loct | NOUN,inan,masc plur,nomn | NOUN,inan,masc sing,ablt | NOUN,inan,masc sing,accs | NOUN,inan,masc sing,datv | NOUN,inan,masc sing,gent | NOUN,inan,masc sing,loct | NOUN,inan,masc sing,nomn	false	4.22	153	WORDFREQ_RANKED	IN_POOL_REVIEW_REQUIRED	
участие	7	EXPERT	NOUN,inan,neut plur,ablt | NOUN,inan,neut plur,ablt,V-be | NOUN,inan,neut plur,accs | NOUN,inan,neut plur,accs,V-be | NOUN,inan,neut plur,datv | NOUN,inan,neut plur,datv,V-be | NOUN,inan,neut plur,gent | NOUN,inan,neut plur,loct | NOUN,inan,neut plur,loct,V-be | NOUN,inan,neut plur,nomn | NOUN,inan,neut plur,nomn,V-be | NOUN,inan,neut sing,ablt | NOUN,inan,neut sing,ablt,V-be | NOUN,inan,neut sing,accs | NOUN,inan,neut sing,accs,V-be | NOUN,inan,neut sing,datv | NOUN,inan,neut sing,datv,V-be | NOUN,inan,neut sing,gent | NOUN,inan,neut sing,gent,V-be | NOUN,inan,neut sing,loct | NOUN,inan,neut sing,loct,V-be | NOUN,inan,neut sing,loct,V-be,V-bi | NOUN,inan,neut sing,nomn | NOUN,inan,neut sing,nomn,V-be	false	5.38	2	WORDFREQ_RANKED	IN_POOL_REVIEW_REQUIRED	
участок	7	EXPERT	NOUN,inan,masc plur,ablt | NOUN,inan,masc plur,accs | NOUN,inan,masc plur,datv | NOUN,inan,masc plur,gent | NOUN,inan,masc plur,loct | NOUN,inan,masc plur,nomn | NOUN,inan,masc sing,ablt | NOUN,inan,masc sing,accs | NOUN,inan,masc sing,datv | NOUN,inan,masc sing,gent | NOUN,inan,masc sing,loct | NOUN,inan,masc sing,nomn	false	4.71	45	WORDFREQ_RANKED	IN_POOL_REVIEW_REQUIRED	
участь	6	HARD	NOUN,inan,femn plur,ablt | NOUN,inan,femn plur,accs | NOUN,inan,femn plur,datv | NOUN,inan,femn plur,gent | NOUN,inan,femn plur,loct | NOUN,inan,femn plur,nomn | NOUN,inan,femn sing,ablt | NOUN,inan,femn sing,accs | NOUN,inan,femn sing,datv | NOUN,inan,femn sing,gent | NOUN,inan,femn sing,loct | NOUN,inan,femn sing,nomn	false	3.65	418	WORDFREQ_RANKED	IN_POOL_REVIEW_REQUIRED	
учеба	5	MEDIUM	NOUN,inan,femn plur,ablt | NOUN,inan,femn plur,accs | NOUN,inan,femn plur,datv | NOUN,inan,femn plur,gent | NOUN,inan,femn plur,loct | NOUN,inan,femn plur,nomn | NOUN,inan,femn sing,ablt | NOUN,inan,femn sing,ablt,V-oy | NOUN,inan,femn sing,accs | NOUN,inan,femn sing,datv | NOUN,inan,femn sing,gent | NOUN,inan,femn sing,loct | NOUN,inan,femn sing,nomn	false	3.58	513	TRUSTED_V1	TRUSTED	ALLOW
учебник	7	EXPERT	NOUN,inan,masc plur,ablt | NOUN,inan,masc plur,accs | NOUN,inan,masc plur,datv | NOUN,inan,masc plur,gent | NOUN,inan,masc plur,loct | NOUN,inan,masc plur,nomn | NOUN,inan,masc sing,ablt | NOUN,inan,masc sing,accs | NOUN,inan,masc sing,datv | NOUN,inan,masc sing,gent | NOUN,inan,masc sing,loct | NOUN,inan,masc sing,nomn	false	4.12	179	WORDFREQ_RANKED	IN_POOL_REVIEW_REQUIRED	
учение	6	HARD	NOUN,inan,neut plur,ablt | NOUN,inan,neut plur,ablt,V-be | NOUN,inan,neut plur,accs | NOUN,inan,neut plur,accs,V-be | NOUN,inan,neut plur,datv | NOUN,inan,neut plur,datv,V-be | NOUN,inan,neut plur,gent | NOUN,inan,neut plur,loct | NOUN,inan,neut plur,loct,V-be | NOUN,inan,neut plur,nomn | NOUN,inan,neut plur,nomn,V-be | NOUN,inan,neut sing,ablt | NOUN,inan,neut sing,ablt,V-be | NOUN,inan,neut sing,accs | NOUN,inan,neut sing,accs,V-be | NOUN,inan,neut sing,datv | NOUN,inan,neut sing,datv,V-be | NOUN,inan,neut sing,gent | NOUN,inan,neut sing,gent,V-be | NOUN,inan,neut sing,loct | NOUN,inan,neut sing,loct,V-be | NOUN,inan,neut sing,loct,V-be,V-bi | NOUN,inan,neut sing,nomn | NOUN,inan,neut sing,nomn,V-be	false	4.04	208	WORDFREQ_RANKED	IN_POOL_REVIEW_REQUIRED	
ученик	6	HARD	NOUN,anim,masc plur,ablt | NOUN,anim,masc plur,accs | NOUN,anim,masc plur,datv | NOUN,anim,masc plur,gent | NOUN,anim,masc plur,loct | NOUN,anim,masc plur,nomn | NOUN,anim,masc sing,ablt | NOUN,anim,masc sing,accs | NOUN,anim,masc sing,datv | NOUN,anim,masc sing,gent | NOUN,anim,masc sing,loct | NOUN,anim,masc sing,nomn	false	4.14	176	WORDFREQ_RANKED	IN_POOL_REVIEW_REQUIRED	
ученица	7	EXPERT	NOUN,anim,femn plur,ablt | NOUN,anim,femn plur,accs | NOUN,anim,femn plur,datv | NOUN,anim,femn plur,gent | NOUN,anim,femn plur,loct | NOUN,anim,femn plur,nomn | NOUN,anim,femn sing,ablt | NOUN,anim,femn sing,ablt,V-ey | NOUN,anim,femn sing,accs | NOUN,anim,femn sing,datv | NOUN,anim,femn sing,gent | NOUN,anim,femn sing,loct | NOUN,anim,femn sing,nomn	false	3.51	467	WORDFREQ_RANKED	IN_POOL_REVIEW_REQUIRED	
ученый	6	HARD	NOUN,anim,masc plur,ablt | NOUN,anim,masc plur,accs | NOUN,anim,masc plur,datv | NOUN,anim,masc plur,gent | NOUN,anim,masc plur,loct | NOUN,anim,masc plur,nomn | NOUN,anim,masc sing,ablt | NOUN,anim,masc sing,accs | NOUN,anim,masc sing,datv | NOUN,anim,masc sing,gent | NOUN,anim,masc sing,loct | NOUN,anim,masc sing,nomn	false	4.16	168	WORDFREQ_RANKED	IN_POOL_REVIEW_REQUIRED	
учет	4	EASY	NOUN,inan,masc plur,ablt | NOUN,inan,masc plur,accs | NOUN,inan,masc plur,datv | NOUN,inan,masc plur,gent | NOUN,inan,masc plur,loct | NOUN,inan,masc plur,nomn | NOUN,inan,masc sing,ablt | NOUN,inan,masc sing,accs | NOUN,inan,masc sing,datv | NOUN,inan,masc sing,gent | NOUN,inan,masc sing,loct | NOUN,inan,masc sing,nomn	false	4.06	190	WORDFREQ_RANKED	IN_POOL_REVIEW_REQUIRED	
училище	7	EXPERT	NOUN,inan,neut plur,ablt | NOUN,inan,neut plur,accs | NOUN,inan,neut plur,datv | NOUN,inan,neut plur,gent | NOUN,inan,neut plur,loct | NOUN,inan,neut plur,nomn | NOUN,inan,neut sing,ablt | NOUN,inan,neut sing,accs | NOUN,inan,neut sing,datv | NOUN,inan,neut sing,gent | NOUN,inan,neut sing,loct | NOUN,inan,neut sing,nomn	false	4.18	162	WORDFREQ_RANKED	IN_POOL_REVIEW_REQUIRED	
учитель	7	EXPERT	NOUN,anim,masc plur,ablt | NOUN,anim,masc plur,accs | NOUN,anim,masc plur,datv | NOUN,anim,masc plur,gent | NOUN,anim,masc plur,loct | NOUN,anim,masc plur,nomn | NOUN,anim,masc sing,ablt | NOUN,anim,masc sing,accs | NOUN,anim,masc sing,datv | NOUN,anim,masc sing,gent | NOUN,anim,masc sing,loct | NOUN,anim,masc sing,nomn	false	4.58	64	MANUAL_ALLOW	IN_POOL_REVIEW_REQUIRED	ALLOW
фабрика	7	EXPERT	NOUN,inan,femn plur,ablt | NOUN,inan,femn plur,accs | NOUN,inan,femn plur,datv | NOUN,inan,femn plur,gent | NOUN,inan,femn plur,loct | NOUN,inan,femn plur,nomn | NOUN,inan,femn sing,ablt | NOUN,inan,femn sing,ablt,V-oy | NOUN,inan,femn sing,accs | NOUN,inan,femn sing,datv | NOUN,inan,femn sing,gent | NOUN,inan,femn sing,loct | NOUN,inan,femn sing,nomn	false	4.03	211	WORDFREQ_RANKED	IN_POOL_REVIEW_REQUIRED	
фаза	4	EASY	NOUN,inan,femn plur,ablt | NOUN,inan,femn plur,accs | NOUN,inan,femn plur,datv | NOUN,inan,femn plur,gent | NOUN,inan,femn plur,loct | NOUN,inan,femn plur,nomn | NOUN,inan,femn sing,ablt | NOUN,inan,femn sing,ablt,V-oy | NOUN,inan,femn sing,accs | NOUN,inan,femn sing,datv | NOUN,inan,femn sing,gent | NOUN,inan,femn sing,loct | NOUN,inan,femn sing,nomn	false	3.80	267	WORDFREQ_RANKED	IN_POOL_REVIEW_REQUIRED	
фазан	5	MEDIUM	NOUN,anim,masc plur,ablt | NOUN,anim,masc plur,accs | NOUN,anim,masc plur,datv | NOUN,anim,masc plur,gent | NOUN,anim,masc plur,loct | NOUN,anim,masc plur,nomn | NOUN,anim,masc sing,ablt | NOUN,anim,masc sing,accs | NOUN,anim,masc sing,datv | NOUN,anim,masc sing,gent | NOUN,anim,masc sing,loct | NOUN,anim,masc sing,nomn	false	2.73	1391	TRUSTED_V1	TRUSTED	ALLOW
файл	4	EASY	NOUN,inan,masc plur,ablt | NOUN,inan,masc plur,accs | NOUN,inan,masc plur,datv | NOUN,inan,masc plur,gent | NOUN,inan,masc plur,loct | NOUN,inan,masc plur,nomn | NOUN,inan,masc sing,ablt | NOUN,inan,masc sing,accs | NOUN,inan,masc sing,datv | NOUN,inan,masc sing,gent | NOUN,inan,masc sing,loct | NOUN,inan,masc sing,nomn	false	4.01	201	WORDFREQ_RANKED	IN_POOL_REVIEW_REQUIRED	
факел	5	MEDIUM	NOUN,inan,masc plur,ablt | NOUN,inan,masc plur,accs | NOUN,inan,masc plur,datv | NOUN,inan,masc plur,gent | NOUN,inan,masc plur,loct | NOUN,inan,masc plur,nomn | NOUN,inan,masc sing,ablt | NOUN,inan,masc sing,accs | NOUN,inan,masc sing,datv | NOUN,inan,masc sing,gent | NOUN,inan,masc sing,loct | NOUN,inan,masc sing,nomn	false	3.80	369	TRUSTED_V1	TRUSTED	ALLOW
факс	4	EASY	NOUN,inan,masc plur,ablt | NOUN,inan,masc plur,accs | NOUN,inan,masc plur,datv | NOUN,inan,masc plur,gent | NOUN,inan,masc plur,loct | NOUN,inan,masc plur,nomn | NOUN,inan,masc sing,ablt | NOUN,inan,masc sing,accs | NOUN,inan,masc sing,datv | NOUN,inan,masc sing,gent | NOUN,inan,masc sing,loct | NOUN,inan,masc sing,nomn	false	3.41	431	WORDFREQ_RANKED	IN_POOL_REVIEW_REQUIRED	
факт	4	EASY	NOUN,inan,masc plur,ablt | NOUN,inan,masc plur,accs | NOUN,inan,masc plur,datv | NOUN,inan,masc plur,gent | NOUN,inan,masc plur,loct | NOUN,inan,masc plur,nomn | NOUN,inan,masc sing,ablt | NOUN,inan,masc sing,accs | NOUN,inan,masc sing,datv | NOUN,inan,masc sing,gent | NOUN,inan,masc sing,loct | NOUN,inan,masc sing,nomn	false	4.91	38	WORDFREQ_RANKED	IN_POOL_REVIEW_REQUIRED	
фактор	6	HARD	NOUN,inan,masc plur,ablt | NOUN,inan,masc plur,accs | NOUN,inan,masc plur,datv | NOUN,inan,masc plur,gent | NOUN,inan,masc plur,loct | NOUN,inan,masc plur,nomn | NOUN,inan,masc sing,ablt | NOUN,inan,masc sing,accs | NOUN,inan,masc sing,datv | NOUN,inan,masc sing,gent | NOUN,inan,masc sing,loct | NOUN,inan,masc sing,nomn	false	4.27	135	WORDFREQ_RANKED	IN_POOL_REVIEW_REQUIRED	
фамилия	7	EXPERT	NOUN,inan,femn plur,ablt | NOUN,inan,femn plur,accs | NOUN,inan,femn plur,datv | NOUN,inan,femn plur,gent | NOUN,inan,femn plur,loct | NOUN,inan,femn plur,nomn | NOUN,inan,femn sing,ablt | NOUN,inan,femn sing,ablt,V-ey | NOUN,inan,femn sing,accs | NOUN,inan,femn sing,datv | NOUN,inan,femn sing,gent | NOUN,inan,femn sing,loct | NOUN,inan,femn sing,nomn	false	4.36	104	WORDFREQ_RANKED	IN_POOL_REVIEW_REQUIRED	
фарс	4	EASY	NOUN,inan,masc plur,ablt | NOUN,inan,masc plur,accs | NOUN,inan,masc plur,datv | NOUN,inan,masc plur,gent | NOUN,inan,masc plur,loct | NOUN,inan,masc plur,nomn | NOUN,inan,masc sing,ablt | NOUN,inan,masc sing,accs | NOUN,inan,masc sing,datv | NOUN,inan,masc sing,gent | NOUN,inan,masc sing,loct | NOUN,inan,masc sing,nomn	false	3.33	485	WORDFREQ_RANKED	IN_POOL_REVIEW_REQUIRED	
фасад	5	MEDIUM	NOUN,inan,masc plur,ablt | NOUN,inan,masc plur,accs | NOUN,inan,masc plur,datv | NOUN,inan,masc plur,gent | NOUN,inan,masc plur,loct | NOUN,inan,masc plur,nomn | NOUN,inan,masc sing,ablt | NOUN,inan,masc sing,accs | NOUN,inan,masc sing,datv | NOUN,inan,masc sing,gent | NOUN,inan,masc sing,loct | NOUN,inan,masc sing,nomn	false	3.60	492	TRUSTED_V1	TRUSTED	ALLOW
фашизм	6	HARD	NOUN,inan,masc plur,ablt | NOUN,inan,masc plur,accs | NOUN,inan,masc plur,datv | NOUN,inan,masc plur,gent | NOUN,inan,masc plur,loct | NOUN,inan,masc plur,nomn | NOUN,inan,masc sing,ablt | NOUN,inan,masc sing,accs | NOUN,inan,masc sing,datv | NOUN,inan,masc sing,gent | NOUN,inan,masc sing,loct | NOUN,inan,masc sing,nomn	false	3.61	448	WORDFREQ_RANKED	IN_POOL_REVIEW_REQUIRED	
февраль	7	EXPERT	NOUN,inan,masc plur,ablt | NOUN,inan,masc plur,accs | NOUN,inan,masc plur,datv | NOUN,inan,masc plur,gent | NOUN,inan,masc plur,loct | NOUN,inan,masc plur,nomn | NOUN,inan,masc sing,ablt | NOUN,inan,masc sing,accs | NOUN,inan,masc sing,datv | NOUN,inan,masc sing,gent | NOUN,inan,masc sing,loct | NOUN,inan,masc sing,nomn	false	4.28	126	WORDFREQ_RANKED	IN_POOL_REVIEW_REQUIRED	
феникс	6	HARD	NOUN,anim,masc plur,ablt | NOUN,anim,masc plur,accs | NOUN,anim,masc plur,datv | NOUN,anim,masc plur,gent | NOUN,anim,masc plur,loct | NOUN,anim,masc plur,nomn | NOUN,anim,masc sing,ablt | NOUN,anim,masc sing,accs | NOUN,anim,masc sing,datv | NOUN,anim,masc sing,gent | NOUN,anim,masc sing,loct | NOUN,anim,masc sing,nomn	false	3.64	423	WORDFREQ_RANKED	IN_POOL_REVIEW_REQUIRED	
феномен	7	EXPERT	NOUN,inan,masc plur,ablt | NOUN,inan,masc plur,accs | NOUN,inan,masc plur,datv | NOUN,inan,masc plur,gent | NOUN,inan,masc plur,loct | NOUN,inan,masc plur,nomn | NOUN,inan,masc sing,ablt | NOUN,inan,masc sing,accs | NOUN,inan,masc sing,datv | NOUN,inan,masc sing,gent | NOUN,inan,masc sing,loct | NOUN,inan,masc sing,nomn	false	3.80	301	WORDFREQ_RANKED	IN_POOL_REVIEW_REQUIRED	
фермер	6	HARD	NOUN,anim,masc plur,ablt | NOUN,anim,masc plur,accs | NOUN,anim,masc plur,datv | NOUN,anim,masc plur,gent | NOUN,anim,masc plur,loct | NOUN,anim,masc plur,nomn | NOUN,anim,masc sing,ablt | NOUN,anim,masc sing,accs | NOUN,anim,masc sing,datv | NOUN,anim,masc sing,gent | NOUN,anim,masc sing,loct | NOUN,anim,masc sing,nomn	false	3.63	431	WORDFREQ_RANKED	IN_POOL_REVIEW_REQUIRED	
фига	4	EASY	NOUN,inan,femn plur,ablt | NOUN,inan,femn plur,accs | NOUN,inan,femn plur,datv | NOUN,inan,femn plur,gent | NOUN,inan,femn plur,loct | NOUN,inan,femn plur,nomn | NOUN,inan,femn sing,ablt | NOUN,inan,femn sing,ablt,V-oy | NOUN,inan,femn sing,accs | NOUN,inan,femn sing,datv | NOUN,inan,femn sing,gent | NOUN,inan,femn sing,loct | NOUN,inan,femn sing,nomn	false	3.59	348	WORDFREQ_RANKED	IN_POOL_REVIEW_REQUIRED	
фигура	6	HARD	NOUN,inan,femn plur,ablt | NOUN,inan,femn plur,accs | NOUN,inan,femn plur,datv | NOUN,inan,femn plur,gent | NOUN,inan,femn plur,loct | NOUN,inan,femn plur,nomn | NOUN,inan,femn sing,ablt | NOUN,inan,femn sing,ablt,V-oy | NOUN,inan,femn sing,accs | NOUN,inan,femn sing,datv | NOUN,inan,femn sing,gent | NOUN,inan,femn sing,loct | NOUN,inan,femn sing,nomn	false	4.18	162	WORDFREQ_RANKED	IN_POOL_REVIEW_REQUIRED	
физика	6	HARD	NOUN,inan,femn plur,ablt | NOUN,inan,femn plur,accs | NOUN,inan,femn plur,datv | NOUN,inan,femn plur,gent | NOUN,inan,femn plur,loct | NOUN,inan,femn plur,nomn | NOUN,inan,femn sing,ablt | NOUN,inan,femn sing,ablt,V-oy | NOUN,inan,femn sing,accs | NOUN,inan,femn sing,datv | NOUN,inan,femn sing,gent | NOUN,inan,femn sing,loct | NOUN,inan,femn sing,nomn	false	4.23	151	WORDFREQ_RANKED	IN_POOL_REVIEW_REQUIRED	
филе	4	EASY	NOUN,inan,neut,Fixd plur,ablt | NOUN,inan,neut,Fixd plur,accs | NOUN,inan,neut,Fixd plur,datv | NOUN,inan,neut,Fixd plur,gent | NOUN,inan,neut,Fixd plur,loct | NOUN,inan,neut,Fixd plur,nomn | NOUN,inan,neut,Fixd sing,ablt | NOUN,inan,neut,Fixd sing,accs | NOUN,inan,neut,Fixd sing,datv | NOUN,inan,neut,Fixd sing,gent | NOUN,inan,neut,Fixd sing,loct | NOUN,inan,neut,Fixd sing,nomn	false	3.48	390	WORDFREQ_RANKED	IN_POOL_REVIEW_REQUIRED	
филиал	6	HARD	NOUN,inan,masc plur,ablt | NOUN,inan,masc plur,accs | NOUN,inan,masc plur,datv | NOUN,inan,masc plur,gent | NOUN,inan,masc plur,loct | NOUN,inan,masc plur,nomn | NOUN,inan,masc sing,ablt | NOUN,inan,masc sing,accs | NOUN,inan,masc sing,datv | NOUN,inan,masc sing,gent | NOUN,inan,masc sing,loct | NOUN,inan,masc sing,nomn	false	4.03	210	WORDFREQ_RANKED	IN_POOL_REVIEW_REQUIRED	
филин	5	MEDIUM	NOUN,anim,masc plur,ablt | NOUN,anim,masc plur,accs | NOUN,anim,masc plur,datv | NOUN,anim,masc plur,gent | NOUN,anim,masc plur,loct | NOUN,anim,masc plur,nomn | NOUN,anim,masc sing,ablt | NOUN,anim,masc sing,accs | NOUN,anim,masc sing,datv | NOUN,anim,masc sing,gent | NOUN,anim,masc sing,loct | NOUN,anim,masc sing,nomn	false	3.33	719	TRUSTED_V1	TRUSTED	ALLOW
философ	7	EXPERT	NOUN,anim,masc plur,ablt | NOUN,anim,masc plur,accs | NOUN,anim,masc plur,datv | NOUN,anim,masc plur,gent | NOUN,anim,masc plur,loct | NOUN,anim,masc plur,nomn | NOUN,anim,masc sing,ablt | NOUN,anim,masc sing,accs | NOUN,anim,masc sing,datv | NOUN,anim,masc sing,gent | NOUN,anim,masc sing,loct | NOUN,anim,masc sing,nomn	false	3.94	236	WORDFREQ_RANKED	IN_POOL_REVIEW_REQUIRED	
фильм	5	MEDIUM	NOUN,inan,masc plur,ablt | NOUN,inan,masc plur,accs | NOUN,inan,masc plur,datv | NOUN,inan,masc plur,gent | NOUN,inan,masc plur,loct | NOUN,inan,masc plur,nomn | NOUN,inan,masc sing,ablt | NOUN,inan,masc sing,accs | NOUN,inan,masc sing,datv | NOUN,inan,masc sing,gent | NOUN,inan,masc sing,loct | NOUN,inan,masc sing,nomn	false	5.37	5	TRUSTED_V1	TRUSTED	ALLOW
фильтр	6	HARD	NOUN,inan,masc plur,ablt | NOUN,inan,masc plur,accs | NOUN,inan,masc plur,datv | NOUN,inan,masc plur,gent | NOUN,inan,masc plur,loct | NOUN,inan,masc plur,nomn | NOUN,inan,masc sing,ablt | NOUN,inan,masc sing,accs | NOUN,inan,masc sing,datv | NOUN,inan,masc sing,gent | NOUN,inan,masc sing,loct | NOUN,inan,masc sing,nomn	false	3.85	287	WORDFREQ_RANKED	IN_POOL_REVIEW_REQUIRED	
финал	5	MEDIUM	NOUN,inan,masc plur,ablt | NOUN,inan,masc plur,accs | NOUN,inan,masc plur,datv | NOUN,inan,masc plur,gent | NOUN,inan,masc plur,loct | NOUN,inan,masc plur,nomn | NOUN,inan,masc sing,ablt | NOUN,inan,masc sing,accs | NOUN,inan,masc sing,datv | NOUN,inan,masc sing,gent | NOUN,inan,masc sing,loct | NOUN,inan,masc sing,nomn	false	4.63	71	TRUSTED_V1	TRUSTED	ALLOW
финансы	7	EXPERT	NOUN,inan,GNdr,Pltm plur,ablt | NOUN,inan,GNdr,Pltm plur,accs | NOUN,inan,GNdr,Pltm plur,datv | NOUN,inan,GNdr,Pltm plur,gent | NOUN,inan,GNdr,Pltm plur,loct | NOUN,inan,GNdr,Pltm plur,nomn	true	3.94	237	WORDFREQ_RANKED	IN_POOL_REVIEW_REQUIRED	
финик	5	MEDIUM	NOUN,inan,masc plur,ablt | NOUN,inan,masc plur,accs | NOUN,inan,masc plur,datv | NOUN,inan,masc plur,gent | NOUN,inan,masc plur,loct | NOUN,inan,masc plur,nomn | NOUN,inan,masc sing,ablt | NOUN,inan,masc sing,accs | NOUN,inan,masc sing,datv | NOUN,inan,masc sing,gent | NOUN,inan,masc sing,loct | NOUN,inan,masc sing,nomn	false	2.25	1977	TRUSTED_V1	TRUSTED	ALLOW
финиш	5	MEDIUM	NOUN,inan,masc plur,ablt | NOUN,inan,masc plur,accs | NOUN,inan,masc plur,datv | NOUN,inan,masc plur,gent | NOUN,inan,masc plur,loct | NOUN,inan,masc plur,nomn | NOUN,inan,masc sing,ablt | NOUN,inan,masc sing,accs | NOUN,inan,masc sing,datv | NOUN,inan,masc sing,gent | NOUN,inan,masc sing,loct | NOUN,inan,masc sing,nomn	false	3.37	680	TRUSTED_V1	TRUSTED	ALLOW
финн	4	EASY	NOUN,anim,masc plur,ablt | NOUN,anim,masc plur,accs | NOUN,anim,masc plur,datv | NOUN,anim,masc plur,gent | NOUN,anim,masc plur,loct | NOUN,anim,masc plur,nomn | NOUN,anim,masc sing,ablt | NOUN,anim,masc sing,accs | NOUN,anim,masc sing,datv | NOUN,anim,masc sing,gent | NOUN,anim,masc sing,loct | NOUN,anim,masc sing,nomn	false	3.53	371	WORDFREQ_RANKED	IN_POOL_REVIEW_REQUIRED	
фитнес	6	HARD	NOUN,inan,masc plur,ablt | NOUN,inan,masc plur,accs | NOUN,inan,masc plur,datv | NOUN,inan,masc plur,gent | NOUN,inan,masc plur,loct | NOUN,inan,masc plur,nomn | NOUN,inan,masc sing,ablt | NOUN,inan,masc sing,accs | NOUN,inan,masc sing,datv | NOUN,inan,masc sing,gent | NOUN,inan,masc sing,loct | NOUN,inan,masc sing,nomn	false	3.71	370	WORDFREQ_RANKED	IN_POOL_REVIEW_REQUIRED	
флаг	4	EASY	NOUN,inan,masc plur,ablt | NOUN,inan,masc plur,accs | NOUN,inan,masc plur,datv | NOUN,inan,masc plur,gent | NOUN,inan,masc plur,loct | NOUN,inan,masc plur,nomn | NOUN,inan,masc sing,ablt | NOUN,inan,masc sing,accs | NOUN,inan,masc sing,datv | NOUN,inan,masc sing,gent | NOUN,inan,masc sing,loct | NOUN,inan,masc sing,nomn	false	4.47	100	WORDFREQ_RANKED	IN_POOL_REVIEW_REQUIRED	
фланг	5	MEDIUM	NOUN,inan,masc plur,ablt | NOUN,inan,masc plur,accs | NOUN,inan,masc plur,datv | NOUN,inan,masc plur,gent | NOUN,inan,masc plur,loct | NOUN,inan,masc plur,nomn | NOUN,inan,masc sing,ablt | NOUN,inan,masc sing,accs | NOUN,inan,masc sing,datv | NOUN,inan,masc sing,gent | NOUN,inan,masc sing,loct | NOUN,inan,masc sing,nomn	false	3.50	567	TRUSTED_V1	TRUSTED	ALLOW
флот	4	EASY	NOUN,inan,masc plur,ablt | NOUN,inan,masc plur,accs | NOUN,inan,masc plur,accs,Infr | NOUN,inan,masc plur,datv | NOUN,inan,masc plur,gent | NOUN,inan,masc plur,loct | NOUN,inan,masc plur,nomn | NOUN,inan,masc plur,nomn,Infr | NOUN,inan,masc sing,ablt | NOUN,inan,masc sing,accs | NOUN,inan,masc sing,datv | NOUN,inan,masc sing,gent | NOUN,inan,masc sing,loc2 | NOUN,inan,masc sing,loct | NOUN,inan,masc sing,nomn	false	4.23	151	WORDFREQ_RANKED	IN_POOL_REVIEW_REQUIRED	
флэш	4	EASY	NOUN,inan,masc plur,ablt | NOUN,inan,masc plur,accs | NOUN,inan,masc plur,datv | NOUN,inan,masc plur,gent | NOUN,inan,masc plur,loct | NOUN,inan,masc plur,nomn | NOUN,inan,masc sing,ablt | NOUN,inan,masc sing,accs | NOUN,inan,masc sing,datv | NOUN,inan,masc sing,gent | NOUN,inan,masc sing,loct | NOUN,inan,masc sing,nomn	false	3.59	349	WORDFREQ_RANKED	IN_POOL_REVIEW_REQUIRED	
фойе	4	EASY	NOUN,inan,neut,Fixd plur,ablt | NOUN,inan,neut,Fixd plur,accs | NOUN,inan,neut,Fixd plur,datv | NOUN,inan,neut,Fixd plur,gent | NOUN,inan,neut,Fixd plur,loct | NOUN,inan,neut,Fixd plur,nomn | NOUN,inan,neut,Fixd sing,ablt | NOUN,inan,neut,Fixd sing,accs | NOUN,inan,neut,Fixd sing,datv | NOUN,inan,neut,Fixd sing,gent | NOUN,inan,neut,Fixd sing,loct | NOUN,inan,neut,Fixd sing,nomn	false	3.46	400	WORDFREQ_RANKED	IN_POOL_REVIEW_REQUIRED	
фокус	5	MEDIUM	NOUN,inan,masc plur,ablt | NOUN,inan,masc plur,accs | NOUN,inan,masc plur,datv | NOUN,inan,masc plur,gent | NOUN,inan,masc plur,loct | NOUN,inan,masc plur,nomn | NOUN,inan,masc sing,ablt | NOUN,inan,masc sing,accs | NOUN,inan,masc sing,datv | NOUN,inan,masc sing,gent | NOUN,inan,masc sing,loct | NOUN,inan,masc sing,nomn	false	3.82	360	TRUSTED_V1	TRUSTED	ALLOW
фонарь	6	HARD	NOUN,inan,masc plur,ablt | NOUN,inan,masc plur,accs | NOUN,inan,masc plur,datv | NOUN,inan,masc plur,gent | NOUN,inan,masc plur,loct | NOUN,inan,masc plur,nomn | NOUN,inan,masc sing,ablt | NOUN,inan,masc sing,accs | NOUN,inan,masc sing,datv | NOUN,inan,masc sing,gent | NOUN,inan,masc sing,loct | NOUN,inan,masc sing,nomn	false	3.72	361	WORDFREQ_RANKED	IN_POOL_REVIEW_REQUIRED	
фонд	4	EASY	NOUN,inan,masc plur,ablt | NOUN,inan,masc plur,accs | NOUN,inan,masc plur,datv | NOUN,inan,masc plur,gent | NOUN,inan,masc plur,loct | NOUN,inan,masc plur,nomn | NOUN,inan,masc sing,ablt | NOUN,inan,masc sing,accs | NOUN,inan,masc sing,datv | NOUN,inan,masc sing,gent | NOUN,inan,masc sing,loct | NOUN,inan,masc sing,nomn	false	4.70	60	WORDFREQ_RANKED	IN_POOL_REVIEW_REQUIRED	
фонтан	6	HARD	NOUN,inan,masc plur,ablt | NOUN,inan,masc plur,accs | NOUN,inan,masc plur,datv | NOUN,inan,masc plur,gent | NOUN,inan,masc plur,loct | NOUN,inan,masc plur,nomn | NOUN,inan,masc sing,ablt | NOUN,inan,masc sing,accs | NOUN,inan,masc sing,datv | NOUN,inan,masc sing,gent | NOUN,inan,masc sing,loct | NOUN,inan,masc sing,nomn	false	3.84	291	WORDFREQ_RANKED	IN_POOL_REVIEW_REQUIRED	
форвард	7	EXPERT	NOUN,anim,masc plur,ablt | NOUN,anim,masc plur,accs | NOUN,anim,masc plur,datv | NOUN,anim,masc plur,gent | NOUN,anim,masc plur,loct | NOUN,anim,masc plur,nomn | NOUN,anim,masc sing,ablt | NOUN,anim,masc sing,accs | NOUN,anim,masc sing,datv | NOUN,anim,masc sing,gent | NOUN,anim,masc sing,loct | NOUN,anim,masc sing,nomn	false	3.69	369	WORDFREQ_RANKED	IN_POOL_REVIEW_REQUIRED	
форма	5	MEDIUM	NOUN,inan,femn plur,ablt | NOUN,inan,femn plur,accs | NOUN,inan,femn plur,datv | NOUN,inan,femn plur,gent | NOUN,inan,femn plur,loct | NOUN,inan,femn plur,nomn | NOUN,inan,femn sing,ablt | NOUN,inan,femn sing,ablt,V-oy | NOUN,inan,femn sing,accs | NOUN,inan,femn sing,datv | NOUN,inan,femn sing,gent | NOUN,inan,femn sing,loct | NOUN,inan,femn sing,nomn	false	4.71	55	TRUSTED_V1	TRUSTED	ALLOW
формат	6	HARD	NOUN,inan,masc plur,ablt | NOUN,inan,masc plur,accs | NOUN,inan,masc plur,datv | NOUN,inan,masc plur,gent | NOUN,inan,masc plur,loct | NOUN,inan,masc plur,nomn | NOUN,inan,masc sing,ablt | NOUN,inan,masc sing,accs | NOUN,inan,masc sing,datv | NOUN,inan,masc sing,gent | NOUN,inan,masc sing,loct | NOUN,inan,masc sing,nomn	false	4.29	126	WORDFREQ_RANKED	IN_POOL_REVIEW_REQUIRED	
формула	7	EXPERT	NOUN,inan,femn plur,ablt | NOUN,inan,femn plur,accs | NOUN,inan,femn plur,datv | NOUN,inan,femn plur,gent | NOUN,inan,femn plur,loct | NOUN,inan,femn plur,nomn | NOUN,inan,femn sing,ablt | NOUN,inan,femn sing,ablt,V-oy | NOUN,inan,femn sing,accs | NOUN,inan,femn sing,datv | NOUN,inan,femn sing,gent | NOUN,inan,femn sing,loct | NOUN,inan,femn sing,nomn	false	4.25	136	WORDFREQ_RANKED	IN_POOL_REVIEW_REQUIRED	
форт	4	EASY	NOUN,inan,masc plur,ablt | NOUN,inan,masc plur,accs | NOUN,inan,masc plur,datv | NOUN,inan,masc plur,gent | NOUN,inan,masc plur,loct | NOUN,inan,masc plur,nomn | NOUN,inan,masc sing,ablt | NOUN,inan,masc sing,accs | NOUN,inan,masc sing,datv | NOUN,inan,masc sing,gent | NOUN,inan,masc sing,loc2 | NOUN,inan,masc sing,loct | NOUN,inan,masc sing,nomn	false	3.78	272	WORDFREQ_RANKED	IN_POOL_REVIEW_REQUIRED	
фото	4	EASY	NOUN,inan,neut,Fixd plur,ablt | NOUN,inan,neut,Fixd plur,accs | NOUN,inan,neut,Fixd plur,datv | NOUN,inan,neut,Fixd plur,gent | NOUN,inan,neut,Fixd plur,loct | NOUN,inan,neut,Fixd plur,nomn | NOUN,inan,neut,Fixd sing,ablt | NOUN,inan,neut,Fixd sing,accs | NOUN,inan,neut,Fixd sing,datv | NOUN,inan,neut,Fixd sing,gent | NOUN,inan,neut,Fixd sing,loct | NOUN,inan,neut,Fixd sing,nomn	false	4.92	35	WORDFREQ_RANKED	IN_POOL_REVIEW_REQUIRED	
фракция	7	EXPERT	NOUN,inan,femn plur,ablt | NOUN,inan,femn plur,accs | NOUN,inan,femn plur,datv | NOUN,inan,femn plur,gent | NOUN,inan,femn plur,loct | NOUN,inan,femn plur,nomn | NOUN,inan,femn sing,ablt | NOUN,inan,femn sing,ablt,V-ey | NOUN,inan,femn sing,accs | NOUN,inan,femn sing,datv | NOUN,inan,femn sing,gent | NOUN,inan,femn sing,loct | NOUN,inan,femn sing,nomn	false	3.82	292	WORDFREQ_RANKED	IN_POOL_REVIEW_REQUIRED	
француз	7	EXPERT	NOUN,anim,masc plur,ablt | NOUN,anim,masc plur,accs | NOUN,anim,masc plur,datv | NOUN,anim,masc plur,gent | NOUN,anim,masc plur,loct | NOUN,anim,masc plur,nomn | NOUN,anim,masc sing,ablt | NOUN,anim,masc sing,accs | NOUN,anim,masc sing,datv | NOUN,anim,masc sing,gent | NOUN,anim,masc sing,loct | NOUN,anim,masc sing,nomn	false	3.74	336	WORDFREQ_RANKED	IN_POOL_REVIEW_REQUIRED	
фрау	4	EASY	NOUN,anim,femn,Fixd plur,ablt | NOUN,anim,femn,Fixd plur,accs | NOUN,anim,femn,Fixd plur,datv | NOUN,anim,femn,Fixd plur,gent | NOUN,anim,femn,Fixd plur,loct | NOUN,anim,femn,Fixd plur,nomn | NOUN,anim,femn,Fixd sing,ablt | NOUN,anim,femn,Fixd sing,accs | NOUN,anim,femn,Fixd sing,datv | NOUN,anim,femn,Fixd sing,gent | NOUN,anim,femn,Fixd sing,loct | NOUN,anim,femn,Fixd sing,nomn	false	3.27	523	WORDFREQ_RANKED	IN_POOL_REVIEW_REQUIRED	
фронт	5	MEDIUM	NOUN,inan,masc plur,ablt | NOUN,inan,masc plur,accs | NOUN,inan,masc plur,datv | NOUN,inan,masc plur,gent | NOUN,inan,masc plur,loct | NOUN,inan,masc plur,nomn | NOUN,inan,masc sing,ablt | NOUN,inan,masc sing,accs | NOUN,inan,masc sing,datv | NOUN,inan,masc sing,gent | NOUN,inan,masc sing,loc2 | NOUN,inan,masc sing,loct | NOUN,inan,masc sing,nomn	false	4.48	103	TRUSTED_V1	TRUSTED	ALLOW
функция	7	EXPERT	NOUN,inan,femn plur,ablt | NOUN,inan,femn plur,accs | NOUN,inan,femn plur,datv | NOUN,inan,femn plur,gent | NOUN,inan,femn plur,loct | NOUN,inan,femn plur,nomn | NOUN,inan,femn sing,ablt | NOUN,inan,femn sing,ablt,V-ey | NOUN,inan,femn sing,accs | NOUN,inan,femn sing,datv | NOUN,inan,femn sing,gent | NOUN,inan,femn sing,loct | NOUN,inan,femn sing,nomn	false	4.29	124	WORDFREQ_RANKED	IN_POOL_REVIEW_REQUIRED	
фунт	4	EASY	NOUN,inan,masc plur,ablt | NOUN,inan,masc plur,accs | NOUN,inan,masc plur,datv | NOUN,inan,masc plur,gent | NOUN,inan,masc plur,loct | NOUN,inan,masc plur,nomn | NOUN,inan,masc sing,ablt | NOUN,inan,masc sing,accs | NOUN,inan,masc sing,datv | NOUN,inan,masc sing,gent | NOUN,inan,masc sing,loct | NOUN,inan,masc sing,nomn	false	3.52	374	WORDFREQ_RANKED	IN_POOL_REVIEW_REQUIRED	
футбол	6	HARD	NOUN,inan,masc plur,ablt | NOUN,inan,masc plur,accs | NOUN,inan,masc plur,datv | NOUN,inan,masc plur,gent | NOUN,inan,masc plur,loct | NOUN,inan,masc plur,nomn | NOUN,inan,masc sing,ablt | NOUN,inan,masc sing,accs | NOUN,inan,masc sing,datv | NOUN,inan,masc sing,gent | NOUN,inan,masc sing,loct | NOUN,inan,masc sing,nomn	false	4.73	52	WORDFREQ_RANKED	IN_POOL_REVIEW_REQUIRED	
фэнтези	7	EXPERT	NOUN,inan,neut,Sgtm,Fixd sing,ablt | NOUN,inan,neut,Sgtm,Fixd sing,accs | NOUN,inan,neut,Sgtm,Fixd sing,datv | NOUN,inan,neut,Sgtm,Fixd sing,gent | NOUN,inan,neut,Sgtm,Fixd sing,loct | NOUN,inan,neut,Sgtm,Fixd sing,nomn	false	3.68	373	WORDFREQ_RANKED	IN_POOL_REVIEW_REQUIRED	
халат	5	MEDIUM	NOUN,inan,masc plur,ablt | NOUN,inan,masc plur,accs | NOUN,inan,masc plur,datv | NOUN,inan,masc plur,gent | NOUN,inan,masc plur,loct | NOUN,inan,masc plur,nomn | NOUN,inan,masc sing,ablt | NOUN,inan,masc sing,accs | NOUN,inan,masc sing,datv | NOUN,inan,masc sing,gent | NOUN,inan,masc sing,loct | NOUN,inan,masc sing,nomn	false	3.61	482	TRUSTED_V1	TRUSTED	ALLOW
хаос	4	EASY	NOUN,inan,masc plur,ablt | NOUN,inan,masc plur,accs | NOUN,inan,masc plur,datv | NOUN,inan,masc plur,gent | NOUN,inan,masc plur,loct | NOUN,inan,masc plur,nomn | NOUN,inan,masc sing,ablt | NOUN,inan,masc sing,accs | NOUN,inan,masc sing,datv | NOUN,inan,masc sing,gent | NOUN,inan,masc sing,loct | NOUN,inan,masc sing,nomn	false	3.93	226	WORDFREQ_RANKED	IN_POOL_REVIEW_REQUIRED	
хаус	4	EASY	NOUN,inan,masc plur,ablt | NOUN,inan,masc plur,accs | NOUN,inan,masc plur,datv | NOUN,inan,masc plur,gent | NOUN,inan,masc plur,loct | NOUN,inan,masc plur,nomn | NOUN,inan,masc sing,ablt | NOUN,inan,masc sing,accs | NOUN,inan,masc sing,datv | NOUN,inan,masc sing,gent | NOUN,inan,masc sing,loct | NOUN,inan,masc sing,nomn	false	3.90	237	WORDFREQ_RANKED	IN_POOL_REVIEW_REQUIRED	
хвост	5	MEDIUM	NOUN,inan,masc plur,ablt | NOUN,inan,masc plur,accs | NOUN,inan,masc plur,datv | NOUN,inan,masc plur,gent | NOUN,inan,masc plur,loct | NOUN,inan,masc plur,nomn | NOUN,inan,masc sing,ablt | NOUN,inan,masc sing,accs | NOUN,inan,masc sing,datv | NOUN,inan,masc sing,gent | NOUN,inan,masc sing,loc2 | NOUN,inan,masc sing,loct | NOUN,inan,masc sing,nomn	false	4.25	166	TRUSTED_V1	TRUSTED	ALLOW
хирург	6	HARD	NOUN,anim,masc plur,ablt | NOUN,anim,masc plur,accs | NOUN,anim,masc plur,datv | NOUN,anim,masc plur,gent | NOUN,anim,masc plur,loct | NOUN,anim,masc plur,nomn | NOUN,anim,masc sing,ablt | NOUN,anim,masc sing,accs | NOUN,anim,masc sing,datv | NOUN,anim,masc sing,gent | NOUN,anim,masc sing,loct | NOUN,anim,masc sing,nomn	false	3.94	247	WORDFREQ_RANKED	IN_POOL_REVIEW_REQUIRED	
хлам	4	EASY	NOUN,inan,masc plur,ablt | NOUN,inan,masc plur,accs | NOUN,inan,masc plur,datv | NOUN,inan,masc plur,gent | NOUN,inan,masc plur,loct | NOUN,inan,masc plur,nomn | NOUN,inan,masc sing,ablt | NOUN,inan,masc sing,accs | NOUN,inan,masc sing,datv | NOUN,inan,masc sing,gen2 | NOUN,inan,masc sing,gent | NOUN,inan,masc sing,loct | NOUN,inan,masc sing,nomn	false	3.61	337	WORDFREQ_RANKED	IN_POOL_REVIEW_REQUIRED	
хлеб	4	EASY	NOUN,inan,masc plur,ablt | NOUN,inan,masc plur,accs | NOUN,inan,masc plur,datv | NOUN,inan,masc plur,gent | NOUN,inan,masc plur,loct | NOUN,inan,masc plur,nomn | NOUN,inan,masc sing,ablt | NOUN,inan,masc sing,accs | NOUN,inan,masc sing,datv | NOUN,inan,masc sing,gent | NOUN,inan,masc sing,loct | NOUN,inan,masc sing,nomn	false	4.49	96	MANUAL_ALLOW	IN_POOL_REVIEW_REQUIRED	ALLOW
хлопок	6	HARD	NOUN,inan,masc plur,ablt | NOUN,inan,masc plur,accs | NOUN,inan,masc plur,datv | NOUN,inan,masc plur,gent | NOUN,inan,masc plur,loct | NOUN,inan,masc plur,nomn | NOUN,inan,masc sing,ablt | NOUN,inan,masc sing,accs | NOUN,inan,masc sing,datv | NOUN,inan,masc sing,gent | NOUN,inan,masc sing,loct | NOUN,inan,masc sing,nomn	false	3.55	500	WORDFREQ_RANKED	IN_POOL_REVIEW_REQUIRED	
хозяин	6	HARD	NOUN,anim,masc plur,ablt | NOUN,anim,masc plur,ablt,Infr | NOUN,anim,masc plur,accs | NOUN,anim,masc plur,accs,Infr | NOUN,anim,masc plur,datv | NOUN,anim,masc plur,datv,Infr | NOUN,anim,masc plur,gent | NOUN,anim,masc plur,gent,Infr | NOUN,anim,masc plur,loct | NOUN,anim,masc plur,loct,Infr | NOUN,anim,masc plur,nomn | NOUN,anim,masc plur,nomn,Infr | NOUN,anim,masc sing,ablt | NOUN,anim,masc sing,accs | NOUN,anim,masc sing,datv | NOUN,anim,masc sing,gent | NOUN,anim,masc sing,loct | NOUN,anim,masc sing,nomn	false	4.49	87	WORDFREQ_RANKED	IN_POOL_REVIEW_REQUIRED	
хозяйка	7	EXPERT	NOUN,anim,femn plur,ablt | NOUN,anim,femn plur,accs | NOUN,anim,femn plur,datv | NOUN,anim,femn plur,gent | NOUN,anim,femn plur,loct | NOUN,anim,femn plur,nomn | NOUN,anim,femn sing,ablt | NOUN,anim,femn sing,ablt,V-oy | NOUN,anim,femn sing,accs | NOUN,anim,femn sing,datv | NOUN,anim,femn sing,gent | NOUN,anim,femn sing,loct | NOUN,anim,femn sing,nomn	false	4.04	208	WORDFREQ_RANKED	IN_POOL_REVIEW_REQUIRED	
хоккей	6	HARD	NOUN,inan,masc plur,ablt | NOUN,inan,masc plur,accs | NOUN,inan,masc plur,datv | NOUN,inan,masc plur,gent | NOUN,inan,masc plur,loct | NOUN,inan,masc plur,nomn | NOUN,inan,masc sing,ablt | NOUN,inan,masc sing,accs | NOUN,inan,masc sing,datv | NOUN,inan,masc sing,gent | NOUN,inan,masc sing,loct | NOUN,inan,masc sing,nomn	false	4.28	132	WORDFREQ_RANKED	IN_POOL_REVIEW_REQUIRED	
холдинг	7	EXPERT	NOUN,inan,masc plur,ablt | NOUN,inan,masc plur,accs | NOUN,inan,masc plur,datv | NOUN,inan,masc plur,gent | NOUN,inan,masc plur,loct | NOUN,inan,masc plur,nomn | NOUN,inan,masc sing,ablt | NOUN,inan,masc sing,accs | NOUN,inan,masc sing,datv | NOUN,inan,masc sing,gent | NOUN,inan,masc sing,loct | NOUN,inan,masc sing,nomn	false	3.60	416	WORDFREQ_RANKED	IN_POOL_REVIEW_REQUIRED	
холл	4	EASY	NOUN,inan,masc plur,ablt | NOUN,inan,masc plur,accs | NOUN,inan,masc plur,datv | NOUN,inan,masc plur,gent | NOUN,inan,masc plur,loct | NOUN,inan,masc plur,nomn | NOUN,inan,masc sing,ablt | NOUN,inan,masc sing,accs | NOUN,inan,masc sing,datv | NOUN,inan,masc sing,gent | NOUN,inan,masc sing,loct | NOUN,inan,masc sing,nomn	false	3.84	259	WORDFREQ_RANKED	IN_POOL_REVIEW_REQUIRED	
холм	4	EASY	NOUN,inan,masc plur,ablt | NOUN,inan,masc plur,accs | NOUN,inan,masc plur,datv | NOUN,inan,masc plur,gent | NOUN,inan,masc plur,loct | NOUN,inan,masc plur,nomn | NOUN,inan,masc sing,ablt | NOUN,inan,masc sing,accs | NOUN,inan,masc sing,datv | NOUN,inan,masc sing,gent | NOUN,inan,masc sing,loc2 | NOUN,inan,masc sing,loct | NOUN,inan,masc sing,nomn	false	3.67	314	WORDFREQ_RANKED	IN_POOL_REVIEW_REQUIRED	
холод	5	MEDIUM	NOUN,inan,masc plur,ablt | NOUN,inan,masc plur,accs | NOUN,inan,masc plur,datv | NOUN,inan,masc plur,gent | NOUN,inan,masc plur,loct | NOUN,inan,masc plur,nomn | NOUN,inan,masc sing,ablt | NOUN,inan,masc sing,accs | NOUN,inan,masc sing,datv | NOUN,inan,masc sing,gen2 | NOUN,inan,masc sing,gent | NOUN,inan,masc sing,loct | NOUN,inan,masc sing,nomn	false	3.96	285	TRUSTED_V1	TRUSTED	ALLOW
холст	5	MEDIUM	NOUN,inan,masc plur,ablt | NOUN,inan,masc plur,accs | NOUN,inan,masc plur,datv | NOUN,inan,masc plur,gent | NOUN,inan,masc plur,loct | NOUN,inan,masc plur,nomn | NOUN,inan,masc sing,ablt | NOUN,inan,masc sing,accs | NOUN,inan,masc sing,datv | NOUN,inan,masc sing,gent | NOUN,inan,masc sing,loct | NOUN,inan,masc sing,nomn	false	3.47	590	TRUSTED_V1	TRUSTED	ALLOW
хомяк	5	MEDIUM	NOUN,anim,masc plur,ablt | NOUN,anim,masc plur,accs | NOUN,anim,masc plur,datv | NOUN,anim,masc plur,gent | NOUN,anim,masc plur,loct | NOUN,anim,masc plur,nomn | NOUN,anim,masc sing,ablt | NOUN,anim,masc sing,accs | NOUN,anim,masc sing,datv | NOUN,anim,masc sing,gent | NOUN,anim,masc sing,loct | NOUN,anim,masc sing,nomn	false	2.94	1119	TRUSTED_V1	TRUSTED	ALLOW
храм	4	EASY	NOUN,inan,masc plur,ablt | NOUN,inan,masc plur,accs | NOUN,inan,masc plur,datv | NOUN,inan,masc plur,gent | NOUN,inan,masc plur,loct | NOUN,inan,masc plur,nomn | NOUN,inan,masc sing,ablt | NOUN,inan,masc sing,accs | NOUN,inan,masc sing,datv | NOUN,inan,masc sing,gent | NOUN,inan,masc sing,loct | NOUN,inan,masc sing,nomn	false	4.61	77	WORDFREQ_RANKED	IN_POOL_REVIEW_REQUIRED	
хребет	6	HARD	NOUN,inan,masc plur,ablt | NOUN,inan,masc plur,accs | NOUN,inan,masc plur,datv | NOUN,inan,masc plur,gent | NOUN,inan,masc plur,loct | NOUN,inan,masc plur,nomn | NOUN,inan,masc sing,ablt | NOUN,inan,masc sing,accs | NOUN,inan,masc sing,datv | NOUN,inan,masc sing,gent | NOUN,inan,masc sing,loct | NOUN,inan,masc sing,nomn	false	3.61	449	WORDFREQ_RANKED	IN_POOL_REVIEW_REQUIRED	
хроника	7	EXPERT	NOUN,inan,femn plur,ablt | NOUN,inan,femn plur,accs | NOUN,inan,femn plur,datv | NOUN,inan,femn plur,gent | NOUN,inan,femn plur,loct | NOUN,inan,femn plur,nomn | NOUN,inan,femn sing,ablt | NOUN,inan,femn sing,ablt,V-oy | NOUN,inan,femn sing,accs | NOUN,inan,femn sing,datv | NOUN,inan,femn sing,gent | NOUN,inan,femn sing,loct | NOUN,inan,femn sing,nomn	false	3.84	278	WORDFREQ_RANKED	IN_POOL_REVIEW_REQUIRED	
хруст	5	MEDIUM	NOUN,inan,masc plur,ablt | NOUN,inan,masc plur,accs | NOUN,inan,masc plur,datv | NOUN,inan,masc plur,gent | NOUN,inan,masc plur,loct | NOUN,inan,masc plur,nomn | NOUN,inan,masc sing,ablt | NOUN,inan,masc sing,accs | NOUN,inan,masc sing,datv | NOUN,inan,masc sing,gen2 | NOUN,inan,masc sing,gent | NOUN,inan,masc sing,loct | NOUN,inan,masc sing,nomn	false	3.08	965	TRUSTED_V1	TRUSTED	ALLOW
хутор	5	MEDIUM	NOUN,inan,masc plur,ablt | NOUN,inan,masc plur,accs | NOUN,inan,masc plur,datv | NOUN,inan,masc plur,gent | NOUN,inan,masc plur,loct | NOUN,inan,masc plur,nomn | NOUN,inan,masc sing,ablt | NOUN,inan,masc sing,accs | NOUN,inan,masc sing,datv | NOUN,inan,masc sing,gent | NOUN,inan,masc sing,loct | NOUN,inan,masc sing,nomn	false	3.56	528	TRUSTED_V1	TRUSTED	ALLOW
цапля	5	MEDIUM	NOUN,anim,femn plur,ablt | NOUN,anim,femn plur,accs | NOUN,anim,femn plur,datv | NOUN,anim,femn plur,gent | NOUN,anim,femn plur,loct | NOUN,anim,femn plur,nomn | NOUN,anim,femn sing,ablt | NOUN,anim,femn sing,ablt,V-ey | NOUN,anim,femn sing,accs | NOUN,anim,femn sing,datv | NOUN,anim,femn sing,gent | NOUN,anim,femn sing,loct | NOUN,anim,femn sing,nomn	false	2.79	1317	TRUSTED_V1	TRUSTED	ALLOW
царевич	7	EXPERT	NOUN,anim,masc plur,ablt | NOUN,anim,masc plur,accs | NOUN,anim,masc plur,datv | NOUN,anim,masc plur,gent | NOUN,anim,masc plur,loct | NOUN,anim,masc plur,nomn | NOUN,anim,masc sing,ablt | NOUN,anim,masc sing,accs | NOUN,anim,masc sing,datv | NOUN,anim,masc sing,gent | NOUN,anim,masc sing,loct | NOUN,anim,masc sing,nomn	false	3.53	456	WORDFREQ_RANKED	IN_POOL_REVIEW_REQUIRED	
царица	6	HARD	NOUN,anim,femn plur,ablt | NOUN,anim,femn plur,accs | NOUN,anim,femn plur,datv | NOUN,anim,femn plur,gent | NOUN,anim,femn plur,loct | NOUN,anim,femn plur,nomn | NOUN,anim,femn sing,ablt | NOUN,anim,femn sing,ablt,V-ey | NOUN,anim,femn sing,accs | NOUN,anim,femn sing,datv | NOUN,anim,femn sing,gent | NOUN,anim,femn sing,loct | NOUN,anim,femn sing,nomn	false	3.68	393	WORDFREQ_RANKED	IN_POOL_REVIEW_REQUIRED	
царство	7	EXPERT	NOUN,inan,neut plur,ablt | NOUN,inan,neut plur,accs | NOUN,inan,neut plur,datv | NOUN,inan,neut plur,gent | NOUN,inan,neut plur,loct | NOUN,inan,neut plur,nomn | NOUN,inan,neut sing,ablt | NOUN,inan,neut sing,accs | NOUN,inan,neut sing,datv | NOUN,inan,neut sing,gent | NOUN,inan,neut sing,loct | NOUN,inan,neut sing,nomn	false	4.13	176	WORDFREQ_RANKED	IN_POOL_REVIEW_REQUIRED	
царь	4	EASY	NOUN,anim,masc plur,ablt | NOUN,anim,masc plur,accs | NOUN,anim,masc plur,datv | NOUN,anim,masc plur,gent | NOUN,anim,masc plur,loct | NOUN,anim,masc plur,nomn | NOUN,anim,masc sing,ablt | NOUN,anim,masc sing,accs | NOUN,anim,masc sing,datv | NOUN,anim,masc sing,gent | NOUN,anim,masc sing,loct | NOUN,anim,masc sing,nomn	false	4.49	97	WORDFREQ_RANKED	IN_POOL_REVIEW_REQUIRED	
цвет	4	EASY	NOUN,inan,masc plur,ablt | NOUN,inan,masc plur,accs | NOUN,inan,masc plur,datv | NOUN,inan,masc plur,gent | NOUN,inan,masc plur,loct | NOUN,inan,masc plur,nomn | NOUN,inan,masc sing,ablt | NOUN,inan,masc sing,accs | NOUN,inan,masc sing,datv | NOUN,inan,masc sing,gent | NOUN,inan,masc sing,loc2 | NOUN,inan,masc sing,loct | NOUN,inan,masc sing,nomn	false	4.74	55	WORDFREQ_RANKED	IN_POOL_REVIEW_REQUIRED	
цветок	6	HARD	NOUN,inan,masc plur,ablt | NOUN,inan,masc plur,accs | NOUN,inan,masc plur,datv | NOUN,inan,masc plur,gent | NOUN,inan,masc plur,loct | NOUN,inan,masc plur,nomn | NOUN,inan,masc sing,ablt | NOUN,inan,masc sing,accs | NOUN,inan,masc sing,datv | NOUN,inan,masc sing,gent | NOUN,inan,masc sing,loct | NOUN,inan,masc sing,nomn	false	4.12	183	MANUAL_ALLOW	IN_POOL_REVIEW_REQUIRED	ALLOW
цель	4	EASY	NOUN,inan,femn plur,ablt | NOUN,inan,femn plur,accs | NOUN,inan,femn plur,datv | NOUN,inan,femn plur,gent | NOUN,inan,femn plur,loct | NOUN,inan,femn plur,nomn | NOUN,inan,femn sing,ablt | NOUN,inan,femn sing,accs | NOUN,inan,femn sing,datv | NOUN,inan,femn sing,gent | NOUN,inan,femn sing,loct | NOUN,inan,femn sing,nomn	false	4.98	30	WORDFREQ_RANKED	IN_POOL_REVIEW_REQUIRED	
цена	4	EASY	NOUN,inan,femn plur,ablt | NOUN,inan,femn plur,accs | NOUN,inan,femn plur,datv | NOUN,inan,femn plur,gent | NOUN,inan,femn plur,loct | NOUN,inan,femn plur,nomn | NOUN,inan,femn sing,ablt | NOUN,inan,femn sing,ablt,V-oy | NOUN,inan,femn sing,accs | NOUN,inan,femn sing,datv | NOUN,inan,femn sing,gent | NOUN,inan,femn sing,loct | NOUN,inan,femn sing,nomn	false	4.87	43	WORDFREQ_RANKED	IN_POOL_REVIEW_REQUIRED	
цензура	7	EXPERT	NOUN,inan,femn plur,ablt | NOUN,inan,femn plur,accs | NOUN,inan,femn plur,datv | NOUN,inan,femn plur,gent | NOUN,inan,femn plur,loct | NOUN,inan,femn plur,nomn | NOUN,inan,femn sing,ablt | NOUN,inan,femn sing,ablt,V-oy | NOUN,inan,femn sing,accs | NOUN,inan,femn sing,datv | NOUN,inan,femn sing,gent | NOUN,inan,femn sing,loct | NOUN,inan,femn sing,nomn	false	3.56	441	WORDFREQ_RANKED	IN_POOL_REVIEW_REQUIRED	
центр	5	MEDIUM	NOUN,inan,masc plur,ablt | NOUN,inan,masc plur,accs | NOUN,inan,masc plur,datv | NOUN,inan,masc plur,gent | NOUN,inan,masc plur,loct | NOUN,inan,masc plur,nomn | NOUN,inan,masc sing,ablt | NOUN,inan,masc sing,accs | NOUN,inan,masc sing,datv | NOUN,inan,masc sing,gent | NOUN,inan,masc sing,loct | NOUN,inan,masc sing,nomn	false	5.17	11	TRUSTED_V1	TRUSTED	ALLOW
цепочка	7	EXPERT	NOUN,inan,femn plur,ablt | NOUN,inan,femn plur,accs | NOUN,inan,femn plur,datv | NOUN,inan,femn plur,gent | NOUN,inan,femn plur,loct | NOUN,inan,femn plur,nomn | NOUN,inan,femn sing,ablt | NOUN,inan,femn sing,ablt,V-oy | NOUN,inan,femn sing,accs | NOUN,inan,femn sing,datv | NOUN,inan,femn sing,gent | NOUN,inan,femn sing,loct | NOUN,inan,femn sing,nomn	false	3.51	468	WORDFREQ_RANKED	IN_POOL_REVIEW_REQUIRED	
цепь	4	EASY	NOUN,inan,femn plur,ablt | NOUN,inan,femn plur,accs | NOUN,inan,femn plur,datv | NOUN,inan,femn plur,gent | NOUN,inan,femn plur,loct | NOUN,inan,femn plur,nomn | NOUN,inan,femn sing,ablt | NOUN,inan,femn sing,accs | NOUN,inan,femn sing,datv | NOUN,inan,femn sing,gent | NOUN,inan,femn sing,loc2 | NOUN,inan,femn sing,loct | NOUN,inan,femn sing,nomn	false	3.97	211	WORDFREQ_RANKED	IN_POOL_REVIEW_REQUIRED	
церковь	7	EXPERT	NOUN,inan,femn plur,ablt | NOUN,inan,femn plur,accs | NOUN,inan,femn plur,datv | NOUN,inan,femn plur,gent | NOUN,inan,femn plur,loct | NOUN,inan,femn plur,nomn | NOUN,inan,femn sing,ablt | NOUN,inan,femn sing,accs | NOUN,inan,femn sing,datv | NOUN,inan,femn sing,gent | NOUN,inan,femn sing,loct | NOUN,inan,femn sing,nomn	false	4.84	29	WORDFREQ_RANKED	IN_POOL_REVIEW_REQUIRED	
цикл	4	EASY	NOUN,inan,masc plur,ablt | NOUN,inan,masc plur,accs | NOUN,inan,masc plur,datv | NOUN,inan,masc plur,gent | NOUN,inan,masc plur,loct | NOUN,inan,masc plur,nomn | NOUN,inan,masc sing,ablt | NOUN,inan,masc sing,accs | NOUN,inan,masc sing,datv | NOUN,inan,masc sing,gent | NOUN,inan,masc sing,loct | NOUN,inan,masc sing,nomn	false	4.25	148	WORDFREQ_RANKED	IN_POOL_REVIEW_REQUIRED	
цирк	4	EASY	NOUN,inan,masc plur,ablt | NOUN,inan,masc plur,accs | NOUN,inan,masc plur,datv | NOUN,inan,masc plur,gent | NOUN,inan,masc plur,loct | NOUN,inan,masc plur,nomn | NOUN,inan,masc sing,ablt | NOUN,inan,masc sing,accs | NOUN,inan,masc sing,datv | NOUN,inan,masc sing,gent | NOUN,inan,masc sing,loct | NOUN,inan,masc sing,nomn	false	3.92	228	WORDFREQ_RANKED	IN_POOL_REVIEW_REQUIRED	
цитата	6	HARD	NOUN,inan,femn plur,ablt | NOUN,inan,femn plur,accs | NOUN,inan,femn plur,datv | NOUN,inan,femn plur,gent | NOUN,inan,femn plur,loct | NOUN,inan,femn plur,nomn | NOUN,inan,femn sing,ablt | NOUN,inan,femn sing,ablt,V-oy | NOUN,inan,femn sing,accs | NOUN,inan,femn sing,datv | NOUN,inan,femn sing,gent | NOUN,inan,femn sing,loct | NOUN,inan,femn sing,nomn	false	3.78	322	WORDFREQ_RANKED	IN_POOL_REVIEW_REQUIRED	
цифра	5	MEDIUM	NOUN,inan,femn plur,ablt | NOUN,inan,femn plur,accs | NOUN,inan,femn plur,datv | NOUN,inan,femn plur,gent | NOUN,inan,femn plur,loct | NOUN,inan,femn plur,nomn | NOUN,inan,femn sing,ablt | NOUN,inan,femn sing,ablt,V-oy | NOUN,inan,femn sing,accs | NOUN,inan,femn sing,datv | NOUN,inan,femn sing,gent | NOUN,inan,femn sing,loct | NOUN,inan,femn sing,nomn	false	3.93	302	TRUSTED_V1	TRUSTED	ALLOW
чайник	6	HARD	NOUN,inan,masc plur,ablt | NOUN,inan,masc plur,accs | NOUN,inan,masc plur,datv | NOUN,inan,masc plur,gent | NOUN,inan,masc plur,loct | NOUN,inan,masc plur,nomn | NOUN,inan,masc sing,ablt | NOUN,inan,masc sing,accs | NOUN,inan,masc sing,datv | NOUN,inan,masc sing,gent | NOUN,inan,masc sing,loct | NOUN,inan,masc sing,nomn	false	3.64	424	WORDFREQ_RANKED	IN_POOL_REVIEW_REQUIRED	
часовой	7	EXPERT	NOUN,anim,masc plur,ablt | NOUN,anim,masc plur,accs | NOUN,anim,masc plur,datv | NOUN,anim,masc plur,gent | NOUN,anim,masc plur,loct | NOUN,anim,masc plur,nomn | NOUN,anim,masc sing,ablt | NOUN,anim,masc sing,accs | NOUN,anim,masc sing,datv | NOUN,anim,masc sing,gent | NOUN,anim,masc sing,loct | NOUN,anim,masc sing,nomn	false	3.98	223	WORDFREQ_RANKED	IN_POOL_REVIEW_REQUIRED	
частота	7	EXPERT	NOUN,inan,femn plur,ablt | NOUN,inan,femn plur,accs | NOUN,inan,femn plur,datv | NOUN,inan,femn plur,gent | NOUN,inan,femn plur,loct | NOUN,inan,femn plur,nomn | NOUN,inan,femn sing,ablt | NOUN,inan,femn sing,ablt,V-oy | NOUN,inan,femn sing,accs | NOUN,inan,femn sing,datv | NOUN,inan,femn sing,gent | NOUN,inan,femn sing,loct | NOUN,inan,femn sing,nomn	false	3.83	285	WORDFREQ_RANKED	IN_POOL_REVIEW_REQUIRED	
часть	5	MEDIUM	NOUN,inan,femn plur,ablt | NOUN,inan,femn plur,accs | NOUN,inan,femn plur,datv | NOUN,inan,femn plur,gent | NOUN,inan,femn plur,loct | NOUN,inan,femn plur,nomn | NOUN,inan,femn sing,ablt | NOUN,inan,femn sing,ablt,Arch | NOUN,inan,femn sing,accs | NOUN,inan,femn sing,datv | NOUN,inan,femn sing,gent | NOUN,inan,femn sing,loct | NOUN,inan,femn sing,nomn	false	5.55	4	TRUSTED_V1	TRUSTED	ALLOW
часы	4	EASY	NOUN,inan,GNdr,Pltm plur,ablt | NOUN,inan,GNdr,Pltm plur,accs | NOUN,inan,GNdr,Pltm plur,datv | NOUN,inan,GNdr,Pltm plur,gent | NOUN,inan,GNdr,Pltm plur,loct | NOUN,inan,GNdr,Pltm plur,nomn	true	4.77	53	WORDFREQ_RANKED	IN_POOL_REVIEW_REQUIRED	
чаша	4	EASY	NOUN,inan,femn plur,ablt | NOUN,inan,femn plur,accs | NOUN,inan,femn plur,datv | NOUN,inan,femn plur,gent | NOUN,inan,femn plur,loct | NOUN,inan,femn plur,nomn | NOUN,inan,femn sing,ablt | NOUN,inan,femn sing,ablt,V-ey | NOUN,inan,femn sing,accs | NOUN,inan,femn sing,datv | NOUN,inan,femn sing,gent | NOUN,inan,femn sing,loct | NOUN,inan,femn sing,nomn	false	3.59	350	WORDFREQ_RANKED	IN_POOL_REVIEW_REQUIRED	
чашка	5	MEDIUM	NOUN,inan,femn plur,ablt | NOUN,inan,femn plur,accs | NOUN,inan,femn plur,datv | NOUN,inan,femn plur,gent | NOUN,inan,femn plur,loct | NOUN,inan,femn plur,nomn | NOUN,inan,femn sing,ablt | NOUN,inan,femn sing,ablt,V-oy | NOUN,inan,femn sing,accs | NOUN,inan,femn sing,datv | NOUN,inan,femn sing,gent | NOUN,inan,femn sing,loct | NOUN,inan,femn sing,nomn	false	3.47	591	TRUSTED_V1	TRUSTED	ALLOW
человек	7	EXPERT	NOUN,anim,masc plur,ablt | NOUN,anim,masc plur,accs | NOUN,anim,masc plur,datv | NOUN,anim,masc plur,gent | NOUN,anim,masc plur,gent,Infr | NOUN,anim,masc plur,loct | NOUN,anim,masc plur,nomn | NOUN,anim,masc plur,nomn,Infr | NOUN,anim,masc sing,ablt | NOUN,anim,masc sing,accs | NOUN,anim,masc sing,datv | NOUN,anim,masc sing,gent | NOUN,anim,masc sing,loct | NOUN,anim,masc sing,nomn | NOUN,anim,masc sing,voct,Arch	false	5.96	1	MANUAL_ALLOW	IN_POOL_REVIEW_REQUIRED	ALLOW
челюсть	7	EXPERT	NOUN,inan,femn plur,ablt | NOUN,inan,femn plur,accs | NOUN,inan,femn plur,datv | NOUN,inan,femn plur,gent | NOUN,inan,femn plur,loct | NOUN,inan,femn plur,nomn | NOUN,inan,femn sing,ablt | NOUN,inan,femn sing,accs | NOUN,inan,femn sing,datv | NOUN,inan,femn sing,gent | NOUN,inan,femn sing,loct | NOUN,inan,femn sing,nomn	false	3.75	330	WORDFREQ_RANKED	IN_POOL_REVIEW_REQUIRED	
чемодан	7	EXPERT	NOUN,inan,masc plur,ablt | NOUN,inan,masc plur,accs | NOUN,inan,masc plur,datv | NOUN,inan,masc plur,gent | NOUN,inan,masc plur,loct | NOUN,inan,masc plur,nomn | NOUN,inan,masc sing,ablt | NOUN,inan,masc sing,accs | NOUN,inan,masc sing,datv | NOUN,inan,masc sing,gent | NOUN,inan,masc sing,loct | NOUN,inan,masc sing,nomn	false	3.94	238	WORDFREQ_RANKED	IN_POOL_REVIEW_REQUIRED	
чемпион	7	EXPERT	NOUN,anim,masc plur,ablt | NOUN,anim,masc plur,accs | NOUN,anim,masc plur,datv | NOUN,anim,masc plur,gent | NOUN,anim,masc plur,loct | NOUN,anim,masc plur,nomn | NOUN,anim,masc sing,ablt | NOUN,anim,masc sing,accs | NOUN,anim,masc sing,datv | NOUN,anim,masc sing,gent | NOUN,anim,masc sing,loct | NOUN,anim,masc sing,nomn	false	4.65	54	WORDFREQ_RANKED	IN_POOL_REVIEW_REQUIRED	
червь	5	MEDIUM	NOUN,anim,masc plur,ablt | NOUN,anim,masc plur,accs | NOUN,anim,masc plur,datv | NOUN,anim,masc plur,gent | NOUN,anim,masc plur,loct | NOUN,anim,masc plur,nomn | NOUN,anim,masc sing,ablt | NOUN,anim,masc sing,accs | NOUN,anim,masc sing,datv | NOUN,anim,masc sing,gent | NOUN,anim,masc sing,loct | NOUN,anim,masc sing,nomn | NOUN,inan,masc plur,ablt | NOUN,inan,masc plur,accs | NOUN,inan,masc plur,datv | NOUN,inan,masc plur,gent | NOUN,inan,masc plur,loct | NOUN,inan,masc plur,nomn | NOUN,inan,masc sing,ablt | NOUN,inan,masc sing,accs | NOUN,inan,masc sing,datv | NOUN,inan,masc sing,gent | NOUN,inan,masc sing,loct | NOUN,inan,masc sing,nomn	false	3.31	739	TRUSTED_V1	TRUSTED	ALLOW
череп	5	MEDIUM	NOUN,inan,masc plur,ablt | NOUN,inan,masc plur,accs | NOUN,inan,masc plur,datv | NOUN,inan,masc plur,gent | NOUN,inan,masc plur,loct | NOUN,inan,masc plur,nomn | NOUN,inan,masc sing,ablt | NOUN,inan,masc sing,accs | NOUN,inan,masc sing,datv | NOUN,inan,masc sing,gent | NOUN,inan,masc sing,loct | NOUN,inan,masc sing,nomn	false	3.88	328	TRUSTED_V1	TRUSTED	ALLOW
черта	5	MEDIUM	NOUN,inan,femn plur,ablt | NOUN,inan,femn plur,accs | NOUN,inan,femn plur,datv | NOUN,inan,femn plur,gent | NOUN,inan,femn plur,loct | NOUN,inan,femn plur,nomn | NOUN,inan,femn sing,ablt | NOUN,inan,femn sing,ablt,V-oy | NOUN,inan,femn sing,accs | NOUN,inan,femn sing,datv | NOUN,inan,femn sing,gent | NOUN,inan,femn sing,loct | NOUN,inan,femn sing,nomn	false	4.18	185	TRUSTED_V1	TRUSTED	ALLOW
чеснок	6	HARD	NOUN,inan,masc plur,ablt | NOUN,inan,masc plur,accs | NOUN,inan,masc plur,datv | NOUN,inan,masc plur,gent | NOUN,inan,masc plur,loct | NOUN,inan,masc plur,nomn | NOUN,inan,masc sing,ablt | NOUN,inan,masc sing,accs | NOUN,inan,masc sing,datv | NOUN,inan,masc sing,gen2 | NOUN,inan,masc sing,gent | NOUN,inan,masc sing,loct | NOUN,inan,masc sing,nomn	false	3.55	501	WORDFREQ_RANKED	IN_POOL_REVIEW_REQUIRED	
честь	5	MEDIUM	NOUN,inan,femn,Sgtm sing,ablt | NOUN,inan,femn,Sgtm sing,accs | NOUN,inan,femn,Sgtm sing,datv | NOUN,inan,femn,Sgtm sing,gent | NOUN,inan,femn,Sgtm sing,loct | NOUN,inan,femn,Sgtm sing,nomn	false	5.09	16	TRUSTED_V1	TRUSTED	ALLOW
чета	4	EASY	NOUN,inan,femn plur,ablt | NOUN,inan,femn plur,accs | NOUN,inan,femn plur,datv | NOUN,inan,femn plur,gent | NOUN,inan,femn plur,loct | NOUN,inan,femn plur,nomn | NOUN,inan,femn sing,ablt | NOUN,inan,femn sing,ablt,V-oy | NOUN,inan,femn sing,accs | NOUN,inan,femn sing,datv | NOUN,inan,femn sing,gent | NOUN,inan,femn sing,loct | NOUN,inan,femn sing,nomn	false	3.41	432	WORDFREQ_RANKED	IN_POOL_REVIEW_REQUIRED	
четверг	7	EXPERT	NOUN,inan,masc plur,ablt | NOUN,inan,masc plur,accs | NOUN,inan,masc plur,datv | NOUN,inan,masc plur,gent | NOUN,inan,masc plur,loct | NOUN,inan,masc plur,nomn | NOUN,inan,masc sing,ablt | NOUN,inan,masc sing,accs | NOUN,inan,masc sing,datv | NOUN,inan,masc sing,gent | NOUN,inan,masc sing,loct | NOUN,inan,masc sing,nomn	false	4.44	91	WORDFREQ_RANKED	IN_POOL_REVIEW_REQUIRED	
чехол	5	MEDIUM	NOUN,inan,masc plur,ablt | NOUN,inan,masc plur,accs | NOUN,inan,masc plur,datv | NOUN,inan,masc plur,gent | NOUN,inan,masc plur,loct | NOUN,inan,masc plur,nomn | NOUN,inan,masc sing,ablt | NOUN,inan,masc sing,accs | NOUN,inan,masc sing,datv | NOUN,inan,masc sing,gent | NOUN,inan,masc sing,loct | NOUN,inan,masc sing,nomn	false	3.21	835	TRUSTED_V1	TRUSTED	ALLOW
чтение	6	HARD	NOUN,inan,neut plur,ablt | NOUN,inan,neut plur,ablt,V-be | NOUN,inan,neut plur,accs | NOUN,inan,neut plur,accs,V-be | NOUN,inan,neut plur,datv | NOUN,inan,neut plur,datv,V-be | NOUN,inan,neut plur,gent | NOUN,inan,neut plur,loct | NOUN,inan,neut plur,loct,V-be | NOUN,inan,neut plur,nomn | NOUN,inan,neut plur,nomn,V-be | NOUN,inan,neut sing,ablt | NOUN,inan,neut sing,ablt,V-be | NOUN,inan,neut sing,accs | NOUN,inan,neut sing,accs,V-be | NOUN,inan,neut sing,datv | NOUN,inan,neut sing,datv,V-be | NOUN,inan,neut sing,gent | NOUN,inan,neut sing,gent,V-be | NOUN,inan,neut sing,loct | NOUN,inan,neut sing,loct,V-be | NOUN,inan,neut sing,loct,V-be,V-bi | NOUN,inan,neut sing,nomn | NOUN,inan,neut sing,nomn,V-be	false	4.18	163	WORDFREQ_RANKED	IN_POOL_REVIEW_REQUIRED	
чувство	7	EXPERT	NOUN,inan,neut plur,ablt | NOUN,inan,neut plur,accs | NOUN,inan,neut plur,datv | NOUN,inan,neut plur,gent | NOUN,inan,neut plur,loct | NOUN,inan,neut plur,nomn | NOUN,inan,neut sing,ablt | NOUN,inan,neut sing,accs | NOUN,inan,neut sing,datv | NOUN,inan,neut sing,gent | NOUN,inan,neut sing,loct | NOUN,inan,neut sing,nomn	false	4.88	24	WORDFREQ_RANKED	IN_POOL_REVIEW_REQUIRED	
чугун	5	MEDIUM	NOUN,inan,masc plur,ablt | NOUN,inan,masc plur,accs | NOUN,inan,masc plur,datv | NOUN,inan,masc plur,gent | NOUN,inan,masc plur,loct | NOUN,inan,masc plur,nomn | NOUN,inan,masc sing,ablt | NOUN,inan,masc sing,accs | NOUN,inan,masc sing,datv | NOUN,inan,masc sing,gent | NOUN,inan,masc sing,loct | NOUN,inan,masc sing,nomn	false	2.97	1080	TRUSTED_V1	TRUSTED	ALLOW
чудо	4	EASY	NOUN,inan,neut plur,ablt | NOUN,inan,neut plur,accs | NOUN,inan,neut plur,datv | NOUN,inan,neut plur,gent | NOUN,inan,neut plur,gent,Infr | NOUN,inan,neut plur,loct | NOUN,inan,neut plur,nomn | NOUN,inan,neut sing,ablt | NOUN,inan,neut sing,accs | NOUN,inan,neut sing,datv | NOUN,inan,neut sing,gent | NOUN,inan,neut sing,loct | NOUN,inan,neut sing,nomn	false	4.51	93	WORDFREQ_RANKED	IN_POOL_REVIEW_REQUIRED	
чулок	5	MEDIUM	NOUN,inan,masc plur,ablt | NOUN,inan,masc plur,accs | NOUN,inan,masc plur,datv | NOUN,inan,masc plur,gent | NOUN,inan,masc plur,gent,Arch | NOUN,inan,masc plur,loct | NOUN,inan,masc plur,nomn | NOUN,inan,masc sing,ablt | NOUN,inan,masc sing,accs | NOUN,inan,masc sing,datv | NOUN,inan,masc sing,gent | NOUN,inan,masc sing,loct | NOUN,inan,masc sing,nomn	false	3.07	979	TRUSTED_V1	TRUSTED	ALLOW
чума	4	EASY	NOUN,inan,femn,Sgtm sing,ablt | NOUN,inan,femn,Sgtm sing,ablt,V-oy | NOUN,inan,femn,Sgtm sing,accs | NOUN,inan,femn,Sgtm sing,datv | NOUN,inan,femn,Sgtm sing,gent | NOUN,inan,femn,Sgtm sing,loct | NOUN,inan,femn,Sgtm sing,nomn	false	3.51	379	WORDFREQ_RANKED	IN_POOL_REVIEW_REQUIRED	
чутье	5	MEDIUM	NOUN,inan,neut,Sgtm sing,ablt | NOUN,inan,neut,Sgtm sing,accs | NOUN,inan,neut,Sgtm sing,datv | NOUN,inan,neut,Sgtm sing,gent | NOUN,inan,neut,Sgtm sing,loct | NOUN,inan,neut,Sgtm sing,nomn	false	3.27	773	TRUSTED_V1	TRUSTED	ALLOW
чушь	4	EASY	NOUN,inan,femn plur,ablt | NOUN,inan,femn plur,accs | NOUN,inan,femn plur,datv | NOUN,inan,femn plur,gent | NOUN,inan,femn plur,loct | NOUN,inan,femn plur,nomn | NOUN,inan,femn sing,ablt | NOUN,inan,femn sing,accs | NOUN,inan,femn sing,datv | NOUN,inan,femn sing,gent | NOUN,inan,femn sing,loct | NOUN,inan,femn sing,nomn	false	3.90	238	WORDFREQ_RANKED	IN_POOL_REVIEW_REQUIRED	
шайба	5	MEDIUM	NOUN,inan,femn plur,ablt | NOUN,inan,femn plur,accs | NOUN,inan,femn plur,datv | NOUN,inan,femn plur,gent | NOUN,inan,femn plur,loct | NOUN,inan,femn plur,nomn | NOUN,inan,femn sing,ablt | NOUN,inan,femn sing,ablt,V-oy | NOUN,inan,femn sing,accs | NOUN,inan,femn sing,datv | NOUN,inan,femn sing,gent | NOUN,inan,femn sing,loct | NOUN,inan,femn sing,nomn	false	3.32	729	TRUSTED_V1	TRUSTED	ALLOW
шалаш	5	MEDIUM	NOUN,inan,masc plur,ablt | NOUN,inan,masc plur,accs | NOUN,inan,masc plur,datv | NOUN,inan,masc plur,gent | NOUN,inan,masc plur,loct | NOUN,inan,masc plur,nomn | NOUN,inan,masc sing,ablt | NOUN,inan,masc sing,accs | NOUN,inan,masc sing,datv | NOUN,inan,masc sing,gent | NOUN,inan,masc sing,loct | NOUN,inan,masc sing,nomn	false	2.90	1180	TRUSTED_V1	TRUSTED	ALLOW
шанс	4	EASY	NOUN,inan,masc plur,ablt | NOUN,inan,masc plur,accs | NOUN,inan,masc plur,datv | NOUN,inan,masc plur,gent | NOUN,inan,masc plur,loct | NOUN,inan,masc plur,nomn | NOUN,inan,masc sing,ablt | NOUN,inan,masc sing,accs | NOUN,inan,masc sing,datv | NOUN,inan,masc sing,gent | NOUN,inan,masc sing,loct | NOUN,inan,masc sing,nomn	false	4.71	58	WORDFREQ_RANKED	IN_POOL_REVIEW_REQUIRED	
шапка	5	MEDIUM	NOUN,inan,femn plur,ablt | NOUN,inan,femn plur,accs | NOUN,inan,femn plur,datv | NOUN,inan,femn plur,gent | NOUN,inan,femn plur,loct | NOUN,inan,femn plur,nomn | NOUN,inan,femn sing,ablt | NOUN,inan,femn sing,ablt,V-oy | NOUN,inan,femn sing,accs | NOUN,inan,femn sing,datv | NOUN,inan,femn sing,gent | NOUN,inan,femn sing,loct | NOUN,inan,femn sing,nomn	false	3.54	545	TRUSTED_V1	TRUSTED	ALLOW
шарм	4	EASY	NOUN,inan,masc plur,ablt | NOUN,inan,masc plur,accs | NOUN,inan,masc plur,datv | NOUN,inan,masc plur,gent | NOUN,inan,masc plur,loct | NOUN,inan,masc plur,nomn | NOUN,inan,masc sing,ablt | NOUN,inan,masc sing,accs | NOUN,inan,masc sing,datv | NOUN,inan,masc sing,gen2 | NOUN,inan,masc sing,gent | NOUN,inan,masc sing,loct | NOUN,inan,masc sing,nomn	false	3.33	486	WORDFREQ_RANKED	IN_POOL_REVIEW_REQUIRED	
шарф	4	EASY	NOUN,inan,masc plur,ablt | NOUN,inan,masc plur,accs | NOUN,inan,masc plur,datv | NOUN,inan,masc plur,gent | NOUN,inan,masc plur,loct | NOUN,inan,masc plur,nomn | NOUN,inan,masc sing,ablt | NOUN,inan,masc sing,accs | NOUN,inan,masc sing,datv | NOUN,inan,masc sing,gent | NOUN,inan,masc sing,loct | NOUN,inan,masc sing,nomn	false	3.61	338	WORDFREQ_RANKED	IN_POOL_REVIEW_REQUIRED	
шахматы	7	EXPERT	NOUN,inan,GNdr,Pltm plur,ablt | NOUN,inan,GNdr,Pltm plur,accs | NOUN,inan,GNdr,Pltm plur,datv | NOUN,inan,GNdr,Pltm plur,gent | NOUN,inan,GNdr,Pltm plur,loct | NOUN,inan,GNdr,Pltm plur,nomn	true	3.89	250	WORDFREQ_RANKED	IN_POOL_REVIEW_REQUIRED	
шахта	5	MEDIUM	NOUN,inan,femn plur,ablt | NOUN,inan,femn plur,accs | NOUN,inan,femn plur,datv | NOUN,inan,femn plur,gent | NOUN,inan,femn plur,loct | NOUN,inan,femn plur,nomn | NOUN,inan,femn sing,ablt | NOUN,inan,femn sing,ablt,V-oy | NOUN,inan,femn sing,accs | NOUN,inan,femn sing,datv | NOUN,inan,femn sing,gent | NOUN,inan,femn sing,loct | NOUN,inan,femn sing,nomn	false	3.62	473	TRUSTED_V1	TRUSTED	ALLOW
шахтер	6	HARD	NOUN,anim,masc plur,ablt | NOUN,anim,masc plur,accs | NOUN,anim,masc plur,datv | NOUN,anim,masc plur,gent | NOUN,anim,masc plur,loct | NOUN,anim,masc plur,nomn | NOUN,anim,masc sing,ablt | NOUN,anim,masc sing,accs | NOUN,anim,masc sing,datv | NOUN,anim,masc sing,gent | NOUN,anim,masc sing,loct | NOUN,anim,masc sing,nomn	false	3.72	362	WORDFREQ_RANKED	IN_POOL_REVIEW_REQUIRED	
швед	4	EASY	NOUN,anim,masc plur,ablt | NOUN,anim,masc plur,accs | NOUN,anim,masc plur,datv | NOUN,anim,masc plur,gent | NOUN,anim,masc plur,loct | NOUN,anim,masc plur,nomn | NOUN,anim,masc sing,ablt | NOUN,anim,masc sing,accs | NOUN,anim,masc sing,datv | NOUN,anim,masc sing,gent | NOUN,anim,masc sing,loct | NOUN,anim,masc sing,nomn	false	3.37	455	WORDFREQ_RANKED	IN_POOL_REVIEW_REQUIRED	
шедевр	6	HARD	NOUN,inan,masc plur,ablt | NOUN,inan,masc plur,accs | NOUN,inan,masc plur,datv | NOUN,inan,masc plur,gent | NOUN,inan,masc plur,loct | NOUN,inan,masc plur,nomn | NOUN,inan,masc sing,ablt | NOUN,inan,masc sing,accs | NOUN,inan,masc sing,datv | NOUN,inan,masc sing,gent | NOUN,inan,masc sing,loct | NOUN,inan,masc sing,nomn	false	3.62	440	WORDFREQ_RANKED	IN_POOL_REVIEW_REQUIRED	
шейх	4	EASY	NOUN,anim,masc plur,ablt | NOUN,anim,masc plur,accs | NOUN,anim,masc plur,datv | NOUN,anim,masc plur,gent | NOUN,anim,masc plur,loct | NOUN,anim,masc plur,nomn | NOUN,anim,masc sing,ablt | NOUN,anim,masc sing,accs | NOUN,anim,masc sing,datv | NOUN,anim,masc sing,gent | NOUN,anim,masc sing,loct | NOUN,anim,masc sing,nomn	false	3.71	298	WORDFREQ_RANKED	IN_POOL_REVIEW_REQUIRED	
шепот	5	MEDIUM	NOUN,inan,masc plur,ablt | NOUN,inan,masc plur,accs | NOUN,inan,masc plur,datv | NOUN,inan,masc plur,gent | NOUN,inan,masc plur,loct | NOUN,inan,masc plur,nomn | NOUN,inan,masc sing,ablt | NOUN,inan,masc sing,accs | NOUN,inan,masc sing,datv | NOUN,inan,masc sing,gen2 | NOUN,inan,masc sing,gent | NOUN,inan,masc sing,loct | NOUN,inan,masc sing,nomn	false	3.29	753	TRUSTED_V1	TRUSTED	ALLOW
шерсть	6	HARD	NOUN,inan,femn plur,ablt | NOUN,inan,femn plur,accs | NOUN,inan,femn plur,datv | NOUN,inan,femn plur,gent | NOUN,inan,femn plur,loct | NOUN,inan,femn plur,nomn | NOUN,inan,femn sing,ablt | NOUN,inan,femn sing,accs | NOUN,inan,femn sing,datv | NOUN,inan,femn sing,gent | NOUN,inan,femn sing,loct | NOUN,inan,femn sing,nomn	false	3.80	310	WORDFREQ_RANKED	IN_POOL_REVIEW_REQUIRED	
шествие	7	EXPERT	NOUN,inan,neut plur,ablt | NOUN,inan,neut plur,accs | NOUN,inan,neut plur,datv | NOUN,inan,neut plur,gent | NOUN,inan,neut plur,loct | NOUN,inan,neut plur,nomn | NOUN,inan,neut sing,ablt | NOUN,inan,neut sing,accs | NOUN,inan,neut sing,datv | NOUN,inan,neut sing,gent | NOUN,inan,neut sing,loct | NOUN,inan,neut sing,nomn	false	3.78	311	WORDFREQ_RANKED	IN_POOL_REVIEW_REQUIRED	
шина	4	EASY	NOUN,inan,femn plur,ablt | NOUN,inan,femn plur,accs | NOUN,inan,femn plur,datv | NOUN,inan,femn plur,gent | NOUN,inan,femn plur,loct | NOUN,inan,femn plur,nomn | NOUN,inan,femn sing,ablt | NOUN,inan,femn sing,ablt,V-oy | NOUN,inan,femn sing,accs | NOUN,inan,femn sing,datv | NOUN,inan,femn sing,gent | NOUN,inan,femn sing,loct | NOUN,inan,femn sing,nomn	false	3.29	509	WORDFREQ_RANKED	IN_POOL_REVIEW_REQUIRED	
ширина	6	HARD	NOUN,inan,femn,Sgtm sing,ablt | NOUN,inan,femn,Sgtm sing,ablt,V-oy | NOUN,inan,femn,Sgtm sing,accs | NOUN,inan,femn,Sgtm sing,datv | NOUN,inan,femn,Sgtm sing,gent | NOUN,inan,femn,Sgtm sing,loct | NOUN,inan,femn,Sgtm sing,nomn	false	4.13	181	WORDFREQ_RANKED	IN_POOL_REVIEW_REQUIRED	
ширма	5	MEDIUM	NOUN,inan,femn plur,ablt | NOUN,inan,femn plur,accs | NOUN,inan,femn plur,datv | NOUN,inan,femn plur,gent | NOUN,inan,femn plur,loct | NOUN,inan,femn plur,nomn | NOUN,inan,femn sing,ablt | NOUN,inan,femn sing,ablt,V-oy | NOUN,inan,femn sing,accs | NOUN,inan,femn sing,datv | NOUN,inan,femn sing,gent | NOUN,inan,femn sing,loct | NOUN,inan,femn sing,nomn	false	2.72	1402	TRUSTED_V1	TRUSTED	ALLOW
шитье	5	MEDIUM	NOUN,inan,neut,Sgtm sing,ablt | NOUN,inan,neut,Sgtm sing,accs | NOUN,inan,neut,Sgtm sing,datv | NOUN,inan,neut,Sgtm sing,gent | NOUN,inan,neut,Sgtm sing,loct | NOUN,inan,neut,Sgtm sing,nomn	false	2.93	1138	TRUSTED_V1	TRUSTED	ALLOW
шифр	4	EASY	NOUN,inan,masc plur,ablt | NOUN,inan,masc plur,accs | NOUN,inan,masc plur,datv | NOUN,inan,masc plur,gent | NOUN,inan,masc plur,loct | NOUN,inan,masc plur,nomn | NOUN,inan,masc sing,ablt | NOUN,inan,masc sing,accs | NOUN,inan,masc sing,datv | NOUN,inan,masc sing,gent | NOUN,inan,masc sing,loct | NOUN,inan,masc sing,nomn	false	3.54	369	WORDFREQ_RANKED	IN_POOL_REVIEW_REQUIRED	
шкаф	4	EASY	NOUN,inan,masc plur,ablt | NOUN,inan,masc plur,accs | NOUN,inan,masc plur,datv | NOUN,inan,masc plur,gent | NOUN,inan,masc plur,loct | NOUN,inan,masc plur,nomn | NOUN,inan,masc sing,ablt | NOUN,inan,masc sing,accs | NOUN,inan,masc sing,datv | NOUN,inan,masc sing,gent | NOUN,inan,masc sing,loc2 | NOUN,inan,masc sing,loct | NOUN,inan,masc sing,nomn	false	3.89	242	WORDFREQ_RANKED	IN_POOL_REVIEW_REQUIRED	
шквал	5	MEDIUM	NOUN,inan,masc plur,ablt | NOUN,inan,masc plur,accs | NOUN,inan,masc plur,datv | NOUN,inan,masc plur,gent | NOUN,inan,masc plur,loct | NOUN,inan,masc plur,nomn | NOUN,inan,masc sing,ablt | NOUN,inan,masc sing,accs | NOUN,inan,masc sing,datv | NOUN,inan,masc sing,gent | NOUN,inan,masc sing,loct | NOUN,inan,masc sing,nomn	false	3.16	889	TRUSTED_V1	TRUSTED	ALLOW
школа	5	MEDIUM	NOUN,inan,femn plur,ablt | NOUN,inan,femn plur,accs | NOUN,inan,femn plur,datv | NOUN,inan,femn plur,gent | NOUN,inan,femn plur,loct | NOUN,inan,femn plur,nomn | NOUN,inan,femn sing,ablt | NOUN,inan,femn sing,ablt,V-oy | NOUN,inan,femn sing,accs | NOUN,inan,femn sing,datv | NOUN,inan,femn sing,gent | NOUN,inan,femn sing,loct | NOUN,inan,femn sing,nomn	false	4.84	39	TRUSTED_V1	TRUSTED	ALLOW
шланг	5	MEDIUM	NOUN,inan,masc plur,ablt | NOUN,inan,masc plur,accs | NOUN,inan,masc plur,datv | NOUN,inan,masc plur,gent | NOUN,inan,masc plur,loct | NOUN,inan,masc plur,nomn | NOUN,inan,masc sing,ablt | NOUN,inan,masc sing,accs | NOUN,inan,masc sing,datv | NOUN,inan,masc sing,gent | NOUN,inan,masc sing,loct | NOUN,inan,masc sing,nomn	false	3.16	890	TRUSTED_V1	TRUSTED	ALLOW
шлем	4	EASY	NOUN,inan,masc plur,ablt | NOUN,inan,masc plur,accs | NOUN,inan,masc plur,datv | NOUN,inan,masc plur,gent | NOUN,inan,masc plur,loct | NOUN,inan,masc plur,nomn | NOUN,inan,masc sing,ablt | NOUN,inan,masc sing,accs | NOUN,inan,masc sing,datv | NOUN,inan,masc sing,gent | NOUN,inan,masc sing,loct | NOUN,inan,masc sing,nomn	false	3.87	250	WORDFREQ_RANKED	IN_POOL_REVIEW_REQUIRED	
шнур	4	EASY	NOUN,inan,masc plur,ablt | NOUN,inan,masc plur,accs | NOUN,inan,masc plur,datv | NOUN,inan,masc plur,gent | NOUN,inan,masc plur,loct | NOUN,inan,masc plur,nomn | NOUN,inan,masc sing,ablt | NOUN,inan,masc sing,accs | NOUN,inan,masc sing,datv | NOUN,inan,masc sing,gent | NOUN,inan,masc sing,loct | NOUN,inan,masc sing,nomn	false	3.34	477	WORDFREQ_RANKED	IN_POOL_REVIEW_REQUIRED	
шоколад	7	EXPERT	NOUN,inan,masc plur,ablt | NOUN,inan,masc plur,accs | NOUN,inan,masc plur,datv | NOUN,inan,masc plur,gent | NOUN,inan,masc plur,loct | NOUN,inan,masc plur,nomn | NOUN,inan,masc sing,ablt | NOUN,inan,masc sing,accs | NOUN,inan,masc sing,datv | NOUN,inan,masc sing,gen2 | NOUN,inan,masc sing,gent | NOUN,inan,masc sing,loct | NOUN,inan,masc sing,nomn	false	3.91	244	WORDFREQ_RANKED	IN_POOL_REVIEW_REQUIRED	
шорты	5	MEDIUM	NOUN,inan,GNdr,Pltm plur,ablt | NOUN,inan,GNdr,Pltm plur,accs | NOUN,inan,GNdr,Pltm plur,datv | NOUN,inan,GNdr,Pltm plur,gent | NOUN,inan,GNdr,Pltm plur,gent,Infr | NOUN,inan,GNdr,Pltm plur,loct | NOUN,inan,GNdr,Pltm plur,nomn	true	3.39	666	TRUSTED_V1	TRUSTED	ALLOW
шоссе	5	MEDIUM	NOUN,inan,neut,Fixd plur,ablt | NOUN,inan,neut,Fixd plur,accs | NOUN,inan,neut,Fixd plur,datv | NOUN,inan,neut,Fixd plur,gent | NOUN,inan,neut,Fixd plur,loct | NOUN,inan,neut,Fixd plur,nomn | NOUN,inan,neut,Fixd sing,ablt | NOUN,inan,neut,Fixd sing,accs | NOUN,inan,neut,Fixd sing,datv | NOUN,inan,neut,Fixd sing,gent | NOUN,inan,neut,Fixd sing,loct | NOUN,inan,neut,Fixd sing,nomn	false	4.48	104	TRUSTED_V1	TRUSTED	ALLOW
шофер	5	MEDIUM	NOUN,anim,masc plur,ablt | NOUN,anim,masc plur,ablt,Infr | NOUN,anim,masc plur,accs | NOUN,anim,masc plur,accs,Infr | NOUN,anim,masc plur,datv | NOUN,anim,masc plur,datv,Infr | NOUN,anim,masc plur,gent | NOUN,anim,masc plur,gent,Infr | NOUN,anim,masc plur,loct | NOUN,anim,masc plur,loct,Infr | NOUN,anim,masc plur,nomn | NOUN,anim,masc sing,ablt | NOUN,anim,masc sing,ablt,Infr | NOUN,anim,masc sing,accs | NOUN,anim,masc sing,accs,Infr | NOUN,anim,masc sing,datv | NOUN,anim,masc sing,datv,Infr | NOUN,anim,masc sing,gent | NOUN,anim,masc sing,gent,Infr | NOUN,anim,masc sing,loct | NOUN,anim,masc sing,loct,Infr | NOUN,anim,masc sing,nomn | NOUN,anim,masc sing,nomn,Infr	false	3.26	783	TRUSTED_V1	TRUSTED	ALLOW
шпага	5	MEDIUM	NOUN,inan,femn plur,ablt | NOUN,inan,femn plur,accs | NOUN,inan,femn plur,datv | NOUN,inan,femn plur,gent | NOUN,inan,femn plur,loct | NOUN,inan,femn plur,nomn | NOUN,inan,femn sing,ablt | NOUN,inan,femn sing,ablt,V-oy | NOUN,inan,femn sing,accs | NOUN,inan,femn sing,datv | NOUN,inan,femn sing,gent | NOUN,inan,femn sing,loct | NOUN,inan,femn sing,nomn	false	2.83	1269	TRUSTED_V1	TRUSTED	ALLOW
шпион	5	MEDIUM	NOUN,anim,masc plur,ablt | NOUN,anim,masc plur,accs | NOUN,anim,masc plur,datv | NOUN,anim,masc plur,gent | NOUN,anim,masc plur,loct | NOUN,anim,masc plur,nomn | NOUN,anim,masc sing,ablt | NOUN,anim,masc sing,accs | NOUN,anim,masc sing,datv | NOUN,anim,masc sing,gent | NOUN,anim,masc sing,loct | NOUN,anim,masc sing,nomn	false	3.55	536	TRUSTED_V1	TRUSTED	ALLOW
шрам	4	EASY	NOUN,inan,masc plur,ablt | NOUN,inan,masc plur,accs | NOUN,inan,masc plur,datv | NOUN,inan,masc plur,gent | NOUN,inan,masc plur,loct | NOUN,inan,masc plur,nomn | NOUN,inan,masc sing,ablt | NOUN,inan,masc sing,accs | NOUN,inan,masc sing,datv | NOUN,inan,masc sing,gent | NOUN,inan,masc sing,loct | NOUN,inan,masc sing,nomn	false	3.41	433	WORDFREQ_RANKED	IN_POOL_REVIEW_REQUIRED	
шрифт	5	MEDIUM	NOUN,inan,masc plur,ablt | NOUN,inan,masc plur,accs | NOUN,inan,masc plur,datv | NOUN,inan,masc plur,gent | NOUN,inan,masc plur,loct | NOUN,inan,masc plur,nomn | NOUN,inan,masc sing,ablt | NOUN,inan,masc sing,accs | NOUN,inan,masc sing,datv | NOUN,inan,masc sing,gent | NOUN,inan,masc sing,loct | NOUN,inan,masc sing,nomn	false	3.47	592	TRUSTED_V1	TRUSTED	ALLOW
штаб	4	EASY	NOUN,inan,masc plur,ablt | NOUN,inan,masc plur,accs | NOUN,inan,masc plur,datv | NOUN,inan,masc plur,gent | NOUN,inan,masc plur,loct | NOUN,inan,masc plur,nomn | NOUN,inan,masc sing,ablt | NOUN,inan,masc sing,accs | NOUN,inan,masc sing,datv | NOUN,inan,masc sing,gent | NOUN,inan,masc sing,loc2 | NOUN,inan,masc sing,loct | NOUN,inan,masc sing,nomn	false	4.63	71	WORDFREQ_RANKED	IN_POOL_REVIEW_REQUIRED	
штат	4	EASY	NOUN,inan,masc plur,ablt | NOUN,inan,masc plur,accs | NOUN,inan,masc plur,datv | NOUN,inan,masc plur,gent | NOUN,inan,masc plur,loct | NOUN,inan,masc plur,nomn | NOUN,inan,masc sing,ablt | NOUN,inan,masc sing,accs | NOUN,inan,masc sing,datv | NOUN,inan,masc sing,gent | NOUN,inan,masc sing,loct | NOUN,inan,masc sing,nomn	false	4.37	120	WORDFREQ_RANKED	IN_POOL_REVIEW_REQUIRED	
штора	5	MEDIUM	NOUN,inan,femn plur,ablt | NOUN,inan,femn plur,accs | NOUN,inan,femn plur,datv | NOUN,inan,femn plur,gent | NOUN,inan,femn plur,loct | NOUN,inan,femn plur,nomn | NOUN,inan,femn sing,ablt | NOUN,inan,femn sing,ablt,V-oy | NOUN,inan,femn sing,accs | NOUN,inan,femn sing,datv | NOUN,inan,femn sing,gent | NOUN,inan,femn sing,loct | NOUN,inan,femn sing,nomn	false	2.27	1954	TRUSTED_V1	TRUSTED	ALLOW
шторм	5	MEDIUM	NOUN,inan,masc plur,ablt | NOUN,inan,masc plur,accs | NOUN,inan,masc plur,accs,Infr | NOUN,inan,masc plur,datv | NOUN,inan,masc plur,gent | NOUN,inan,masc plur,loct | NOUN,inan,masc plur,nomn | NOUN,inan,masc plur,nomn,Infr | NOUN,inan,masc sing,ablt | NOUN,inan,masc sing,accs | NOUN,inan,masc sing,datv | NOUN,inan,masc sing,gent | NOUN,inan,masc sing,loct | NOUN,inan,masc sing,nomn	false	3.92	304	TRUSTED_V1	TRUSTED	ALLOW
штраф	5	MEDIUM	NOUN,inan,masc plur,ablt | NOUN,inan,masc plur,accs | NOUN,inan,masc plur,datv | NOUN,inan,masc plur,gent | NOUN,inan,masc plur,loct | NOUN,inan,masc plur,nomn | NOUN,inan,masc sing,ablt | NOUN,inan,masc sing,accs | NOUN,inan,masc sing,datv | NOUN,inan,masc sing,gent | NOUN,inan,masc sing,loct | NOUN,inan,masc sing,nomn	false	4.06	249	TRUSTED_V1	TRUSTED	ALLOW
штука	5	MEDIUM	NOUN,inan,femn plur,ablt | NOUN,inan,femn plur,accs | NOUN,inan,femn plur,datv | NOUN,inan,femn plur,gent | NOUN,inan,femn plur,loct | NOUN,inan,femn plur,nomn | NOUN,inan,femn sing,ablt | NOUN,inan,femn sing,ablt,V-oy | NOUN,inan,femn sing,accs | NOUN,inan,femn sing,datv | NOUN,inan,femn sing,gent | NOUN,inan,femn sing,loct | NOUN,inan,femn sing,nomn	false	4.24	169	TRUSTED_V1	TRUSTED	ALLOW
штурм	5	MEDIUM	NOUN,inan,masc plur,ablt | NOUN,inan,masc plur,accs | NOUN,inan,masc plur,datv | NOUN,inan,masc plur,gent | NOUN,inan,masc plur,loct | NOUN,inan,masc plur,nomn | NOUN,inan,masc sing,ablt | NOUN,inan,masc sing,accs | NOUN,inan,masc sing,datv | NOUN,inan,masc sing,gent | NOUN,inan,masc sing,loct | NOUN,inan,masc sing,nomn	false	3.94	297	TRUSTED_V1	TRUSTED	ALLOW
шутка	5	MEDIUM	NOUN,inan,femn plur,ablt | NOUN,inan,femn plur,accs | NOUN,inan,femn plur,datv | NOUN,inan,femn plur,gent | NOUN,inan,femn plur,loct | NOUN,inan,femn plur,nomn | NOUN,inan,femn sing,ablt | NOUN,inan,femn sing,ablt,V-oy | NOUN,inan,femn sing,accs | NOUN,inan,femn sing,datv | NOUN,inan,femn sing,gent | NOUN,inan,femn sing,loct | NOUN,inan,femn sing,nomn	false	4.30	148	TRUSTED_V1	TRUSTED	ALLOW
щель	4	EASY	NOUN,inan,femn plur,ablt | NOUN,inan,femn plur,accs | NOUN,inan,femn plur,datv | NOUN,inan,femn plur,gent | NOUN,inan,femn plur,loct | NOUN,inan,femn plur,nomn | NOUN,inan,femn sing,ablt | NOUN,inan,femn sing,accs | NOUN,inan,femn sing,datv | NOUN,inan,femn sing,gent | NOUN,inan,femn sing,loc2 | NOUN,inan,femn sing,loct | NOUN,inan,femn sing,nomn	false	3.35	469	WORDFREQ_RANKED	IN_POOL_REVIEW_REQUIRED	
щенок	5	MEDIUM	NOUN,anim,masc plur,ablt | NOUN,anim,masc plur,ablt,Infr | NOUN,anim,masc plur,accs | NOUN,anim,masc plur,accs,Infr | NOUN,anim,masc plur,datv | NOUN,anim,masc plur,datv,Infr | NOUN,anim,masc plur,gent | NOUN,anim,masc plur,gent,Infr | NOUN,anim,masc plur,loct | NOUN,anim,masc plur,loct,Infr | NOUN,anim,masc plur,nomn | NOUN,anim,masc plur,nomn,Infr | NOUN,anim,masc sing,ablt | NOUN,anim,masc sing,accs | NOUN,anim,masc sing,datv | NOUN,anim,masc sing,gent | NOUN,anim,masc sing,loct | NOUN,anim,masc sing,nomn	false	3.58	515	TRUSTED_V1	TRUSTED	ALLOW
щетка	5	MEDIUM	NOUN,inan,femn plur,ablt | NOUN,inan,femn plur,accs | NOUN,inan,femn plur,datv | NOUN,inan,femn plur,gent | NOUN,inan,femn plur,loct | NOUN,inan,femn plur,nomn | NOUN,inan,femn sing,ablt | NOUN,inan,femn sing,ablt,V-oy | NOUN,inan,femn sing,accs | NOUN,inan,femn sing,datv | NOUN,inan,femn sing,gent | NOUN,inan,femn sing,loct | NOUN,inan,femn sing,nomn	false	3.07	981	TRUSTED_V1	TRUSTED	ALLOW
щука	4	EASY	NOUN,anim,femn plur,ablt | NOUN,anim,femn plur,accs | NOUN,anim,femn plur,datv | NOUN,anim,femn plur,gent | NOUN,anim,femn plur,loct | NOUN,anim,femn plur,nomn | NOUN,anim,femn sing,ablt | NOUN,anim,femn sing,ablt,V-oy | NOUN,anim,femn sing,accs | NOUN,anim,femn sing,datv | NOUN,anim,femn sing,gent | NOUN,anim,femn sing,loct | NOUN,anim,femn sing,nomn	false	3.28	513	WORDFREQ_RANKED	IN_POOL_REVIEW_REQUIRED	
экзамен	7	EXPERT	NOUN,inan,masc plur,ablt | NOUN,inan,masc plur,accs | NOUN,inan,masc plur,datv | NOUN,inan,masc plur,gent | NOUN,inan,masc plur,loct | NOUN,inan,masc plur,nomn | NOUN,inan,masc sing,ablt | NOUN,inan,masc sing,accs | NOUN,inan,masc sing,datv | NOUN,inan,masc sing,gent | NOUN,inan,masc sing,loct | NOUN,inan,masc sing,nomn	false	4.19	159	WORDFREQ_RANKED	IN_POOL_REVIEW_REQUIRED	
экипаж	6	HARD	NOUN,inan,masc plur,ablt | NOUN,inan,masc plur,accs | NOUN,inan,masc plur,datv | NOUN,inan,masc plur,gent | NOUN,inan,masc plur,loct | NOUN,inan,masc plur,nomn | NOUN,inan,masc sing,ablt | NOUN,inan,masc sing,accs | NOUN,inan,masc sing,datv | NOUN,inan,masc sing,gent | NOUN,inan,masc sing,loct | NOUN,inan,masc sing,nomn	false	4.28	133	WORDFREQ_RANKED	IN_POOL_REVIEW_REQUIRED	
экран	5	MEDIUM	NOUN,inan,masc plur,ablt | NOUN,inan,masc plur,accs | NOUN,inan,masc plur,datv | NOUN,inan,masc plur,gent | NOUN,inan,masc plur,loct | NOUN,inan,masc plur,nomn | NOUN,inan,masc sing,ablt | NOUN,inan,masc sing,accs | NOUN,inan,masc sing,datv | NOUN,inan,masc sing,gent | NOUN,inan,masc sing,loct | NOUN,inan,masc sing,nomn	false	4.20	176	TRUSTED_V1	TRUSTED	ALLOW
эксперт	7	EXPERT	NOUN,anim,masc plur,ablt | NOUN,anim,masc plur,accs | NOUN,anim,masc plur,datv | NOUN,anim,masc plur,gent | NOUN,anim,masc plur,loct | NOUN,anim,masc plur,nomn | NOUN,anim,masc sing,ablt | NOUN,anim,masc sing,accs | NOUN,anim,masc sing,datv | NOUN,anim,masc sing,gent | NOUN,anim,masc sing,loct | NOUN,anim,masc sing,nomn	false	4.45	86	WORDFREQ_RANKED	IN_POOL_REVIEW_REQUIRED	
экспорт	7	EXPERT	NOUN,inan,masc plur,ablt | NOUN,inan,masc plur,accs | NOUN,inan,masc plur,datv | NOUN,inan,masc plur,gent | NOUN,inan,masc plur,loct | NOUN,inan,masc plur,nomn | NOUN,inan,masc sing,ablt | NOUN,inan,masc sing,accs | NOUN,inan,masc sing,datv | NOUN,inan,masc sing,gent | NOUN,inan,masc sing,loct | NOUN,inan,masc sing,nomn	false	4.20	157	WORDFREQ_RANKED	IN_POOL_REVIEW_REQUIRED	
элемент	7	EXPERT	NOUN,inan,masc plur,ablt | NOUN,inan,masc plur,accs | NOUN,inan,masc plur,datv | NOUN,inan,masc plur,gent | NOUN,inan,masc plur,loct | NOUN,inan,masc plur,nomn | NOUN,inan,masc sing,ablt | NOUN,inan,masc sing,accs | NOUN,inan,masc sing,datv | NOUN,inan,masc sing,gent | NOUN,inan,masc sing,loct | NOUN,inan,masc sing,nomn	false	4.23	144	WORDFREQ_RANKED	IN_POOL_REVIEW_REQUIRED	
эльф	4	EASY	NOUN,anim,masc plur,ablt | NOUN,anim,masc plur,accs | NOUN,anim,masc plur,datv | NOUN,anim,masc plur,gent | NOUN,anim,masc plur,loct | NOUN,anim,masc plur,nomn | NOUN,anim,masc sing,ablt | NOUN,anim,masc sing,accs | NOUN,anim,masc sing,datv | NOUN,anim,masc sing,gent | NOUN,anim,masc sing,loct | NOUN,anim,masc sing,nomn	false	3.36	461	WORDFREQ_RANKED	IN_POOL_REVIEW_REQUIRED	
эмаль	5	MEDIUM	NOUN,inan,femn plur,ablt | NOUN,inan,femn plur,accs | NOUN,inan,femn plur,datv | NOUN,inan,femn plur,gent | NOUN,inan,femn plur,loct | NOUN,inan,femn plur,nomn | NOUN,inan,femn sing,ablt | NOUN,inan,femn sing,accs | NOUN,inan,femn sing,datv | NOUN,inan,femn sing,gent | NOUN,inan,femn sing,loct | NOUN,inan,femn sing,nomn	false	2.97	1082	TRUSTED_V1	TRUSTED	ALLOW
эмбарго	7	EXPERT	NOUN,inan,neut,Fixd plur,ablt | NOUN,inan,neut,Fixd plur,accs | NOUN,inan,neut,Fixd plur,datv | NOUN,inan,neut,Fixd plur,gent | NOUN,inan,neut,Fixd plur,loct | NOUN,inan,neut,Fixd plur,nomn | NOUN,inan,neut,Fixd sing,ablt | NOUN,inan,neut,Fixd sing,accs | NOUN,inan,neut,Fixd sing,datv | NOUN,inan,neut,Fixd sing,gent | NOUN,inan,neut,Fixd sing,loct | NOUN,inan,neut,Fixd sing,nomn	false	3.59	422	WORDFREQ_RANKED	IN_POOL_REVIEW_REQUIRED	
энергия	7	EXPERT	NOUN,inan,femn plur,ablt | NOUN,inan,femn plur,accs | NOUN,inan,femn plur,datv | NOUN,inan,femn plur,gent | NOUN,inan,femn plur,loct | NOUN,inan,femn plur,nomn | NOUN,inan,femn sing,ablt | NOUN,inan,femn sing,ablt,V-ey | NOUN,inan,femn sing,accs | NOUN,inan,femn sing,datv | NOUN,inan,femn sing,gent | NOUN,inan,femn sing,loct | NOUN,inan,femn sing,nomn	false	4.41	95	WORDFREQ_RANKED	IN_POOL_REVIEW_REQUIRED	
эпизод	6	HARD	NOUN,inan,masc plur,ablt | NOUN,inan,masc plur,accs | NOUN,inan,masc plur,datv | NOUN,inan,masc plur,gent | NOUN,inan,masc plur,loct | NOUN,inan,masc plur,nomn | NOUN,inan,masc sing,ablt | NOUN,inan,masc sing,accs | NOUN,inan,masc sing,datv | NOUN,inan,masc sing,gent | NOUN,inan,masc sing,loct | NOUN,inan,masc sing,nomn	false	4.37	106	WORDFREQ_RANKED	IN_POOL_REVIEW_REQUIRED	
эпос	4	EASY	NOUN,inan,masc plur,ablt | NOUN,inan,masc plur,accs | NOUN,inan,masc plur,datv | NOUN,inan,masc plur,gent | NOUN,inan,masc plur,loct | NOUN,inan,masc plur,nomn | NOUN,inan,masc sing,ablt | NOUN,inan,masc sing,accs | NOUN,inan,masc sing,datv | NOUN,inan,masc sing,gent | NOUN,inan,masc sing,loct | NOUN,inan,masc sing,nomn	false	3.30	505	WORDFREQ_RANKED	IN_POOL_REVIEW_REQUIRED	
эпоха	5	MEDIUM	NOUN,inan,femn plur,ablt | NOUN,inan,femn plur,accs | NOUN,inan,femn plur,datv | NOUN,inan,femn plur,gent | NOUN,inan,femn plur,loct | NOUN,inan,femn plur,nomn | NOUN,inan,femn sing,ablt | NOUN,inan,femn sing,ablt,V-oy | NOUN,inan,femn sing,accs | NOUN,inan,femn sing,datv | NOUN,inan,femn sing,gent | NOUN,inan,femn sing,loct | NOUN,inan,femn sing,nomn	false	4.01	267	TRUSTED_V1	TRUSTED	ALLOW
эскиз	5	MEDIUM	NOUN,inan,masc plur,ablt | NOUN,inan,masc plur,accs | NOUN,inan,masc plur,datv | NOUN,inan,masc plur,gent | NOUN,inan,masc plur,loct | NOUN,inan,masc plur,nomn | NOUN,inan,masc sing,ablt | NOUN,inan,masc sing,accs | NOUN,inan,masc sing,datv | NOUN,inan,masc sing,gent | NOUN,inan,masc sing,loct | NOUN,inan,masc sing,nomn	false	3.48	584	TRUSTED_V1	TRUSTED	ALLOW
эссе	4	EASY	NOUN,inan,neut,Fixd plur,ablt | NOUN,inan,neut,Fixd plur,accs | NOUN,inan,neut,Fixd plur,datv | NOUN,inan,neut,Fixd plur,gent | NOUN,inan,neut,Fixd plur,loct | NOUN,inan,neut,Fixd plur,nomn | NOUN,inan,neut,Fixd sing,ablt | NOUN,inan,neut,Fixd sing,accs | NOUN,inan,neut,Fixd sing,datv | NOUN,inan,neut,Fixd sing,gent | NOUN,inan,neut,Fixd sing,loct | NOUN,inan,neut,Fixd sing,nomn	false	3.75	284	WORDFREQ_RANKED	IN_POOL_REVIEW_REQUIRED	
этаж	4	EASY	NOUN,inan,masc plur,ablt | NOUN,inan,masc plur,accs | NOUN,inan,masc plur,datv | NOUN,inan,masc plur,gent | NOUN,inan,masc plur,loct | NOUN,inan,masc plur,nomn | NOUN,inan,masc sing,ablt | NOUN,inan,masc sing,accs | NOUN,inan,masc sing,datv | NOUN,inan,masc sing,gent | NOUN,inan,masc sing,loct | NOUN,inan,masc sing,nomn	false	4.28	139	WORDFREQ_RANKED	IN_POOL_REVIEW_REQUIRED	
этап	4	EASY	NOUN,inan,masc plur,ablt | NOUN,inan,masc plur,accs | NOUN,inan,masc plur,datv | NOUN,inan,masc plur,gent | NOUN,inan,masc plur,loct | NOUN,inan,masc plur,nomn | NOUN,inan,masc sing,ablt | NOUN,inan,masc sing,accs | NOUN,inan,masc sing,datv | NOUN,inan,masc sing,gent | NOUN,inan,masc sing,loct | NOUN,inan,masc sing,nomn	false	4.68	64	WORDFREQ_RANKED	IN_POOL_REVIEW_REQUIRED	
этика	5	MEDIUM	NOUN,inan,femn plur,ablt | NOUN,inan,femn plur,accs | NOUN,inan,femn plur,datv | NOUN,inan,femn plur,gent | NOUN,inan,femn plur,loct | NOUN,inan,femn plur,nomn | NOUN,inan,femn sing,ablt | NOUN,inan,femn sing,ablt,V-oy | NOUN,inan,femn sing,accs | NOUN,inan,femn sing,datv | NOUN,inan,femn sing,gent | NOUN,inan,femn sing,loct | NOUN,inan,femn sing,nomn	false	3.48	585	TRUSTED_V1	TRUSTED	ALLOW
эфир	4	EASY	NOUN,inan,masc plur,ablt | NOUN,inan,masc plur,accs | NOUN,inan,masc plur,datv | NOUN,inan,masc plur,gent | NOUN,inan,masc plur,loct | NOUN,inan,masc plur,nomn | NOUN,inan,masc sing,ablt | NOUN,inan,masc sing,accs | NOUN,inan,masc sing,datv | NOUN,inan,masc sing,gen2 | NOUN,inan,masc sing,gent | NOUN,inan,masc sing,loct | NOUN,inan,masc sing,nomn	false	4.27	140	WORDFREQ_RANKED	IN_POOL_REVIEW_REQUIRED	
эффект	6	HARD	NOUN,inan,masc plur,ablt | NOUN,inan,masc plur,accs | NOUN,inan,masc plur,datv | NOUN,inan,masc plur,gent | NOUN,inan,masc plur,loct | NOUN,inan,masc plur,nomn | NOUN,inan,masc sing,ablt | NOUN,inan,masc sing,accs | NOUN,inan,masc sing,datv | NOUN,inan,masc sing,gent | NOUN,inan,masc sing,loct | NOUN,inan,masc sing,nomn	false	4.60	74	WORDFREQ_RANKED	IN_POOL_REVIEW_REQUIRED	
эшелон	6	HARD	NOUN,inan,masc plur,ablt | NOUN,inan,masc plur,accs | NOUN,inan,masc plur,datv | NOUN,inan,masc plur,gent | NOUN,inan,masc plur,loct | NOUN,inan,masc plur,nomn | NOUN,inan,masc sing,ablt | NOUN,inan,masc sing,accs | NOUN,inan,masc sing,datv | NOUN,inan,masc sing,gent | NOUN,inan,masc sing,loct | NOUN,inan,masc sing,nomn	false	3.55	502	WORDFREQ_RANKED	IN_POOL_REVIEW_REQUIRED	
юань	4	EASY	NOUN,inan,masc plur,ablt | NOUN,inan,masc plur,accs | NOUN,inan,masc plur,datv | NOUN,inan,masc plur,gent | NOUN,inan,masc plur,loct | NOUN,inan,masc plur,nomn | NOUN,inan,masc sing,ablt | NOUN,inan,masc sing,accs | NOUN,inan,masc sing,datv | NOUN,inan,masc sing,gent | NOUN,inan,masc sing,loct | NOUN,inan,masc sing,nomn	false	3.40	441	WORDFREQ_RANKED	IN_POOL_REVIEW_REQUIRED	
юбилей	6	HARD	NOUN,inan,masc plur,ablt | NOUN,inan,masc plur,accs | NOUN,inan,masc plur,datv | NOUN,inan,masc plur,gent | NOUN,inan,masc plur,loct | NOUN,inan,masc plur,nomn | NOUN,inan,masc sing,ablt | NOUN,inan,masc sing,accs | NOUN,inan,masc sing,datv | NOUN,inan,masc sing,gent | NOUN,inan,masc sing,loct | NOUN,inan,masc sing,nomn	false	4.03	211	WORDFREQ_RANKED	IN_POOL_REVIEW_REQUIRED	
юбка	4	EASY	NOUN,inan,femn plur,ablt | NOUN,inan,femn plur,accs | NOUN,inan,femn plur,datv | NOUN,inan,femn plur,gent | NOUN,inan,femn plur,loct | NOUN,inan,femn plur,nomn | NOUN,inan,femn sing,ablt | NOUN,inan,femn sing,ablt,V-oy | NOUN,inan,femn sing,accs | NOUN,inan,femn sing,datv | NOUN,inan,femn sing,gent | NOUN,inan,femn sing,loct | NOUN,inan,femn sing,nomn	false	3.37	456	WORDFREQ_RANKED	IN_POOL_REVIEW_REQUIRED	
юмор	4	EASY	NOUN,inan,masc plur,ablt | NOUN,inan,masc plur,accs | NOUN,inan,masc plur,datv | NOUN,inan,masc plur,gent | NOUN,inan,masc plur,loct | NOUN,inan,masc plur,nomn | NOUN,inan,masc sing,ablt | NOUN,inan,masc sing,accs | NOUN,inan,masc sing,datv | NOUN,inan,masc sing,gen2 | NOUN,inan,masc sing,gent | NOUN,inan,masc sing,loct | NOUN,inan,masc sing,nomn	false	3.74	287	WORDFREQ_RANKED	IN_POOL_REVIEW_REQUIRED	
юность	6	HARD	NOUN,inan,femn plur,ablt | NOUN,inan,femn plur,accs | NOUN,inan,femn plur,datv | NOUN,inan,femn plur,gent | NOUN,inan,femn plur,loct | NOUN,inan,femn plur,nomn | NOUN,inan,femn sing,ablt | NOUN,inan,femn sing,accs | NOUN,inan,femn sing,datv | NOUN,inan,femn sing,gent | NOUN,inan,femn sing,loct | NOUN,inan,femn sing,nomn	false	3.92	260	WORDFREQ_RANKED	IN_POOL_REVIEW_REQUIRED	
юрист	5	MEDIUM	NOUN,anim,masc plur,ablt | NOUN,anim,masc plur,accs | NOUN,anim,masc plur,datv | NOUN,anim,masc plur,gent | NOUN,anim,masc plur,loct | NOUN,anim,masc plur,nomn | NOUN,anim,masc sing,ablt | NOUN,anim,masc sing,accs | NOUN,anim,masc sing,datv | NOUN,anim,masc sing,gent | NOUN,anim,masc sing,loct | NOUN,anim,masc sing,nomn	false	4.25	167	TRUSTED_V1	TRUSTED	ALLOW
яблоко	6	HARD	NOUN,inan,neut plur,ablt | NOUN,inan,neut plur,accs | NOUN,inan,neut plur,datv | NOUN,inan,neut plur,gent | NOUN,inan,neut plur,loct | NOUN,inan,neut plur,nomn | NOUN,inan,neut sing,ablt | NOUN,inan,neut sing,accs | NOUN,inan,neut sing,datv | NOUN,inan,neut sing,gent | NOUN,inan,neut sing,loct | NOUN,inan,neut sing,nomn	false	4.02	218	MANUAL_ALLOW	IN_POOL_REVIEW_REQUIRED	ALLOW
явка	4	EASY	NOUN,inan,femn plur,ablt | NOUN,inan,femn plur,accs | NOUN,inan,femn plur,datv | NOUN,inan,femn plur,gent | NOUN,inan,femn plur,loct | NOUN,inan,femn plur,nomn | NOUN,inan,femn sing,ablt | NOUN,inan,femn sing,ablt,V-oy | NOUN,inan,femn sing,accs | NOUN,inan,femn sing,datv | NOUN,inan,femn sing,gent | NOUN,inan,femn sing,loct | NOUN,inan,femn sing,nomn	false	3.72	297	WORDFREQ_RANKED	IN_POOL_REVIEW_REQUIRED	
явление	7	EXPERT	NOUN,inan,neut plur,ablt | NOUN,inan,neut plur,ablt,V-be | NOUN,inan,neut plur,accs | NOUN,inan,neut plur,accs,V-be | NOUN,inan,neut plur,datv | NOUN,inan,neut plur,datv,V-be | NOUN,inan,neut plur,gent | NOUN,inan,neut plur,loct | NOUN,inan,neut plur,loct,V-be | NOUN,inan,neut plur,nomn | NOUN,inan,neut plur,nomn,V-be | NOUN,inan,neut sing,ablt | NOUN,inan,neut sing,ablt,V-be | NOUN,inan,neut sing,accs | NOUN,inan,neut sing,accs,V-be | NOUN,inan,neut sing,datv | NOUN,inan,neut sing,datv,V-be | NOUN,inan,neut sing,gent | NOUN,inan,neut sing,gent,V-be | NOUN,inan,neut sing,loct | NOUN,inan,neut sing,loct,V-be | NOUN,inan,neut sing,loct,V-be,V-bi | NOUN,inan,neut sing,nomn | NOUN,inan,neut sing,nomn,V-be	false	4.27	129	WORDFREQ_RANKED	IN_POOL_REVIEW_REQUIRED	
ягода	5	MEDIUM	NOUN,inan,femn plur,ablt | NOUN,inan,femn plur,accs | NOUN,inan,femn plur,datv | NOUN,inan,femn plur,gent | NOUN,inan,femn plur,loct | NOUN,inan,femn plur,nomn | NOUN,inan,femn sing,ablt | NOUN,inan,femn sing,ablt,V-oy | NOUN,inan,femn sing,accs | NOUN,inan,femn sing,datv | NOUN,inan,femn sing,gent | NOUN,inan,femn sing,loct | NOUN,inan,femn sing,nomn	false	3.19	855	TRUSTED_V1	TRUSTED	ALLOW
ядро	4	EASY	NOUN,inan,neut plur,ablt | NOUN,inan,neut plur,accs | NOUN,inan,neut plur,datv | NOUN,inan,neut plur,gent | NOUN,inan,neut plur,loct | NOUN,inan,neut plur,nomn | NOUN,inan,neut sing,ablt | NOUN,inan,neut sing,accs | NOUN,inan,neut sing,datv | NOUN,inan,neut sing,gent | NOUN,inan,neut sing,loct | NOUN,inan,neut sing,nomn	false	3.99	206	WORDFREQ_RANKED	IN_POOL_REVIEW_REQUIRED	
язва	4	EASY	NOUN,anim,femn plur,ablt | NOUN,anim,femn plur,accs | NOUN,anim,femn plur,datv | NOUN,anim,femn plur,gent | NOUN,anim,femn plur,loct | NOUN,anim,femn plur,nomn | NOUN,anim,femn sing,ablt | NOUN,anim,femn sing,ablt,V-oy | NOUN,anim,femn sing,accs | NOUN,anim,femn sing,datv | NOUN,anim,femn sing,gent | NOUN,anim,femn sing,loct | NOUN,anim,femn sing,nomn | NOUN,inan,femn plur,ablt | NOUN,inan,femn plur,accs | NOUN,inan,femn plur,datv | NOUN,inan,femn plur,gent | NOUN,inan,femn plur,loct | NOUN,inan,femn plur,nomn | NOUN,inan,femn sing,ablt | NOUN,inan,femn sing,ablt,V-oy | NOUN,inan,femn sing,accs | NOUN,inan,femn sing,datv | NOUN,inan,femn sing,gent | NOUN,inan,femn sing,loct | NOUN,inan,femn sing,nomn	false	3.26	530	WORDFREQ_RANKED	IN_POOL_REVIEW_REQUIRED	
язык	4	EASY	NOUN,anim,masc plur,ablt | NOUN,anim,masc plur,accs | NOUN,anim,masc plur,datv | NOUN,anim,masc plur,gent | NOUN,anim,masc plur,loct | NOUN,anim,masc plur,nomn | NOUN,anim,masc sing,ablt | NOUN,anim,masc sing,accs | NOUN,anim,masc sing,datv | NOUN,anim,masc sing,gent | NOUN,anim,masc sing,loct | NOUN,anim,masc sing,nomn | NOUN,inan,masc plur,ablt | NOUN,inan,masc plur,accs | NOUN,inan,masc plur,datv | NOUN,inan,masc plur,gent | NOUN,inan,masc plur,loct | NOUN,inan,masc plur,loct,Arch | NOUN,inan,masc plur,nomn | NOUN,inan,masc sing,ablt | NOUN,inan,masc sing,accs | NOUN,inan,masc sing,datv | NOUN,inan,masc sing,gent | NOUN,inan,masc sing,loc2,Infr | NOUN,inan,masc sing,loct | NOUN,inan,masc sing,nomn	false	5.07	20	MANUAL_ALLOW	IN_POOL_REVIEW_REQUIRED	ALLOW
яйцо	4	EASY	NOUN,inan,neut plur,ablt | NOUN,inan,neut plur,accs | NOUN,inan,neut plur,datv | NOUN,inan,neut plur,gent | NOUN,inan,neut plur,loct | NOUN,inan,neut plur,nomn | NOUN,inan,neut sing,ablt | NOUN,inan,neut sing,accs | NOUN,inan,neut sing,datv | NOUN,inan,neut sing,gent | NOUN,inan,neut sing,loct | NOUN,inan,neut sing,nomn	false	4.02	199	WORDFREQ_RANKED	IN_POOL_REVIEW_REQUIRED	
якорь	5	MEDIUM	NOUN,inan,masc plur,ablt | NOUN,inan,masc plur,accs | NOUN,inan,masc plur,datv | NOUN,inan,masc plur,gent | NOUN,inan,masc plur,loct | NOUN,inan,masc plur,nomn | NOUN,inan,masc sing,ablt | NOUN,inan,masc sing,accs | NOUN,inan,masc sing,datv | NOUN,inan,masc sing,gent | NOUN,inan,masc sing,loct | NOUN,inan,masc sing,nomn	false	3.60	494	TRUSTED_V1	TRUSTED	ALLOW
январь	6	HARD	NOUN,inan,masc plur,ablt | NOUN,inan,masc plur,accs | NOUN,inan,masc plur,datv | NOUN,inan,masc plur,gent | NOUN,inan,masc plur,loct | NOUN,inan,masc plur,nomn | NOUN,inan,masc sing,ablt | NOUN,inan,masc sing,accs | NOUN,inan,masc sing,datv | NOUN,inan,masc sing,gent | NOUN,inan,masc sing,loct | NOUN,inan,masc sing,nomn	false	4.32	119	WORDFREQ_RANKED	IN_POOL_REVIEW_REQUIRED	
янки	4	EASY	NOUN,anim,masc,Fixd plur,ablt | NOUN,anim,masc,Fixd plur,accs | NOUN,anim,masc,Fixd plur,datv | NOUN,anim,masc,Fixd plur,gent | NOUN,anim,masc,Fixd plur,loct | NOUN,anim,masc,Fixd plur,nomn | NOUN,anim,masc,Fixd sing,ablt | NOUN,anim,masc,Fixd sing,accs | NOUN,anim,masc,Fixd sing,datv | NOUN,anim,masc,Fixd sing,gent | NOUN,anim,masc,Fixd sing,loct | NOUN,anim,masc,Fixd sing,nomn	false	3.44	410	WORDFREQ_RANKED	IN_POOL_REVIEW_REQUIRED	
яркость	7	EXPERT	NOUN,inan,femn plur,ablt | NOUN,inan,femn plur,accs | NOUN,inan,femn plur,datv | NOUN,inan,femn plur,gent | NOUN,inan,femn plur,loct | NOUN,inan,femn plur,nomn | NOUN,inan,femn sing,ablt | NOUN,inan,femn sing,accs | NOUN,inan,femn sing,datv | NOUN,inan,femn sing,gent | NOUN,inan,femn sing,loct | NOUN,inan,femn sing,nomn	false	3.49	484	WORDFREQ_RANKED	IN_POOL_REVIEW_REQUIRED	
ярмарка	7	EXPERT	NOUN,inan,femn plur,ablt | NOUN,inan,femn plur,accs | NOUN,inan,femn plur,datv | NOUN,inan,femn plur,gent | NOUN,inan,femn plur,loct | NOUN,inan,femn plur,nomn | NOUN,inan,femn sing,ablt | NOUN,inan,femn sing,ablt,V-oy | NOUN,inan,femn sing,accs | NOUN,inan,femn sing,datv | NOUN,inan,femn sing,gent | NOUN,inan,femn sing,loct | NOUN,inan,femn sing,nomn	false	3.84	279	WORDFREQ_RANKED	IN_POOL_REVIEW_REQUIRED	
ярость	6	HARD	NOUN,inan,femn plur,ablt | NOUN,inan,femn plur,accs | NOUN,inan,femn plur,datv | NOUN,inan,femn plur,gent | NOUN,inan,femn plur,loct | NOUN,inan,femn plur,nomn | NOUN,inan,femn sing,ablt | NOUN,inan,femn sing,accs | NOUN,inan,femn sing,datv | NOUN,inan,femn sing,gent | NOUN,inan,femn sing,loct | NOUN,inan,femn sing,nomn	false	3.81	307	WORDFREQ_RANKED	IN_POOL_REVIEW_REQUIRED	
ярус	4	EASY	NOUN,inan,masc plur,ablt | NOUN,inan,masc plur,accs | NOUN,inan,masc plur,datv | NOUN,inan,masc plur,gent | NOUN,inan,masc plur,loct | NOUN,inan,masc plur,nomn | NOUN,inan,masc sing,ablt | NOUN,inan,masc sing,accs | NOUN,inan,masc sing,datv | NOUN,inan,masc sing,gent | NOUN,inan,masc sing,loct | NOUN,inan,masc sing,nomn	false	3.31	496	WORDFREQ_RANKED	IN_POOL_REVIEW_REQUIRED	
ясень	5	MEDIUM	NOUN,inan,masc plur,ablt | NOUN,inan,masc plur,accs | NOUN,inan,masc plur,datv | NOUN,inan,masc plur,gent | NOUN,inan,masc plur,loct | NOUN,inan,masc plur,nomn | NOUN,inan,masc sing,ablt | NOUN,inan,masc sing,accs | NOUN,inan,masc sing,datv | NOUN,inan,masc sing,gent | NOUN,inan,masc sing,loct | NOUN,inan,masc sing,nomn	false	3.12	920	TRUSTED_V1	TRUSTED	ALLOW
ясли	4	EASY	NOUN,inan,GNdr,Pltm plur,ablt | NOUN,inan,GNdr,Pltm plur,accs | NOUN,inan,GNdr,Pltm plur,datv | NOUN,inan,GNdr,Pltm plur,gent | NOUN,inan,GNdr,Pltm plur,loct | NOUN,inan,GNdr,Pltm plur,nomn	true	3.26	531	WORDFREQ_RANKED	IN_POOL_REVIEW_REQUIRED	
ясность	7	EXPERT	NOUN,inan,femn plur,ablt | NOUN,inan,femn plur,accs | NOUN,inan,femn plur,datv | NOUN,inan,femn plur,gent | NOUN,inan,femn plur,loct | NOUN,inan,femn plur,nomn | NOUN,inan,femn sing,ablt | NOUN,inan,femn sing,accs | NOUN,inan,femn sing,datv | NOUN,inan,femn sing,gent | NOUN,inan,femn sing,loct | NOUN,inan,femn sing,nomn	false	3.57	435	WORDFREQ_RANKED	IN_POOL_REVIEW_REQUIRED	
яхта	4	EASY	NOUN,inan,femn plur,ablt | NOUN,inan,femn plur,accs | NOUN,inan,femn plur,datv | NOUN,inan,femn plur,gent | NOUN,inan,femn plur,loct | NOUN,inan,femn plur,nomn | NOUN,inan,femn sing,ablt | NOUN,inan,femn sing,ablt,V-oy | NOUN,inan,femn sing,accs | NOUN,inan,femn sing,datv | NOUN,inan,femn sing,gent | NOUN,inan,femn sing,loct | NOUN,inan,femn sing,nomn	false	3.43	416	WORDFREQ_RANKED	IN_POOL_REVIEW_REQUIRED	
ящик	4	EASY	NOUN,inan,masc plur,ablt | NOUN,inan,masc plur,accs | NOUN,inan,masc plur,datv | NOUN,inan,masc plur,gent | NOUN,inan,masc plur,loct | NOUN,inan,masc plur,nomn | NOUN,inan,masc sing,ablt | NOUN,inan,masc sing,accs | NOUN,inan,masc sing,datv | NOUN,inan,masc sing,gent | NOUN,inan,masc sing,loct | NOUN,inan,masc sing,nomn	false	4.20	156	WORDFREQ_RANKED	IN_POOL_REVIEW_REQUIRED	
