candidate	reason
бсвв	ABBREVIATION
вовд	ABBREVIATION
вопр	ABBREVIATION
врио	ABBREVIATION
втуз	ABBREVIATION
гаэс	ABBREVIATION
гибдд	ABBREVIATION
глонасс	ABBREVIATION
гост	ABBREVIATION
гоэлро	ABBREVIATION
гулаг	ABBREVIATION
долл	ABBREVIATION
загс	ABBREVIATION
закс	ABBREVIATION
зато	ABBREVIATION
канд	ABBREVIATION
коап	ABBREVIATION
мкад	ABBREVIATION
млрд	ABBREVIATION
ммкф	ABBREVIATION
ммоль	ABBREVIATION
мрот	ABBREVIATION
нгмд	ABBREVIATION
нгтс	ABBREVIATION
нкнх	ABBREVIATION
обсе	ABBREVIATION
огвз	ABBREVIATION
орви	ABBREVIATION
пмэф	ABBREVIATION
подп	ABBREVIATION
прим	ABBREVIATION
проф	ABBREVIATION
проц	ABBREVIATION
пэвм	ABBREVIATION
рожд	ABBREVIATION
роно	ABBREVIATION
рффи	ABBREVIATION
санпин	ABBREVIATION
сельпо	ABBREVIATION
сизо	ABBREVIATION
снип	ABBREVIATION
сост	ABBREVIATION
спид	ABBREVIATION
стоа	ABBREVIATION
субд	ABBREVIATION
табл	ABBREVIATION
триз	ABBREVIATION
трлн	ABBREVIATION
фсдн	ABBREVIATION
хмао	ABBREVIATION
чаво	ABBREVIATION
четв	ABBREVIATION
1-й	INVALID_CHARACTERS
10-й	INVALID_CHARACTERS
100-й	INVALID_CHARACTERS
11-й	INVALID_CHARACTERS
12-й	INVALID_CHARACTERS
13-й	INVALID_CHARACTERS
14-й	INVALID_CHARACTERS
15-й	INVALID_CHARACTERS
16-й	INVALID_CHARACTERS
17-й	INVALID_CHARACTERS
18-й	INVALID_CHARACTERS
19-й	INVALID_CHARACTERS
1910-й	INVALID_CHARACTERS
1920-й	INVALID_CHARACTERS
1930-й	INVALID_CHARACTERS
1940-й	INVALID_CHARACTERS
1950-й	INVALID_CHARACTERS
1960-й	INVALID_CHARACTERS
1970-й	INVALID_CHARACTERS
1980-й	INVALID_CHARACTERS
1990-й	INVALID_CHARACTERS
2-й	INVALID_CHARACTERS
20-й	INVALID_CHARACTERS
200-й	INVALID_CHARACTERS
25-летие	INVALID_CHARACTERS
блядь	MANUAL_BLOCK
говно	MANUAL_BLOCK
дерьмо	MANUAL_BLOCK
жопа	MANUAL_BLOCK
задница	MANUAL_BLOCK
мудак	MANUAL_BLOCK
мудила	MANUAL_BLOCK
пидор	MANUAL_BLOCK
пизда	MANUAL_BLOCK
сволочь	MANUAL_BLOCK
сука	MANUAL_BLOCK
ублюдок	MANUAL_BLOCK
шлюха	MANUAL_BLOCK
ведро | вёдро	NORMALIZATION_COLLISION
маркер | маркёр	NORMALIZATION_COLLISION
небо | нёбо	NORMALIZATION_COLLISION
падеж | падёж	NORMALIZATION_COLLISION
солитер | солитёр	NORMALIZATION_COLLISION
шабер | шабёр	NORMALIZATION_COLLISION
абелев	NOT_NOUN
авансом	NOT_NOUN
аварски	NOT_NOUN
авгиев	NOT_NOUN
авизный	NOT_NOUN
авось	NOT_NOUN
агамный	NOT_NOUN
агарный	NOT_NOUN
агатный	NOT_NOUN
адажио	NOT_NOUN
адов	NOT_NOUN
адовый	NOT_NOUN
адски	NOT_NOUN
адский	NOT_NOUN
ажурно	NOT_NOUN
ажурный	NOT_NOUN
азартно	NOT_NOUN
азовски	NOT_NOUN
азотный	NOT_NOUN
азямный	NOT_NOUN
айвовый	NOT_NOUN
айда	NOT_NOUN
айкать	NOT_NOUN
айкнуть	NOT_NOUN
айнский	NOT_NOUN
акать	NOT_NOUN
акающий	NOT_NOUN
акитный	NOT_NOUN
аккурат	NOT_NOUN
активно	NOT_NOUN
актный	NOT_NOUN
актовый	NOT_NOUN
акулий	NOT_NOUN
алеть	NOT_NOUN
алеться	NOT_NOUN
алкать	NOT_NOUN
аллегри	NOT_NOUN
аллегро	NOT_NOUN
алло	NOT_NOUN
алойный	NOT_NOUN
алчно	NOT_NOUN
алчный	NOT_NOUN
алый	NOT_NOUN
амба	NOT_NOUN
аминь	NOT_NOUN
аморфно	NOT_NOUN
амурный	NOT_NOUN
амёбный	NOT_NOUN
англ	NOT_NOUN
анданте	NOT_NOUN
андский	NOT_NOUN
анодный	NOT_NOUN
анфас	NOT_NOUN
анютин	NOT_NOUN
аортный	NOT_NOUN
апплике	NOT_NOUN
априори	NOT_NOUN
апчхи	NOT_NOUN
арабски	NOT_NOUN
арапски	NOT_NOUN
аридный	NOT_NOUN
арийски	NOT_NOUN
арочный	NOT_NOUN
арпеджо	NOT_NOUN
арский	NOT_NOUN
арычный	NOT_NOUN
асин	NOT_NOUN
аспидно	NOT_NOUN
атанде	NOT_NOUN
атас	NOT_NOUN
атомный	NOT_NOUN
атукать	NOT_NOUN
аукать	NOT_NOUN
аукнуть	NOT_NOUN
аульный	NOT_NOUN
афишный	NOT_NOUN
ахать	NOT_NOUN
ахнуть	NOT_NOUN
аховый	NOT_NOUN
ахти	NOT_NOUN
аянский	NOT_NOUN
аяшский	NOT_NOUN
бабах	NOT_NOUN
бабий	NOT_NOUN
бабский	NOT_NOUN
бабусин	NOT_NOUN
багрить	NOT_NOUN
багряно	NOT_NOUN
базарно	NOT_NOUN
базедов	NOT_NOUN
базлать	NOT_NOUN
базовый	NOT_NOUN
байски	NOT_NOUN
байский	NOT_NOUN
байтный	NOT_NOUN
баковый	NOT_NOUN
балдеть	NOT_NOUN
бальный	NOT_NOUN
банахов	NOT_NOUN
банить	NOT_NOUN
банный	NOT_NOUN
банту	NOT_NOUN
бараний	NOT_NOUN
барный	NOT_NOUN
барски	NOT_NOUN
барский	NOT_NOUN
барынин	NOT_NOUN
басисто	NOT_NOUN
басить	NOT_NOUN
баскски	NOT_NOUN
басовый	NOT_NOUN
баста	NOT_NOUN
батюшки	NOT_NOUN
бахать	NOT_NOUN
бахнуть	NOT_NOUN
бацать	NOT_NOUN
бацнуть	NOT_NOUN
баюкать	NOT_NOUN
баянный	NOT_NOUN
баять	NOT_NOUN
баяться	NOT_NOUN
бдеть	NOT_NOUN
бегать	NOT_NOUN
бегло	NOT_NOUN
беглый	NOT_NOUN
беговой	NOT_NOUN
бегом	NOT_NOUN
бегучий	NOT_NOUN
беднеть	NOT_NOUN
бедно	NOT_NOUN
бедовый	NOT_NOUN
бежав	NOT_NOUN
бежать	NOT_NOUN
бежевый	NOT_NOUN
безлико	NOT_NOUN
безруко	NOT_NOUN
безумно	NOT_NOUN
безусый	NOT_NOUN
безухий	NOT_NOUN
бейский	NOT_NOUN
беленек	NOT_NOUN
белесый	NOT_NOUN
белеть	NOT_NOUN
белить	NOT_NOUN
беличий	NOT_NOUN
беловой	NOT_NOUN
белужий	NOT_NOUN
белый	NOT_NOUN
белёный	NOT_NOUN
бемский	NOT_NOUN
бережно	NOT_NOUN
беречь	NOT_NOUN
бесить	NOT_NOUN
бечевой	NOT_NOUN
бешено	NOT_NOUN
бешеный	NOT_NOUN
бивать	NOT_NOUN
бизоний	NOT_NOUN
бийский	NOT_NOUN
бирский	NOT_NOUN
бирючий	NOT_NOUN
битком	NOT_NOUN
битный	NOT_NOUN
битовый	NOT_NOUN
битый	NOT_NOUN
бить	NOT_NOUN
биться	NOT_NOUN
битюжий	NOT_NOUN
бичевой	NOT_NOUN
бишь	NOT_NOUN
благой	NOT_NOUN
блажить	NOT_NOUN
блажной	NOT_NOUN
блевать	NOT_NOUN
бледно	NOT_NOUN
бледный	NOT_NOUN
блеять	NOT_NOUN
близ	NOT_NOUN
близкий	NOT_NOUN
близко	NOT_NOUN
блинный	NOT_NOUN
блочный	NOT_NOUN
блудить	NOT_NOUN
блудный	NOT_NOUN
блукать	NOT_NOUN
блюсти	NOT_NOUN
блёкло	NOT_NOUN
блёклый	NOT_NOUN
бобовый	NOT_NOUN
богато	NOT_NOUN
богатый	NOT_NOUN
бодать	NOT_NOUN
боднуть	NOT_NOUN
бодрить	NOT_NOUN
бодро	NOT_NOUN
бодрый	NOT_NOUN
бодучий	NOT_NOUN
боевой	NOT_NOUN
божески	NOT_NOUN
божий	NOT_NOUN
бойкий	NOT_NOUN
бойный	NOT_NOUN
боковой	NOT_NOUN
боком	NOT_NOUN
боле	NOT_NOUN
болевой	NOT_NOUN
более	NOT_NOUN
болеть	NOT_NOUN
болтать	NOT_NOUN
больно	NOT_NOUN
больной	NOT_NOUN
больше	NOT_NOUN
больший	NOT_NOUN
большой	NOT_NOUN
бомбить	NOT_NOUN
бонжур	NOT_NOUN
боновый	NOT_NOUN
борзо	NOT_NOUN
борзой	NOT_NOUN
борзый	NOT_NOUN
борный	NOT_NOUN
борский	NOT_NOUN
бортный	NOT_NOUN
босиком	NOT_NOUN
босой	NOT_NOUN
ботовый	NOT_NOUN
бочком	NOT_NOUN
боязно	NOT_NOUN
боярски	NOT_NOUN
бояться	NOT_NOUN
браво	NOT_NOUN
бравый	NOT_NOUN
бражный	NOT_NOUN
бранить	NOT_NOUN
бранно	NOT_NOUN
бранный	NOT_NOUN
браный	NOT_NOUN
братин	NOT_NOUN
братний	NOT_NOUN
братнин	NOT_NOUN
братски	NOT_NOUN
брать	NOT_NOUN
браться	NOT_NOUN
брачный	NOT_NOUN
бредить	NOT_NOUN
бренный	NOT_NOUN
брести	NOT_NOUN
брехать	NOT_NOUN
бреющий	NOT_NOUN
бритый	NOT_NOUN
брить	NOT_NOUN
бриться	NOT_NOUN
бровный	NOT_NOUN
бродить	NOT_NOUN
бромный	NOT_NOUN
бронный	NOT_NOUN
бросать	NOT_NOUN
бросить	NOT_NOUN
броский	NOT_NOUN
броско	NOT_NOUN
броском	NOT_NOUN
бррр	NOT_NOUN
брутто	NOT_NOUN
брык	NOT_NOUN
брыкать	NOT_NOUN
брысь	NOT_NOUN
брючный	NOT_NOUN
брюшной	NOT_NOUN
брякать	NOT_NOUN
бряцать	NOT_NOUN
бубнить	NOT_NOUN
бугрить	NOT_NOUN
бугский	NOT_NOUN
буде	NOT_NOUN
будить	NOT_NOUN
будний	NOT_NOUN
будский	NOT_NOUN
будто	NOT_NOUN
будущий	NOT_NOUN
буерный	NOT_NOUN
бузить	NOT_NOUN
буйно	NOT_NOUN
буйный	NOT_NOUN
буйский	NOT_NOUN
буковый	NOT_NOUN
буланый	NOT_NOUN
булев	NOT_NOUN
бултых	NOT_NOUN
бульк	NOT_NOUN
буревой	NOT_NOUN
буреть	NOT_NOUN
бурить	NOT_NOUN
буркать	NOT_NOUN
бурлить	NOT_NOUN
бурно	NOT_NOUN
бурный	NOT_NOUN
буровой	NOT_NOUN
бурски	NOT_NOUN
бурский	NOT_NOUN
бурчать	NOT_NOUN
бурый	NOT_NOUN
бутить	NOT_NOUN
бутовый	NOT_NOUN
буфф	NOT_NOUN
бухать	NOT_NOUN
бухлый	NOT_NOUN
бухнуть	NOT_NOUN
бухой	NOT_NOUN
бухтеть	NOT_NOUN
бучить	NOT_NOUN
бучный	NOT_NOUN
буянить	NOT_NOUN
бывает	NOT_NOUN
бывало	NOT_NOUN
бывалый	NOT_NOUN
бывать	NOT_NOUN
бывший	NOT_NOUN
былевой	NOT_NOUN
было	NOT_NOUN
былой	NOT_NOUN
быстро	NOT_NOUN
быстрый	NOT_NOUN
бытовой	NOT_NOUN
быть	NOT_NOUN
бычачий	NOT_NOUN
бычий	NOT_NOUN
бычиный	NOT_NOUN
бязевый	NOT_NOUN
бякать	NOT_NOUN
вабить	NOT_NOUN
вадский	NOT_NOUN
важно	NOT_NOUN
важный	NOT_NOUN
вазовый	NOT_NOUN
ваксить	NOT_NOUN
валить	NOT_NOUN
валкий	NOT_NOUN
валко	NOT_NOUN
валовой	NOT_NOUN
валовый	NOT_NOUN
валом	NOT_NOUN
валькин	NOT_NOUN
вальный	NOT_NOUN
валяный	NOT_NOUN
валять	NOT_NOUN
ванный	NOT_NOUN
варить	NOT_NOUN
варкий	NOT_NOUN
варёный	NOT_NOUN
ватный	NOT_NOUN
вачский	NOT_NOUN
ваять	NOT_NOUN
ваяться	NOT_NOUN
вбегать	NOT_NOUN
вбежать	NOT_NOUN
вбивать	NOT_NOUN
вбирать	NOT_NOUN
вбить	NOT_NOUN
вблизи	NOT_NOUN
вбок	NOT_NOUN
вброд	NOT_NOUN
вбухать	NOT_NOUN
ввалить	NOT_NOUN
вварить	NOT_NOUN
ввезти	NOT_NOUN
ввек	NOT_NOUN
вверить	NOT_NOUN
вверх	NOT_NOUN
вверху	NOT_NOUN
вверять	NOT_NOUN
ввести	NOT_NOUN
ввечеру	NOT_NOUN
ввивать	NOT_NOUN
ввиду	NOT_NOUN
ввить	NOT_NOUN
вводить	NOT_NOUN
вводный	NOT_NOUN
ввозить	NOT_NOUN
ввозный	NOT_NOUN
вволочь	NOT_NOUN
вволю	NOT_NOUN
ввысь	NOT_NOUN
ввязать	NOT_NOUN
вгибать	NOT_NOUN
вглубь	NOT_NOUN
вглухую	NOT_NOUN
вгонять	NOT_NOUN
вгустую	NOT_NOUN
вдавить	NOT_NOUN
вдалеке	NOT_NOUN
вдали	NOT_NOUN
вдаль	NOT_NOUN
вдарить	NOT_NOUN
вдаться	NOT_NOUN
вдвое	NOT_NOUN
вдвойне	NOT_NOUN
вдвоём	NOT_NOUN
вдевать	NOT_NOUN
вделать	NOT_NOUN
вдеть	NOT_NOUN
вдеться	NOT_NOUN
вдоветь	NOT_NOUN
вдовий	NOT_NOUN
вдоволь	NOT_NOUN
вдовый	NOT_NOUN
вдогон	NOT_NOUN
вдолгую	NOT_NOUN
вдоль	NOT_NOUN
вдосыть	NOT_NOUN
вдруг	NOT_NOUN
вдрызг	NOT_NOUN
вдувать	NOT_NOUN
вдувной	NOT_NOUN
вдунуть	NOT_NOUN
вдуть	NOT_NOUN
вдыхать	NOT_NOUN
ведать	NOT_NOUN
ведущий	NOT_NOUN
ведь	NOT_NOUN
веерный	NOT_NOUN
вежливо	NOT_NOUN
везде	NOT_NOUN
везти	NOT_NOUN
везтись	NOT_NOUN
везучий	NOT_NOUN
вековой	NOT_NOUN
велено	NOT_NOUN
велеть	NOT_NOUN
великий	NOT_NOUN
венный	NOT_NOUN
венски	NOT_NOUN
венский	NOT_NOUN
венчать	NOT_NOUN
вепсски	NOT_NOUN
вербный	NOT_NOUN
верить	NOT_NOUN
вернее	NOT_NOUN
верно	NOT_NOUN
вернуть	NOT_NOUN
верный	NOT_NOUN
вертеть	NOT_NOUN
верть	NOT_NOUN
верфный	NOT_NOUN
верхами	NOT_NOUN
верхний	NOT_NOUN
верхом	NOT_NOUN
вершить	NOT_NOUN
весело	NOT_NOUN
весить	NOT_NOUN
веский	NOT_NOUN
веско	NOT_NOUN
весной	NOT_NOUN
весною	NOT_NOUN
весовой	NOT_NOUN
весомо	NOT_NOUN
весомый	NOT_NOUN
вести	NOT_NOUN
вестимо	NOT_NOUN
вестись	NOT_NOUN
весьма	NOT_NOUN
весёлый	NOT_NOUN
ветрено	NOT_NOUN
ветреть	NOT_NOUN
ветряно	NOT_NOUN
ветхий	NOT_NOUN
ветшать	NOT_NOUN
вечевой	NOT_NOUN
вечером	NOT_NOUN
вечно	NOT_NOUN
вечный	NOT_NOUN
вечор	NOT_NOUN
вешать	NOT_NOUN
вешить	NOT_NOUN
вешний	NOT_NOUN
вещать	NOT_NOUN
вещевой	NOT_NOUN
вещий	NOT_NOUN
вещно	NOT_NOUN
вещный	NOT_NOUN
веяный	NOT_NOUN
веять	NOT_NOUN
веяться	NOT_NOUN
вжать	NOT_NOUN
вжаться	NOT_NOUN
вживе	NOT_NOUN
вживить	NOT_NOUN
вживую	NOT_NOUN
вжимать	NOT_NOUN
вжиться	NOT_NOUN
взад	NOT_NOUN
взаимно	NOT_NOUN
взаймы	NOT_NOUN
взамен	NOT_NOUN
взасос	NOT_NOUN
взахлёб	NOT_NOUN
взашей	NOT_NOUN
взаём	NOT_NOUN
взбить	NOT_NOUN
взвезти	NOT_NOUN
взвести	NOT_NOUN
взвеять	NOT_NOUN
взвить	NOT_NOUN
взводно	NOT_NOUN
взвыть	NOT_NOUN
взгреть	NOT_NOUN
вздеть	NOT_NOUN
вздорно	NOT_NOUN
вздутый	NOT_NOUN
вздуть	NOT_NOUN
взимать	NOT_NOUN
взирать	NOT_NOUN
взлезть	NOT_NOUN
взмести	NOT_NOUN
взмыть	NOT_NOUN
взнести	NOT_NOUN
взойти	NOT_NOUN
взрасти	NOT_NOUN
взрыть	NOT_NOUN
взывать	NOT_NOUN
взять	NOT_NOUN
взяться	NOT_NOUN
вибрато	NOT_NOUN
виват	NOT_NOUN
виваче	NOT_NOUN
виво	NOT_NOUN
видалый	NOT_NOUN
видать	NOT_NOUN
видеть	NOT_NOUN
видимо	NOT_NOUN
видимый	NOT_NOUN
видно	NOT_NOUN
видный	NOT_NOUN
видовой	NOT_NOUN
визжать	NOT_NOUN
визовый	NOT_NOUN
виковый	NOT_NOUN
вилять	NOT_NOUN
винить	NOT_NOUN
винный	NOT_NOUN
винтить	NOT_NOUN
вирный	NOT_NOUN
висеть	NOT_NOUN
вислый	NOT_NOUN
виснуть	NOT_NOUN
висячий	NOT_NOUN
витать	NOT_NOUN
витой	NOT_NOUN
виттов	NOT_NOUN
вить	NOT_NOUN
виться	NOT_NOUN
вихлять	NOT_NOUN
вишь	NOT_NOUN
вкапать	NOT_NOUN
вкатать	NOT_NOUN
вкатить	NOT_NOUN
вкачать	NOT_NOUN
вкидать	NOT_NOUN
вкинуть	NOT_NOUN
вклеить	NOT_NOUN
включая	NOT_NOUN
вковать	NOT_NOUN
вколоть	NOT_NOUN
вконец	NOT_NOUN
вкопать	NOT_NOUN
вкось	NOT_NOUN
вкратце	NOT_NOUN
вкривь	NOT_NOUN
вкроить	NOT_NOUN
вкруг	NOT_NOUN
вкрутую	NOT_NOUN
вкупе	NOT_NOUN
вкусить	NOT_NOUN
вкусно	NOT_NOUN
вкусный	NOT_NOUN
вкушать	NOT_NOUN
влагать	NOT_NOUN
владеть	NOT_NOUN
влажно	NOT_NOUN
влажный	NOT_NOUN
влазить	NOT_NOUN
властно	NOT_NOUN
влачить	NOT_NOUN
влево	NOT_NOUN
влезать	NOT_NOUN
влезть	NOT_NOUN
влепить	NOT_NOUN
влетать	NOT_NOUN
влететь	NOT_NOUN
влечь	NOT_NOUN
влечься	NOT_NOUN
вливать	NOT_NOUN
влипать	NOT_NOUN
влитой	NOT_NOUN
влить	NOT_NOUN
влиться	NOT_NOUN
влиять	NOT_NOUN
вложить	NOT_NOUN
влюбе	NOT_NOUN
влюбить	NOT_NOUN
вляпать	NOT_NOUN
влёгкую	NOT_NOUN
вмазать	NOT_NOUN
вменить	NOT_NOUN
вменять	NOT_NOUN
вмесить	NOT_NOUN
вместе	NOT_NOUN
вмести	NOT_NOUN
вместо	NOT_NOUN
вметать	NOT_NOUN
вмешать	NOT_NOUN
вмещать	NOT_NOUN
вмиг	NOT_NOUN
вминать	NOT_NOUN
вмотать	NOT_NOUN
вмять	NOT_NOUN
вмяться	NOT_NOUN
внаймы	NOT_NOUN
внакрой	NOT_NOUN
вначале	NOT_NOUN
внаём	NOT_NOUN
внести	NOT_NOUN
внешне	NOT_NOUN
внешний	NOT_NOUN
вниз	NOT_NOUN
внизу	NOT_NOUN
вникать	NOT_NOUN
внимать	NOT_NOUN
вничью	NOT_NOUN
внове	NOT_NOUN
вновь	NOT_NOUN
вносить	NOT_NOUN
внутри	NOT_NOUN
внутрь	NOT_NOUN
внучий	NOT_NOUN
внучкин	NOT_NOUN
внушать	NOT_NOUN
внушить	NOT_NOUN
внятно	NOT_NOUN
внятный	NOT_NOUN
внять	NOT_NOUN
вобрать	NOT_NOUN
вовек	NOT_NOUN
вовеки	NOT_NOUN
вовлечь	NOT_NOUN
вовне	NOT_NOUN
вовремя	NOT_NOUN
вовсе	NOT_NOUN
вовсю	NOT_NOUN
вогнать	NOT_NOUN
вогнуть	NOT_NOUN
водить	NOT_NOUN
водный	NOT_NOUN
воевать	NOT_NOUN
воедино	NOT_NOUN
воздать	NOT_NOUN
воздеть	NOT_NOUN
возжечь	NOT_NOUN
возить	NOT_NOUN
возле	NOT_NOUN
возлечь	NOT_NOUN
возлить	NOT_NOUN
возмочь	NOT_NOUN
возовой	NOT_NOUN
воински	NOT_NOUN
войти	NOT_NOUN
вокруг	NOT_NOUN
волглый	NOT_NOUN
волевой	NOT_NOUN
волей	NOT_NOUN
волжски	NOT_NOUN
воловий	NOT_NOUN
волоком	NOT_NOUN
волочь	NOT_NOUN
волчий	NOT_NOUN
волчком	NOT_NOUN
вольно	NOT_NOUN
вольтов	NOT_NOUN
вомчать	NOT_NOUN
вонзать	NOT_NOUN
вонзить	NOT_NOUN
вонючий	NOT_NOUN
вонять	NOT_NOUN
вообще	NOT_NOUN
воочию	NOT_NOUN
воочью	NOT_NOUN
вопить	NOT_NOUN
вопиять	NOT_NOUN
вопреки	NOT_NOUN
вороний	NOT_NOUN
ворсить	NOT_NOUN
ворчать	NOT_NOUN
восемь	NOT_NOUN
восемью	NOT_NOUN
вослед	NOT_NOUN
воспеть	NOT_NOUN
востро	NOT_NOUN
вострый	NOT_NOUN
восьмой	NOT_NOUN
воткать	NOT_NOUN
вотский	NOT_NOUN
вотще	NOT_NOUN
вощаной	NOT_NOUN
вощить	NOT_NOUN
вощёный	NOT_NOUN
впадать	NOT_NOUN
впалый	NOT_NOUN
впасть	NOT_NOUN
впаять	NOT_NOUN
впекать	NOT_NOUN
впервой	NOT_NOUN
впервые	NOT_NOUN
впереди	NOT_NOUN
впереть	NOT_NOUN
вперить	NOT_NOUN
вперять	NOT_NOUN
вперёд	NOT_NOUN
впечь	NOT_NOUN
впивать	NOT_NOUN
впирать	NOT_NOUN
вписать	NOT_NOUN
впитать	NOT_NOUN
впить	NOT_NOUN
впиться	NOT_NOUN
впихать	NOT_NOUN
вплавь	NOT_NOUN
вплести	NOT_NOUN
вплоть	NOT_NOUN
вплыть	NOT_NOUN
вползти	NOT_NOUN
вполне	NOT_NOUN
вполуха	NOT_NOUN
впопад	NOT_NOUN
впору	NOT_NOUN
вправду	NOT_NOUN
вправе	NOT_NOUN
вправо	NOT_NOUN
впредь	NOT_NOUN
впритир	NOT_NOUN
впритык	NOT_NOUN
вприщур	NOT_NOUN
впрок	NOT_NOUN
впросак	NOT_NOUN
впрочем	NOT_NOUN
впрямую	NOT_NOUN
впрямь	NOT_NOUN
впрясть	NOT_NOUN
впрячь	NOT_NOUN
впусте	NOT_NOUN
впустую	NOT_NOUN
впутать	NOT_NOUN
впялить	NOT_NOUN
впятеро	NOT_NOUN
впятить	NOT_NOUN
вражий	NOT_NOUN
враз	NOT_NOUN
вразвес	NOT_NOUN
вразлад	NOT_NOUN
вразлёт	NOT_NOUN
вразмах	NOT_NOUN
вразмёт	NOT_NOUN
вразнос	NOT_NOUN
вразрез	NOT_NOUN
враспор	NOT_NOUN
врасти	NOT_NOUN
врать	NOT_NOUN
враться	NOT_NOUN
вращать	NOT_NOUN
вредить	NOT_NOUN
вредно	NOT_NOUN
вредный	NOT_NOUN
врезать	NOT_NOUN
врезной	NOT_NOUN
вровень	NOT_NOUN
вроде	NOT_NOUN
врознь	NOT_NOUN
врозь	NOT_NOUN
врубать	NOT_NOUN
врубить	NOT_NOUN
вручать	NOT_NOUN
вручить	NOT_NOUN
вручную	NOT_NOUN
врывать	NOT_NOUN
врыть	NOT_NOUN
врыться	NOT_NOUN
вряд	NOT_NOUN
всадить	NOT_NOUN
всевать	NOT_NOUN
всегда	NOT_NOUN
всего	NOT_NOUN
вселить	NOT_NOUN
вселять	NOT_NOUN
всемеро	NOT_NOUN
всерьёз	NOT_NOUN
всецело	NOT_NOUN
всеять	NOT_NOUN
вскачь	NOT_NOUN
всклянь	NOT_NOUN
вскоре	NOT_NOUN
вскрыть	NOT_NOUN
всласть	NOT_NOUN
вслед	NOT_NOUN
вслепую	NOT_NOUN
вслух	NOT_NOUN
всмятку	NOT_NOUN
всовать	NOT_NOUN
всосать	NOT_NOUN
всплыть	NOT_NOUN
вспоить	NOT_NOUN
вспять	NOT_NOUN
встарь	NOT_NOUN
встать	NOT_NOUN
встрять	NOT_NOUN
встык	NOT_NOUN
всуе	NOT_NOUN
всунуть	NOT_NOUN
всухую	NOT_NOUN
всучить	NOT_NOUN
всхожий	NOT_NOUN
всыпать	NOT_NOUN
всюду	NOT_NOUN
всяк	NOT_NOUN
всякая	NOT_NOUN
всякий	NOT_NOUN
всяко	NOT_NOUN
всякое	NOT_NOUN
втайне	NOT_NOUN
втачать	NOT_NOUN
втащить	NOT_NOUN
втекать	NOT_NOUN
втереть	NOT_NOUN
втечь	NOT_NOUN
втирать	NOT_NOUN
втихаря	NOT_NOUN
втихую	NOT_NOUN
втолочь	NOT_NOUN
вторить	NOT_NOUN
второй	NOT_NOUN
втрое	NOT_NOUN
втройне	NOT_NOUN
втроём	NOT_NOUN
втуне	NOT_NOUN
втыкать	NOT_NOUN
втяжной	NOT_NOUN
втянуть	NOT_NOUN
втёмную	NOT_NOUN
входить	NOT_NOUN
входной	NOT_NOUN
вхожий	NOT_NOUN
вцедить	NOT_NOUN
вчера	NOT_NOUN
вчерась	NOT_NOUN
вчерне	NOT_NOUN
вчинить	NOT_NOUN
вчинять	NOT_NOUN
вчистую	NOT_NOUN
вчуже	NOT_NOUN
вшибать	NOT_NOUN
вшибить	NOT_NOUN
вшивать	NOT_NOUN
вшиветь	NOT_NOUN
вшивной	NOT_NOUN
вшивый	NOT_NOUN
вширь	NOT_NOUN
вшить	NOT_NOUN
въезжий	NOT_NOUN
въехать	NOT_NOUN
въяве	NOT_NOUN
въявь	NOT_NOUN
выбить	NOT_NOUN
выбрать	NOT_NOUN
выбрить	NOT_NOUN
выбыть	NOT_NOUN
вывезти	NOT_NOUN
вывести	NOT_NOUN
вывеять	NOT_NOUN
вывить	NOT_NOUN
выгнать	NOT_NOUN
выгнить	NOT_NOUN
выгнуть	NOT_NOUN
выгодно	NOT_NOUN
выдать	NOT_NOUN
выдоить	NOT_NOUN
выдрать	NOT_NOUN
выдуть	NOT_NOUN
выедать	NOT_NOUN
выесть	NOT_NOUN
выехать	NOT_NOUN
выжать	NOT_NOUN
выждать	NOT_NOUN
выжечь	NOT_NOUN
выжить	NOT_NOUN
выжрать	NOT_NOUN
вызвать	NOT_NOUN
вызнать	NOT_NOUN
вызреть	NOT_NOUN
выйный	NOT_NOUN
выйти	NOT_NOUN
выкать	NOT_NOUN
выкрыть	NOT_NOUN
вылезти	NOT_NOUN
вылезть	NOT_NOUN
вылитый	NOT_NOUN
вылить	NOT_NOUN
вымести	NOT_NOUN
вымский	NOT_NOUN
вымчать	NOT_NOUN
вымыть	NOT_NOUN
вымять	NOT_NOUN
вынести	NOT_NOUN
вынуть	NOT_NOUN
выпасти	NOT_NOUN
выпасть	NOT_NOUN
выпаять	NOT_NOUN
выпеть	NOT_NOUN
выпечь	NOT_NOUN
выпить	NOT_NOUN
выплыть	NOT_NOUN
выпоить	NOT_NOUN
выпреть	NOT_NOUN
выпрячь	NOT_NOUN
выпукло	NOT_NOUN
вырасти	NOT_NOUN
вырвать	NOT_NOUN
вырыть	NOT_NOUN
высечь	NOT_NOUN
высеять	NOT_NOUN
выслать	NOT_NOUN
высокий	NOT_NOUN
высоко	NOT_NOUN
выспеть	NOT_NOUN
выстыть	NOT_NOUN
вытаять	NOT_NOUN
вытечь	NOT_NOUN
выткать	NOT_NOUN
выудить	NOT_NOUN
выучить	NOT_NOUN
вычесть	NOT_NOUN
вычурно	NOT_NOUN
выше	NOT_NOUN
вышитый	NOT_NOUN
вышить	NOT_NOUN
вышний	NOT_NOUN
выявить	NOT_NOUN
вьюжить	NOT_NOUN
вьюжный	NOT_NOUN
вьючить	NOT_NOUN
вьючный	NOT_NOUN
вяжущий	NOT_NOUN
вязаный	NOT_NOUN
вязать	NOT_NOUN
вязевый	NOT_NOUN
вязкий	NOT_NOUN
вязко	NOT_NOUN
вязнуть	NOT_NOUN
вязовый	NOT_NOUN
вякать	NOT_NOUN
вякнуть	NOT_NOUN
вяленый	NOT_NOUN
вялить	NOT_NOUN
вяло	NOT_NOUN
вялый	NOT_NOUN
вянуть	NOT_NOUN
вятский	NOT_NOUN
вящий	NOT_NOUN
вёрткий	NOT_NOUN
вёртко	NOT_NOUN
гавкать	NOT_NOUN
гагарий	NOT_NOUN
гагачий	NOT_NOUN
гадать	NOT_NOUN
гадить	NOT_NOUN
гадкий	NOT_NOUN
гадко	NOT_NOUN
гадючий	NOT_NOUN
гаерски	NOT_NOUN
гаечный	NOT_NOUN
газелий	NOT_NOUN
газовый	NOT_NOUN
гаишный	NOT_NOUN
гайский	NOT_NOUN
галдеть	NOT_NOUN
галичий	NOT_NOUN
галопом	NOT_NOUN
галочий	NOT_NOUN
гански	NOT_NOUN
ганский	NOT_NOUN
гаревой	NOT_NOUN
гаревый	NOT_NOUN
гаркать	NOT_NOUN
гарно	NOT_NOUN
гарный	NOT_NOUN
гасить	NOT_NOUN
гаснуть	NOT_NOUN
гатить	NOT_NOUN
гауссов	NOT_NOUN
гачный	NOT_NOUN
гашёный	NOT_NOUN
генный	NOT_NOUN
геол	NOT_NOUN
герне	NOT_NOUN
геть	NOT_NOUN
гибкий	NOT_NOUN
гибко	NOT_NOUN
гиблый	NOT_NOUN
гибнуть	NOT_NOUN
гикать	NOT_NOUN
гикнуть	NOT_NOUN
гингко	NOT_NOUN
гинуть	NOT_NOUN
гиревой	NOT_NOUN
главный	NOT_NOUN
главый	NOT_NOUN
гладить	NOT_NOUN
гладкий	NOT_NOUN
гладко	NOT_NOUN
глазеть	NOT_NOUN
глазной	NOT_NOUN
гласить	NOT_NOUN
гласно	NOT_NOUN
глинный	NOT_NOUN
глодать	NOT_NOUN
глотать	NOT_NOUN
глубоко	NOT_NOUN
глупеть	NOT_NOUN
глупить	NOT_NOUN
глупо	NOT_NOUN
глупый	NOT_NOUN
глухо	NOT_NOUN
глухой	NOT_NOUN
глушить	NOT_NOUN
глючный	NOT_NOUN
глядеть	NOT_NOUN
глядь	NOT_NOUN
глянуть	NOT_NOUN
гнать	NOT_NOUN
гнаться	NOT_NOUN
гневить	NOT_NOUN
гневно	NOT_NOUN
гневный	NOT_NOUN
гнести	NOT_NOUN
гнетуще	NOT_NOUN
гнидный	NOT_NOUN
гнилой	NOT_NOUN
гнить	NOT_NOUN
гноевой	NOT_NOUN
гноевый	NOT_NOUN
гноить	NOT_NOUN
гнойный	NOT_NOUN
гнусить	NOT_NOUN
гнусно	NOT_NOUN
гнусный	NOT_NOUN
гнутый	NOT_NOUN
гнуть	NOT_NOUN
гнуться	NOT_NOUN
говеть	NOT_NOUN
говорят	NOT_NOUN
говяжий	NOT_NOUN
годами	NOT_NOUN
годить	NOT_NOUN
годный	NOT_NOUN
годовой	NOT_NOUN
голевой	NOT_NOUN
голимый	NOT_NOUN
голо	NOT_NOUN
голодно	NOT_NOUN
голубой	NOT_NOUN
голый	NOT_NOUN
голышом	NOT_NOUN
гольём	NOT_NOUN
гонимый	NOT_NOUN
гонкий	NOT_NOUN
гонко	NOT_NOUN
гончий	NOT_NOUN
гонять	NOT_NOUN
гопать	NOT_NOUN
гопля	NOT_NOUN
горазд	NOT_NOUN
гораздо	NOT_NOUN
горбато	NOT_NOUN
горбить	NOT_NOUN
гордиев	NOT_NOUN
гордо	NOT_NOUN
гордый	NOT_NOUN
горелый	NOT_NOUN
гореть	NOT_NOUN
горклый	NOT_NOUN
горний	NOT_NOUN
горный	NOT_NOUN
горски	NOT_NOUN
горский	NOT_NOUN
горчить	NOT_NOUN
горший	NOT_NOUN
горько	NOT_NOUN
горючий	NOT_NOUN
горячий	NOT_NOUN
горячо	NOT_NOUN
гостить	NOT_NOUN
готичен	NOT_NOUN
готично	NOT_NOUN
готовно	NOT_NOUN
готовый	NOT_NOUN
готски	NOT_NOUN
готский	NOT_NOUN
гофрить	NOT_NOUN
грабить	NOT_NOUN
граве	NOT_NOUN
градом	NOT_NOUN
гранить	NOT_NOUN
гранный	NOT_NOUN
графить	NOT_NOUN
графски	NOT_NOUN
граять	NOT_NOUN
гребной	NOT_NOUN
грезить	NOT_NOUN
греметь	NOT_NOUN
грести	NOT_NOUN
греть	NOT_NOUN
греться	NOT_NOUN
грецкий	NOT_NOUN
греч	NOT_NOUN
грешить	NOT_NOUN
грешно	NOT_NOUN
грешный	NOT_NOUN
грибной	NOT_NOUN
гробить	NOT_NOUN
грозить	NOT_NOUN
грозно	NOT_NOUN
громить	NOT_NOUN
громкий	NOT_NOUN
громко	NOT_NOUN
грох	NOT_NOUN
грохать	NOT_NOUN
грубеть	NOT_NOUN
грубить	NOT_NOUN
грубо	NOT_NOUN
грубый	NOT_NOUN
грудной	NOT_NOUN
грузить	NOT_NOUN
грузно	NOT_NOUN
грузный	NOT_NOUN
грустно	NOT_NOUN
грызть	NOT_NOUN
грядной	NOT_NOUN
грязно	NOT_NOUN
грязный	NOT_NOUN
грянуть	NOT_NOUN
грясти	NOT_NOUN
губить	NOT_NOUN
губный	NOT_NOUN
гугнить	NOT_NOUN
гугу	NOT_NOUN
гудеть	NOT_NOUN
гужевой	NOT_NOUN
гужом	NOT_NOUN
гукать	NOT_NOUN
гукнуть	NOT_NOUN
гулкий	NOT_NOUN
гулко	NOT_NOUN
гулькин	NOT_NOUN
гулять	NOT_NOUN
гулящий	NOT_NOUN
гуманно	NOT_NOUN
гумкать	NOT_NOUN
гундосо	NOT_NOUN
гуннски	NOT_NOUN
гунявый	NOT_NOUN
гуртом	NOT_NOUN
гусем	NOT_NOUN
гусиный	NOT_NOUN
густеть	NOT_NOUN
густи	NOT_NOUN
густить	NOT_NOUN
густо	NOT_NOUN
густой	NOT_NOUN
гуськом	NOT_NOUN
гусячий	NOT_NOUN
гымкать	NOT_NOUN
дабы	NOT_NOUN
давать	NOT_NOUN
давеча	NOT_NOUN
давить	NOT_NOUN
давний	NOT_NOUN
давно	NOT_NOUN
давнуть	NOT_NOUN
давящий	NOT_NOUN
даже	NOT_NOUN
даивать	NOT_NOUN
далее	NOT_NOUN
далеко	NOT_NOUN
далече	NOT_NOUN
дальний	NOT_NOUN
далёкий	NOT_NOUN
дамски	NOT_NOUN
дамский	NOT_NOUN
данный	NOT_NOUN
дарить	NOT_NOUN
даровой	NOT_NOUN
даром	NOT_NOUN
дарёный	NOT_NOUN
датски	NOT_NOUN
датский	NOT_NOUN
дать	NOT_NOUN
даться	NOT_NOUN
дачный	NOT_NOUN
дважды	NOT_NOUN
дверной	NOT_NOUN
двести	NOT_NOUN
двигать	NOT_NOUN
двинуть	NOT_NOUN
двое	NOT_NOUN
двоить	NOT_NOUN
двойной	NOT_NOUN
двоякий	NOT_NOUN
двояко	NOT_NOUN
дебелый	NOT_NOUN
девать	NOT_NOUN
деверев	NOT_NOUN
девий	NOT_NOUN
девицын	NOT_NOUN
девичий	NOT_NOUN
девкин	NOT_NOUN
девятый	NOT_NOUN
девять	NOT_NOUN
девятью	NOT_NOUN
дедов	NOT_NOUN
дековый	NOT_NOUN
деланно	NOT_NOUN
делать	NOT_NOUN
делимый	NOT_NOUN
делить	NOT_NOUN
деловой	NOT_NOUN
дель	NOT_NOUN
дельно	NOT_NOUN
дельный	NOT_NOUN
денно	NOT_NOUN
денной	NOT_NOUN
держать	NOT_NOUN
дерзать	NOT_NOUN
дерзить	NOT_NOUN
дерзкий	NOT_NOUN
дерзко	NOT_NOUN
дернеть	NOT_NOUN
дернить	NOT_NOUN
дескать	NOT_NOUN
десятый	NOT_NOUN
десять	NOT_NOUN
десятью	NOT_NOUN
детски	NOT_NOUN
детский	NOT_NOUN
деть	NOT_NOUN
деться	NOT_NOUN
дешёвый	NOT_NOUN
деяться	NOT_NOUN
дзинь	NOT_NOUN
дивить	NOT_NOUN
дивно	NOT_NOUN
дивный	NOT_NOUN
диезный	NOT_NOUN
диетный	NOT_NOUN
дикий	NOT_NOUN
дико	NOT_NOUN
димин	NOT_NOUN
димкин	NOT_NOUN
динской	NOT_NOUN
диодный	NOT_NOUN
дичать	NOT_NOUN
дичком	NOT_NOUN
длинно	NOT_NOUN
длинный	NOT_NOUN
длить	NOT_NOUN
длиться	NOT_NOUN
дневать	NOT_NOUN
дневной	NOT_NOUN
дневный	NOT_NOUN
днесь	NOT_NOUN
днями	NOT_NOUN
днём	NOT_NOUN
добела	NOT_NOUN
добить	NOT_NOUN
добрать	NOT_NOUN
добреть	NOT_NOUN
добрить	NOT_NOUN
добром	NOT_NOUN
добрый	NOT_NOUN
добыть	NOT_NOUN
довезти	NOT_NOUN
довеку	NOT_NOUN
доверху	NOT_NOUN
довести	NOT_NOUN
довеять	NOT_NOUN
довить	NOT_NOUN
довлеть	NOT_NOUN
догнать	NOT_NOUN
догнить	NOT_NOUN
догола	NOT_NOUN
додать	NOT_NOUN
доднесь	NOT_NOUN
додрать	NOT_NOUN
доедать	NOT_NOUN
доесть	NOT_NOUN
доехать	NOT_NOUN
дожать	NOT_NOUN
дождить	NOT_NOUN
дожечь	NOT_NOUN
дожить	NOT_NOUN
дожрать	NOT_NOUN
дозовый	NOT_NOUN
дозреть	NOT_NOUN
доить	NOT_NOUN
доиться	NOT_NOUN
дойкий	NOT_NOUN
дойный	NOT_NOUN
дойти	NOT_NOUN
доковый	NOT_NOUN
доколе	NOT_NOUN
доколь	NOT_NOUN
докрыть	NOT_NOUN
докуда	NOT_NOUN
докучно	NOT_NOUN
долбать	NOT_NOUN
долбить	NOT_NOUN
долгий	NOT_NOUN
долго	NOT_NOUN
доле	NOT_NOUN
долевой	NOT_NOUN
долее	NOT_NOUN
долезть	NOT_NOUN
должать	NOT_NOUN
должно	NOT_NOUN
должный	NOT_NOUN
долить	NOT_NOUN
долой	NOT_NOUN
долу	NOT_NOUN
дольний	NOT_NOUN
дольный	NOT_NOUN
дольче	NOT_NOUN
дома	NOT_NOUN
домести	NOT_NOUN
домовый	NOT_NOUN
домой	NOT_NOUN
домский	NOT_NOUN
домчать	NOT_NOUN
домыть	NOT_NOUN
домять	NOT_NOUN
донага	NOT_NOUN
донести	NOT_NOUN
донизу	NOT_NOUN
донный	NOT_NOUN
донский	NOT_NOUN
доныне	NOT_NOUN
донять	NOT_NOUN
допасти	NOT_NOUN
допаять	NOT_NOUN
допеть	NOT_NOUN
допечь	NOT_NOUN
допить	NOT_NOUN
доплыть	NOT_NOUN
допоить	NOT_NOUN
дополна	NOT_NOUN
допреть	NOT_NOUN
допьяна	NOT_NOUN
дорасти	NOT_NOUN
дорвать	NOT_NOUN
дорого	NOT_NOUN
дорогой	NOT_NOUN
дорыть	NOT_NOUN
досадно	NOT_NOUN
досдать	NOT_NOUN
доселе	NOT_NOUN
досель	NOT_NOUN
досеять	NOT_NOUN
досиня	NOT_NOUN
дослать	NOT_NOUN
доснять	NOT_NOUN
доспать	NOT_NOUN
доспеть	NOT_NOUN
достать	NOT_NOUN
досужий	NOT_NOUN
досуха	NOT_NOUN
досыта	NOT_NOUN
досюда	NOT_NOUN
дотаять	NOT_NOUN
дотемна	NOT_NOUN
дотечь	NOT_NOUN
доткать	NOT_NOUN
дотла	NOT_NOUN
дотлеть	NOT_NOUN
дотоле	NOT_NOUN
дотоль	NOT_NOUN
дотошно	NOT_NOUN
дотуда	NOT_NOUN
доучить	NOT_NOUN
дохлый	NOT_NOUN
дохнуть	NOT_NOUN
дочерин	NOT_NOUN
дочерна	NOT_NOUN
дочесть	NOT_NOUN
дочиста	NOT_NOUN
дочкин	NOT_NOUN
дошить	NOT_NOUN
дошлый	NOT_NOUN
дощаной	NOT_NOUN
дощатый	NOT_NOUN
доёный	NOT_NOUN
дражный	NOT_NOUN
драить	NOT_NOUN
драный	NOT_NOUN
драпать	NOT_NOUN
драть	NOT_NOUN
драться	NOT_NOUN
древний	NOT_NOUN
дремать	NOT_NOUN
дробить	NOT_NOUN
дробно	NOT_NOUN
дробный	NOT_NOUN
дрожать	NOT_NOUN
дрожмя	NOT_NOUN
дрочить	NOT_NOUN
другой	NOT_NOUN
дружить	NOT_NOUN
дружно	NOT_NOUN
дружный	NOT_NOUN
дрыг	NOT_NOUN
дрыгать	NOT_NOUN
дрыхать	NOT_NOUN
дрючить	NOT_NOUN
дрябло	NOT_NOUN
дряблый	NOT_NOUN
дрянно	NOT_NOUN
дрянной	NOT_NOUN
дрянный	NOT_NOUN
дряхло	NOT_NOUN
дряхлый	NOT_NOUN
дубить	NOT_NOUN
дубовый	NOT_NOUN
дуговой	NOT_NOUN
дудеть	NOT_NOUN
дудки	NOT_NOUN
дульный	NOT_NOUN
думать	NOT_NOUN
думный	NOT_NOUN
думский	NOT_NOUN
дунуть	NOT_NOUN
дурашно	NOT_NOUN
дуреть	NOT_NOUN
дурий	NOT_NOUN
дурить	NOT_NOUN
дурнеть	NOT_NOUN
дурно	NOT_NOUN
дурной	NOT_NOUN
дуто	NOT_NOUN
дутый	NOT_NOUN
дуть	NOT_NOUN
дуться	NOT_NOUN
духмяно	NOT_NOUN
духовно	NOT_NOUN
духовой	NOT_NOUN
духом	NOT_NOUN
душевно	NOT_NOUN
душевой	NOT_NOUN
душисто	NOT_NOUN
душить	NOT_NOUN
душно	NOT_NOUN
душный	NOT_NOUN
душёный	NOT_NOUN
дуэтный	NOT_NOUN
дыбом	NOT_NOUN
дымить	NOT_NOUN
дымно	NOT_NOUN
дымный	NOT_NOUN
дымовой	NOT_NOUN
дынный	NOT_NOUN
дырявый	NOT_NOUN
дыхнуть	NOT_NOUN
дышать	NOT_NOUN
дюже	NOT_NOUN
дюжеть	NOT_NOUN
дюжий	NOT_NOUN
дюнный	NOT_NOUN
дядин	NOT_NOUN
дёрг	NOT_NOUN
дёргать	NOT_NOUN
дёрнуть	NOT_NOUN
дёшево	NOT_NOUN
егозить	NOT_NOUN
едать	NOT_NOUN
едаться	NOT_NOUN
едва	NOT_NOUN
единить	NOT_NOUN
единый	NOT_NOUN
едкий	NOT_NOUN
едко	NOT_NOUN
едучий	NOT_NOUN
ежели	NOT_NOUN
ежовый	NOT_NOUN
ежом	NOT_NOUN
ездить	NOT_NOUN
езжалый	NOT_NOUN
езжать	NOT_NOUN
езженый	NOT_NOUN
ейский	NOT_NOUN
екать	NOT_NOUN
елевый	NOT_NOUN
елейный	NOT_NOUN
елецкий	NOT_NOUN
елико	NOT_NOUN
еловый	NOT_NOUN
елозить	NOT_NOUN
ерошить	NOT_NOUN
ершисто	NOT_NOUN
ершить	NOT_NOUN
ершовый	NOT_NOUN
ершом	NOT_NOUN
если	NOT_NOUN
есть	NOT_NOUN
есться	NOT_NOUN
ехать	NOT_NOUN
ехидно	NOT_NOUN
ехидный	NOT_NOUN
жабий	NOT_NOUN
жабный	NOT_NOUN
жаднеть	NOT_NOUN
жадно	NOT_NOUN
жадный	NOT_NOUN
жаждать	NOT_NOUN
жалеть	NOT_NOUN
жалить	NOT_NOUN
жалкий	NOT_NOUN
жалко	NOT_NOUN
жалобно	NOT_NOUN
жаль	NOT_NOUN
жамкать	NOT_NOUN
жареный	NOT_NOUN
жарить	NOT_NOUN
жаркий	NOT_NOUN
жарко	NOT_NOUN
жаровой	NOT_NOUN
жатый	NOT_NOUN
жать	NOT_NOUN
жаться	NOT_NOUN
жахать	NOT_NOUN
жахнуть	NOT_NOUN
жвачный	NOT_NOUN
жгучий	NOT_NOUN
ждать	NOT_NOUN
ждаться	NOT_NOUN
жевать	NOT_NOUN
желать	NOT_NOUN
железно	NOT_NOUN
желтеть	NOT_NOUN
желтить	NOT_NOUN
жеманно	NOT_NOUN
женатый	NOT_NOUN
женин	NOT_NOUN
женить	NOT_NOUN
женихов	NOT_NOUN
женски	NOT_NOUN
женский	NOT_NOUN
жерёбый	NOT_NOUN
жестоко	NOT_NOUN
жечь	NOT_NOUN
жечься	NOT_NOUN
жжёный	NOT_NOUN
живать	NOT_NOUN
живить	NOT_NOUN
живо	NOT_NOUN
живучий	NOT_NOUN
живьём	NOT_NOUN
жидкий	NOT_NOUN
жидко	NOT_NOUN
жилить	NOT_NOUN
жилой	NOT_NOUN
жильный	NOT_NOUN
жиреть	NOT_NOUN
жирнеть	NOT_NOUN
жирно	NOT_NOUN
жирный	NOT_NOUN
жировой	NOT_NOUN
житный	NOT_NOUN
жить	NOT_NOUN
житься	NOT_NOUN
жмурить	NOT_NOUN
жрать	NOT_NOUN
жраться	NOT_NOUN
жужжать	NOT_NOUN
жулить	NOT_NOUN
журить	NOT_NOUN
журчать	NOT_NOUN
жуткий	NOT_NOUN
жутко	NOT_NOUN
жухлый	NOT_NOUN
жухнуть	NOT_NOUN
жучить	NOT_NOUN
жёваный	NOT_NOUN
жёлтый	NOT_NOUN
жёлчно	NOT_NOUN
жёлчный	NOT_NOUN
жёсткий	NOT_NOUN
жёстко	NOT_NOUN
заалеть	NOT_NOUN
заахать	NOT_NOUN
забавно	NOT_NOUN
забитый	NOT_NOUN
забить	NOT_NOUN
забрать	NOT_NOUN
забрить	NOT_NOUN
забытый	NOT_NOUN
забыть	NOT_NOUN
завезти	NOT_NOUN
завести	NOT_NOUN
завеять	NOT_NOUN
завидно	NOT_NOUN
завитой	NOT_NOUN
завить	NOT_NOUN
завлечь	NOT_NOUN
завтра	NOT_NOUN
завыть	NOT_NOUN
завялый	NOT_NOUN
загнать	NOT_NOUN
загнить	NOT_NOUN
загнуть	NOT_NOUN
загодя	NOT_NOUN
задарма	NOT_NOUN
задаром	NOT_NOUN
задать	NOT_NOUN
задеть	NOT_NOUN
задний	NOT_NOUN
задолго	NOT_NOUN
задом	NOT_NOUN
задорно	NOT_NOUN
задрать	NOT_NOUN
задуть	NOT_NOUN
заебись	NOT_NOUN
заедать	NOT_NOUN
заедино	NOT_NOUN
заездом	NOT_NOUN
заезжий	NOT_NOUN
заесть	NOT_NOUN
заехать	NOT_NOUN
зажать	NOT_NOUN
зажечь	NOT_NOUN
заживо	NOT_NOUN
зажить	NOT_NOUN
зазвать	NOT_NOUN
зазжечь	NOT_NOUN
зазорно	NOT_NOUN
зазрить	NOT_NOUN
зазря	NOT_NOUN
зазывно	NOT_NOUN
заилить	NOT_NOUN
заиметь	NOT_NOUN
зайти	NOT_NOUN
зайтись	NOT_NOUN
заклать	NOT_NOUN
законно	NOT_NOUN
закрыть	NOT_NOUN
залаять	NOT_NOUN
залезть	NOT_NOUN
залечь	NOT_NOUN
залить	NOT_NOUN
залпом	NOT_NOUN
зальный	NOT_NOUN
замаять	NOT_NOUN
замести	NOT_NOUN
заместо	NOT_NOUN
заметно	NOT_NOUN
замлеть	NOT_NOUN
замуж	NOT_NOUN
замужем	NOT_NOUN
замшеть	NOT_NOUN
замшить	NOT_NOUN
замыть	NOT_NOUN
замять	NOT_NOUN
зане	NOT_NOUN
занести	NOT_NOUN
заново	NOT_NOUN
занудно	NOT_NOUN
заныть	NOT_NOUN
занятно	NOT_NOUN
занятой	NOT_NOUN
занятый	NOT_NOUN
занять	NOT_NOUN
заодно	NOT_NOUN
заорать	NOT_NOUN
заохать	NOT_NOUN
заочно	NOT_NOUN
заочный	NOT_NOUN
запасти	NOT_NOUN
запасть	NOT_NOUN
запаять	NOT_NOUN
запеть	NOT_NOUN
запечь	NOT_NOUN
запить	NOT_NOUN
заплыть	NOT_NOUN
запоем	NOT_NOUN
запоить	NOT_NOUN
запойно	NOT_NOUN
запреть	NOT_NOUN
запрячь	NOT_NOUN
запхать	NOT_NOUN
зараз	NOT_NOUN
заранее	NOT_NOUN
зарасти	NOT_NOUN
зардеть	NOT_NOUN
заревой	NOT_NOUN
зареять	NOT_NOUN
заржать	NOT_NOUN
зарыть	NOT_NOUN
засесть	NOT_NOUN
засечь	NOT_NOUN
засеять	NOT_NOUN
засим	NOT_NOUN
засиять	NOT_NOUN
заслать	NOT_NOUN
заснуть	NOT_NOUN
заснять	NOT_NOUN
заспать	NOT_NOUN
застать	NOT_NOUN
застить	NOT_NOUN
застыть	NOT_NOUN
затаить	NOT_NOUN
затем	NOT_NOUN
затемно	NOT_NOUN
затепло	NOT_NOUN
затечь	NOT_NOUN
затеять	NOT_NOUN
заткать	NOT_NOUN
затлеть	NOT_NOUN
затмить	NOT_NOUN
затхло	NOT_NOUN
затхлый	NOT_NOUN
затяжно	NOT_NOUN
заузить	NOT_NOUN
заумно	NOT_NOUN
заумный	NOT_NOUN
заутра	NOT_NOUN
заухать	NOT_NOUN
заучить	NOT_NOUN
заушать	NOT_NOUN
заушить	NOT_NOUN
заушный	NOT_NOUN
захаять	NOT_NOUN
захожий	NOT_NOUN
зачать	NOT_NOUN
зачем	NOT_NOUN
зачесть	NOT_NOUN
зачуять	NOT_NOUN
зашить	NOT_NOUN
защитно	NOT_NOUN
заюлить	NOT_NOUN
заявить	NOT_NOUN
заядло	NOT_NOUN
заядлый	NOT_NOUN
заячий	NOT_NOUN
заёкать	NOT_NOUN
заёмный	NOT_NOUN
званый	NOT_NOUN
звать	NOT_NOUN
зваться	NOT_NOUN
звенеть	NOT_NOUN
звереть	NOT_NOUN
зверски	NOT_NOUN
звонить	NOT_NOUN
звонкий	NOT_NOUN
звонко	NOT_NOUN
звучать	NOT_NOUN
звучно	NOT_NOUN
звучный	NOT_NOUN
звякать	NOT_NOUN
здесь	NOT_NOUN
здешний	NOT_NOUN
здорово	NOT_NOUN
здравый	NOT_NOUN
зевать	NOT_NOUN
зевнуть	NOT_NOUN
зейский	NOT_NOUN
зело	NOT_NOUN
зелёный	NOT_NOUN
земно	NOT_NOUN
земной	NOT_NOUN
земский	NOT_NOUN
зернить	NOT_NOUN
зетовый	NOT_NOUN
зимний	NOT_NOUN
зимой	NOT_NOUN
зиять	NOT_NOUN
златой	NOT_NOUN
злачный	NOT_NOUN
злеть	NOT_NOUN
злить	NOT_NOUN
злиться	NOT_NOUN
злобить	NOT_NOUN
злобно	NOT_NOUN
злобный	NOT_NOUN
зловеще	NOT_NOUN
злой	NOT_NOUN
злостно	NOT_NOUN
злющий	NOT_NOUN
змеиный	NOT_NOUN
змеисто	NOT_NOUN
знавать	NOT_NOUN
знаете	NOT_NOUN
знаешь	NOT_NOUN
знамо	NOT_NOUN
знатно	NOT_NOUN
знатный	NOT_NOUN
знаться	NOT_NOUN
значит	NOT_NOUN
значить	NOT_NOUN
значный	NOT_NOUN
знающий	NOT_NOUN
знобить	NOT_NOUN
знобкий	NOT_NOUN
знобко	NOT_NOUN
знойно	NOT_NOUN
знойный	NOT_NOUN
зобатый	NOT_NOUN
зобный	NOT_NOUN
золить	NOT_NOUN
золовой	NOT_NOUN
зольный	NOT_NOUN
золёный	NOT_NOUN
зонный	NOT_NOUN
зоонный	NOT_NOUN
зоркий	NOT_NOUN
зорко	NOT_NOUN
зрело	NOT_NOUN
зрелый	NOT_NOUN
зреть	NOT_NOUN
зреться	NOT_NOUN
зримо	NOT_NOUN
зримый	NOT_NOUN
зрячий	NOT_NOUN
зряшно	NOT_NOUN
зряшный	NOT_NOUN
зубатый	NOT_NOUN
зубовой	NOT_NOUN
зубрить	NOT_NOUN
зудеть	NOT_NOUN
зыбить	NOT_NOUN
зыбкий	NOT_NOUN
зыбко	NOT_NOUN
зыбучий	NOT_NOUN
зыкать	NOT_NOUN
зыкнуть	NOT_NOUN
зыркать	NOT_NOUN
зычно	NOT_NOUN
зычный	NOT_NOUN
зябкий	NOT_NOUN
зябко	NOT_NOUN
зяблый	NOT_NOUN
зябнуть	NOT_NOUN
зятев	NOT_NOUN
ивовый	NOT_NOUN
игловой	NOT_NOUN
игорный	NOT_NOUN
играный	NOT_NOUN
играть	NOT_NOUN
играючи	NOT_NOUN
игрений	NOT_NOUN
игриво	NOT_NOUN
игривый	NOT_NOUN
игровой	NOT_NOUN
идейно	NOT_NOUN
идейный	NOT_NOUN
идти	NOT_NOUN
идтись	NOT_NOUN
избитый	NOT_NOUN
избить	NOT_NOUN
изблизи	NOT_NOUN
избной	NOT_NOUN
избоку	NOT_NOUN
избрать	NOT_NOUN
избыть	NOT_NOUN
избяной	NOT_NOUN
изваять	NOT_NOUN
извека	NOT_NOUN
извести	NOT_NOUN
извечно	NOT_NOUN
извить	NOT_NOUN
извлечь	NOT_NOUN
извне	NOT_NOUN
изгнать	NOT_NOUN
изгнить	NOT_NOUN
издавна	NOT_NOUN
издали	NOT_NOUN
издать	NOT_NOUN
издоить	NOT_NOUN
изжечь	NOT_NOUN
изжить	NOT_NOUN
излаять	NOT_NOUN
излить	NOT_NOUN
измаять	NOT_NOUN
измятый	NOT_NOUN
измять	NOT_NOUN
изнизу	NOT_NOUN
изнутри	NOT_NOUN
изныть	NOT_NOUN
изойти	NOT_NOUN
изредка	NOT_NOUN
изречь	NOT_NOUN
изрыть	NOT_NOUN
изрядно	NOT_NOUN
изумить	NOT_NOUN
изустно	NOT_NOUN
изучать	NOT_NOUN
изучить	NOT_NOUN
изъесть	NOT_NOUN
изъять	NOT_NOUN
изымать	NOT_NOUN
изюмный	NOT_NOUN
изящно	NOT_NOUN
изящный	NOT_NOUN
икать	NOT_NOUN
икаться	NOT_NOUN
икнуть	NOT_NOUN
иконный	NOT_NOUN
икорный	NOT_NOUN
икряной	NOT_NOUN
илецкий	NOT_NOUN
илистый	NOT_NOUN
иловый	NOT_NOUN
ильный	NOT_NOUN
именно	NOT_NOUN
именной	NOT_NOUN
иметь	NOT_NOUN
иметься	NOT_NOUN
имущий	NOT_NOUN
имхо	NOT_NOUN
иначе	NOT_NOUN
индский	NOT_NOUN
инертно	NOT_NOUN
инистый	NOT_NOUN
инкский	NOT_NOUN
иногда	NOT_NOUN
иной	NOT_NOUN
интимно	NOT_NOUN
иодный	NOT_NOUN
иодовый	NOT_NOUN
ионный	NOT_NOUN
иракски	NOT_NOUN
ирански	NOT_NOUN
иринкин	NOT_NOUN
иришкин	NOT_NOUN
ирный	NOT_NOUN
иродов	NOT_NOUN
искать	NOT_NOUN
исковой	NOT_NOUN
исковый	NOT_NOUN
искомый	NOT_NOUN
искони	NOT_NOUN
исконно	NOT_NOUN
искоса	NOT_NOUN
искрить	NOT_NOUN
искусно	NOT_NOUN
испечь	NOT_NOUN
испитой	NOT_NOUN
испить	NOT_NOUN
испоить	NOT_NOUN
испокон	NOT_NOUN
исполу	NOT_NOUN
иссечь	NOT_NOUN
исстари	NOT_NOUN
истаять	NOT_NOUN
истечь	NOT_NOUN
истинно	NOT_NOUN
исткать	NOT_NOUN
истлеть	NOT_NOUN
исто	NOT_NOUN
истовый	NOT_NOUN
истомно	NOT_NOUN
истошно	NOT_NOUN
истый	NOT_NOUN
исхаять	NOT_NOUN
исходно	NOT_NOUN
исшить	NOT_NOUN
итак	NOT_NOUN
итал	NOT_NOUN
итого	NOT_NOUN
итожить	NOT_NOUN
ихний	NOT_NOUN
ишачий	NOT_NOUN
ишачить	NOT_NOUN
ищущий	NOT_NOUN
июльски	NOT_NOUN
июньски	NOT_NOUN
йенский	NOT_NOUN
йодный	NOT_NOUN
кабаний	NOT_NOUN
кабы	NOT_NOUN
кадить	NOT_NOUN
каждый	NOT_NOUN
кажется	NOT_NOUN
казать	NOT_NOUN
казачий	NOT_NOUN
казнить	NOT_NOUN
казовый	NOT_NOUN
казённо	NOT_NOUN
каинов	NOT_NOUN
каирски	NOT_NOUN
кайлить	NOT_NOUN
каймить	NOT_NOUN
какать	NOT_NOUN
каково	NOT_NOUN
каковой	NOT_NOUN
какой	NOT_NOUN
калить	NOT_NOUN
каловый	NOT_NOUN
каляный	NOT_NOUN
калёный	NOT_NOUN
каменно	NOT_NOUN
камерно	NOT_NOUN
камлать	NOT_NOUN
камский	NOT_NOUN
канский	NOT_NOUN
кануть	NOT_NOUN
капать	NOT_NOUN
капнуть	NOT_NOUN
каповый	NOT_NOUN
капский	NOT_NOUN
карасий	NOT_NOUN
карать	NOT_NOUN
кардный	NOT_NOUN
карий	NOT_NOUN
каркать	NOT_NOUN
каровый	NOT_NOUN
карский	NOT_NOUN
касаемо	NOT_NOUN
катаный	NOT_NOUN
катать	NOT_NOUN
катин	NOT_NOUN
катить	NOT_NOUN
каткий	NOT_NOUN
катнуть	NOT_NOUN
каурый	NOT_NOUN
качать	NOT_NOUN
качкий	NOT_NOUN
качнуть	NOT_NOUN
кашлять	NOT_NOUN
каютный	NOT_NOUN
каяться	NOT_NOUN
квакать	NOT_NOUN
квасить	NOT_NOUN
квасной	NOT_NOUN
квело	NOT_NOUN
кверх	NOT_NOUN
кверху	NOT_NOUN
квиты	NOT_NOUN
квотный	NOT_NOUN
квёлый	NOT_NOUN
кезский	NOT_NOUN
кемский	NOT_NOUN
кесарев	NOT_NOUN
кетовый	NOT_NOUN
кзади	NOT_NOUN
кивать	NOT_NOUN
кивнуть	NOT_NOUN
кидать	NOT_NOUN
кижский	NOT_NOUN
килевой	NOT_NOUN
килевый	NOT_NOUN
кинуть	NOT_NOUN
киотный	NOT_NOUN
кипеть	NOT_NOUN
кипный	NOT_NOUN
киповый	NOT_NOUN
кипучий	NOT_NOUN
кирять	NOT_NOUN
кислить	NOT_NOUN
кисло	NOT_NOUN
кислый	NOT_NOUN
киснуть	NOT_NOUN
китовый	NOT_NOUN
китский	NOT_NOUN
кишеть	NOT_NOUN
кишмя	NOT_NOUN
клавкин	NOT_NOUN
классно	NOT_NOUN
класть	NOT_NOUN
клацать	NOT_NOUN
клевать	NOT_NOUN
клеевой	NOT_NOUN
клеить	NOT_NOUN
клейкий	NOT_NOUN
клейко	NOT_NOUN
клепать	NOT_NOUN
клеёный	NOT_NOUN
кликать	NOT_NOUN
клонить	NOT_NOUN
клочить	NOT_NOUN
клубить	NOT_NOUN
клубный	NOT_NOUN
клюкать	NOT_NOUN
клюнуть	NOT_NOUN
ключной	NOT_NOUN
клясть	NOT_NOUN
клёво	NOT_NOUN
клёвый	NOT_NOUN
клёклый	NOT_NOUN
кнаружи	NOT_NOUN
книжный	NOT_NOUN
книзу	NOT_NOUN
княжий	NOT_NOUN
княжить	NOT_NOUN
княжой	NOT_NOUN
кобылий	NOT_NOUN
кованый	NOT_NOUN
коварно	NOT_NOUN
ковать	NOT_NOUN
ковкий	NOT_NOUN
когда	NOT_NOUN
когтить	NOT_NOUN
кодовый	NOT_NOUN
коечный	NOT_NOUN
кожаный	NOT_NOUN
кожный	NOT_NOUN
козий	NOT_NOUN
козлить	NOT_NOUN
кокать	NOT_NOUN
кокнуть	NOT_NOUN
коли	NOT_NOUN
колкий	NOT_NOUN
колко	NOT_NOUN
колотый	NOT_NOUN
колоть	NOT_NOUN
коль	NOT_NOUN
колькин	NOT_NOUN
колючий	NOT_NOUN
колющий	NOT_NOUN
комично	NOT_NOUN
комкать	NOT_NOUN
комовой	NOT_NOUN
комолый	NOT_NOUN
коневой	NOT_NOUN
конечно	NOT_NOUN
коновый	NOT_NOUN
конский	NOT_NOUN
кончать	NOT_NOUN
кончить	NOT_NOUN
копаный	NOT_NOUN
копать	NOT_NOUN
копить	NOT_NOUN
копнить	NOT_NOUN
копнуть	NOT_NOUN
копотко	NOT_NOUN
коптеть	NOT_NOUN
коптить	NOT_NOUN
кордный	NOT_NOUN
коревой	NOT_NOUN
корить	NOT_NOUN
кормить	NOT_NOUN
кормный	NOT_NOUN
корнать	NOT_NOUN
коровий	NOT_NOUN
коротко	NOT_NOUN
короче	NOT_NOUN
корпеть	NOT_NOUN
корчить	NOT_NOUN
корявый	NOT_NOUN
косить	NOT_NOUN
коснеть	NOT_NOUN
косно	NOT_NOUN
косный	NOT_NOUN
косо	NOT_NOUN
косой	NOT_NOUN
костить	NOT_NOUN
костный	NOT_NOUN
косяком	NOT_NOUN
котный	NOT_NOUN
который	NOT_NOUN
кочевой	NOT_NOUN
кошачий	NOT_NOUN
кошеный	NOT_NOUN
кошечий	NOT_NOUN
кощеев	NOT_NOUN
кпереди	NOT_NOUN
краевой	NOT_NOUN
крайне	NOT_NOUN
крайний	NOT_NOUN
кранный	NOT_NOUN
кранты	NOT_NOUN
крапать	NOT_NOUN
красиво	NOT_NOUN
красить	NOT_NOUN
красно	NOT_NOUN
красть	NOT_NOUN
краткий	NOT_NOUN
кратко	NOT_NOUN
кратный	NOT_NOUN
кренить	NOT_NOUN
крепить	NOT_NOUN
крепкий	NOT_NOUN
крепко	NOT_NOUN
кресать	NOT_NOUN
криветь	NOT_NOUN
кривить	NOT_NOUN
кривой	NOT_NOUN
кричать	NOT_NOUN
кричмя	NOT_NOUN
кричный	NOT_NOUN
кроваво	NOT_NOUN
кровно	NOT_NOUN
кровный	NOT_NOUN
кроить	NOT_NOUN
кроме	NOT_NOUN
кронный	NOT_NOUN
кропать	NOT_NOUN
кропить	NOT_NOUN
кроткий	NOT_NOUN
кротко	NOT_NOUN
крошить	NOT_NOUN
кроёный	NOT_NOUN
круглый	NOT_NOUN
кругом	NOT_NOUN
кружить	NOT_NOUN
кружком	NOT_NOUN
кружный	NOT_NOUN
крупно	NOT_NOUN
крупный	NOT_NOUN
крутить	NOT_NOUN
круто	NOT_NOUN
крушить	NOT_NOUN
крысий	NOT_NOUN
крыто	NOT_NOUN
крытый	NOT_NOUN
крыть	NOT_NOUN
крыться	NOT_NOUN
крышный	NOT_NOUN
крючить	NOT_NOUN
кряду	NOT_NOUN
крякать	NOT_NOUN
кстати	NOT_NOUN
кубарем	NOT_NOUN
кубовой	NOT_NOUN
кубовый	NOT_NOUN
кувырк	NOT_NOUN
кудыкин	NOT_NOUN
куку	NOT_NOUN
кулевой	NOT_NOUN
кумов	NOT_NOUN
кумский	NOT_NOUN
куний	NOT_NOUN
купаный	NOT_NOUN
купать	NOT_NOUN
купить	NOT_NOUN
купно	NOT_NOUN
купчий	NOT_NOUN
курдски	NOT_NOUN
курий	NOT_NOUN
куриный	NOT_NOUN
курить	NOT_NOUN
курицын	NOT_NOUN
куричий	NOT_NOUN
курной	NOT_NOUN
курнуть	NOT_NOUN
курский	NOT_NOUN
курячий	NOT_NOUN
курящий	NOT_NOUN
кусаный	NOT_NOUN
кусать	NOT_NOUN
кусачий	NOT_NOUN
куснуть	NOT_NOUN
кутаный	NOT_NOUN
кутать	NOT_NOUN
кутить	NOT_NOUN
кутнуть	NOT_NOUN
кутькин	NOT_NOUN
куцый	NOT_NOUN
кучевой	NOT_NOUN
кучно	NOT_NOUN
кучный	NOT_NOUN
кушать	NOT_NOUN
лавовый	NOT_NOUN
ладить	NOT_NOUN
ладком	NOT_NOUN
ладно	NOT_NOUN
ладный	NOT_NOUN
ладовый	NOT_NOUN
лажный	NOT_NOUN
лажовый	NOT_NOUN
лазать	NOT_NOUN
лазить	NOT_NOUN
лазский	NOT_NOUN
лазурно	NOT_NOUN
лазящий	NOT_NOUN
лакать	NOT_NOUN
лаковый	NOT_NOUN
лакомый	NOT_NOUN
лакский	NOT_NOUN
ламский	NOT_NOUN
лаосски	NOT_NOUN
лапать	NOT_NOUN
лаповый	NOT_NOUN
ларго	NOT_NOUN
ларисин	NOT_NOUN
ласкать	NOT_NOUN
ласково	NOT_NOUN
латаный	NOT_NOUN
латать	NOT_NOUN
латный	NOT_NOUN
лающий	NOT_NOUN
лаять	NOT_NOUN
лаяться	NOT_NOUN
лгать	NOT_NOUN
лебяжий	NOT_NOUN
леветь	NOT_NOUN
легавый	NOT_NOUN
легато	NOT_NOUN
легко	NOT_NOUN
легчать	NOT_NOUN
легчить	NOT_NOUN
ледащий	NOT_NOUN
ледовый	NOT_NOUN
ледяной	NOT_NOUN
леерный	NOT_NOUN
леечный	NOT_NOUN
лежалый	NOT_NOUN
лежать	NOT_NOUN
лежачий	NOT_NOUN
лежмя	NOT_NOUN
лезть	NOT_NOUN
лелеять	NOT_NOUN
лениво	NOT_NOUN
ленивый	NOT_NOUN
ленный	NOT_NOUN
ленто	NOT_NOUN
лепить	NOT_NOUN
лепной	NOT_NOUN
лесной	NOT_NOUN
лесом	NOT_NOUN
лестно	NOT_NOUN
лестный	NOT_NOUN
летать	NOT_NOUN
лететь	NOT_NOUN
летний	NOT_NOUN
летом	NOT_NOUN
летучий	NOT_NOUN
леченый	NOT_NOUN
лечить	NOT_NOUN
лечь	NOT_NOUN
лешачий	NOT_NOUN
лещовый	NOT_NOUN
лживый	NOT_NOUN
лианный	NOT_NOUN
либерти	NOT_NOUN
либо	NOT_NOUN
ливмя	NOT_NOUN
лизать	NOT_NOUN
лизнуть	NOT_NOUN
лиловый	NOT_NOUN
лимский	NOT_NOUN
линевый	NOT_NOUN
линейно	NOT_NOUN
линючий	NOT_NOUN
линялый	NOT_NOUN
линять	NOT_NOUN
липкий	NOT_NOUN
липко	NOT_NOUN
липнуть	NOT_NOUN
липовый	NOT_NOUN
липучий	NOT_NOUN
лирично	NOT_NOUN
лирный	NOT_NOUN
лисий	NOT_NOUN
лисиный	NOT_NOUN
лисить	NOT_NOUN
лисичий	NOT_NOUN
листать	NOT_NOUN
литой	NOT_NOUN
лить	NOT_NOUN
литься	NOT_NOUN
лихой	NOT_NOUN
лицевой	NOT_NOUN
лично	NOT_NOUN
личной	NOT_NOUN
личный	NOT_NOUN
лишать	NOT_NOUN
лишить	NOT_NOUN
лишний	NOT_NOUN
лишь	NOT_NOUN
лобзать	NOT_NOUN
лобный	NOT_NOUN
лобовой	NOT_NOUN
ловить	NOT_NOUN
ловкий	NOT_NOUN
ловко	NOT_NOUN
ловчить	NOT_NOUN
логично	NOT_NOUN
ложевой	NOT_NOUN
ложно	NOT_NOUN
ложный	NOT_NOUN
лозный	NOT_NOUN
ломаный	NOT_NOUN
ломать	NOT_NOUN
ломить	NOT_NOUN
ломкий	NOT_NOUN
ломко	NOT_NOUN
лонный	NOT_NOUN
лопать	NOT_NOUN
лопнуть	NOT_NOUN
лосий	NOT_NOUN
лосиный	NOT_NOUN
лососий	NOT_NOUN
лосёвый	NOT_NOUN
лотовый	NOT_NOUN
лоховый	NOT_NOUN
лошачий	NOT_NOUN
лощить	NOT_NOUN
лощёный	NOT_NOUN
лояльно	NOT_NOUN
лубовой	NOT_NOUN
лубовый	NOT_NOUN
лубяной	NOT_NOUN
луговой	NOT_NOUN
лудить	NOT_NOUN
лужский	NOT_NOUN
лужёный	NOT_NOUN
лузгать	NOT_NOUN
лузный	NOT_NOUN
лузский	NOT_NOUN
лукаво	NOT_NOUN
луковый	NOT_NOUN
лунный	NOT_NOUN
лупить	NOT_NOUN
лухский	NOT_NOUN
лучевой	NOT_NOUN
лучисто	NOT_NOUN
лучить	NOT_NOUN
лучной	NOT_NOUN
лучше	NOT_NOUN
лущить	NOT_NOUN
лущёный	NOT_NOUN
лыжный	NOT_NOUN
лыковый	NOT_NOUN
лысеть	NOT_NOUN
лычный	NOT_NOUN
львиный	NOT_NOUN
льнуть	NOT_NOUN
льняной	NOT_NOUN
льстить	NOT_NOUN
любая	NOT_NOUN
любезно	NOT_NOUN
любимый	NOT_NOUN
любить	NOT_NOUN
любо	NOT_NOUN
любовно	NOT_NOUN
любой	NOT_NOUN
любя	NOT_NOUN
любящий	NOT_NOUN
люднеть	NOT_NOUN
людно	NOT_NOUN
людный	NOT_NOUN
людской	NOT_NOUN
люковый	NOT_NOUN
люли	NOT_NOUN
люськин	NOT_NOUN
лютеть	NOT_NOUN
люто	NOT_NOUN
лютый	NOT_NOUN
люфовый	NOT_NOUN
лягать	NOT_NOUN
лягнуть	NOT_NOUN
лязгать	NOT_NOUN
лямзить	NOT_NOUN
ляпать	NOT_NOUN
ляпнуть	NOT_NOUN
ляпсить	NOT_NOUN
ляшский	NOT_NOUN
лёвин	NOT_NOUN
лёгкий	NOT_NOUN
лёжа	NOT_NOUN
лётный	NOT_NOUN
маетный	NOT_NOUN
мажорно	NOT_NOUN
мазаный	NOT_NOUN
мазать	NOT_NOUN
мазевый	NOT_NOUN
мазкий	NOT_NOUN
мазнуть	NOT_NOUN
майский	NOT_NOUN
маканый	NOT_NOUN
макать	NOT_NOUN
макнуть	NOT_NOUN
маков	NOT_NOUN
маковый	NOT_NOUN
макси	NOT_NOUN
мало	NOT_NOUN
мамаев	NOT_NOUN
мамашин	NOT_NOUN
мамин	NOT_NOUN
мамкин	NOT_NOUN
манерно	NOT_NOUN
манить	NOT_NOUN
манный	NOT_NOUN
манский	NOT_NOUN
манящий	NOT_NOUN
маралий	NOT_NOUN
марать	NOT_NOUN
маревый	NOT_NOUN
маренго	NOT_NOUN
маркий	NOT_NOUN
марский	NOT_NOUN
маслить	NOT_NOUN
масляно	NOT_NOUN
массный	NOT_NOUN
массово	NOT_NOUN
мастный	NOT_NOUN
материн	NOT_NOUN
матерно	NOT_NOUN
матеро	NOT_NOUN
матерой	NOT_NOUN
матовый	NOT_NOUN
матёрый	NOT_NOUN
махать	NOT_NOUN
махнуть	NOT_NOUN
маховой	NOT_NOUN
маховый	NOT_NOUN
мачехин	NOT_NOUN
маять	NOT_NOUN
маяться	NOT_NOUN
маячить	NOT_NOUN
маячный	NOT_NOUN
медлить	NOT_NOUN
медный	NOT_NOUN
медовой	NOT_NOUN
медовый	NOT_NOUN
медяный	NOT_NOUN
между	NOT_NOUN
межевой	NOT_NOUN
мекать	NOT_NOUN
мелеть	NOT_NOUN
мелить	NOT_NOUN
мелкий	NOT_NOUN
мелко	NOT_NOUN
меловой	NOT_NOUN
мелочно	NOT_NOUN
мельком	NOT_NOUN
мелёный	NOT_NOUN
менее	NOT_NOUN
меновой	NOT_NOUN
меньшой	NOT_NOUN
менять	NOT_NOUN
мереный	NOT_NOUN
мереть	NOT_NOUN
мерзеть	NOT_NOUN
мерзить	NOT_NOUN
мерзкий	NOT_NOUN
мерзко	NOT_NOUN
мерить	NOT_NOUN
мерклый	NOT_NOUN
мерно	NOT_NOUN
мерный	NOT_NOUN
мертво	NOT_NOUN
мерцать	NOT_NOUN
месить	NOT_NOUN
местами	NOT_NOUN
мести	NOT_NOUN
местись	NOT_NOUN
местно	NOT_NOUN
местный	NOT_NOUN
метать	NOT_NOUN
метить	NOT_NOUN
меткий	NOT_NOUN
метко	NOT_NOUN
метнуть	NOT_NOUN
метёный	NOT_NOUN
меховой	NOT_NOUN
меченый	NOT_NOUN
мечтать	NOT_NOUN
мешаный	NOT_NOUN
мешать	NOT_NOUN
мешеный	NOT_NOUN
мешкать	NOT_NOUN
мигать	NOT_NOUN
мигнуть	NOT_NOUN
мигом	NOT_NOUN
миди	NOT_NOUN
мизерно	NOT_NOUN
милеть	NOT_NOUN
милый	NOT_NOUN
мимо	NOT_NOUN
минный	NOT_NOUN
миножий	NOT_NOUN
минуть	NOT_NOUN
мирить	NOT_NOUN
мирно	NOT_NOUN
мирской	NOT_NOUN
мишкин	NOT_NOUN
младой	NOT_NOUN
младший	NOT_NOUN
млеть	NOT_NOUN
млечный	NOT_NOUN
мнимый	NOT_NOUN
мнить	NOT_NOUN
мниться	NOT_NOUN
многие	NOT_NOUN
многий	NOT_NOUN
много	NOT_NOUN
многое	NOT_NOUN
множить	NOT_NOUN
могучий	NOT_NOUN
модно	NOT_NOUN
модный	NOT_NOUN
моечный	NOT_NOUN
может	NOT_NOUN
можно	NOT_NOUN
мозгло	NOT_NOUN
мозглый	NOT_NOUN
мозжить	NOT_NOUN
мойный	NOT_NOUN
мокнуть	NOT_NOUN
мокро	NOT_NOUN
мокрый	NOT_NOUN
молвить	NOT_NOUN
молевой	NOT_NOUN
молевый	NOT_NOUN
молить	NOT_NOUN
молодо	NOT_NOUN
молодой	NOT_NOUN
молотый	NOT_NOUN
молоть	NOT_NOUN
молча	NOT_NOUN
молчать	NOT_NOUN
молчком	NOT_NOUN
молчок	NOT_NOUN
мольный	NOT_NOUN
моляще	NOT_NOUN
момский	NOT_NOUN
моргать	NOT_NOUN
морзе	NOT_NOUN
морить	NOT_NOUN
моровой	NOT_NOUN
морозно	NOT_NOUN
морской	NOT_NOUN
морщить	NOT_NOUN
морёный	NOT_NOUN
мостить	NOT_NOUN
мотаный	NOT_NOUN
мотать	NOT_NOUN
мотнуть	NOT_NOUN
моховой	NOT_NOUN
мочевой	NOT_NOUN
мочить	NOT_NOUN
мочёный	NOT_NOUN
мощно	NOT_NOUN
мощный	NOT_NOUN
мощёный	NOT_NOUN
моющий	NOT_NOUN
мрачить	NOT_NOUN
мрачно	NOT_NOUN
мрачный	NOT_NOUN
мреть	NOT_NOUN
мстить	NOT_NOUN
мудрено	NOT_NOUN
мудрить	NOT_NOUN
мудро	NOT_NOUN
мудрый	NOT_NOUN
мужать	NOT_NOUN
мужицки	NOT_NOUN
мужичий	NOT_NOUN
мужний	NOT_NOUN
мужнин	NOT_NOUN
мужской	NOT_NOUN
муйский	NOT_NOUN
мунда	NOT_NOUN
муругий	NOT_NOUN
мурчать	NOT_NOUN
муслить	NOT_NOUN
мутить	NOT_NOUN
мутнеть	NOT_NOUN
мутно	NOT_NOUN
мутный	NOT_NOUN
муторно	NOT_NOUN
мученый	NOT_NOUN
мучить	NOT_NOUN
мучной	NOT_NOUN
мушиный	NOT_NOUN
мчать	NOT_NOUN
мчаться	NOT_NOUN
мшаный	NOT_NOUN
мшистый	NOT_NOUN
мшить	NOT_NOUN
мшиться	NOT_NOUN
мызгать	NOT_NOUN
мызный	NOT_NOUN
мыкать	NOT_NOUN
мыкнуть	NOT_NOUN
мылить	NOT_NOUN
мылкий	NOT_NOUN
мыльный	NOT_NOUN
мыслить	NOT_NOUN
мытный	NOT_NOUN
мытый	NOT_NOUN
мыть	NOT_NOUN
мыться	NOT_NOUN
мычать	NOT_NOUN
мыший	NOT_NOUN
мышиный	NOT_NOUN
мюльный	NOT_NOUN
мюонный	NOT_NOUN
мягкий	NOT_NOUN
мягко	NOT_NOUN
мягчить	NOT_NOUN
мяклый	NOT_NOUN
мякнуть	NOT_NOUN
мяльный	NOT_NOUN
мямлить	NOT_NOUN
мясной	NOT_NOUN
мястись	NOT_NOUN
мятежно	NOT_NOUN
мятный	NOT_NOUN
мятый	NOT_NOUN
мять	NOT_NOUN
мяться	NOT_NOUN
мяукать	NOT_NOUN
мёрзлый	NOT_NOUN
набело	NOT_NOUN
набитый	NOT_NOUN
набить	NOT_NOUN
набожно	NOT_NOUN
набок	NOT_NOUN
набрать	NOT_NOUN
наважий	NOT_NOUN
навалом	NOT_NOUN
навезти	NOT_NOUN
навек	NOT_NOUN
навеки	NOT_NOUN
наверно	NOT_NOUN
наверх	NOT_NOUN
наверху	NOT_NOUN
навесно	NOT_NOUN
навести	NOT_NOUN
навечно	NOT_NOUN
навеять	NOT_NOUN
навзрыд	NOT_NOUN
навий	NOT_NOUN
навить	NOT_NOUN
навлечь	NOT_NOUN
наврать	NOT_NOUN
навроде	NOT_NOUN
навряд	NOT_NOUN
навыкат	NOT_NOUN
навылет	NOT_NOUN
навынос	NOT_NOUN
навырез	NOT_NOUN
нагишом	NOT_NOUN
наглеть	NOT_NOUN
нагло	NOT_NOUN
наглухо	NOT_NOUN
наглый	NOT_NOUN
нагнать	NOT_NOUN
нагнить	NOT_NOUN
нагнуть	NOT_NOUN
нагой	NOT_NOUN
наголо	NOT_NOUN
нагреть	NOT_NOUN
надбить	NOT_NOUN
надвить	NOT_NOUN
надвое	NOT_NOUN
наддать	NOT_NOUN
надеть	NOT_NOUN
надин	NOT_NOUN
надо	NOT_NOUN
надобно	NOT_NOUN
надоить	NOT_NOUN
надолго	NOT_NOUN
надпить	NOT_NOUN
надрать	NOT_NOUN
надсечь	NOT_NOUN
надуто	NOT_NOUN
надутый	NOT_NOUN
надуть	NOT_NOUN
надшить	NOT_NOUN
надёжно	NOT_NOUN
наедать	NOT_NOUN
наедине	NOT_NOUN
наездом	NOT_NOUN
наезжий	NOT_NOUN
наесть	NOT_NOUN
наехать	NOT_NOUN
нажать	NOT_NOUN
нажечь	NOT_NOUN
нажитой	NOT_NOUN
нажить	NOT_NOUN
нажрать	NOT_NOUN
назад	NOT_NOUN
назади	NOT_NOUN
назвать	NOT_NOUN
наземь	NOT_NOUN
назло	NOT_NOUN
назреть	NOT_NOUN
наивно	NOT_NOUN
наивный	NOT_NOUN
наипаче	NOT_NOUN
найти	NOT_NOUN
найтись	NOT_NOUN
накатом	NOT_NOUN
наконец	NOT_NOUN
накосо	NOT_NOUN
накось	NOT_NOUN
накрест	NOT_NOUN
накрыть	NOT_NOUN
налгать	NOT_NOUN
налево	NOT_NOUN
налегке	NOT_NOUN
налезть	NOT_NOUN
налечь	NOT_NOUN
налимий	NOT_NOUN
налитой	NOT_NOUN
налить	NOT_NOUN
налицо	NOT_NOUN
налично	NOT_NOUN
налётом	NOT_NOUN
намаять	NOT_NOUN
намедни	NOT_NOUN
намерен	NOT_NOUN
намести	NOT_NOUN
наместо	NOT_NOUN
намного	NOT_NOUN
намский	NOT_NOUN
намыть	NOT_NOUN
намять	NOT_NOUN
нанести	NOT_NOUN
наново	NOT_NOUN
нанять	NOT_NOUN
наобум	NOT_NOUN
наорать	NOT_NOUN
наотрез	NOT_NOUN
наощупь	NOT_NOUN
напасти	NOT_NOUN
напаять	NOT_NOUN
напевно	NOT_NOUN
наперво	NOT_NOUN
наперёд	NOT_NOUN
напеть	NOT_NOUN
напечь	NOT_NOUN
напить	NOT_NOUN
наплыть	NOT_NOUN
наповал	NOT_NOUN
напоить	NOT_NOUN
напоказ	NOT_NOUN
направо	NOT_NOUN
напреть	NOT_NOUN
напрочь	NOT_NOUN
напрячь	NOT_NOUN
напхать	NOT_NOUN
наравне	NOT_NOUN
нарасти	NOT_NOUN
нарвать	NOT_NOUN
наречь	NOT_NOUN
нарочно	NOT_NOUN
наружи	NOT_NOUN
наружно	NOT_NOUN
наружу	NOT_NOUN
нарыть	NOT_NOUN
нарядно	NOT_NOUN
наряду	NOT_NOUN
насечь	NOT_NOUN
насеять	NOT_NOUN
насилу	NOT_NOUN
наскоро	NOT_NOUN
наслать	NOT_NOUN
наснять	NOT_NOUN
наспать	NOT_NOUN
наспех	NOT_NOUN
настать	NOT_NOUN
настежь	NOT_NOUN
настоль	NOT_NOUN
настыть	NOT_NOUN
насухо	NOT_NOUN
насущно	NOT_NOUN
насчёт	NOT_NOUN
насыпью	NOT_NOUN
натаять	NOT_NOUN
нате	NOT_NOUN
натечь	NOT_NOUN
наткать	NOT_NOUN
натощак	NOT_NOUN
натрое	NOT_NOUN
натуго	NOT_NOUN
натужно	NOT_NOUN
наугад	NOT_NOUN
наудачу	NOT_NOUN
наудить	NOT_NOUN
наутро	NOT_NOUN
наутёк	NOT_NOUN
научать	NOT_NOUN
научить	NOT_NOUN
научно	NOT_NOUN
научный	NOT_NOUN
наушный	NOT_NOUN
наущать	NOT_NOUN
нафиг	NOT_NOUN
нахуй	NOT_NOUN
нацело	NOT_NOUN
начать	NOT_NOUN
начеку	NOT_NOUN
начерно	NOT_NOUN
начесть	NOT_NOUN
начисто	NOT_NOUN
начхать	NOT_NOUN
нашить	NOT_NOUN
наяву	NOT_NOUN
наёмный	NOT_NOUN
небелый	NOT_NOUN
небитый	NOT_NOUN
небось	NOT_NOUN
небречь	NOT_NOUN
неважно	NOT_NOUN
неверно	NOT_NOUN
невесть	NOT_NOUN
невинно	NOT_NOUN
невмочь	NOT_NOUN
неволей	NOT_NOUN
невялый	NOT_NOUN
негде	NOT_NOUN
неглиже	NOT_NOUN
неглупо	NOT_NOUN
негоже	NOT_NOUN
негожий	NOT_NOUN
негусто	NOT_NOUN
недавно	NOT_NOUN
недаром	NOT_NOUN
недобро	NOT_NOUN
недолго	NOT_NOUN
недурно	NOT_NOUN
нежарко	NOT_NOUN
нежатый	NOT_NOUN
нежели	NOT_NOUN
неживой	NOT_NOUN
нежилой	NOT_NOUN
нежно	NOT_NOUN
нежный	NOT_NOUN
незачем	NOT_NOUN
незнамо	NOT_NOUN
незримо	NOT_NOUN
нейметь	NOT_NOUN
нейский	NOT_NOUN
нейти	NOT_NOUN
некий	NOT_NOUN
некогда	NOT_NOUN
некого	NOT_NOUN
некто	NOT_NOUN
некуда	NOT_NOUN
неладно	NOT_NOUN
нелегко	NOT_NOUN
нелепо	NOT_NOUN
нелепый	NOT_NOUN
неловко	NOT_NOUN
нельзя	NOT_NOUN
немало	NOT_NOUN
немалый	NOT_NOUN
немедля	NOT_NOUN
неметь	NOT_NOUN
немирно	NOT_NOUN
немного	NOT_NOUN
немо	NOT_NOUN
немодно	NOT_NOUN
немой	NOT_NOUN
немощно	NOT_NOUN
немский	NOT_NOUN
немудро	NOT_NOUN
немытый	NOT_NOUN
немятый	NOT_NOUN
неновый	NOT_NOUN
неплохо	NOT_NOUN
неполно	NOT_NOUN
неполый	NOT_NOUN
непрочь	NOT_NOUN
непутём	NOT_NOUN
неравно	NOT_NOUN
нервно	NOT_NOUN
нервный	NOT_NOUN
нередко	NOT_NOUN
неробко	NOT_NOUN
неровно	NOT_NOUN
нескоро	NOT_NOUN
несмело	NOT_NOUN
неспоро	NOT_NOUN
несский	NOT_NOUN
нести	NOT_NOUN
нестись	NOT_NOUN
несть	NOT_NOUN
несущий	NOT_NOUN
несыто	NOT_NOUN
несытый	NOT_NOUN
неталый	NOT_NOUN
нетихий	NOT_NOUN
неточно	NOT_NOUN
нетто	NOT_NOUN
нету	NOT_NOUN
нетугой	NOT_NOUN
неудобь	NOT_NOUN
неуемно	NOT_NOUN
неужели	NOT_NOUN
неужто	NOT_NOUN
неумело	NOT_NOUN
неумно	NOT_NOUN
неумный	NOT_NOUN
неуютно	NOT_NOUN
нефный	NOT_NOUN
нехило	NOT_NOUN
нехилый	NOT_NOUN
нехитро	NOT_NOUN
нехотя	NOT_NOUN
нехуй	NOT_NOUN
нецелый	NOT_NOUN
неча	NOT_NOUN
нечасто	NOT_NOUN
нечего	NOT_NOUN
нечисто	NOT_NOUN
нечто	NOT_NOUN
нечутко	NOT_NOUN
нечётко	NOT_NOUN
нешто	NOT_NOUN
нещадно	NOT_NOUN
неявно	NOT_NOUN
неявный	NOT_NOUN
неяркий	NOT_NOUN
неярко	NOT_NOUN
неясно	NOT_NOUN
неясный	NOT_NOUN
нивхски	NOT_NOUN
нигде	NOT_NOUN
ниже	NOT_NOUN
нижний	NOT_NOUN
низать	NOT_NOUN
низачем	NOT_NOUN
низкий	NOT_NOUN
низко	NOT_NOUN
низовой	NOT_NOUN
низойти	NOT_NOUN
низом	NOT_NOUN
никак	NOT_NOUN
никакой	NOT_NOUN
никлый	NOT_NOUN
никнуть	NOT_NOUN
никогда	NOT_NOUN
никой	NOT_NOUN
никто	NOT_NOUN
никуда	NOT_NOUN
нимало	NOT_NOUN
нинкин	NOT_NOUN
нипочём	NOT_NOUN
нисский	NOT_NOUN
нитяный	NOT_NOUN
ничего	NOT_NOUN
ничей	NOT_NOUN
ничком	NOT_NOUN
ничто	NOT_NOUN
ничтоже	NOT_NOUN
ничуть	NOT_NOUN
нишевый	NOT_NOUN
нишкни	NOT_NOUN
нищать	NOT_NOUN
нищий	NOT_NOUN
новеть	NOT_NOUN
ново	NOT_NOUN
новый	NOT_NOUN
ноев	NOT_NOUN
ножевой	NOT_NOUN
ножной	NOT_NOUN
ножовый	NOT_NOUN
ноне	NOT_NOUN
норный	NOT_NOUN
норский	NOT_NOUN
носатый	NOT_NOUN
носить	NOT_NOUN
ноский	NOT_NOUN
нотный	NOT_NOUN
ночной	NOT_NOUN
ночью	NOT_NOUN
ношеный	NOT_NOUN
нощно	NOT_NOUN
ноющий	NOT_NOUN
нравный	NOT_NOUN
нудить	NOT_NOUN
нудно	NOT_NOUN
нудный	NOT_NOUN
нужно	NOT_NOUN
нужный	NOT_NOUN
нукать	NOT_NOUN
нулевой	NOT_NOUN
ныне	NOT_NOUN
нынче	NOT_NOUN
нырнуть	NOT_NOUN
нырять	NOT_NOUN
ныть	NOT_NOUN
нюнить	NOT_NOUN
нюхать	NOT_NOUN
нюхнуть	NOT_NOUN
нянин	NOT_NOUN
нянчить	NOT_NOUN
нянькин	NOT_NOUN
обабить	NOT_NOUN
обаять	NOT_NOUN
оббить	NOT_NOUN
обвезти	NOT_NOUN
обвести	NOT_NOUN
обвеять	NOT_NOUN
обвить	NOT_NOUN
обгнить	NOT_NOUN
обдать	NOT_NOUN
обдуть	NOT_NOUN
обегать	NOT_NOUN
обедать	NOT_NOUN
обежать	NOT_NOUN
обелить	NOT_NOUN
обелять	NOT_NOUN
обережь	NOT_NOUN
оберечь	NOT_NOUN
обещать	NOT_NOUN
обжать	NOT_NOUN
обжечь	NOT_NOUN
обжитой	NOT_NOUN
обжить	NOT_NOUN
обивать	NOT_NOUN
обивной	NOT_NOUN
обидеть	NOT_NOUN
обидно	NOT_NOUN
обидный	NOT_NOUN
обижать	NOT_NOUN
обильно	NOT_NOUN
обирать	NOT_NOUN
обитать	NOT_NOUN
обить	NOT_NOUN
обиться	NOT_NOUN
облачно	NOT_NOUN
облаять	NOT_NOUN
облезть	NOT_NOUN
облечь	NOT_NOUN
облить	NOT_NOUN
облыжно	NOT_NOUN
обманно	NOT_NOUN
обмести	NOT_NOUN
обмыть	NOT_NOUN
обмять	NOT_NOUN
обнести	NOT_NOUN
обнять	NOT_NOUN
ободный	NOT_NOUN
обожать	NOT_NOUN
обойный	NOT_NOUN
обойти	NOT_NOUN
обок	NOT_NOUN
обонять	NOT_NOUN
обороть	NOT_NOUN
обоюдно	NOT_NOUN
обпить	NOT_NOUN
образно	NOT_NOUN
обрасти	NOT_NOUN
обратно	NOT_NOUN
обрести	NOT_NOUN
обречь	NOT_NOUN
обрить	NOT_NOUN
обрыть	NOT_NOUN
обсесть	NOT_NOUN
обсечь	NOT_NOUN
обсеять	NOT_NOUN
обски	NOT_NOUN
обский	NOT_NOUN
обстать	NOT_NOUN
обтаять	NOT_NOUN
обтечь	NOT_NOUN
обувать	NOT_NOUN
обувной	NOT_NOUN
обузить	NOT_NOUN
обурить	NOT_NOUN
обутый	NOT_NOUN
обуть	NOT_NOUN
обуться	NOT_NOUN
обучать	NOT_NOUN
обучить	NOT_NOUN
обушный	NOT_NOUN
обуять	NOT_NOUN
обхаять	NOT_NOUN
обчесть	NOT_NOUN
обширно	NOT_NOUN
обшить	NOT_NOUN
общий	NOT_NOUN
общо	NOT_NOUN
объесть	NOT_NOUN
объять	NOT_NOUN
объёмно	NOT_NOUN
обымать	NOT_NOUN
обычно	NOT_NOUN
обычный	NOT_NOUN
обязать	NOT_NOUN
овально	NOT_NOUN
овамо	NOT_NOUN
овевать	NOT_NOUN
овечий	NOT_NOUN
овеять	NOT_NOUN
овивать	NOT_NOUN
овить	NOT_NOUN
овиться	NOT_NOUN
овощной	NOT_NOUN
овсяной	NOT_NOUN
овсяный	NOT_NOUN
огибать	NOT_NOUN
огневой	NOT_NOUN
оголеть	NOT_NOUN
оголить	NOT_NOUN
оголять	NOT_NOUN
огрести	NOT_NOUN
огреть	NOT_NOUN
огромно	NOT_NOUN
огрызть	NOT_NOUN
огулом	NOT_NOUN
огульно	NOT_NOUN
одаль	NOT_NOUN
одарить	NOT_NOUN
одарять	NOT_NOUN
одевать	NOT_NOUN
оделить	NOT_NOUN
оделять	NOT_NOUN
одесную	NOT_NOUN
одетый	NOT_NOUN
одеть	NOT_NOUN
одеться	NOT_NOUN
один	NOT_NOUN
одиноко	NOT_NOUN
одиозно	NOT_NOUN
одичать	NOT_NOUN
однажды	NOT_NOUN
однако	NOT_NOUN
одолеть	NOT_NOUN
одуреть	NOT_NOUN
одурять	NOT_NOUN
одутлый	NOT_NOUN
одёжный	NOT_NOUN
оженить	NOT_NOUN
ожечь	NOT_NOUN
ожечься	NOT_NOUN
оживать	NOT_NOUN
оживить	NOT_NOUN
ожигать	NOT_NOUN
ожидать	NOT_NOUN
ожиреть	NOT_NOUN
ожить	NOT_NOUN
озарить	NOT_NOUN
озарять	NOT_NOUN
оземь	NOT_NOUN
озимый	NOT_NOUN
озирать	NOT_NOUN
озлить	NOT_NOUN
озонный	NOT_NOUN
озорно	NOT_NOUN
озорной	NOT_NOUN
озёрный	NOT_NOUN
ойкать	NOT_NOUN
ойкнуть	NOT_NOUN
оказать	NOT_NOUN
окапать	NOT_NOUN
окатить	NOT_NOUN
окать	NOT_NOUN
окающий	NOT_NOUN
окей	NOT_NOUN
окинуть	NOT_NOUN
окисать	NOT_NOUN
окисный	NOT_NOUN
оклеить	NOT_NOUN
оковать	NOT_NOUN
околеть	NOT_NOUN
около	NOT_NOUN
окольно	NOT_NOUN
оконный	NOT_NOUN
окопать	NOT_NOUN
окопный	NOT_NOUN
окорить	NOT_NOUN
окорять	NOT_NOUN
окосеть	NOT_NOUN
окосить	NOT_NOUN
окотить	NOT_NOUN
окрест	NOT_NOUN
окромя	NOT_NOUN
округло	NOT_NOUN
окский	NOT_NOUN
окунать	NOT_NOUN
окунуть	NOT_NOUN
окупать	NOT_NOUN
окупить	NOT_NOUN
окурить	NOT_NOUN
окутать	NOT_NOUN
окучить	NOT_NOUN
олегов	NOT_NOUN
олений	NOT_NOUN
олин	NOT_NOUN
олифить	NOT_NOUN
ольский	NOT_NOUN
омочить	NOT_NOUN
омский	NOT_NOUN
омывать	NOT_NOUN
омыть	NOT_NOUN
омыться	NOT_NOUN
онально	NOT_NOUN
онеметь	NOT_NOUN
оное	NOT_NOUN
оный	NOT_NOUN
опадать	NOT_NOUN
опалить	NOT_NOUN
опалый	NOT_NOUN
опалять	NOT_NOUN
опарный	NOT_NOUN
опасно	NOT_NOUN
опасный	NOT_NOUN
опасть	NOT_NOUN
опахать	NOT_NOUN
опаять	NOT_NOUN
опекать	NOT_NOUN
опереть	NOT_NOUN
оперить	NOT_NOUN
оперный	NOT_NOUN
оперять	NOT_NOUN
опешить	NOT_NOUN
опивать	NOT_NOUN
опийный	NOT_NOUN
опилить	NOT_NOUN
опирать	NOT_NOUN
описать	NOT_NOUN
опить	NOT_NOUN
опиться	NOT_NOUN
оплести	NOT_NOUN
оплечь	NOT_NOUN
оплошно	NOT_NOUN
оплыть	NOT_NOUN
опля	NOT_NOUN
опоить	NOT_NOUN
оползти	NOT_NOUN
ополоть	NOT_NOUN
опорный	NOT_NOUN
опороть	NOT_NOUN
опочить	NOT_NOUN
опочный	NOT_NOUN
опрелый	NOT_NOUN
опричь	NOT_NOUN
опрятно	NOT_NOUN
оптовый	NOT_NOUN
оптом	NOT_NOUN
опутать	NOT_NOUN
опухать	NOT_NOUN
опухлый	NOT_NOUN
опушать	NOT_NOUN
опушить	NOT_NOUN
опылить	NOT_NOUN
опылять	NOT_NOUN
опытно	NOT_NOUN
опытный	NOT_NOUN
опять	NOT_NOUN
орально	NOT_NOUN
орандж	NOT_NOUN
орать	NOT_NOUN
ораться	NOT_NOUN
орлий	NOT_NOUN
орлиный	NOT_NOUN
оробеть	NOT_NOUN
оросить	NOT_NOUN
орошать	NOT_NOUN
орский	NOT_NOUN
орудный	NOT_NOUN
осадить	NOT_NOUN
осадный	NOT_NOUN
осалить	NOT_NOUN
освоить	NOT_NOUN
осевой	NOT_NOUN
оседать	NOT_NOUN
оседлый	NOT_NOUN
осекать	NOT_NOUN
осенить	NOT_NOUN
осенний	NOT_NOUN
осенью	NOT_NOUN
осенять	NOT_NOUN
осесть	NOT_NOUN
осечь	NOT_NOUN
осечься	NOT_NOUN
осиветь	NOT_NOUN
осилить	NOT_NOUN
осиный	NOT_NOUN
осиплый	NOT_NOUN
осипший	NOT_NOUN
осиять	NOT_NOUN
оскский	NOT_NOUN
ослиный	NOT_NOUN
осмеять	NOT_NOUN
особо	NOT_NOUN
особый	NOT_NOUN
осоветь	NOT_NOUN
остевой	NOT_NOUN
остовый	NOT_NOUN
острить	NOT_NOUN
остричь	NOT_NOUN
остро	NOT_NOUN
острый	NOT_NOUN
остылый	NOT_NOUN
остыть	NOT_NOUN
осудить	NOT_NOUN
осушать	NOT_NOUN
осушить	NOT_NOUN
осыпать	NOT_NOUN
осязать	NOT_NOUN
отавный	NOT_NOUN
отбить	NOT_NOUN
отбрить	NOT_NOUN
отбыть	NOT_NOUN
отважно	NOT_NOUN
отвезти	NOT_NOUN
отвесно	NOT_NOUN
отвести	NOT_NOUN
ответно	NOT_NOUN
отвеять	NOT_NOUN
отвить	NOT_NOUN
отвлечь	NOT_NOUN
отвыть	NOT_NOUN
отгнить	NOT_NOUN
отдать	NOT_NOUN
отдоить	NOT_NOUN
отдуть	NOT_NOUN
отекать	NOT_NOUN
отелить	NOT_NOUN
отереть	NOT_NOUN
отесать	NOT_NOUN
отечь	NOT_NOUN
отжать	NOT_NOUN
отжечь	NOT_NOUN
отжить	NOT_NOUN
отирать	NOT_NOUN
отколе	NOT_NOUN
отколь	NOT_NOUN
откосно	NOT_NOUN
открыто	NOT_NOUN
открыть	NOT_NOUN
откуда	NOT_NOUN
отлаять	NOT_NOUN
отлезть	NOT_NOUN
отлечь	NOT_NOUN
отлить	NOT_NOUN
отлично	NOT_NOUN
отлогий	NOT_NOUN
отлого	NOT_NOUN
отменно	NOT_NOUN
отмести	NOT_NOUN
отмщать	NOT_NOUN
отмыть	NOT_NOUN
отмять	NOT_NOUN
отнести	NOT_NOUN
отныне	NOT_NOUN
отнюдь	NOT_NOUN
отнять	NOT_NOUN
отойти	NOT_NOUN
отопить	NOT_NOUN
оточить	NOT_NOUN
отощать	NOT_NOUN
отпасти	NOT_NOUN
отпасть	NOT_NOUN
отпаять	NOT_NOUN
отпето	NOT_NOUN
отпетый	NOT_NOUN
отпеть	NOT_NOUN
отпечь	NOT_NOUN
отпить	NOT_NOUN
отплыть	NOT_NOUN
отпоить	NOT_NOUN
отпрячь	NOT_NOUN
отрадно	NOT_NOUN
отрасти	NOT_NOUN
отроду	NOT_NOUN
отроить	NOT_NOUN
отрыть	NOT_NOUN
отрясти	NOT_NOUN
отселе	NOT_NOUN
отсель	NOT_NOUN
отсесть	NOT_NOUN
отсечь	NOT_NOUN
отсеять	NOT_NOUN
отсиять	NOT_NOUN
отснять	NOT_NOUN
отстать	NOT_NOUN
отступя	NOT_NOUN
отсюда	NOT_NOUN
оттаять	NOT_NOUN
оттечь	NOT_NOUN
оттого	NOT_NOUN
оттоле	NOT_NOUN
оттоль	NOT_NOUN
оттуда	NOT_NOUN
отудить	NOT_NOUN
отупеть	NOT_NOUN
отупить	NOT_NOUN
отучать	NOT_NOUN
отучить	NOT_NOUN
отхожий	NOT_NOUN
отцов	NOT_NOUN
отчасти	NOT_NOUN
отчего	NOT_NOUN
отчий	NOT_NOUN
отшить	NOT_NOUN
отъесть	NOT_NOUN
отъять	NOT_NOUN
отымать	NOT_NOUN
отёчный	NOT_NOUN
офисный	NOT_NOUN
охально	NOT_NOUN
охаметь	NOT_NOUN
охать	NOT_NOUN
охаять	NOT_NOUN
охнуть	NOT_NOUN
охотно	NOT_NOUN
охотный	NOT_NOUN
охочий	NOT_NOUN
охрить	NOT_NOUN
охровый	NOT_NOUN
охряно	NOT_NOUN
охряной	NOT_NOUN
охряный	NOT_NOUN
охуенно	NOT_NOUN
охулить	NOT_NOUN
оцедить	NOT_NOUN
оценить	NOT_NOUN
оцепить	NOT_NOUN
очажный	NOT_NOUN
очень	NOT_NOUN
очертя	NOT_NOUN
очесать	NOT_NOUN
очечный	NOT_NOUN
очинить	NOT_NOUN
очинять	NOT_NOUN
очищать	NOT_NOUN
очкатый	NOT_NOUN
очковый	NOT_NOUN
очно	NOT_NOUN
очный	NOT_NOUN
очуметь	NOT_NOUN
ошалело	NOT_NOUN
ошалеть	NOT_NOUN
ошикать	NOT_NOUN
ошский	NOT_NOUN
ошуюю	NOT_NOUN
ощенить	NOT_NOUN
ощерить	NOT_NOUN
ощипать	NOT_NOUN
ощупать	NOT_NOUN
ощупью	NOT_NOUN
ощутимо	NOT_NOUN
ощутить	NOT_NOUN
ощущать	NOT_NOUN
павий	NOT_NOUN
павший	NOT_NOUN
пагубно	NOT_NOUN
падать	NOT_NOUN
падевый	NOT_NOUN
падкий	NOT_NOUN
падучий	NOT_NOUN
падший	NOT_NOUN
паевой	NOT_NOUN
паечный	NOT_NOUN
пазить	NOT_NOUN
пазовый	NOT_NOUN
паивать	NOT_NOUN
паки	NOT_NOUN
паклить	NOT_NOUN
паковый	NOT_NOUN
палевый	NOT_NOUN
палить	NOT_NOUN
палый	NOT_NOUN
палящий	NOT_NOUN
палёный	NOT_NOUN
памятно	NOT_NOUN
пански	NOT_NOUN
панский	NOT_NOUN
папашин	NOT_NOUN
папин	NOT_NOUN
папский	NOT_NOUN
паратый	NOT_NOUN
пареный	NOT_NOUN
парить	NOT_NOUN
паркий	NOT_NOUN
парко	NOT_NOUN
парной	NOT_NOUN
парный	NOT_NOUN
паровой	NOT_NOUN
паршиво	NOT_NOUN
паснуть	NOT_NOUN
пасти	NOT_NOUN
пастись	NOT_NOUN
патовый	NOT_NOUN
паузить	NOT_NOUN
паузный	NOT_NOUN
паучий	NOT_NOUN
пафосно	NOT_NOUN
паханый	NOT_NOUN
пахать	NOT_NOUN
пахнуть	NOT_NOUN
паховой	NOT_NOUN
паховый	NOT_NOUN
пахтать	NOT_NOUN
пахучий	NOT_NOUN
паче	NOT_NOUN
пачкать	NOT_NOUN
паюсный	NOT_NOUN
паяный	NOT_NOUN
паять	NOT_NOUN
паяться	NOT_NOUN
певать	NOT_NOUN
певучий	NOT_NOUN
пегий	NOT_NOUN
пековый	NOT_NOUN
пелесый	NOT_NOUN
пенисто	NOT_NOUN
пенить	NOT_NOUN
пенный	NOT_NOUN
пенский	NOT_NOUN
пенять	NOT_NOUN
первый	NOT_NOUN
передом	NOT_NOUN
перейти	NOT_NOUN
переть	NOT_NOUN
пермски	NOT_NOUN
перовой	NOT_NOUN
перхать	NOT_NOUN
перчить	NOT_NOUN
першить	NOT_NOUN
пестро	NOT_NOUN
петлить	NOT_NOUN
петлять	NOT_NOUN
петуший	NOT_NOUN
петь	NOT_NOUN
петься	NOT_NOUN
печатно	NOT_NOUN
печной	NOT_NOUN
печный	NOT_NOUN
печься	NOT_NOUN
печёный	NOT_NOUN
пеший	NOT_NOUN
пешком	NOT_NOUN
пещной	NOT_NOUN
пиано	NOT_NOUN
пивать	NOT_NOUN
пивной	NOT_NOUN
пикать	NOT_NOUN
пикнуть	NOT_NOUN
пиковый	NOT_NOUN
пилить	NOT_NOUN
пиль	NOT_NOUN
пильный	NOT_NOUN
пилёный	NOT_NOUN
пимский	NOT_NOUN
пинать	NOT_NOUN
пинский	NOT_NOUN
пирров	NOT_NOUN
писаный	NOT_NOUN
писать	NOT_NOUN
писчий	NOT_NOUN
питать	NOT_NOUN
пить	NOT_NOUN
питься	NOT_NOUN
пихать	NOT_NOUN
пихнуть	NOT_NOUN
пичкать	NOT_NOUN
пишущий	NOT_NOUN
пищать	NOT_NOUN
пищевой	NOT_NOUN
плавать	NOT_NOUN
плавить	NOT_NOUN
плавкий	NOT_NOUN
плавно	NOT_NOUN
плавной	NOT_NOUN
плавный	NOT_NOUN
плакать	NOT_NOUN
плаке	NOT_NOUN
планово	NOT_NOUN
платать	NOT_NOUN
платить	NOT_NOUN
платно	NOT_NOUN
платный	NOT_NOUN
плашмя	NOT_NOUN
плевать	NOT_NOUN
пленить	NOT_NOUN
пленять	NOT_NOUN
плести	NOT_NOUN
плечной	NOT_NOUN
плиссе	NOT_NOUN
плитный	NOT_NOUN
пличный	NOT_NOUN
плодить	NOT_NOUN
плодный	NOT_NOUN
плоить	NOT_NOUN
плоский	NOT_NOUN
плоско	NOT_NOUN
плотить	NOT_NOUN
плотно	NOT_NOUN
плотный	NOT_NOUN
плотски	NOT_NOUN
плохо	NOT_NOUN
плохой	NOT_NOUN
плошать	NOT_NOUN
плоёный	NOT_NOUN
плужный	NOT_NOUN
плутать	NOT_NOUN
плыть	NOT_NOUN
плюнуть	NOT_NOUN
плюх	NOT_NOUN
плюхать	NOT_NOUN
плющить	NOT_NOUN
пляжный	NOT_NOUN
плясать	NOT_NOUN
плёвый	NOT_NOUN
пнистый	NOT_NOUN
пнуть	NOT_NOUN
поалеть	NOT_NOUN
поахать	NOT_NOUN
победно	NOT_NOUN
побитно	NOT_NOUN
побить	NOT_NOUN
побоку	NOT_NOUN
побрать	NOT_NOUN
побрить	NOT_NOUN
побыть	NOT_NOUN
повадно	NOT_NOUN
повезти	NOT_NOUN
поверх	NOT_NOUN
поверху	NOT_NOUN
поверь	NOT_NOUN
повести	NOT_NOUN
повеять	NOT_NOUN
повить	NOT_NOUN
повлечь	NOT_NOUN
поврать	NOT_NOUN
поврозь	NOT_NOUN
повсюду	NOT_NOUN
повыть	NOT_NOUN
поганый	NOT_NOUN
погнать	NOT_NOUN
погнить	NOT_NOUN
погнуть	NOT_NOUN
погодя	NOT_NOUN
погожий	NOT_NOUN
погреть	NOT_NOUN
подавно	NOT_NOUN
подале	NOT_NOUN
подбить	NOT_NOUN
подвить	NOT_NOUN
подвысь	NOT_NOUN
подвыть	NOT_NOUN
поддать	NOT_NOUN
поддеть	NOT_NOUN
поддуть	NOT_NOUN
поделом	NOT_NOUN
поденно	NOT_NOUN
поджать	NOT_NOUN
поджечь	NOT_NOUN
поджить	NOT_NOUN
поди	NOT_NOUN
подле	NOT_NOUN
подлеть	NOT_NOUN
подлечь	NOT_NOUN
подлить	NOT_NOUN
подло	NOT_NOUN
подлый	NOT_NOUN
подмыть	NOT_NOUN
подмять	NOT_NOUN
поднесь	NOT_NOUN
поднять	NOT_NOUN
подобно	NOT_NOUN
подобру	NOT_NOUN
подовый	NOT_NOUN
подоить	NOT_NOUN
подойти	NOT_NOUN
подолгу	NOT_NOUN
подпеть	NOT_NOUN
подпечь	NOT_NOUN
подпить	NOT_NOUN
подрать	NOT_NOUN
подрыть	NOT_NOUN
подсечь	NOT_NOUN
подтечь	NOT_NOUN
подуть	NOT_NOUN
подушно	NOT_NOUN
подчас	NOT_NOUN
подшить	NOT_NOUN
подшофе	NOT_NOUN
подъять	NOT_NOUN
поедать	NOT_NOUN
поедом	NOT_NOUN
поелику	NOT_NOUN
поесть	NOT_NOUN
поехать	NOT_NOUN
пожалуй	NOT_NOUN
пожать	NOT_NOUN
пождать	NOT_NOUN
пожечь	NOT_NOUN
пожилой	NOT_NOUN
пожить	NOT_NOUN
пожрать	NOT_NOUN
позади	NOT_NOUN
позадь	NOT_NOUN
позарез	NOT_NOUN
позвать	NOT_NOUN
поздний	NOT_NOUN
поздно	NOT_NOUN
поздняк	NOT_NOUN
позлить	NOT_NOUN
познать	NOT_NOUN
позорно	NOT_NOUN
поикать	NOT_NOUN
поиметь	NOT_NOUN
поить	NOT_NOUN
поиться	NOT_NOUN
поймать	NOT_NOUN
пойти	NOT_NOUN
пока	NOT_NOUN
показно	NOT_NOUN
покато	NOT_NOUN
покатый	NOT_NOUN
покоить	NOT_NOUN
покойно	NOT_NOUN
поколе	NOT_NOUN
поколь	NOT_NOUN
покорно	NOT_NOUN
покрыть	NOT_NOUN
покуда	NOT_NOUN
полаять	NOT_NOUN
полбеды	NOT_NOUN
полгать	NOT_NOUN
полгоря	NOT_NOUN
полевой	NOT_NOUN
полезно	NOT_NOUN
полезть	NOT_NOUN
полечь	NOT_NOUN
ползать	NOT_NOUN
ползком	NOT_NOUN
ползти	NOT_NOUN
полить	NOT_NOUN
полнеть	NOT_NOUN
полнить	NOT_NOUN
полно	NOT_NOUN
полноте	NOT_NOUN
полный	NOT_NOUN
половый	NOT_NOUN
пологий	NOT_NOUN
полого	NOT_NOUN
положим	NOT_NOUN
полста	NOT_NOUN
полтора	NOT_NOUN
полый	NOT_NOUN
польск	NOT_NOUN
польски	NOT_NOUN
полюбу	NOT_NOUN
полярно	NOT_NOUN
помалу	NOT_NOUN
помаять	NOT_NOUN
помести	NOT_NOUN
помимо	NOT_NOUN
помнить	NOT_NOUN
помногу	NOT_NOUN
помчать	NOT_NOUN
помыть	NOT_NOUN
помятый	NOT_NOUN
помять	NOT_NOUN
понеже	NOT_NOUN
понести	NOT_NOUN
понизу	NOT_NOUN
понуро	NOT_NOUN
понурый	NOT_NOUN
поныне	NOT_NOUN
поныть	NOT_NOUN
понятно	NOT_NOUN
понять	NOT_NOUN
поодаль	NOT_NOUN
поорать	NOT_NOUN
поохать	NOT_NOUN
попарно	NOT_NOUN
попасти	NOT_NOUN
попасть	NOT_NOUN
попаять	NOT_NOUN
поперёк	NOT_NOUN
попеть	NOT_NOUN
попечь	NOT_NOUN
попить	NOT_NOUN
поплыть	NOT_NOUN
попоить	NOT_NOUN
пополам	NOT_NOUN
попрать	NOT_NOUN
попреть	NOT_NOUN
попсеть	NOT_NOUN
попусту	NOT_NOUN
попутно	NOT_NOUN
порасти	NOT_NOUN
порвать	NOT_NOUN
поржать	NOT_NOUN
поровну	NOT_NOUN
поровый	NOT_NOUN
порознь	NOT_NOUN
порой	NOT_NOUN
поросый	NOT_NOUN
пороть	NOT_NOUN
порочно	NOT_NOUN
порою	NOT_NOUN
портить	NOT_NOUN
порхать	NOT_NOUN
порыть	NOT_NOUN
посбить	NOT_NOUN
посему	NOT_NOUN
посечь	NOT_NOUN
посеять	NOT_NOUN
посиять	NOT_NOUN
послать	NOT_NOUN
после	NOT_NOUN
посметь	NOT_NOUN
поспать	NOT_NOUN
поспеть	NOT_NOUN
посрать	NOT_NOUN
посреди	NOT_NOUN
постичь	NOT_NOUN
постно	NOT_NOUN
постный	NOT_NOUN
постыть	NOT_NOUN
посуху	NOT_NOUN
потаить	NOT_NOUN
потеть	NOT_NOUN
потечь	NOT_NOUN
потешно	NOT_NOUN
поткать	NOT_NOUN
потный	NOT_NOUN
потовой	NOT_NOUN
потом	NOT_NOUN
потому	NOT_NOUN
поточно	NOT_NOUN
поудить	NOT_NOUN
поутру	NOT_NOUN
поучать	NOT_NOUN
поучить	NOT_NOUN
похаять	NOT_NOUN
похлеще	NOT_NOUN
походя	NOT_NOUN
похоже	NOT_NOUN
похожий	NOT_NOUN
почасту	NOT_NOUN
почать	NOT_NOUN
почему	NOT_NOUN
почитай	NOT_NOUN
почить	NOT_NOUN
почти	NOT_NOUN
почтить	NOT_NOUN
почто	NOT_NOUN
почуять	NOT_NOUN
почём	NOT_NOUN
почётно	NOT_NOUN
пошепту	NOT_NOUN
пошить	NOT_NOUN
пошлеть	NOT_NOUN
пошло	NOT_NOUN
пошлый	NOT_NOUN
поэмный	NOT_NOUN
поэтому	NOT_NOUN
поюлить	NOT_NOUN
поясной	NOT_NOUN
поёмный	NOT_NOUN
поёный	NOT_NOUN
праветь	NOT_NOUN
править	NOT_NOUN
пражски	NOT_NOUN
праздно	NOT_NOUN
пребыть	NOT_NOUN
превыше	NOT_NOUN
пред	NOT_NOUN
предать	NOT_NOUN
прежде	NOT_NOUN
прежний	NOT_NOUN
прейти	NOT_NOUN
прелый	NOT_NOUN
премило	NOT_NOUN
пресечь	NOT_NOUN
пресный	NOT_NOUN
престо	NOT_NOUN
претить	NOT_NOUN
преть	NOT_NOUN
прибить	NOT_NOUN
прибыть	NOT_NOUN
привить	NOT_NOUN
придать	NOT_NOUN
прижать	NOT_NOUN
прижечь	NOT_NOUN
прижить	NOT_NOUN
прийти	NOT_NOUN
прилечь	NOT_NOUN
прилить	NOT_NOUN
примять	NOT_NOUN
принять	NOT_NOUN
припечь	NOT_NOUN
присно	NOT_NOUN
присный	NOT_NOUN
притечь	NOT_NOUN
притом	NOT_NOUN
причём	NOT_NOUN
пришить	NOT_NOUN
пришлый	NOT_NOUN
приятно	NOT_NOUN
приять	NOT_NOUN
пробить	NOT_NOUN
пробный	NOT_NOUN
пробыть	NOT_NOUN
провыть	NOT_NOUN
продать	NOT_NOUN
продеть	NOT_NOUN
продуть	NOT_NOUN
проесть	NOT_NOUN
прожать	NOT_NOUN
прожечь	NOT_NOUN
прожить	NOT_NOUN
пройти	NOT_NOUN
пролечь	NOT_NOUN
пролить	NOT_NOUN
промеж	NOT_NOUN
промыть	NOT_NOUN
промять	NOT_NOUN
пронять	NOT_NOUN
пропеть	NOT_NOUN
пропечь	NOT_NOUN
пропить	NOT_NOUN
пропять	NOT_NOUN
проречь	NOT_NOUN
прорыть	NOT_NOUN
просечь	NOT_NOUN
просить	NOT_NOUN
просто	NOT_NOUN
просяще	NOT_NOUN
протечь	NOT_NOUN
против	NOT_NOUN
противу	NOT_NOUN
проч	NOT_NOUN
прочее	NOT_NOUN
прочий	NOT_NOUN
прочить	NOT_NOUN
прочно	NOT_NOUN
прочный	NOT_NOUN
прочь	NOT_NOUN
прошить	NOT_NOUN
прошлый	NOT_NOUN
прощать	NOT_NOUN
прудить	NOT_NOUN
прусски	NOT_NOUN
прыг	NOT_NOUN
прыгать	NOT_NOUN
прыткий	NOT_NOUN
прытко	NOT_NOUN
прядать	NOT_NOUN
прям	NOT_NOUN
прямить	NOT_NOUN
прямо	NOT_NOUN
прямой	NOT_NOUN
пряно	NOT_NOUN
прянуть	NOT_NOUN
пряный	NOT_NOUN
прясть	NOT_NOUN
прятать	NOT_NOUN
псарный	NOT_NOUN
псиный	NOT_NOUN
псоветь	NOT_NOUN
псовый	NOT_NOUN
птичий	NOT_NOUN
пуганый	NOT_NOUN
пугать	NOT_NOUN
пугающе	NOT_NOUN
пугливо	NOT_NOUN
пугнуть	NOT_NOUN
пудовой	NOT_NOUN
пудовый	NOT_NOUN
пудрить	NOT_NOUN
пузатый	NOT_NOUN
пулевой	NOT_NOUN
пульный	NOT_NOUN
пулять	NOT_NOUN
пуржить	NOT_NOUN
пурум	NOT_NOUN
пускай	NOT_NOUN
пускать	NOT_NOUN
пустеть	NOT_NOUN
пустить	NOT_NOUN
пусто	NOT_NOUN
пустой	NOT_NOUN
пусть	NOT_NOUN
путанно	NOT_NOUN
путано	NOT_NOUN
путаный	NOT_NOUN
путать	NOT_NOUN
путевой	NOT_NOUN
путлять	NOT_NOUN
путный	NOT_NOUN
путовой	NOT_NOUN
путёвый	NOT_NOUN
путём	NOT_NOUN
пухлый	NOT_NOUN
пухнуть	NOT_NOUN
пуховой	NOT_NOUN
пуховый	NOT_NOUN
пучить	NOT_NOUN
пушисто	NOT_NOUN
пушить	NOT_NOUN
пущать	NOT_NOUN
пуще	NOT_NOUN
пущий	NOT_NOUN
пхать	NOT_NOUN
пхаться	NOT_NOUN
пхнуть	NOT_NOUN
пшённый	NOT_NOUN
пыжовый	NOT_NOUN
пылать	NOT_NOUN
пылевой	NOT_NOUN
пылить	NOT_NOUN
пылкий	NOT_NOUN
пылко	NOT_NOUN
пыльно	NOT_NOUN
пыльный	NOT_NOUN
пырнуть	NOT_NOUN
пырять	NOT_NOUN
пытать	NOT_NOUN
пыхать	NOT_NOUN
пыхнуть	NOT_NOUN
пыхтеть	NOT_NOUN
пышно	NOT_NOUN
пышный	NOT_NOUN
пьющий	NOT_NOUN
пьянеть	NOT_NOUN
пьянить	NOT_NOUN
пьяно	NOT_NOUN
пэрский	NOT_NOUN
пялить	NOT_NOUN
пястный	NOT_NOUN
пятеро	NOT_NOUN
пятнать	NOT_NOUN
пятнить	NOT_NOUN
пятовый	NOT_NOUN
пятый	NOT_NOUN
пять	NOT_NOUN
пятьсот	NOT_NOUN
пёсий	NOT_NOUN
пёстрый	NOT_NOUN
рабий	NOT_NOUN
рабски	NOT_NOUN
рабский	NOT_NOUN
равно	NOT_NOUN
равный	NOT_NOUN
равнять	NOT_NOUN
радеть	NOT_NOUN
ради	NOT_NOUN
радужно	NOT_NOUN
радушно	NOT_NOUN
ражий	NOT_NOUN
разбить	NOT_NOUN
разве	NOT_NOUN
развить	NOT_NOUN
раздать	NOT_NOUN
раздеть	NOT_NOUN
раздуть	NOT_NOUN
разжать	NOT_NOUN
разжечь	NOT_NOUN
разить	NOT_NOUN
разлапо	NOT_NOUN
разлато	NOT_NOUN
разлить	NOT_NOUN
разлюли	NOT_NOUN
размыто	NOT_NOUN
размыть	NOT_NOUN
размять	NOT_NOUN
разно	NOT_NOUN
разный	NOT_NOUN
разнять	NOT_NOUN
разовый	NOT_NOUN
разом	NOT_NOUN
разрыть	NOT_NOUN
разумно	NOT_NOUN
разутый	NOT_NOUN
разуть	NOT_NOUN
разъять	NOT_NOUN
разящий	NOT_NOUN
райски	NOT_NOUN
райский	NOT_NOUN
раковый	NOT_NOUN
раком	NOT_NOUN
рамный	NOT_NOUN
раневой	NOT_NOUN
ранее	NOT_NOUN
ранимый	NOT_NOUN
ранить	NOT_NOUN
ранний	NOT_NOUN
рано	NOT_NOUN
рапной	NOT_NOUN
раскосо	NOT_NOUN
расовый	NOT_NOUN
распеть	NOT_NOUN
распечь	NOT_NOUN
распить	NOT_NOUN
распять	NOT_NOUN
рассечь	NOT_NOUN
расти	NOT_NOUN
растить	NOT_NOUN
расшить	NOT_NOUN
ратный	NOT_NOUN
рачий	NOT_NOUN
раёшный	NOT_NOUN
рвануть	NOT_NOUN
рваный	NOT_NOUN
рвать	NOT_NOUN
рваться	NOT_NOUN
рвотный	NOT_NOUN
рдеть	NOT_NOUN
рдеться	NOT_NOUN
рдяный	NOT_NOUN
реально	NOT_NOUN
ребячий	NOT_NOUN
реветь	NOT_NOUN
ревмя	NOT_NOUN
ревниво	NOT_NOUN
ревучий	NOT_NOUN
редеть	NOT_NOUN
редкий	NOT_NOUN
редко	NOT_NOUN
реечный	NOT_NOUN
режущий	NOT_NOUN
резаный	NOT_NOUN
резать	NOT_NOUN
резво	NOT_NOUN
резвый	NOT_NOUN
резкий	NOT_NOUN
резко	NOT_NOUN
резной	NOT_NOUN
резнуть	NOT_NOUN
резонно	NOT_NOUN
резчать	NOT_NOUN
рейнски	NOT_NOUN
рентный	NOT_NOUN
репный	NOT_NOUN
реповый	NOT_NOUN
ретивый	NOT_NOUN
речевой	NOT_NOUN
речисто	NOT_NOUN
речной	NOT_NOUN
решать	NOT_NOUN
решить	NOT_NOUN
реять	NOT_NOUN
ржаветь	NOT_NOUN
ржавить	NOT_NOUN
ржавый	NOT_NOUN
ржаной	NOT_NOUN
ржануть	NOT_NOUN
ржать	NOT_NOUN
рижский	NOT_NOUN
ризный	NOT_NOUN
риманов	NOT_NOUN
римски	NOT_NOUN
рисовый	NOT_NOUN
ристать	NOT_NOUN
рифовый	NOT_NOUN
рифский	NOT_NOUN
робеть	NOT_NOUN
робкий	NOT_NOUN
робко	NOT_NOUN
ровный	NOT_NOUN
ровнять	NOT_NOUN
рогатый	NOT_NOUN
роговой	NOT_NOUN
родимый	NOT_NOUN
родить	NOT_NOUN
роднить	NOT_NOUN
родной	NOT_NOUN
родный	NOT_NOUN
родовой	NOT_NOUN
роевой	NOT_NOUN
рожать	NOT_NOUN
рождать	NOT_NOUN
рознить	NOT_NOUN
розно	NOT_NOUN
розный	NOT_NOUN
розовый	NOT_NOUN
роистый	NOT_NOUN
роить	NOT_NOUN
роиться	NOT_NOUN
ройный	NOT_NOUN
роковой	NOT_NOUN
рокский	NOT_NOUN
ролевой	NOT_NOUN
ролевый	NOT_NOUN
рольный	NOT_NOUN
ромовый	NOT_NOUN
ронский	NOT_NOUN
ронять	NOT_NOUN
роптать	NOT_NOUN
росить	NOT_NOUN
рослый	NOT_NOUN
росно	NOT_NOUN
росный	NOT_NOUN
росяной	NOT_NOUN
росяный	NOT_NOUN
ротовой	NOT_NOUN
ртутить	NOT_NOUN
ртутный	NOT_NOUN
рубать	NOT_NOUN
рубить	NOT_NOUN
рубнуть	NOT_NOUN
ругать	NOT_NOUN
ругмя	NOT_NOUN
ругнуть	NOT_NOUN
рудный	NOT_NOUN
рудовый	NOT_NOUN
рудой	NOT_NOUN
рудый	NOT_NOUN
рузский	NOT_NOUN
руинный	NOT_NOUN
рулить	NOT_NOUN
румский	NOT_NOUN
румяно	NOT_NOUN
румяный	NOT_NOUN
рунный	NOT_NOUN
рурский	NOT_NOUN
русачий	NOT_NOUN
русеть	NOT_NOUN
русск	NOT_NOUN
русски	NOT_NOUN
русский	NOT_NOUN
русый	NOT_NOUN
рутовый	NOT_NOUN
рухнуть	NOT_NOUN
ручнеть	NOT_NOUN
ручной	NOT_NOUN
ручьём	NOT_NOUN
рушеный	NOT_NOUN
рушить	NOT_NOUN
рыбачий	NOT_NOUN
рыбий	NOT_NOUN
рыбный	NOT_NOUN
рыгать	NOT_NOUN
рыгнуть	NOT_NOUN
рыдать	NOT_NOUN
рыжеть	NOT_NOUN
рыкать	NOT_NOUN
рыкнуть	NOT_NOUN
рысий	NOT_NOUN
рысить	NOT_NOUN
рыскать	NOT_NOUN
рысцой	NOT_NOUN
рысью	NOT_NOUN
рытый	NOT_NOUN
рыть	NOT_NOUN
рыться	NOT_NOUN
рыхлеть	NOT_NOUN
рыхлить	NOT_NOUN
рыхло	NOT_NOUN
рыхлый	NOT_NOUN
рычать	NOT_NOUN
рьяно	NOT_NOUN
рьяный	NOT_NOUN
рэтский	NOT_NOUN
рюмить	NOT_NOUN
рюшный	NOT_NOUN
рябеть	NOT_NOUN
рябить	NOT_NOUN
рябой	NOT_NOUN
рявкать	NOT_NOUN
рядить	NOT_NOUN
рядком	NOT_NOUN
рядный	NOT_NOUN
рядом	NOT_NOUN
рядской	NOT_NOUN
ряжевый	NOT_NOUN
ряженый	NOT_NOUN
саамски	NOT_NOUN
савский	NOT_NOUN
саговый	NOT_NOUN
садить	NOT_NOUN
садкий	NOT_NOUN
садко	NOT_NOUN
саднеть	NOT_NOUN
саднить	NOT_NOUN
садовый	NOT_NOUN
саечный	NOT_NOUN
сажать	NOT_NOUN
сажевый	NOT_NOUN
саженый	NOT_NOUN
сажный	NOT_NOUN
сазаний	NOT_NOUN
сакский	NOT_NOUN
салить	NOT_NOUN
сально	NOT_NOUN
сальный	NOT_NOUN
самый	NOT_NOUN
санный	NOT_NOUN
сапной	NOT_NOUN
саповый	NOT_NOUN
сачить	NOT_NOUN
сашкин	NOT_NOUN
сбавить	NOT_NOUN
сбегать	NOT_NOUN
сбежать	NOT_NOUN
сберечь	NOT_NOUN
сбивать	NOT_NOUN
сбивной	NOT_NOUN
сбирать	NOT_NOUN
сбить	NOT_NOUN
сбиться	NOT_NOUN
сбоить	NOT_NOUN
сбойный	NOT_NOUN
сбоку	NOT_NOUN
сборный	NOT_NOUN
сбрести	NOT_NOUN
сбрить	NOT_NOUN
сбывать	NOT_NOUN
сбыть	NOT_NOUN
сбыться	NOT_NOUN
свайный	NOT_NOUN
свалить	NOT_NOUN
свалять	NOT_NOUN
сварить	NOT_NOUN
сварной	NOT_NOUN
сватать	NOT_NOUN
свевать	NOT_NOUN
сведать	NOT_NOUN
свежеть	NOT_NOUN
свежий	NOT_NOUN
свежо	NOT_NOUN
свезти	NOT_NOUN
сверить	NOT_NOUN
сверх	NOT_NOUN
сверху	NOT_NOUN
сверять	NOT_NOUN
свесить	NOT_NOUN
свести	NOT_NOUN
светать	NOT_NOUN
светить	NOT_NOUN
светло	NOT_NOUN
светлый	NOT_NOUN
светски	NOT_NOUN
свечной	NOT_NOUN
свешать	NOT_NOUN
свеять	NOT_NOUN
свивать	NOT_NOUN
свиной	NOT_NOUN
свински	NOT_NOUN
свирепо	NOT_NOUN
свисать	NOT_NOUN
свислый	NOT_NOUN
свить	NOT_NOUN
свиться	NOT_NOUN
сводить	NOT_NOUN
сводной	NOT_NOUN
сводный	NOT_NOUN
свозить	NOT_NOUN
свой	NOT_NOUN
свойски	NOT_NOUN
сворить	NOT_NOUN
сворный	NOT_NOUN
свысока	NOT_NOUN
свыше	NOT_NOUN
связать	NOT_NOUN
связно	NOT_NOUN
связной	NOT_NOUN
связный	NOT_NOUN
святить	NOT_NOUN
святой	NOT_NOUN
свёкров	NOT_NOUN
сгибать	NOT_NOUN
сгинуть	NOT_NOUN
сглупа	NOT_NOUN
сгнести	NOT_NOUN
сгнить	NOT_NOUN
сгноить	NOT_NOUN
сгонный	NOT_NOUN
сгонять	NOT_NOUN
сгорать	NOT_NOUN
сгореть	NOT_NOUN
сгоряча	NOT_NOUN
сгрести	NOT_NOUN
сгрызть	NOT_NOUN
сгубить	NOT_NOUN
сгущать	NOT_NOUN
сдавать	NOT_NOUN
сдавить	NOT_NOUN
сдать	NOT_NOUN
сдаться	NOT_NOUN
сдвоить	NOT_NOUN
сделать	NOT_NOUN
сдельно	NOT_NOUN
сдирать	NOT_NOUN
сдобить	NOT_NOUN
сдобный	NOT_NOUN
сдоить	NOT_NOUN
сдувать	NOT_NOUN
сдунуть	NOT_NOUN
сдуреть	NOT_NOUN
сдурить	NOT_NOUN
сдуру	NOT_NOUN
сдуть	NOT_NOUN
сдыхать	NOT_NOUN
сдюжить	NOT_NOUN
себе	NOT_NOUN
себя	NOT_NOUN
севский	NOT_NOUN
сегодня	NOT_NOUN
седеть	NOT_NOUN
седлать	NOT_NOUN
седой	NOT_NOUN
седьмой	NOT_NOUN
сейчас	NOT_NOUN
секущий	NOT_NOUN
селевой	NOT_NOUN
селевый	NOT_NOUN
селить	NOT_NOUN
семейно	NOT_NOUN
семеро	NOT_NOUN
семо	NOT_NOUN
семь	NOT_NOUN
семьсот	NOT_NOUN
семью	NOT_NOUN
сенной	NOT_NOUN
сенский	NOT_NOUN
сербски	NOT_NOUN
сердито	NOT_NOUN
сердить	NOT_NOUN
середь	NOT_NOUN
сереть	NOT_NOUN
серийно	NOT_NOUN
серить	NOT_NOUN
серный	NOT_NOUN
серо	NOT_NOUN
серчать	NOT_NOUN
серый	NOT_NOUN
сестрин	NOT_NOUN
сесть	NOT_NOUN
сетевой	NOT_NOUN
сетной	NOT_NOUN
сетный	NOT_NOUN
сечевой	NOT_NOUN
сеченый	NOT_NOUN
сечь	NOT_NOUN
сечься	NOT_NOUN
сеяный	NOT_NOUN
сеять	NOT_NOUN
сеяться	NOT_NOUN
сжарить	NOT_NOUN
сжато	NOT_NOUN
сжатый	NOT_NOUN
сжать	NOT_NOUN
сжаться	NOT_NOUN
сжевать	NOT_NOUN
сжечь	NOT_NOUN
сжечься	NOT_NOUN
сживать	NOT_NOUN
сжигать	NOT_NOUN
сжидить	NOT_NOUN
сжижать	NOT_NOUN
сжимать	NOT_NOUN
сжинать	NOT_NOUN
сжирать	NOT_NOUN
сжить	NOT_NOUN
сжиться	NOT_NOUN
сжулить	NOT_NOUN
сзади	NOT_NOUN
сзаду	NOT_NOUN
сзывать	NOT_NOUN
сиамски	NOT_NOUN
сиветь	NOT_NOUN
сивучий	NOT_NOUN
сивый	NOT_NOUN
сигать	NOT_NOUN
сиговый	NOT_NOUN
сидеть	NOT_NOUN
сидмя	NOT_NOUN
сидя	NOT_NOUN
сидячий	NOT_NOUN
сизеть	NOT_NOUN
сизифов	NOT_NOUN
сизнова	NOT_NOUN
сизый	NOT_NOUN
сийский	NOT_NOUN
сикать	NOT_NOUN
силком	NOT_NOUN
силовой	NOT_NOUN
силой	NOT_NOUN
сильно	NOT_NOUN
сильный	NOT_NOUN
синеть	NOT_NOUN
синий	NOT_NOUN
синить	NOT_NOUN
синёный	NOT_NOUN
сионски	NOT_NOUN
сипеть	NOT_NOUN
сипло	NOT_NOUN
сиплый	NOT_NOUN
сипнуть	NOT_NOUN
сиречь	NOT_NOUN
сиро	NOT_NOUN
сирый	NOT_NOUN
ситовой	NOT_NOUN
ситовый	NOT_NOUN
сиять	NOT_NOUN
скажем	NOT_NOUN
сказать	NOT_NOUN
скакать	NOT_NOUN
скалить	NOT_NOUN
сканный	NOT_NOUN
скапать	NOT_NOUN
скатать	NOT_NOUN
скатить	NOT_NOUN
скатный	NOT_NOUN
скачать	NOT_NOUN
скверно	NOT_NOUN
сквозь	NOT_NOUN
скидать	NOT_NOUN
скидной	NOT_NOUN
скинуть	NOT_NOUN
скисать	NOT_NOUN
скислый	NOT_NOUN
скифски	NOT_NOUN
складно	NOT_NOUN
склеить	NOT_NOUN
склизко	NOT_NOUN
склочно	NOT_NOUN
скобить	NOT_NOUN
сковать	NOT_NOUN
сковной	NOT_NOUN
сколоть	NOT_NOUN
сколь	NOT_NOUN
сколько	NOT_NOUN
скопать	NOT_NOUN
скопить	NOT_NOUN
скопом	NOT_NOUN
скорбно	NOT_NOUN
скорее	NOT_NOUN
скоро	NOT_NOUN
скорый	NOT_NOUN
скосить	NOT_NOUN
скотий	NOT_NOUN
скотный	NOT_NOUN
скотски	NOT_NOUN
скрасть	NOT_NOUN
скрести	NOT_NOUN
скроить	NOT_NOUN
скромно	NOT_NOUN
скрытно	NOT_NOUN
скрытый	NOT_NOUN
скрыть	NOT_NOUN
скудеть	NOT_NOUN
скудно	NOT_NOUN
скудный	NOT_NOUN
скулить	NOT_NOUN
скупать	NOT_NOUN
скупить	NOT_NOUN
скупной	NOT_NOUN
скупо	NOT_NOUN
скупой	NOT_NOUN
скурить	NOT_NOUN
скусить	NOT_NOUN
скучать	NOT_NOUN
скучить	NOT_NOUN
скучно	NOT_NOUN
скучный	NOT_NOUN
скушать	NOT_NOUN
слабеть	NOT_NOUN
слабить	NOT_NOUN
слабо	NOT_NOUN
слабый	NOT_NOUN
славить	NOT_NOUN
славкин	NOT_NOUN
славно	NOT_NOUN
славный	NOT_NOUN
слагать	NOT_NOUN
сладить	NOT_NOUN
сладкий	NOT_NOUN
сладко	NOT_NOUN
слазать	NOT_NOUN
слазить	NOT_NOUN
слать	NOT_NOUN
слаться	NOT_NOUN
слева	NOT_NOUN
слегать	NOT_NOUN
слегка	NOT_NOUN
следить	NOT_NOUN
следом	NOT_NOUN
слезать	NOT_NOUN
слезть	NOT_NOUN
слепить	NOT_NOUN
слепо	NOT_NOUN
слепой	NOT_NOUN
слетать	NOT_NOUN
слететь	NOT_NOUN
слечь	NOT_NOUN
сливать	NOT_NOUN
сливной	NOT_NOUN
слизать	NOT_NOUN
слизкий	NOT_NOUN
слизко	NOT_NOUN
слинять	NOT_NOUN
слипать	NOT_NOUN
слитно	NOT_NOUN
слитный	NOT_NOUN
слить	NOT_NOUN
слиться	NOT_NOUN
сличать	NOT_NOUN
сличить	NOT_NOUN
слишком	NOT_NOUN
словить	NOT_NOUN
словно	NOT_NOUN
словный	NOT_NOUN
словом	NOT_NOUN
слоевой	NOT_NOUN
сложено	NOT_NOUN
сложить	NOT_NOUN
сложно	NOT_NOUN
сложный	NOT_NOUN
слоить	NOT_NOUN
сломать	NOT_NOUN
сломить	NOT_NOUN
сломя	NOT_NOUN
слонять	NOT_NOUN
слопать	NOT_NOUN
слоёный	NOT_NOUN
служить	NOT_NOUN
слупить	NOT_NOUN
случаем	NOT_NOUN
случать	NOT_NOUN
случить	NOT_NOUN
случной	NOT_NOUN
случный	NOT_NOUN
слушай	NOT_NOUN
слушать	NOT_NOUN
слыть	NOT_NOUN
слыхать	NOT_NOUN
слыхом	NOT_NOUN
слышать	NOT_NOUN
слышно	NOT_NOUN
слышный	NOT_NOUN
слышь	NOT_NOUN
слюнить	NOT_NOUN
слюнный	NOT_NOUN
сляпать	NOT_NOUN
слёзно	NOT_NOUN
слёзный	NOT_NOUN
смазать	NOT_NOUN
смазной	NOT_NOUN
смалу	NOT_NOUN
сманить	NOT_NOUN
смарать	NOT_NOUN
смахать	NOT_NOUN
смачно	NOT_NOUN
смачный	NOT_NOUN
смаять	NOT_NOUN
смежать	NOT_NOUN
смежить	NOT_NOUN
смежный	NOT_NOUN
смекать	NOT_NOUN
смелеть	NOT_NOUN
смело	NOT_NOUN
смелый	NOT_NOUN
сменить	NOT_NOUN
сменно	NOT_NOUN
сменный	NOT_NOUN
сменять	NOT_NOUN
смерить	NOT_NOUN
смесить	NOT_NOUN
смести	NOT_NOUN
сметать	NOT_NOUN
сметный	NOT_NOUN
сметь	NOT_NOUN
смешать	NOT_NOUN
смешить	NOT_NOUN
смешно	NOT_NOUN
смешной	NOT_NOUN
смещать	NOT_NOUN
сминать	NOT_NOUN
смирить	NOT_NOUN
смирно	NOT_NOUN
смирный	NOT_NOUN
смирять	NOT_NOUN
смлада	NOT_NOUN
смокать	NOT_NOUN
смолить	NOT_NOUN
смолоду	NOT_NOUN
смолоть	NOT_NOUN
сморить	NOT_NOUN
смотать	NOT_NOUN
смочить	NOT_NOUN
смочь	NOT_NOUN
смрадно	NOT_NOUN
смуглый	NOT_NOUN
смуро	NOT_NOUN
смурый	NOT_NOUN
смутить	NOT_NOUN
смутно	NOT_NOUN
смутный	NOT_NOUN
смущать	NOT_NOUN
смывать	NOT_NOUN
смывной	NOT_NOUN
смыкать	NOT_NOUN
смылить	NOT_NOUN
смыть	NOT_NOUN
смыться	NOT_NOUN
смякать	NOT_NOUN
смять	NOT_NOUN
смяться	NOT_NOUN
снаружи	NOT_NOUN
сначала	NOT_NOUN
снедать	NOT_NOUN
снежить	NOT_NOUN
снежно	NOT_NOUN
снежный	NOT_NOUN
снести	NOT_NOUN
снецкой	NOT_NOUN
снижать	NOT_NOUN
снизать	NOT_NOUN
снизить	NOT_NOUN
снизу	NOT_NOUN
сникать	NOT_NOUN
снимать	NOT_NOUN
сниться	NOT_NOUN
снова	NOT_NOUN
сновать	NOT_NOUN
сносить	NOT_NOUN
сносно	NOT_NOUN
сносный	NOT_NOUN
снуло	NOT_NOUN
снулый	NOT_NOUN
снятой	NOT_NOUN
снять	NOT_NOUN
сняться	NOT_NOUN
собачий	NOT_NOUN
соболий	NOT_NOUN
собрать	NOT_NOUN
совать	NOT_NOUN
советь	NOT_NOUN
совий	NOT_NOUN
совиный	NOT_NOUN
совкий	NOT_NOUN
совлечь	NOT_NOUN
соврать	NOT_NOUN
совсем	NOT_NOUN
согнать	NOT_NOUN
согнуть	NOT_NOUN
согреть	NOT_NOUN
содеять	NOT_NOUN
содовый	NOT_NOUN
содрать	NOT_NOUN
соевый	NOT_NOUN
сожрать	NOT_NOUN
созвать	NOT_NOUN
создать	NOT_NOUN
сознать	NOT_NOUN
созреть	NOT_NOUN
сойти	NOT_NOUN
сойтись	NOT_NOUN
соковой	NOT_NOUN
соковый	NOT_NOUN
соколий	NOT_NOUN
сокрыть	NOT_NOUN
солгать	NOT_NOUN
солевой	NOT_NOUN
солидно	NOT_NOUN
солить	NOT_NOUN
соловый	NOT_NOUN
солоно	NOT_NOUN
солощий	NOT_NOUN
сольно	NOT_NOUN
сольный	NOT_NOUN
соляной	NOT_NOUN
соляный	NOT_NOUN
солёный	NOT_NOUN
сомлеть	NOT_NOUN
сомовий	NOT_NOUN
сомовый	NOT_NOUN
сомон	NOT_NOUN
сомчать	NOT_NOUN
сонно	NOT_NOUN
сонный	NOT_NOUN
сообща	NOT_NOUN
соосный	NOT_NOUN
сопатый	NOT_NOUN
сопеть	NOT_NOUN
сопреть	NOT_NOUN
сопрячь	NOT_NOUN
сорвать	NOT_NOUN
сорить	NOT_NOUN
сорный	NOT_NOUN
сорок	NOT_NOUN
сорочий	NOT_NOUN
сорри	NOT_NOUN
сортный	NOT_NOUN
сосать	NOT_NOUN
сослать	NOT_NOUN
сослепа	NOT_NOUN
сослепу	NOT_NOUN
соснуть	NOT_NOUN
сосущий	NOT_NOUN
соткать	NOT_NOUN
сотлеть	NOT_NOUN
сотовый	NOT_NOUN
сотый	NOT_NOUN
соусный	NOT_NOUN
сохлый	NOT_NOUN
сохнуть	NOT_NOUN
сочить	NOT_NOUN
сочно	NOT_NOUN
сочный	NOT_NOUN
сошный	NOT_NOUN
союзный	NOT_NOUN
спадать	NOT_NOUN
спайный	NOT_NOUN
спалить	NOT_NOUN
спарить	NOT_NOUN
спасать	NOT_NOUN
спаский	NOT_NOUN
спасти	NOT_NOUN
спасть	NOT_NOUN
спать	NOT_NOUN
спаться	NOT_NOUN
спахать	NOT_NOUN
спаянно	NOT_NOUN
спаять	NOT_NOUN
спекать	NOT_NOUN
спелый	NOT_NOUN
сперва	NOT_NOUN
спереди	NOT_NOUN
спереть	NOT_NOUN
спеть	NOT_NOUN
спеться	NOT_NOUN
спечь	NOT_NOUN
спечься	NOT_NOUN
спешить	NOT_NOUN
спешно	NOT_NOUN
спешный	NOT_NOUN
спивать	NOT_NOUN
спилить	NOT_NOUN
спинной	NOT_NOUN
спирать	NOT_NOUN
списать	NOT_NOUN
спитой	NOT_NOUN
спить	NOT_NOUN
спиться	NOT_NOUN
спичный	NOT_NOUN
сплести	NOT_NOUN
сплеча	NOT_NOUN
сплоить	NOT_NOUN
сплошь	NOT_NOUN
сплыть	NOT_NOUN
споить	NOT_NOUN
спокон	NOT_NOUN
сползти	NOT_NOUN
сполна	NOT_NOUN
сполоть	NOT_NOUN
спорить	NOT_NOUN
спорный	NOT_NOUN
споро	NOT_NOUN
спороть	NOT_NOUN
спорый	NOT_NOUN
справно	NOT_NOUN
спроста	NOT_NOUN
спрясть	NOT_NOUN
спрячь	NOT_NOUN
спустя	NOT_NOUN
спутать	NOT_NOUN
спьяна	NOT_NOUN
спьяну	NOT_NOUN
спялить	NOT_NOUN
спятить	NOT_NOUN
спёртый	NOT_NOUN
сражать	NOT_NOUN
сразить	NOT_NOUN
сразу	NOT_NOUN
срамить	NOT_NOUN
срамной	NOT_NOUN
сраный	NOT_NOUN
среди	NOT_NOUN
средне	NOT_NOUN
средний	NOT_NOUN
средь	NOT_NOUN
срезать	NOT_NOUN
срезной	NOT_NOUN
сробеть	NOT_NOUN
сродни	NOT_NOUN
сродный	NOT_NOUN
сроду	NOT_NOUN
сроить	NOT_NOUN
сронить	NOT_NOUN
срочно	NOT_NOUN
срочный	NOT_NOUN
срубать	NOT_NOUN
срубить	NOT_NOUN
срубный	NOT_NOUN
срывать	NOT_NOUN
срывной	NOT_NOUN
срыву	NOT_NOUN
срыть	NOT_NOUN
срядить	NOT_NOUN
сряду	NOT_NOUN
сряжать	NOT_NOUN
ссадить	NOT_NOUN
ссать	NOT_NOUN
ссекать	NOT_NOUN
сселить	NOT_NOUN
сселять	NOT_NOUN
ссечь	NOT_NOUN
ссорить	NOT_NOUN
ссосать	NOT_NOUN
ссудить	NOT_NOUN
ссудный	NOT_NOUN
ссужать	NOT_NOUN
ссунуть	NOT_NOUN
ссучить	NOT_NOUN
ссылать	NOT_NOUN
ссыпать	NOT_NOUN
ссыпной	NOT_NOUN
ставать	NOT_NOUN
ставить	NOT_NOUN
ставной	NOT_NOUN
стадный	NOT_NOUN
стайный	NOT_NOUN
стареть	NOT_NOUN
старить	NOT_NOUN
старый	NOT_NOUN
статный	NOT_NOUN
статься	NOT_NOUN
стачать	NOT_NOUN
стачной	NOT_NOUN
стащить	NOT_NOUN
стаять	NOT_NOUN
стебать	NOT_NOUN
стегать	NOT_NOUN
стекать	NOT_NOUN
стелить	NOT_NOUN
стенать	NOT_NOUN
стенной	NOT_NOUN
степной	NOT_NOUN
стереть	NOT_NOUN
стеречь	NOT_NOUN
стесать	NOT_NOUN
стечь	NOT_NOUN
стечься	NOT_NOUN
стильно	NOT_NOUN
стирать	NOT_NOUN
стихать	NOT_NOUN
стлать	NOT_NOUN
стожить	NOT_NOUN
стоить	NOT_NOUN
стойкий	NOT_NOUN
стойко	NOT_NOUN
стойком	NOT_NOUN
стоймя	NOT_NOUN
стократ	NOT_NOUN
столочь	NOT_NOUN
столь	NOT_NOUN
столько	NOT_NOUN
стонать	NOT_NOUN
стоокий	NOT_NOUN
стопить	NOT_NOUN
стопный	NOT_NOUN
сточить	NOT_NOUN
сточный	NOT_NOUN
стоя	NOT_NOUN
стоялый	NOT_NOUN
стоять	NOT_NOUN
стоячий	NOT_NOUN
стоящий	NOT_NOUN
странно	NOT_NOUN
страшно	NOT_NOUN
стретто	NOT_NOUN
стричь	NOT_NOUN
строгий	NOT_NOUN
строго	NOT_NOUN
строить	NOT_NOUN
стройно	NOT_NOUN
струить	NOT_NOUN
стрясти	NOT_NOUN
студить	NOT_NOUN
студёно	NOT_NOUN
стукать	NOT_NOUN
ступать	NOT_NOUN
ступить	NOT_NOUN
стучать	NOT_NOUN
стушить	NOT_NOUN
стыдить	NOT_NOUN
стыдно	NOT_NOUN
стыдный	NOT_NOUN
стыкать	NOT_NOUN
стылый	NOT_NOUN
стынуть	NOT_NOUN
стырить	NOT_NOUN
стыть	NOT_NOUN
стычный	NOT_NOUN
стяжать	NOT_NOUN
стяжной	NOT_NOUN
стянуть	NOT_NOUN
стёртый	NOT_NOUN
субито	NOT_NOUN
субменю	NOT_NOUN
сувский	NOT_NOUN
сугубо	NOT_NOUN
сугубый	NOT_NOUN
судачий	NOT_NOUN
судить	NOT_NOUN
судный	NOT_NOUN
судовой	NOT_NOUN
суетно	NOT_NOUN
суетный	NOT_NOUN
сужать	NOT_NOUN
суждено	NOT_NOUN
суженый	NOT_NOUN
сузить	NOT_NOUN
сукин	NOT_NOUN
сулить	NOT_NOUN
сулёный	NOT_NOUN
суметь	NOT_NOUN
сумный	NOT_NOUN
сумский	NOT_NOUN
сумской	NOT_NOUN
сунский	NOT_NOUN
сунуть	NOT_NOUN
супер	NOT_NOUN
супить	NOT_NOUN
суповой	NOT_NOUN
сурово	NOT_NOUN
суровый	NOT_NOUN
сурочий	NOT_NOUN
сурский	NOT_NOUN
суслить	NOT_NOUN
сутуло	NOT_NOUN
сутулый	NOT_NOUN
сухо	NOT_NOUN
сучий	NOT_NOUN
сучить	NOT_NOUN
сучёный	NOT_NOUN
сушить	NOT_NOUN
сушёный	NOT_NOUN
сущий	NOT_NOUN
суэцкий	NOT_NOUN
суягный	NOT_NOUN
схапать	NOT_NOUN
схемно	NOT_NOUN
схемный	NOT_NOUN
схимить	NOT_NOUN
сходить	NOT_NOUN
сходный	NOT_NOUN
сходу	NOT_NOUN
схожий	NOT_NOUN
схопать	NOT_NOUN
сцапать	NOT_NOUN
сцедить	NOT_NOUN
сцепить	NOT_NOUN
сцепной	NOT_NOUN
счалить	NOT_NOUN
счесать	NOT_NOUN
счесть	NOT_NOUN
считать	NOT_NOUN
счищать	NOT_NOUN
счётный	NOT_NOUN
сшибать	NOT_NOUN
сшибить	NOT_NOUN
сшивать	NOT_NOUN
сшивной	NOT_NOUN
сшить	NOT_NOUN
съедать	NOT_NOUN
съезжий	NOT_NOUN
съесть	NOT_NOUN
съехать	NOT_NOUN
съёжить	NOT_NOUN
съёмный	NOT_NOUN
сыграть	NOT_NOUN
сызмала	NOT_NOUN
сызмалу	NOT_NOUN
сызнова	NOT_NOUN
сынов	NOT_NOUN
сыпать	NOT_NOUN
сыпкий	NOT_NOUN
сыпной	NOT_NOUN
сыпнуть	NOT_NOUN
сыпучий	NOT_NOUN
сыреть	NOT_NOUN
сырный	NOT_NOUN
сыро	NOT_NOUN
сырой	NOT_NOUN
сырьём	NOT_NOUN
сыскать	NOT_NOUN
сыскной	NOT_NOUN
сытеть	NOT_NOUN
сытить	NOT_NOUN
сытно	NOT_NOUN
сытный	NOT_NOUN
сыто	NOT_NOUN
сытый	NOT_NOUN
сычиный	NOT_NOUN
сычёный	NOT_NOUN
сюда	NOT_NOUN
сюитный	NOT_NOUN
сякнуть	NOT_NOUN
сякой	NOT_NOUN
сёмужий	NOT_NOUN
табуном	NOT_NOUN
таврить	NOT_NOUN
тазовый	NOT_NOUN
таить	NOT_NOUN
таиться	NOT_NOUN
тайком	NOT_NOUN
тайно	NOT_NOUN
тайный	NOT_NOUN
тайский	NOT_NOUN
такать	NOT_NOUN
также	NOT_NOUN
таки	NOT_NOUN
таковой	NOT_NOUN
такой	NOT_NOUN
тактный	NOT_NOUN
талевый	NOT_NOUN
таловый	NOT_NOUN
талый	NOT_NOUN
танькин	NOT_NOUN
тараний	NOT_NOUN
тарарах	NOT_NOUN
тарный	NOT_NOUN
тарский	NOT_NOUN
таскать	NOT_NOUN
татский	NOT_NOUN
тачать	NOT_NOUN
тачной	NOT_NOUN
тащить	NOT_NOUN
таять	NOT_NOUN
таёжный	NOT_NOUN
тварный	NOT_NOUN
твой	NOT_NOUN
творить	NOT_NOUN
твёрдо	NOT_NOUN
твёрдый	NOT_NOUN
теговый	NOT_NOUN
текучий	NOT_NOUN
текущий	NOT_NOUN
телесно	NOT_NOUN
телешом	NOT_NOUN
тельный	NOT_NOUN
телячий	NOT_NOUN
темнеть	NOT_NOUN
темнить	NOT_NOUN
темно	NOT_NOUN
теневой	NOT_NOUN
тенисто	NOT_NOUN
тенить	NOT_NOUN
теперь	NOT_NOUN
теплеть	NOT_NOUN
теплить	NOT_NOUN
тереть	NOT_NOUN
терзать	NOT_NOUN
терпеть	NOT_NOUN
терпимо	NOT_NOUN
терпкий	NOT_NOUN
терпко	NOT_NOUN
терский	NOT_NOUN
терять	NOT_NOUN
тесать	NOT_NOUN
теснить	NOT_NOUN
тесно	NOT_NOUN
тесный	NOT_NOUN
тесовый	NOT_NOUN
тестев	NOT_NOUN
тешить	NOT_NOUN
тибрить	NOT_NOUN
тикать	NOT_NOUN
тиковый	NOT_NOUN
тимский	NOT_NOUN
тинный	NOT_NOUN
типа	NOT_NOUN
типично	NOT_NOUN
типовой	NOT_NOUN
тискать	NOT_NOUN
тиснить	NOT_NOUN
тиснуть	NOT_NOUN
тисовый	NOT_NOUN
тихий	NOT_NOUN
тихнуть	NOT_NOUN
тихо	NOT_NOUN
тишайше	NOT_NOUN
тишать	NOT_NOUN
тишком	NOT_NOUN
тканый	NOT_NOUN
ткать	NOT_NOUN
ткаться	NOT_NOUN
ткацкий	NOT_NOUN
ткнуть	NOT_NOUN
тленный	NOT_NOUN
тлеть	NOT_NOUN
тлеться	NOT_NOUN
тлить	NOT_NOUN
тлиться	NOT_NOUN
тминный	NOT_NOUN
тмить	NOT_NOUN
тмиться	NOT_NOUN
тогда	NOT_NOUN
тоже	NOT_NOUN
токмо	NOT_NOUN
токовый	NOT_NOUN
толевый	NOT_NOUN
толин	NOT_NOUN
толкать	NOT_NOUN
толково	NOT_NOUN
толком	NOT_NOUN
толовый	NOT_NOUN
толочь	NOT_NOUN
толсто	NOT_NOUN
толстый	NOT_NOUN
толькин	NOT_NOUN
только	NOT_NOUN
томить	NOT_NOUN
томно	NOT_NOUN
томный	NOT_NOUN
томский	NOT_NOUN
тонкий	NOT_NOUN
тонко	NOT_NOUN
тонный	NOT_NOUN
тоновой	NOT_NOUN
тоновый	NOT_NOUN
тонуть	NOT_NOUN
тончать	NOT_NOUN
тончить	NOT_NOUN
топать	NOT_NOUN
топить	NOT_NOUN
топкий	NOT_NOUN
топко	NOT_NOUN
топнуть	NOT_NOUN
топовый	NOT_NOUN
топорно	NOT_NOUN
топтать	NOT_NOUN
торить	NOT_NOUN
торкать	NOT_NOUN
торный	NOT_NOUN
торопко	NOT_NOUN
торчать	NOT_NOUN
торчком	NOT_NOUN
торчмя	NOT_NOUN
торёный	NOT_NOUN
тотчас	NOT_NOUN
тоцкий	NOT_NOUN
точить	NOT_NOUN
точнее	NOT_NOUN
точно	NOT_NOUN
точный	NOT_NOUN
точёный	NOT_NOUN
тошнить	NOT_NOUN
тошно	NOT_NOUN
тошный	NOT_NOUN
тощать	NOT_NOUN
тощий	NOT_NOUN
тпру	NOT_NOUN
травить	NOT_NOUN
травный	NOT_NOUN
тралить	NOT_NOUN
тратить	NOT_NOUN
трафить	NOT_NOUN
трах	NOT_NOUN
трахать	NOT_NOUN
трезво	NOT_NOUN
трезвый	NOT_NOUN
трелить	NOT_NOUN
трепать	NOT_NOUN
третий	NOT_NOUN
третной	NOT_NOUN
трефной	NOT_NOUN
трещать	NOT_NOUN
трижды	NOT_NOUN
триста	NOT_NOUN
тришкин	NOT_NOUN
трогать	NOT_NOUN
трое	NOT_NOUN
троить	NOT_NOUN
троицын	NOT_NOUN
тройной	NOT_NOUN
тронный	NOT_NOUN
тронуть	NOT_NOUN
тропить	NOT_NOUN
трохи	NOT_NOUN
троякий	NOT_NOUN
трояко	NOT_NOUN
трубить	NOT_NOUN
трубно	NOT_NOUN
трубный	NOT_NOUN
трудить	NOT_NOUN
трудно	NOT_NOUN
трудный	NOT_NOUN
трунить	NOT_NOUN
трупный	NOT_NOUN
трусить	NOT_NOUN
трухлый	NOT_NOUN
трюмный	NOT_NOUN
трюхать	NOT_NOUN
тряпной	NOT_NOUN
тряский	NOT_NOUN
трясти	NOT_NOUN
тубо	NOT_NOUN
туго	NOT_NOUN
тугой	NOT_NOUN
тугонек	NOT_NOUN
туда	NOT_NOUN
туевый	NOT_NOUN
туерный	NOT_NOUN
тужить	NOT_NOUN
тузить	NOT_NOUN
тузовый	NOT_NOUN
тукать	NOT_NOUN
тукнуть	NOT_NOUN
туковый	NOT_NOUN
тульски	NOT_NOUN
туманно	NOT_NOUN
тупенек	NOT_NOUN
тупеть	NOT_NOUN
тупить	NOT_NOUN
тупо	NOT_NOUN
тупой	NOT_NOUN
турбо	NOT_NOUN
турий	NOT_NOUN
турить	NOT_NOUN
туркать	NOT_NOUN
турнуть	NOT_NOUN
тускло	NOT_NOUN
тусклый	NOT_NOUN
тутовый	NOT_NOUN
туточки	NOT_NOUN
туфовый	NOT_NOUN
тухлый	NOT_NOUN
тухнуть	NOT_NOUN
тучевой	NOT_NOUN
тучнеть	NOT_NOUN
тучно	NOT_NOUN
тучный	NOT_NOUN
тушевый	NOT_NOUN
тушить	NOT_NOUN
тушёный	NOT_NOUN
тщетно	NOT_NOUN
тщетный	NOT_NOUN
тщиться	NOT_NOUN
тыкать	NOT_NOUN
тыкнуть	NOT_NOUN
тыловой	NOT_NOUN
тыльный	NOT_NOUN
тынный	NOT_NOUN
тырить	NOT_NOUN
тырк	NOT_NOUN
тыркать	NOT_NOUN
тычком	NOT_NOUN
тьфу	NOT_NOUN
тюкать	NOT_NOUN
тюкнуть	NOT_NOUN
тюлевый	NOT_NOUN
тюлений	NOT_NOUN
тявкать	NOT_NOUN
тягать	NOT_NOUN
тяглый	NOT_NOUN
тяговый	NOT_NOUN
тягучий	NOT_NOUN
тягчить	NOT_NOUN
тяжевый	NOT_NOUN
тяжело	NOT_NOUN
тяжкий	NOT_NOUN
тяжко	NOT_NOUN
тяжёлый	NOT_NOUN
тянутый	NOT_NOUN
тянуть	NOT_NOUN
тянущий	NOT_NOUN
тяпать	NOT_NOUN
тяпнуть	NOT_NOUN
тятькин	NOT_NOUN
тёмный	NOT_NOUN
тёплый	NOT_NOUN
тёртый	NOT_NOUN
тёсаный	NOT_NOUN
тётин	NOT_NOUN
тёткин	NOT_NOUN
тёщин	NOT_NOUN
убавить	NOT_NOUN
убегать	NOT_NOUN
убедить	NOT_NOUN
убежать	NOT_NOUN
убежный	NOT_NOUN
убелить	NOT_NOUN
убелять	NOT_NOUN
уберечь	NOT_NOUN
убивать	NOT_NOUN
убирать	NOT_NOUN
убито	NOT_NOUN
убитый	NOT_NOUN
убить	NOT_NOUN
убиться	NOT_NOUN
убогий	NOT_NOUN
убого	NOT_NOUN
убойно	NOT_NOUN
убойный	NOT_NOUN
уборный	NOT_NOUN
убрать	NOT_NOUN
убрести	NOT_NOUN
убывать	NOT_NOUN
убыть	NOT_NOUN
уважать	NOT_NOUN
уважить	NOT_NOUN
увалить	NOT_NOUN
увалять	NOT_NOUN
уварить	NOT_NOUN
увезти	NOT_NOUN
уверить	NOT_NOUN
уверять	NOT_NOUN
увесить	NOT_NOUN
увести	NOT_NOUN
увечить	NOT_NOUN
увечно	NOT_NOUN
увечный	NOT_NOUN
увешать	NOT_NOUN
увещать	NOT_NOUN
увивать	NOT_NOUN
увидать	NOT_NOUN
увидеть	NOT_NOUN
увить	NOT_NOUN
увиться	NOT_NOUN
увлечь	NOT_NOUN
уводить	NOT_NOUN
увозить	NOT_NOUN
уволить	NOT_NOUN
уволочь	NOT_NOUN
увядать	NOT_NOUN
увядший	NOT_NOUN
увязать	NOT_NOUN
увязить	NOT_NOUN
увялый	NOT_NOUN
увянуть	NOT_NOUN
угадать	NOT_NOUN
угадить	NOT_NOUN
угарный	NOT_NOUN
угасать	NOT_NOUN
угасить	NOT_NOUN
угашать	NOT_NOUN
углевой	NOT_NOUN
угнать	NOT_NOUN
угнести	NOT_NOUN
угодить	NOT_NOUN
угодно	NOT_NOUN
угодный	NOT_NOUN
угонный	NOT_NOUN
угонять	NOT_NOUN
угорать	NOT_NOUN
угореть	NOT_NOUN
угорски	NOT_NOUN
угощать	NOT_NOUN
угревой	NOT_NOUN
угрести	NOT_NOUN
угреть	NOT_NOUN
угрызть	NOT_NOUN
угрюмо	NOT_NOUN
угрюмый	NOT_NOUN
угрёвый	NOT_NOUN
удавить	NOT_NOUN
удалить	NOT_NOUN
удало	NOT_NOUN
удалой	NOT_NOUN
удалый	NOT_NOUN
удалять	NOT_NOUN
ударить	NOT_NOUN
ударно	NOT_NOUN
ударный	NOT_NOUN
ударять	NOT_NOUN
удаться	NOT_NOUN
удачно	NOT_NOUN
удачный	NOT_NOUN
удвоить	NOT_NOUN
уделать	NOT_NOUN
уделить	NOT_NOUN
уделять	NOT_NOUN
удивить	NOT_NOUN
удирать	NOT_NOUN
удить	NOT_NOUN
удиться	NOT_NOUN
удобно	NOT_NOUN
удобный	NOT_NOUN
удойный	NOT_NOUN
удрать	NOT_NOUN
удумать	NOT_NOUN
удушать	NOT_NOUN
удушить	NOT_NOUN
уедать	NOT_NOUN
уездить	NOT_NOUN
уездный	NOT_NOUN
уезжать	NOT_NOUN
уесть	NOT_NOUN
уехать	NOT_NOUN
ужалить	NOT_NOUN
ужарить	NOT_NOUN
ужасать	NOT_NOUN
ужасно	NOT_NOUN
ужасный	NOT_NOUN
ужать	NOT_NOUN
ужаться	NOT_NOUN
ужели	NOT_NOUN
ужель	NOT_NOUN
ужилить	NOT_NOUN
ужимать	NOT_NOUN
ужинать	NOT_NOUN
ужинный	NOT_NOUN
ужиный	NOT_NOUN
ужиться	NOT_NOUN
ужовый	NOT_NOUN
уздяной	NOT_NOUN
узить	NOT_NOUN
узиться	NOT_NOUN
узкий	NOT_NOUN
узко	NOT_NOUN
узловой	NOT_NOUN
узнать	NOT_NOUN
узорный	NOT_NOUN
узреть	NOT_NOUN
уинский	NOT_NOUN
уйский	NOT_NOUN
уйти	NOT_NOUN
указать	NOT_NOUN
указный	NOT_NOUN
укапать	NOT_NOUN
укатать	NOT_NOUN
укатить	NOT_NOUN
укать	NOT_NOUN
укачать	NOT_NOUN
укипать	NOT_NOUN
укипеть	NOT_NOUN
укисать	NOT_NOUN
уклеить	NOT_NOUN
уклюжий	NOT_NOUN
укокать	NOT_NOUN
уколоть	NOT_NOUN
укорить	NOT_NOUN
укорный	NOT_NOUN
укорять	NOT_NOUN
укосный	NOT_NOUN
украсть	NOT_NOUN
укрытый	NOT_NOUN
укрыть	NOT_NOUN
укупить	NOT_NOUN
укусить	NOT_NOUN
укутать	NOT_NOUN
уладить	NOT_NOUN
улански	NOT_NOUN
улежать	NOT_NOUN
улезать	NOT_NOUN
улезть	NOT_NOUN
улейный	NOT_NOUN
улепить	NOT_NOUN
улетать	NOT_NOUN
улететь	NOT_NOUN
улечься	NOT_NOUN
улещать	NOT_NOUN
улиться	NOT_NOUN
уличать	NOT_NOUN
уличить	NOT_NOUN
уличный	NOT_NOUN
уловить	NOT_NOUN
уловный	NOT_NOUN
уложить	NOT_NOUN
уломать	NOT_NOUN
улусный	NOT_NOUN
улучать	NOT_NOUN
улучить	NOT_NOUN
улюлю	NOT_NOUN
умазать	NOT_NOUN
умалить	NOT_NOUN
умалять	NOT_NOUN
уманить	NOT_NOUN
умащать	NOT_NOUN
умаять	NOT_NOUN
умело	NOT_NOUN
умелый	NOT_NOUN
умереть	NOT_NOUN
умерить	NOT_NOUN
умерший	NOT_NOUN
умерять	NOT_NOUN
умесить	NOT_NOUN
умести	NOT_NOUN
уместно	NOT_NOUN
уметать	NOT_NOUN
уметь	NOT_NOUN
умешать	NOT_NOUN
умещать	NOT_NOUN
умеючи	NOT_NOUN
умилить	NOT_NOUN
умильно	NOT_NOUN
умилять	NOT_NOUN
уминать	NOT_NOUN
умирать	NOT_NOUN
умирить	NOT_NOUN
умирять	NOT_NOUN
умненек	NOT_NOUN
умнеть	NOT_NOUN
умно	NOT_NOUN
умный	NOT_NOUN
умнющий	NOT_NOUN
умокать	NOT_NOUN
умолить	NOT_NOUN
умолять	NOT_NOUN
уморить	NOT_NOUN
умотать	NOT_NOUN
умучить	NOT_NOUN
умчать	NOT_NOUN
умывать	NOT_NOUN
умыкать	NOT_NOUN
умыть	NOT_NOUN
умыться	NOT_NOUN
умякать	NOT_NOUN
умять	NOT_NOUN
умяться	NOT_NOUN
унарный	NOT_NOUN
унести	NOT_NOUN
унижать	NOT_NOUN
унизать	NOT_NOUN
унизить	NOT_NOUN
унимать	NOT_NOUN
уносить	NOT_NOUN
уносной	NOT_NOUN
уносный	NOT_NOUN
унывать	NOT_NOUN
унывно	NOT_NOUN
унывный	NOT_NOUN
уныло	NOT_NOUN
унылый	NOT_NOUN
унюхать	NOT_NOUN
унять	NOT_NOUN
уняться	NOT_NOUN
упавший	NOT_NOUN
упадать	NOT_NOUN
упарить	NOT_NOUN
упасти	NOT_NOUN
упасть	NOT_NOUN
упаять	NOT_NOUN
упекать	NOT_NOUN
упереть	NOT_NOUN
упечь	NOT_NOUN
упечься	NOT_NOUN
упирать	NOT_NOUN
уписать	NOT_NOUN
упитать	NOT_NOUN
упиться	NOT_NOUN
упихать	NOT_NOUN
уплести	NOT_NOUN
уплыть	NOT_NOUN
уповать	NOT_NOUN
упоить	NOT_NOUN
уползти	NOT_NOUN
упорно	NOT_NOUN
упорный	NOT_NOUN
употеть	NOT_NOUN
упрелый	NOT_NOUN
упреть	NOT_NOUN
упругий	NOT_NOUN
упруго	NOT_NOUN
упрямо	NOT_NOUN
упрямый	NOT_NOUN
упрячь	NOT_NOUN
упутать	NOT_NOUN
урвать	NOT_NOUN
урезать	NOT_NOUN
урицкий	NOT_NOUN
уродить	NOT_NOUN
уродски	NOT_NOUN
уронить	NOT_NOUN
урочно	NOT_NOUN
урочный	NOT_NOUN
урчать	NOT_NOUN
урывать	NOT_NOUN
урючный	NOT_NOUN
урядить	NOT_NOUN
уряжать	NOT_NOUN
урёмный	NOT_NOUN
усадить	NOT_NOUN
усажать	NOT_NOUN
усалить	NOT_NOUN
усастый	NOT_NOUN
усатый	NOT_NOUN
усвоить	NOT_NOUN
усевать	NOT_NOUN
усекать	NOT_NOUN
усердно	NOT_NOUN
усечь	NOT_NOUN
усеять	NOT_NOUN
усидеть	NOT_NOUN
усилить	NOT_NOUN
услать	NOT_NOUN
условно	NOT_NOUN
уснуть	NOT_NOUN
усолить	NOT_NOUN
усохлый	NOT_NOUN
успеть	NOT_NOUN
успешно	NOT_NOUN
устало	NOT_NOUN
усталый	NOT_NOUN
устать	NOT_NOUN
устлать	NOT_NOUN
устно	NOT_NOUN
устный	NOT_NOUN
устоять	NOT_NOUN
усушать	NOT_NOUN
усушить	NOT_NOUN
усылать	NOT_NOUN
усыпать	NOT_NOUN
усыпить	NOT_NOUN
усыхать	NOT_NOUN
уськать	NOT_NOUN
утаить	NOT_NOUN
утачать	NOT_NOUN
утащить	NOT_NOUN
утекать	NOT_NOUN
утереть	NOT_NOUN
утерять	NOT_NOUN
утесать	NOT_NOUN
утечь	NOT_NOUN
утешать	NOT_NOUN
утешить	NOT_NOUN
утешно	NOT_NOUN
утешный	NOT_NOUN
утиный	NOT_NOUN
утирать	NOT_NOUN
утихать	NOT_NOUN
утишать	NOT_NOUN
утишить	NOT_NOUN
уткать	NOT_NOUN
уткнуть	NOT_NOUN
утлый	NOT_NOUN
утолить	NOT_NOUN
утолочь	NOT_NOUN
утолять	NOT_NOUN
утомить	NOT_NOUN
утонить	NOT_NOUN
утонуть	NOT_NOUN
утонять	NOT_NOUN
утопать	NOT_NOUN
утопить	NOT_NOUN
уторить	NOT_NOUN
уточить	NOT_NOUN
уточный	NOT_NOUN
утробно	NOT_NOUN
утроить	NOT_NOUN
утром	NOT_NOUN
утрясти	NOT_NOUN
утушать	NOT_NOUN
утушить	NOT_NOUN
утыкать	NOT_NOUN
утюжить	NOT_NOUN
утюжный	NOT_NOUN
утянуть	NOT_NOUN
утячий	NOT_NOUN
ухарски	NOT_NOUN
ухать	NOT_NOUN
ухаться	NOT_NOUN
ухитить	NOT_NOUN
ухнуть	NOT_NOUN
уходить	NOT_NOUN
ухолить	NOT_NOUN
уцедить	NOT_NOUN
уцелеть	NOT_NOUN
уценить	NOT_NOUN
уцепить	NOT_NOUN
учащать	NOT_NOUN
учебный	NOT_NOUN
учесать	NOT_NOUN
учесть	NOT_NOUN
учинить	NOT_NOUN
учинять	NOT_NOUN
учить	NOT_NOUN
учиться	NOT_NOUN
учтивый	NOT_NOUN
учудить	NOT_NOUN
учужный	NOT_NOUN
учуять	NOT_NOUN
учётный	NOT_NOUN
ушастый	NOT_NOUN
ушатный	NOT_NOUN
ушатый	NOT_NOUN
ушибать	NOT_NOUN
ушибить	NOT_NOUN
ушивать	NOT_NOUN
уширить	NOT_NOUN
уширять	NOT_NOUN
ушить	NOT_NOUN
ушиться	NOT_NOUN
ушковый	NOT_NOUN
ушлый	NOT_NOUN
ушной	NOT_NOUN
ущемить	NOT_NOUN
ущипать	NOT_NOUN
ущупать	NOT_NOUN
ущучить	NOT_NOUN
уютно	NOT_NOUN
уютный	NOT_NOUN
уязвить	NOT_NOUN
уярский	NOT_NOUN
уяснить	NOT_NOUN
уяснять	NOT_NOUN
фабрить	NOT_NOUN
фазаний	NOT_NOUN
фазный	NOT_NOUN
фазовый	NOT_NOUN
фановый	NOT_NOUN
фантази	NOT_NOUN
фартить	NOT_NOUN
фасный	NOT_NOUN
федин	NOT_NOUN
федькин	NOT_NOUN
фивский	NOT_NOUN
фиговый	NOT_NOUN
фигурно	NOT_NOUN
филькин	NOT_NOUN
фински	NOT_NOUN
финский	NOT_NOUN
финтить	NOT_NOUN
флажный	NOT_NOUN
флотски	NOT_NOUN
флюсный	NOT_NOUN
фляжный	NOT_NOUN
фоновый	NOT_NOUN
форсить	NOT_NOUN
форте	NOT_NOUN
фрачный	NOT_NOUN
фуговый	NOT_NOUN
фукать	NOT_NOUN
фукнуть	NOT_NOUN
фуксом	NOT_NOUN
фуриозо	NOT_NOUN
фурчать	NOT_NOUN
футовый	NOT_NOUN
фуфу	NOT_NOUN
фырк	NOT_NOUN
фыркать	NOT_NOUN
фырчать	NOT_NOUN
фюйть	NOT_NOUN
хаки	NOT_NOUN
халатно	NOT_NOUN
хаметь	NOT_NOUN
хамить	NOT_NOUN
хамов	NOT_NOUN
хамски	NOT_NOUN
хамский	NOT_NOUN
ханжить	NOT_NOUN
хански	NOT_NOUN
ханский	NOT_NOUN
хапать	NOT_NOUN
хапнуть	NOT_NOUN
харкать	NOT_NOUN
хаять	NOT_NOUN
хаяться	NOT_NOUN
хвалить	NOT_NOUN
хватать	NOT_NOUN
хватить	NOT_NOUN
хваткий	NOT_NOUN
хватко	NOT_NOUN
хвать	NOT_NOUN
хвоить	NOT_NOUN
хвойный	NOT_NOUN
хворать	NOT_NOUN
хворо	NOT_NOUN
хворый	NOT_NOUN
херить	NOT_NOUN
херовый	NOT_NOUN
хеттски	NOT_NOUN
хивский	NOT_NOUN
хилеть	NOT_NOUN
хилый	NOT_NOUN
хилять	NOT_NOUN
хинный	NOT_NOUN
хиреть	NOT_NOUN
хитовый	NOT_NOUN
хитрить	NOT_NOUN
хитро	NOT_NOUN
хитрый	NOT_NOUN
хищно	NOT_NOUN
хищный	NOT_NOUN
хладеть	NOT_NOUN
хладно	NOT_NOUN
хладный	NOT_NOUN
хламной	NOT_NOUN
хламный	NOT_NOUN
хлебать	NOT_NOUN
хлебный	NOT_NOUN
хлевный	NOT_NOUN
хлесть	NOT_NOUN
хлипать	NOT_NOUN
хлипкий	NOT_NOUN
хлипко	NOT_NOUN
хлопать	NOT_NOUN
хлорный	NOT_NOUN
хлынуть	NOT_NOUN
хлысть	NOT_NOUN
хлюпать	NOT_NOUN
хлюпкий	NOT_NOUN
хлюпко	NOT_NOUN
хлябать	NOT_NOUN
хлябкий	NOT_NOUN
хлябко	NOT_NOUN
хлясть	NOT_NOUN
хлёстко	NOT_NOUN
хмелеть	NOT_NOUN
хмелить	NOT_NOUN
хмельно	NOT_NOUN
хмурить	NOT_NOUN
хмуро	NOT_NOUN
хмурый	NOT_NOUN
хмыкать	NOT_NOUN
хныкать	NOT_NOUN
ходенём	NOT_NOUN
ходить	NOT_NOUN
ходкий	NOT_NOUN
ходко	NOT_NOUN
ходовой	NOT_NOUN
ходором	NOT_NOUN
ходуном	NOT_NOUN
ходячий	NOT_NOUN
хоженый	NOT_NOUN
холеный	NOT_NOUN
холить	NOT_NOUN
холмить	NOT_NOUN
холодно	NOT_NOUN
холопий	NOT_NOUN
хомячий	NOT_NOUN
хоробро	NOT_NOUN
хоровой	NOT_NOUN
хором	NOT_NOUN
хороший	NOT_NOUN
хорошо	NOT_NOUN
хорёвый	NOT_NOUN
хотеть	NOT_NOUN
хоть	NOT_NOUN
хотя	NOT_NOUN
хохлить	NOT_NOUN
хохмить	NOT_NOUN
храбро	NOT_NOUN
храбрый	NOT_NOUN
храмный	NOT_NOUN
хранить	NOT_NOUN
храпеть	NOT_NOUN
хрипато	NOT_NOUN
хрипеть	NOT_NOUN
хрипло	NOT_NOUN
хриплый	NOT_NOUN
христов	NOT_NOUN
хромать	NOT_NOUN
хрометь	NOT_NOUN
хромой	NOT_NOUN
хрупать	NOT_NOUN
хрупкий	NOT_NOUN
хрупко	NOT_NOUN
хрустко	NOT_NOUN
хрусть	NOT_NOUN
хрюкать	NOT_NOUN
хряпать	NOT_NOUN
хряский	NOT_NOUN
хряско	NOT_NOUN
хрясть	NOT_NOUN
хрясь	NOT_NOUN
худеть	NOT_NOUN
худищий	NOT_NOUN
худой	NOT_NOUN
худущий	NOT_NOUN
худющий	NOT_NOUN
хулить	NOT_NOUN
хульный	NOT_NOUN
хулёный	NOT_NOUN
хуёво	NOT_NOUN
хуёвый	NOT_NOUN
цапать	NOT_NOUN
цапкий	NOT_NOUN
цапко	NOT_NOUN
цапнуть	NOT_NOUN
цапучий	NOT_NOUN
царап	NOT_NOUN
царить	NOT_NOUN
царски	NOT_NOUN
царский	NOT_NOUN
царёв	NOT_NOUN
цвести	NOT_NOUN
цветить	NOT_NOUN
цедить	NOT_NOUN
цежёный	NOT_NOUN
целевой	NOT_NOUN
целиком	NOT_NOUN
целить	NOT_NOUN
целый	NOT_NOUN
цельно	NOT_NOUN
цельный	NOT_NOUN
ценить	NOT_NOUN
ценный	NOT_NOUN
ценовой	NOT_NOUN
ценовый	NOT_NOUN
цепкий	NOT_NOUN
цепко	NOT_NOUN
цеплять	NOT_NOUN
цепной	NOT_NOUN
цеповой	NOT_NOUN
цепучий	NOT_NOUN
цеховой	NOT_NOUN
циклить	NOT_NOUN
цинично	NOT_NOUN
цинский	NOT_NOUN
цокать	NOT_NOUN
цокнуть	NOT_NOUN
цопнуть	NOT_NOUN
цуговой	NOT_NOUN
цуговый	NOT_NOUN
цугом	NOT_NOUN
цукать	NOT_NOUN
цыкать	NOT_NOUN
цыкнуть	NOT_NOUN
чавкать	NOT_NOUN
чадить	NOT_NOUN
чадно	NOT_NOUN
чадный	NOT_NOUN
чадский	NOT_NOUN
чаевать	NOT_NOUN
чаевой	NOT_NOUN
чаемый	NOT_NOUN
чайный	NOT_NOUN
чалить	NOT_NOUN
чанный	NOT_NOUN
чарующе	NOT_NOUN
часами	NOT_NOUN
часом	NOT_NOUN
частить	NOT_NOUN
частный	NOT_NOUN
часто	NOT_NOUN
частый	NOT_NOUN
частью	NOT_NOUN
чахлый	NOT_NOUN
чахнуть	NOT_NOUN
чаять	NOT_NOUN
чвакать	NOT_NOUN
чванно	NOT_NOUN
чванный	NOT_NOUN
чебурах	NOT_NOUN
чего	NOT_NOUN
чеканно	NOT_NOUN
чековый	NOT_NOUN
чередом	NOT_NOUN
через	NOT_NOUN
чермный	NOT_NOUN
чернеть	NOT_NOUN
чернить	NOT_NOUN
черно	NOT_NOUN
чероки	NOT_NOUN
черпать	NOT_NOUN
черство	NOT_NOUN
чертить	NOT_NOUN
чесать	NOT_NOUN
честить	NOT_NOUN
честно	NOT_NOUN
честной	NOT_NOUN
честный	NOT_NOUN
честься	NOT_NOUN
четверо	NOT_NOUN
четий	NOT_NOUN
четыре	NOT_NOUN
чехлить	NOT_NOUN
чешски	NOT_NOUN
чешский	NOT_NOUN
чижиный	NOT_NOUN
чижовый	NOT_NOUN
чикать	NOT_NOUN
чикнуть	NOT_NOUN
чинить	NOT_NOUN
чинно	NOT_NOUN
чинный	NOT_NOUN
чинёный	NOT_NOUN
чирк	NOT_NOUN
чиркать	NOT_NOUN
числить	NOT_NOUN
чистить	NOT_NOUN
чисто	NOT_NOUN
чистый	NOT_NOUN
читаный	NOT_NOUN
читать	NOT_NOUN
чихать	NOT_NOUN
чихнуть	NOT_NOUN
чищеный	NOT_NOUN
членить	NOT_NOUN
членный	NOT_NOUN
чмок	NOT_NOUN
чмокать	NOT_NOUN
чойский	NOT_NOUN
чокать	NOT_NOUN
чокнуто	NOT_NOUN
чопорно	NOT_NOUN
чохом	NOT_NOUN
чревный	NOT_NOUN
чрез	NOT_NOUN
чтецкий	NOT_NOUN
чтить	NOT_NOUN
чтиться	NOT_NOUN
чтоб	NOT_NOUN
чтобы	NOT_NOUN
чубарый	NOT_NOUN
чубатый	NOT_NOUN
чудесно	NOT_NOUN
чудить	NOT_NOUN
чудно	NOT_NOUN
чудной	NOT_NOUN
чудный	NOT_NOUN
чудом	NOT_NOUN
чудской	NOT_NOUN
чуждый	NOT_NOUN
чужой	NOT_NOUN
чумазый	NOT_NOUN
чуметь	NOT_NOUN
чумной	NOT_NOUN
чумный	NOT_NOUN
чумовой	NOT_NOUN
чунский	NOT_NOUN
чуткий	NOT_NOUN
чутко	NOT_NOUN
чуток	NOT_NOUN
чуточку	NOT_NOUN
чуть	NOT_NOUN
чуять	NOT_NOUN
чуяться	NOT_NOUN
чхать	NOT_NOUN
чхнуть	NOT_NOUN
чёркать	NOT_NOUN
чёртов	NOT_NOUN
чёсаный	NOT_NOUN
чёткий	NOT_NOUN
чётко	NOT_NOUN
чётный	NOT_NOUN
шабрить	NOT_NOUN
шагать	NOT_NOUN
шагнуть	NOT_NOUN
шаговый	NOT_NOUN
шагом	NOT_NOUN
шаечный	NOT_NOUN
шажком	NOT_NOUN
шакалий	NOT_NOUN
шалавый	NOT_NOUN
шалевый	NOT_NOUN
шалеть	NOT_NOUN
шалить	NOT_NOUN
шало	NOT_NOUN
шалый	NOT_NOUN
шальной	NOT_NOUN
шамкать	NOT_NOUN
шанский	NOT_NOUN
шапочно	NOT_NOUN
шарах	NOT_NOUN
шарить	NOT_NOUN
шарк	NOT_NOUN
шаркать	NOT_NOUN
шаровой	NOT_NOUN
шарпать	NOT_NOUN
шастать	NOT_NOUN
шасть	NOT_NOUN
шатать	NOT_NOUN
шаткий	NOT_NOUN
шатко	NOT_NOUN
шатнуть	NOT_NOUN
шахски	NOT_NOUN
шахский	NOT_NOUN
шахтный	NOT_NOUN
шацкий	NOT_NOUN
швабски	NOT_NOUN
шварк	NOT_NOUN
швах	NOT_NOUN
шведски	NOT_NOUN
швейный	NOT_NOUN
швицкий	NOT_NOUN
швырк	NOT_NOUN
швырять	NOT_NOUN
шеечный	NOT_NOUN
шейный	NOT_NOUN
шепнуть	NOT_NOUN
шептать	NOT_NOUN
шерш	NOT_NOUN
шестеро	NOT_NOUN
шестой	NOT_NOUN
шесть	NOT_NOUN
шестью	NOT_NOUN
шефский	NOT_NOUN
шибать	NOT_NOUN
шибкий	NOT_NOUN
шибко	NOT_NOUN
шиитски	NOT_NOUN
шикарно	NOT_NOUN
шикать	NOT_NOUN
шикнуть	NOT_NOUN
шильный	NOT_NOUN
шинный	NOT_NOUN
шипеть	NOT_NOUN
шиповой	NOT_NOUN
шипучий	NOT_NOUN
шипящий	NOT_NOUN
ширить	NOT_NOUN
широкий	NOT_NOUN
широко	NOT_NOUN
ширять	NOT_NOUN
шитый	NOT_NOUN
шить	NOT_NOUN
шиться	NOT_NOUN
шкафной	NOT_NOUN
шкафный	NOT_NOUN
шкодить	NOT_NOUN
школить	NOT_NOUN
шкурить	NOT_NOUN
шкурный	NOT_NOUN
шлейный	NOT_NOUN
шлюзный	NOT_NOUN
шляпный	NOT_NOUN
шляться	NOT_NOUN
шлёп	NOT_NOUN
шлёпать	NOT_NOUN
шмонять	NOT_NOUN
шмыг	NOT_NOUN
шмыгать	NOT_NOUN
шмяк	NOT_NOUN
шмякать	NOT_NOUN
шнырить	NOT_NOUN
шнырять	NOT_NOUN
шовный	NOT_NOUN
шоковый	NOT_NOUN
шоркать	NOT_NOUN
шорный	NOT_NOUN
шпажный	NOT_NOUN
шпарить	NOT_NOUN
шпорить	NOT_NOUN
шпорный	NOT_NOUN
шпынять	NOT_NOUN
штанной	NOT_NOUN
штатный	NOT_NOUN
штопать	NOT_NOUN
шторный	NOT_NOUN
штофный	NOT_NOUN
штучный	NOT_NOUN
шубный	NOT_NOUN
шугать	NOT_NOUN
шугнуть	NOT_NOUN
шуметь	NOT_NOUN
шумно	NOT_NOUN
шумный	NOT_NOUN
шумовой	NOT_NOUN
шуринов	NOT_NOUN
шуровой	NOT_NOUN
шуршать	NOT_NOUN
шустро	NOT_NOUN
шустрый	NOT_NOUN
шутейно	NOT_NOUN
шутить	NOT_NOUN
шутл	NOT_NOUN
шутливо	NOT_NOUN
шутов	NOT_NOUN
шуточно	NOT_NOUN
шутя	NOT_NOUN
шхерный	NOT_NOUN
шёпотом	NOT_NOUN
щадить	NOT_NOUN
щаной	NOT_NOUN
щедро	NOT_NOUN
щедрый	NOT_NOUN
щековый	NOT_NOUN
щекотно	NOT_NOUN
щемить	NOT_NOUN
щенячий	NOT_NOUN
щепаный	NOT_NOUN
щепать	NOT_NOUN
щепной	NOT_NOUN
щепяной	NOT_NOUN
щербить	NOT_NOUN
щерить	NOT_NOUN
щипаный	NOT_NOUN
щипать	NOT_NOUN
щипком	NOT_NOUN
щипнуть	NOT_NOUN
щитовой	NOT_NOUN
щунять	NOT_NOUN
щупаный	NOT_NOUN
щупать	NOT_NOUN
щуплый	NOT_NOUN
щурить	NOT_NOUN
щучий	NOT_NOUN
щучить	NOT_NOUN
щёлкать	NOT_NOUN
щённый	NOT_NOUN
щёчный	NOT_NOUN
эвенски	NOT_NOUN
эвон	NOT_NOUN
эврика	NOT_NOUN
эдак	NOT_NOUN
эдакий	NOT_NOUN
эдипов	NOT_NOUN
эйфелев	NOT_NOUN
экий	NOT_NOUN
элитный	NOT_NOUN
энный	NOT_NOUN
энский	NOT_NOUN
эолов	NOT_NOUN
эоловый	NOT_NOUN
эпичный	NOT_NOUN
эпюрный	NOT_NOUN
эскизно	NOT_NOUN
этажный	NOT_NOUN
этак	NOT_NOUN
этакий	NOT_NOUN
этапный	NOT_NOUN
этично	NOT_NOUN
этичный	NOT_NOUN
этовать	NOT_NOUN
этот	NOT_NOUN
этюдный	NOT_NOUN
эфесный	NOT_NOUN
эфирный	NOT_NOUN
эхма	NOT_NOUN
юбочный	NOT_NOUN
южный	NOT_NOUN
юзом	NOT_NOUN
юитский	NOT_NOUN
юлин	NOT_NOUN
юлить	NOT_NOUN
юлькин	NOT_NOUN
юнацкий	NOT_NOUN
юнеть	NOT_NOUN
юный	NOT_NOUN
юркать	NOT_NOUN
юркий	NOT_NOUN
юркин	NOT_NOUN
юркнуть	NOT_NOUN
юрко	NOT_NOUN
юродски	NOT_NOUN
юрский	NOT_NOUN
юсовый	NOT_NOUN
ютиться	NOT_NOUN
ютовый	NOT_NOUN
ютский	NOT_NOUN
юфтевый	NOT_NOUN
юфтяной	NOT_NOUN
явански	NOT_NOUN
явить	NOT_NOUN
явиться	NOT_NOUN
являть	NOT_NOUN
явно	NOT_NOUN
явный	NOT_NOUN
явочно	NOT_NOUN
явочный	NOT_NOUN
явский	NOT_NOUN
ягнячий	NOT_NOUN
ягодный	NOT_NOUN
ядерный	NOT_NOUN
ядовито	NOT_NOUN
ядровый	NOT_NOUN
ядрёный	NOT_NOUN
язвить	NOT_NOUN
язычный	NOT_NOUN
язёвый	NOT_NOUN
яицкий	NOT_NOUN
яичный	NOT_NOUN
яйский	NOT_NOUN
яйцевой	NOT_NOUN
якать	NOT_NOUN
якобы	NOT_NOUN
якорный	NOT_NOUN
якутски	NOT_NOUN
яличный	NOT_NOUN
яловеть	NOT_NOUN
яловый	NOT_NOUN
ямистый	NOT_NOUN
ямный	NOT_NOUN
ямочный	NOT_NOUN
ямский	NOT_NOUN
ямской	NOT_NOUN
ямчатый	NOT_NOUN
ямщичий	NOT_NOUN
янский	NOT_NOUN
янтарно	NOT_NOUN
японски	NOT_NOUN
яремный	NOT_NOUN
ярить	NOT_NOUN
яриться	NOT_NOUN
яркий	NOT_NOUN
ярко	NOT_NOUN
яростно	NOT_NOUN
ярский	NOT_NOUN
ярусный	NOT_NOUN
ярыжный	NOT_NOUN
ярый	NOT_NOUN
ясачный	NOT_NOUN
яснеть	NOT_NOUN
ясно	NOT_NOUN
ясный	NOT_NOUN
ясский	NOT_NOUN
яузский	NOT_NOUN
яхский	NOT_NOUN
яхтный	NOT_NOUN
яхтовый	NOT_NOUN
ячать	NOT_NOUN
ячеисто	NOT_NOUN
ячий	NOT_NOUN
ячневый	NOT_NOUN
ячный	NOT_NOUN
яшмовый	NOT_NOUN
ящерный	NOT_NOUN
ящичный	NOT_NOUN
ящурный	NOT_NOUN
ёбаный	NOT_NOUN
ёжиком	NOT_NOUN
ёжистый	NOT_NOUN
ёжить	NOT_NOUN
ёжиться	NOT_NOUN
ёкнуть	NOT_NOUN
ёлочный	NOT_NOUN
ёмкий	NOT_NOUN
ёмко	NOT_NOUN
ёрзать	NOT_NOUN
ааво	PROPER_NAME
аавович	PROPER_NAME
аамир	PROPER_NAME
ааре	PROPER_NAME
аарон	PROPER_NAME
абад	PROPER_NAME
абадан	PROPER_NAME
абаевич	PROPER_NAME
абаза	PROPER_NAME
абазашт	PROPER_NAME
абазев	PROPER_NAME
абазер	PROPER_NAME
абазов	PROPER_NAME
абаимов	PROPER_NAME
абай	PROPER_NAME
абакан	PROPER_NAME
абакар	PROPER_NAME
абакум	PROPER_NAME
абалгаз	PROPER_NAME
абалкин	PROPER_NAME
абальян	PROPER_NAME
абаляев	PROPER_NAME
абарин	PROPER_NAME
абарчук	PROPER_NAME
абас	PROPER_NAME
абасали	PROPER_NAME
абаси	PROPER_NAME
абат	PROPER_NAME
абаша	PROPER_NAME
абашеев	PROPER_NAME
абашкин	PROPER_NAME
аббай	PROPER_NAME
аббас	PROPER_NAME
аббасов	PROPER_NAME
аббос	PROPER_NAME
аббяс	PROPER_NAME
аббясов	PROPER_NAME
абгар	PROPER_NAME
абдал	PROPER_NAME
абдала	PROPER_NAME
абдалах	PROPER_NAME
абдалла	PROPER_NAME
абдел	PROPER_NAME
абдель	PROPER_NAME
абденби	PROPER_NAME
абденур	PROPER_NAME
абди	PROPER_NAME
абдибек	PROPER_NAME
абдилла	PROPER_NAME
абдин	PROPER_NAME
абдиш	PROPER_NAME
абдо	PROPER_NAME
абдович	PROPER_NAME
абдраим	PROPER_NAME
абдрауф	PROPER_NAME
абду	PROPER_NAME
абдул	PROPER_NAME
абдула	PROPER_NAME
абдулай	PROPER_NAME
абдулан	PROPER_NAME
абдулах	PROPER_NAME
абдулин	PROPER_NAME
абдулка	PROPER_NAME
абдулл	PROPER_NAME
абдулла	PROPER_NAME
абдулло	PROPER_NAME
абдулль	PROPER_NAME
абдуло	PROPER_NAME
абдулха	PROPER_NAME
абдуль	PROPER_NAME
абдуляр	PROPER_NAME
абдур	PROPER_NAME
абды	PROPER_NAME
абдюшев	PROPER_NAME
абед	PROPER_NAME
абедин	PROPER_NAME
абез	PROPER_NAME
абел	PROPER_NAME
абели	PROPER_NAME
абелий	PROPER_NAME
абель	PROPER_NAME
абен	PROPER_NAME
абердин	PROPER_NAME
абет	PROPER_NAME
абжалол	PROPER_NAME
абзал	PROPER_NAME
абзар	PROPER_NAME
абиб	PROPER_NAME
абиба	PROPER_NAME
абибе	PROPER_NAME
абибула	PROPER_NAME
абид	PROPER_NAME
абида	PROPER_NAME
абидат	PROPER_NAME
абиджан	PROPER_NAME
абидин	PROPER_NAME
абидула	PROPER_NAME
абидя	PROPER_NAME
абиевич	PROPER_NAME
абик	PROPER_NAME
абил	PROPER_NAME
абилжон	PROPER_NAME
абилий	PROPER_NAME
абилфаз	PROPER_NAME
абилфат	PROPER_NAME
абиль	PROPER_NAME
абильда	PROPER_NAME
абинаев	PROPER_NAME
абинов	PROPER_NAME
абинск	PROPER_NAME
абисал	PROPER_NAME
абит	PROPER_NAME
абиш	PROPER_NAME
абкадер	PROPER_NAME
абкайк	PROPER_NAME
абкар	PROPER_NAME
абкерим	PROPER_NAME
абла	PROPER_NAME
аблаев	PROPER_NAME
аблазиз	PROPER_NAME
аблай	PROPER_NAME
аблакул	PROPER_NAME
аблемит	PROPER_NAME
аблес	PROPER_NAME
аблович	PROPER_NAME
аблогин	PROPER_NAME
аблокул	PROPER_NAME
абляз	PROPER_NAME
аблязиз	PROPER_NAME
аблязис	PROPER_NAME
аблязов	PROPER_NAME
абляй	PROPER_NAME
абляким	PROPER_NAME
аблямид	PROPER_NAME
аблямит	PROPER_NAME
абляс	PROPER_NAME
абов	PROPER_NAME
абович	PROPER_NAME
абовян	PROPER_NAME
абоимов	PROPER_NAME
аболин	PROPER_NAME
абомей	PROPER_NAME
абонид	PROPER_NAME
абраам	PROPER_NAME
абрагам	PROPER_NAME
абрай	PROPER_NAME
абрам	PROPER_NAME
абрамов	PROPER_NAME
абрамян	PROPER_NAME
абрар	PROPER_NAME
абрат	PROPER_NAME
абрахам	PROPER_NAME
абрахим	PROPER_NAME
абрахин	PROPER_NAME
абраш	PROPER_NAME
абраша	PROPER_NAME
абрашит	PROPER_NAME
абрелян	PROPER_NAME
абрик	PROPER_NAME
абрин	PROPER_NAME
абрина	PROPER_NAME
аброр	PROPER_NAME
абросим	PROPER_NAME
абрука	PROPER_NAME
абрукин	PROPER_NAME
абруцци	PROPER_NAME
абсаид	PROPER_NAME
абсалям	PROPER_NAME
абселим	PROPER_NAME
абубакр	PROPER_NAME
абуд	PROPER_NAME
абудар	PROPER_NAME
абудин	PROPER_NAME
абуевич	PROPER_NAME
абуезит	PROPER_NAME
абузар	PROPER_NAME
абузарь	PROPER_NAME
абузед	PROPER_NAME
абузер	PROPER_NAME
абузяр	PROPER_NAME
абук	PROPER_NAME
абукар	PROPER_NAME
абул	PROPER_NAME
абула	PROPER_NAME
абулла	PROPER_NAME
абулфаз	PROPER_NAME
абулфас	PROPER_NAME
абулфат	PROPER_NAME
абусат	PROPER_NAME
абутали	PROPER_NAME
абутков	PROPER_NAME
абуш	PROPER_NAME
абуязит	PROPER_NAME
абхазия	PROPER_NAME
абхай	PROPER_NAME
абхинав	PROPER_NAME
абхишек	PROPER_NAME
абызов	PROPER_NAME
абыль	PROPER_NAME
абыт	PROPER_NAME
абыш	PROPER_NAME
абышев	PROPER_NAME
абяс	PROPER_NAME
аваг	PROPER_NAME
авагим	PROPER_NAME
авад	PROPER_NAME
авадий	PROPER_NAME
аваз	PROPER_NAME
авазбек	PROPER_NAME
авазхан	PROPER_NAME
авак	PROPER_NAME
авакум	PROPER_NAME
авакян	PROPER_NAME
авали	PROPER_NAME
авамиль	PROPER_NAME
аван	PROPER_NAME
аванес	PROPER_NAME
аванир	PROPER_NAME
аванов	PROPER_NAME
аванта	PROPER_NAME
аваруа	PROPER_NAME
авасхон	PROPER_NAME
ават	PROPER_NAME
авах	PROPER_NAME
авача	PROPER_NAME
авачев	PROPER_NAME
авва	PROPER_NAME
аввакум	PROPER_NAME
аввович	PROPER_NAME
авгаил	PROPER_NAME
авган	PROPER_NAME
авгения	PROPER_NAME
авгий	PROPER_NAME
авгон	PROPER_NAME
августа	PROPER_NAME
авдал	PROPER_NAME
авдат	PROPER_NAME
авдашин	PROPER_NAME
авдеев	PROPER_NAME
авдей	PROPER_NAME
авди	PROPER_NAME
авдий	PROPER_NAME
авдил	PROPER_NAME
авдиш	PROPER_NAME
авдия	PROPER_NAME
авдо	PROPER_NAME
авдович	PROPER_NAME
авдокия	PROPER_NAME
авдонин	PROPER_NAME
авдотия	PROPER_NAME
авдотья	PROPER_NAME
авдохин	PROPER_NAME
авдыш	PROPER_NAME
авдышев	PROPER_NAME
авдюхин	PROPER_NAME
авдюшев	PROPER_NAME
авдюшин	PROPER_NAME
авегик	PROPER_NAME
аведик	PROPER_NAME
аведис	PROPER_NAME
авез	PROPER_NAME
авейру	PROPER_NAME
авел	PROPER_NAME
авели	PROPER_NAME
авелий	PROPER_NAME
авелина	PROPER_NAME
авелия	PROPER_NAME
авель	PROPER_NAME
авенер	PROPER_NAME
авенир	PROPER_NAME
авер	PROPER_NAME
авера	PROPER_NAME
авербах	PROPER_NAME
аверий	PROPER_NAME
аверин	PROPER_NAME
аверкий	PROPER_NAME
аверкин	PROPER_NAME
аверчев	PROPER_NAME
авершин	PROPER_NAME
аверьян	PROPER_NAME
аверян	PROPER_NAME
авет	PROPER_NAME
авета	PROPER_NAME
аветик	PROPER_NAME
аветин	PROPER_NAME
аветис	PROPER_NAME
авзал	PROPER_NAME
авзаль	PROPER_NAME
авиа	PROPER_NAME
авиата	PROPER_NAME
авиатта	PROPER_NAME
авив	PROPER_NAME
авигдор	PROPER_NAME
авигея	PROPER_NAME
авиевич	PROPER_NAME
авиета	PROPER_NAME
авизар	PROPER_NAME
авий	PROPER_NAME
авик	PROPER_NAME
авил	PROPER_NAME
авила	PROPER_NAME
авилес	PROPER_NAME
авилин	PROPER_NAME
авилов	PROPER_NAME
авиль	PROPER_NAME
авим	PROPER_NAME
авинер	PROPER_NAME
авинир	PROPER_NAME
авиньон	PROPER_NAME
авиона	PROPER_NAME
авис	PROPER_NAME
авиталь	PROPER_NAME
авиэзер	PROPER_NAME
авиэта	PROPER_NAME
авия	PROPER_NAME
авлерий	PROPER_NAME
авлина	PROPER_NAME
авни	PROPER_NAME
авович	PROPER_NAME
авраам	PROPER_NAME
авралия	PROPER_NAME
аврам	PROPER_NAME
аврамий	PROPER_NAME
аврел	PROPER_NAME
аврелий	PROPER_NAME
аврелия	PROPER_NAME
аврик	PROPER_NAME
аврор	PROPER_NAME
аврорин	PROPER_NAME
авросим	PROPER_NAME
аврум	PROPER_NAME
аврутин	PROPER_NAME
авсей	PROPER_NAME
авсенев	PROPER_NAME
авсий	PROPER_NAME
австрия	PROPER_NAME
автаев	PROPER_NAME
автар	PROPER_NAME
автоваз	PROPER_NAME
автогаз	PROPER_NAME
автозаз	PROPER_NAME
автоном	PROPER_NAME
автух	PROPER_NAME
авхадий	PROPER_NAME
авхат	PROPER_NAME
авхачёв	PROPER_NAME
авчелуп	PROPER_NAME
авченко	PROPER_NAME
агабаба	PROPER_NAME
агабала	PROPER_NAME
агабба	PROPER_NAME
агабек	PROPER_NAME
агавард	PROPER_NAME
агавни	PROPER_NAME
агавник	PROPER_NAME
агагулу	PROPER_NAME
агагюль	PROPER_NAME
агадар	PROPER_NAME
агадаш	PROPER_NAME
агаддин	PROPER_NAME
агаджан	PROPER_NAME
агадир	PROPER_NAME
агадия	PROPER_NAME
агаев	PROPER_NAME
агаевич	PROPER_NAME
агажан	PROPER_NAME
агаирза	PROPER_NAME
агай	PROPER_NAME
агакиши	PROPER_NAME
агакши	PROPER_NAME
агалар	PROPER_NAME
агали	PROPER_NAME
агалина	PROPER_NAME
агалы	PROPER_NAME
агалям	PROPER_NAME
агам	PROPER_NAME
агамалы	PROPER_NAME
агамед	PROPER_NAME
агамир	PROPER_NAME
агаммед	PROPER_NAME
аган	PROPER_NAME
аганез	PROPER_NAME
аганес	PROPER_NAME
аганета	PROPER_NAME
аганик	PROPER_NAME
аганин	PROPER_NAME
агания	PROPER_NAME
агап	PROPER_NAME
агапея	PROPER_NAME
агапи	PROPER_NAME
агапий	PROPER_NAME
агапия	PROPER_NAME
агапов	PROPER_NAME
агапья	PROPER_NAME
агарвал	PROPER_NAME
агарев	PROPER_NAME
агарза	PROPER_NAME
агариза	PROPER_NAME
агарий	PROPER_NAME
агария	PROPER_NAME
агарков	PROPER_NAME
агарон	PROPER_NAME
агароп	PROPER_NAME
агарья	PROPER_NAME
агас	PROPER_NAME
агасад	PROPER_NAME
агасаф	PROPER_NAME
агаси	PROPER_NAME
агасий	PROPER_NAME
агасин	PROPER_NAME
агасия	PROPER_NAME
агасси	PROPER_NAME
агастан	PROPER_NAME
агасы	PROPER_NAME
агата	PROPER_NAME
агатгу	PROPER_NAME
агафена	PROPER_NAME
агафий	PROPER_NAME
агафия	PROPER_NAME
агафон	PROPER_NAME
агафья	PROPER_NAME
агафя	PROPER_NAME
агахан	PROPER_NAME
агачск	PROPER_NAME
агаша	PROPER_NAME
агаян	PROPER_NAME
агаяр	PROPER_NAME
агван	PROPER_NAME
агга	PROPER_NAME
аггей	PROPER_NAME
аггович	PROPER_NAME
аггюль	PROPER_NAME
агдам	PROPER_NAME
агдас	PROPER_NAME
агдаш	PROPER_NAME
агеев	PROPER_NAME
агеевич	PROPER_NAME
агеенко	PROPER_NAME
агей	PROPER_NAME
агек	PROPER_NAME
агелина	PROPER_NAME
аген	PROPER_NAME
агений	PROPER_NAME
агер	PROPER_NAME
агзам	PROPER_NAME
агзан	PROPER_NAME
агзям	PROPER_NAME
агив	PROPER_NAME
агигат	PROPER_NAME
агида	PROPER_NAME
агидель	PROPER_NAME
агиевич	PROPER_NAME
агий	PROPER_NAME
агик	PROPER_NAME
агил	PROPER_NAME
агиль	PROPER_NAME
агиля	PROPER_NAME
агина	PROPER_NAME
агир	PROPER_NAME
агираф	PROPER_NAME
агирбов	PROPER_NAME
агириш	PROPER_NAME
агис	PROPER_NAME
агит	PROPER_NAME
агита	PROPER_NAME
агиф	PROPER_NAME
агишев	PROPER_NAME
агишин	PROPER_NAME
агия	PROPER_NAME
агиян	PROPER_NAME
аглаида	PROPER_NAME
аглар	PROPER_NAME
аглая	PROPER_NAME
аглеев	PROPER_NAME
аглея	PROPER_NAME
аглина	PROPER_NAME
аглия	PROPER_NAME
агля	PROPER_NAME
аглям	PROPER_NAME
аглямов	PROPER_NAME
агмад	PROPER_NAME
агндрей	PROPER_NAME
агне	PROPER_NAME
агнежка	PROPER_NAME
агнезия	PROPER_NAME
агнес	PROPER_NAME
агнеса	PROPER_NAME
агнесия	PROPER_NAME
агнесса	PROPER_NAME
агнета	PROPER_NAME
агнетта	PROPER_NAME
агнеш	PROPER_NAME
агнеша	PROPER_NAME
агнешка	PROPER_NAME
агнея	PROPER_NAME
агнисия	PROPER_NAME
агния	PROPER_NAME
агович	PROPER_NAME
агой	PROPER_NAME
агоп	PROPER_NAME
агоси	PROPER_NAME
агота	PROPER_NAME
агофон	PROPER_NAME
агофья	PROPER_NAME
агра	PROPER_NAME
агран	PROPER_NAME
агранат	PROPER_NAME
аграфья	PROPER_NAME
агрес	PROPER_NAME
агриппа	PROPER_NAME
агрис	PROPER_NAME
агрос	PROPER_NAME
агросиб	PROPER_NAME
агрохим	PROPER_NAME
агрыз	PROPER_NAME
агубе	PROPER_NAME
агудас	PROPER_NAME
агулов	PROPER_NAME
агун	PROPER_NAME
агунда	PROPER_NAME
агуник	PROPER_NAME
агуреев	PROPER_NAME
агурий	PROPER_NAME
агфия	PROPER_NAME
агха	PROPER_NAME
агшин	PROPER_NAME
адаев	PROPER_NAME
адаевич	PROPER_NAME
адаида	PROPER_NAME
адаил	PROPER_NAME
адаиль	PROPER_NAME
адай	PROPER_NAME
адайкин	PROPER_NAME
адайхох	PROPER_NAME
адак	PROPER_NAME
адалар	PROPER_NAME
адалат	PROPER_NAME
адалет	PROPER_NAME
адалий	PROPER_NAME
адалина	PROPER_NAME
адалия	PROPER_NAME
адаль	PROPER_NAME
адаля	PROPER_NAME
адалят	PROPER_NAME
адам	PROPER_NAME
адамбай	PROPER_NAME
адамов	PROPER_NAME
адамс	PROPER_NAME
адамсон	PROPER_NAME
адамур	PROPER_NAME
адамчик	PROPER_NAME
адамчук	PROPER_NAME
адан	PROPER_NAME
адана	PROPER_NAME
аданис	PROPER_NAME
адапет	PROPER_NAME
адар	PROPER_NAME
адарья	PROPER_NAME
адас	PROPER_NAME
адась	PROPER_NAME
адашев	PROPER_NAME
адвард	PROPER_NAME
адварт	PROPER_NAME
адгам	PROPER_NAME
адгамов	PROPER_NAME
адган	PROPER_NAME
адгар	PROPER_NAME
адгезал	PROPER_NAME
адгем	PROPER_NAME
адда	PROPER_NAME
адди	PROPER_NAME
адеина	PROPER_NAME
адейля	PROPER_NAME
адеков	PROPER_NAME
адексей	PROPER_NAME
адел	PROPER_NAME
адела	PROPER_NAME
адели	PROPER_NAME
аделида	PROPER_NAME
аделий	PROPER_NAME
аделин	PROPER_NAME
аделина	PROPER_NAME
аделия	PROPER_NAME
аделка	PROPER_NAME
аделла	PROPER_NAME
адель	PROPER_NAME
адельша	PROPER_NAME
аделья	PROPER_NAME
адем	PROPER_NAME
адемей	PROPER_NAME
адемия	PROPER_NAME
аден	PROPER_NAME
адена	PROPER_NAME
адер	PROPER_NAME
адерми	PROPER_NAME
адерша	PROPER_NAME
адес	PROPER_NAME
адехам	PROPER_NAME
адеш	PROPER_NAME
адея	PROPER_NAME
адеянов	PROPER_NAME
аджай	PROPER_NAME
аджам	PROPER_NAME
аджанта	PROPER_NAME
аджар	PROPER_NAME
аджария	PROPER_NAME
аджат	PROPER_NAME
аджей	PROPER_NAME
аджер	PROPER_NAME
аджи	PROPER_NAME
аджиев	PROPER_NAME
аджимир	PROPER_NAME
аджире	PROPER_NAME
аджит	PROPER_NAME
аджмал	PROPER_NAME
аджман	PROPER_NAME
аджмир	PROPER_NAME
адзьва	PROPER_NAME
адиан	PROPER_NAME
адиб	PROPER_NAME
адиба	PROPER_NAME
адибек	PROPER_NAME
адибя	PROPER_NAME
адигам	PROPER_NAME
адигар	PROPER_NAME
адидже	PROPER_NAME
адие	PROPER_NAME
адиевич	PROPER_NAME
адиз	PROPER_NAME
адизян	PROPER_NAME
адий	PROPER_NAME
адик	PROPER_NAME
адил	PROPER_NAME
адила	PROPER_NAME
адилага	PROPER_NAME
адилбек	PROPER_NAME
адиле	PROPER_NAME
адилжан	PROPER_NAME
адилжон	PROPER_NAME
адилина	PROPER_NAME
адилия	PROPER_NAME
адилкан	PROPER_NAME
адилхан	PROPER_NAME
адилшах	PROPER_NAME
адиль	PROPER_NAME
адилья	PROPER_NAME
адилэ	PROPER_NAME
адим	PROPER_NAME
адимир	PROPER_NAME
адин	PROPER_NAME
адина	PROPER_NAME
адине	PROPER_NAME
адинжан	PROPER_NAME
адиня	PROPER_NAME
адип	PROPER_NAME
адипхан	PROPER_NAME
адир	PROPER_NAME
адис	PROPER_NAME
адиса	PROPER_NAME
адисей	PROPER_NAME
адислав	PROPER_NAME
адит	PROPER_NAME
адиф	PROPER_NAME
адия	PROPER_NAME
адлан	PROPER_NAME
адлер	PROPER_NAME
адли	PROPER_NAME
адлифа	PROPER_NAME
адлифе	PROPER_NAME
адлифя	PROPER_NAME
адлович	PROPER_NAME
адлы	PROPER_NAME
адман	PROPER_NAME
адмила	PROPER_NAME
адмия	PROPER_NAME
аднан	PROPER_NAME
адолат	PROPER_NAME
адолет	PROPER_NAME
адолий	PROPER_NAME
адолик	PROPER_NAME
адолина	PROPER_NAME
адолф	PROPER_NAME
адоль	PROPER_NAME
адольф	PROPER_NAME
адоля	PROPER_NAME
адолят	PROPER_NAME
адомас	PROPER_NAME
адон	PROPER_NAME
адонин	PROPER_NAME
адоньев	PROPER_NAME
адрей	PROPER_NAME
адри	PROPER_NAME
адриада	PROPER_NAME
адриан	PROPER_NAME
адриана	PROPER_NAME
адриано	PROPER_NAME
адриен	PROPER_NAME
адрина	PROPER_NAME
адрине	PROPER_NAME
адринэ	PROPER_NAME
адриян	PROPER_NAME
адрияна	PROPER_NAME
адров	PROPER_NAME
адуевич	PROPER_NAME
адула	PROPER_NAME
адур	PROPER_NAME
адушев	PROPER_NAME
адушкин	PROPER_NAME
адхам	PROPER_NAME
адыбек	PROPER_NAME
адыггаз	PROPER_NAME
адыге	PROPER_NAME
адыгея	PROPER_NAME
адыевич	PROPER_NAME
адый	PROPER_NAME
адыл	PROPER_NAME
адылжан	PROPER_NAME
адыль	PROPER_NAME
адыля	PROPER_NAME
адым	PROPER_NAME
адып	PROPER_NAME
адыр	PROPER_NAME
адыхам	PROPER_NAME
адыхан	PROPER_NAME
адыча	PROPER_NAME
адьгам	PROPER_NAME
адья	PROPER_NAME
адьяа	PROPER_NAME
адьям	PROPER_NAME
адьян	PROPER_NAME
адэл	PROPER_NAME
адэла	PROPER_NAME
адэлина	PROPER_NAME
адэлия	PROPER_NAME
адэлла	PROPER_NAME
адэль	PROPER_NAME
адэля	PROPER_NAME
аедрей	PROPER_NAME
аежела	PROPER_NAME
аелита	PROPER_NAME
аера	PROPER_NAME
аета	PROPER_NAME
ажаевич	PROPER_NAME
ажай	PROPER_NAME
ажар	PROPER_NAME
аждаак	PROPER_NAME
аждар	PROPER_NAME
ажейран	PROPER_NAME
ажела	PROPER_NAME
ажелика	PROPER_NAME
ажелина	PROPER_NAME
ажемак	PROPER_NAME
ажим	PROPER_NAME
ажиря	PROPER_NAME
азад	PROPER_NAME
азада	PROPER_NAME
азади	PROPER_NAME
азадов	PROPER_NAME
азадун	PROPER_NAME
азаевич	PROPER_NAME
азаида	PROPER_NAME
азай	PROPER_NAME
азал	PROPER_NAME
азалий	PROPER_NAME
азалина	PROPER_NAME
азалхан	PROPER_NAME
азалшо	PROPER_NAME
азам	PROPER_NAME
азамат	PROPER_NAME
азамбай	PROPER_NAME
азамет	PROPER_NAME
азамжан	PROPER_NAME
азамжон	PROPER_NAME
азанде	PROPER_NAME
азанов	PROPER_NAME
азар	PROPER_NAME
азари	PROPER_NAME
азариев	PROPER_NAME
азарий	PROPER_NAME
азарина	PROPER_NAME
азария	PROPER_NAME
азарнов	PROPER_NAME
азаров	PROPER_NAME
азарцев	PROPER_NAME
азаря	PROPER_NAME
азас	PROPER_NAME
азат	PROPER_NAME
азатан	PROPER_NAME
азатбай	PROPER_NAME
азатуи	PROPER_NAME
азатхан	PROPER_NAME
азау	PROPER_NAME
азаухан	PROPER_NAME
азаф	PROPER_NAME
азбаров	PROPER_NAME
азбукин	PROPER_NAME
азгам	PROPER_NAME
азгануш	PROPER_NAME
азгар	PROPER_NAME
азгат	PROPER_NAME
азгуш	PROPER_NAME
азевич	PROPER_NAME
азеддин	PROPER_NAME
азелин	PROPER_NAME
азелла	PROPER_NAME
азель	PROPER_NAME
азем	PROPER_NAME
аземет	PROPER_NAME
азер	PROPER_NAME
азетта	PROPER_NAME
азеф	PROPER_NAME
азза	PROPER_NAME
аззам	PROPER_NAME
азида	PROPER_NAME
азиев	PROPER_NAME
азиевич	PROPER_NAME
азиз	PROPER_NAME
азиза	PROPER_NAME
азизага	PROPER_NAME
азизами	PROPER_NAME
азизбек	PROPER_NAME
азизе	PROPER_NAME
азизжон	PROPER_NAME
азизкул	PROPER_NAME
азизов	PROPER_NAME
азизула	PROPER_NAME
азизхон	PROPER_NAME
азизя	PROPER_NAME
азик	PROPER_NAME
азилия	PROPER_NAME
азиля	PROPER_NAME
азим	PROPER_NAME
азима	PROPER_NAME
азимбай	PROPER_NAME
азиме	PROPER_NAME
азимжан	PROPER_NAME
азимов	PROPER_NAME
азимхан	PROPER_NAME
азимшо	PROPER_NAME
азина	PROPER_NAME
азир	PROPER_NAME
азис	PROPER_NAME
азиса	PROPER_NAME
азит	PROPER_NAME
азия	PROPER_NAME
азман	PROPER_NAME
азмат	PROPER_NAME
азмет	PROPER_NAME
азми	PROPER_NAME
азнаур	PROPER_NAME
азнаф	PROPER_NAME
азнив	PROPER_NAME
азниф	PROPER_NAME
азныв	PROPER_NAME
азов	PROPER_NAME
азович	PROPER_NAME
азода	PROPER_NAME
азольда	PROPER_NAME
азомат	PROPER_NAME
азор	PROPER_NAME
азоркин	PROPER_NAME
азрет	PROPER_NAME
азриель	PROPER_NAME
азриль	PROPER_NAME
азриэль	PROPER_NAME
азроянц	PROPER_NAME
азулла	PROPER_NAME
азучена	PROPER_NAME
азхар	PROPER_NAME
азым	PROPER_NAME
азыркин	PROPER_NAME
азэр	PROPER_NAME
азяр	PROPER_NAME
аиана	PROPER_NAME
аиваз	PROPER_NAME
аивар	PROPER_NAME
аивир	PROPER_NAME
аигуль	PROPER_NAME
аида	PROPER_NAME
аидер	PROPER_NAME
аиди	PROPER_NAME
аидын	PROPER_NAME
аиевич	PROPER_NAME
аиза	PROPER_NAME
аизор	PROPER_NAME
аиказ	PROPER_NAME
аикович	PROPER_NAME
аиктор	PROPER_NAME
аила	PROPER_NAME
аилаз	PROPER_NAME
аилина	PROPER_NAME
аилита	PROPER_NAME
аилия	PROPER_NAME
аиман	PROPER_NAME
аина	PROPER_NAME
аинарс	PROPER_NAME
аини	PROPER_NAME
аинна	PROPER_NAME
аинович	PROPER_NAME
аира	PROPER_NAME
аиса	PROPER_NAME
аисер	PROPER_NAME
аисия	PROPER_NAME
аислу	PROPER_NAME
аисович	PROPER_NAME
аистов	PROPER_NAME
аися	PROPER_NAME
аита	PROPER_NAME
аитбай	PROPER_NAME
аитов	PROPER_NAME
аитович	PROPER_NAME
аиша	PROPER_NAME
айар	PROPER_NAME
айарпи	PROPER_NAME
айасер	PROPER_NAME
айастан	PROPER_NAME
айбала	PROPER_NAME
айбаниз	PROPER_NAME
айбар	PROPER_NAME
айбек	PROPER_NAME
айбениз	PROPER_NAME
айбика	PROPER_NAME
айбулат	PROPER_NAME
айваз	PROPER_NAME
айвар	PROPER_NAME
айварас	PROPER_NAME
айварс	PROPER_NAME
айвас	PROPER_NAME
айвенго	PROPER_NAME
айвиз	PROPER_NAME
айвик	PROPER_NAME
айвика	PROPER_NAME
айво	PROPER_NAME
айвович	PROPER_NAME
айгаз	PROPER_NAME
айгануш	PROPER_NAME
айгар	PROPER_NAME
айгарс	PROPER_NAME
айгерим	PROPER_NAME
айгин	PROPER_NAME
айгуб	PROPER_NAME
айгул	PROPER_NAME
айгуль	PROPER_NAME
айгуля	PROPER_NAME
айгун	PROPER_NAME
айгуш	PROPER_NAME
айгюль	PROPER_NAME
айгюн	PROPER_NAME
айгюнь	PROPER_NAME
айдамир	PROPER_NAME
айдан	PROPER_NAME
айдана	PROPER_NAME
айданов	PROPER_NAME
айдар	PROPER_NAME
айдас	PROPER_NAME
айде	PROPER_NAME
айдевич	PROPER_NAME
айдемир	PROPER_NAME
айден	PROPER_NAME
айдер	PROPER_NAME
айджан	PROPER_NAME
айдимир	PROPER_NAME
айдин	PROPER_NAME
айдина	PROPER_NAME
айдир	PROPER_NAME
айдов	PROPER_NAME
айдоган	PROPER_NAME
айдогды	PROPER_NAME
айдос	PROPER_NAME
айдук	PROPER_NAME
айдум	PROPER_NAME
айдун	PROPER_NAME
айдык	PROPER_NAME
айдым	PROPER_NAME
айдын	PROPER_NAME
айдып	PROPER_NAME
айдыр	PROPER_NAME
айед	PROPER_NAME
айер	PROPER_NAME
айжамал	PROPER_NAME
айжан	PROPER_NAME
айжанна	PROPER_NAME
айза	PROPER_NAME
айзада	PROPER_NAME
айзан	PROPER_NAME
айзанат	PROPER_NAME
айзат	PROPER_NAME
айзер	PROPER_NAME
айзик	PROPER_NAME
айзпуте	PROPER_NAME
айзудин	PROPER_NAME
айзык	PROPER_NAME
айисат	PROPER_NAME
айишат	PROPER_NAME
айка	PROPER_NAME
айказ	PROPER_NAME
айказун	PROPER_NAME
айкай	PROPER_NAME
айкануш	PROPER_NAME
айкарам	PROPER_NAME
айкаран	PROPER_NAME
айкас	PROPER_NAME
айке	PROPER_NAME
айкиз	PROPER_NAME
айко	PROPER_NAME
айкович	PROPER_NAME
айкуи	PROPER_NAME
айкун	PROPER_NAME
айкут	PROPER_NAME
айкуш	PROPER_NAME
айкюн	PROPER_NAME
айкюнь	PROPER_NAME
айла	PROPER_NAME
айлаз	PROPER_NAME
айле	PROPER_NAME
айлей	PROPER_NAME
айлен	PROPER_NAME
айли	PROPER_NAME
айлин	PROPER_NAME
айлинь	PROPER_NAME
айлиса	PROPER_NAME
айлита	PROPER_NAME
айлэнд	PROPER_NAME
айма	PROPER_NAME
айман	PROPER_NAME
аймани	PROPER_NAME
аймара	PROPER_NAME
айме	PROPER_NAME
аймевич	PROPER_NAME
аймен	PROPER_NAME
аймер	PROPER_NAME
аймира	PROPER_NAME
аймисей	PROPER_NAME
айна	PROPER_NAME
айнагул	PROPER_NAME
айнажи	PROPER_NAME
айнар	PROPER_NAME
айнара	PROPER_NAME
айнарс	PROPER_NAME
айнас	PROPER_NAME
айнаш	PROPER_NAME
айнди	PROPER_NAME
айне	PROPER_NAME
айнель	PROPER_NAME
айнер	PROPER_NAME
айни	PROPER_NAME
айнидин	PROPER_NAME
айнижан	PROPER_NAME
айниса	PROPER_NAME
айно	PROPER_NAME
айнович	PROPER_NAME
айнора	PROPER_NAME
айнудин	PROPER_NAME
айнул	PROPER_NAME
айнула	PROPER_NAME
айнулла	PROPER_NAME
айнур	PROPER_NAME
айнура	PROPER_NAME
айнуре	PROPER_NAME
айня	PROPER_NAME
айова	PROPER_NAME
айович	PROPER_NAME
айоделе	PROPER_NAME
айон	PROPER_NAME
айпалов	PROPER_NAME
айпара	PROPER_NAME
айпин	PROPER_NAME
айразат	PROPER_NAME
айранет	PROPER_NAME
айрапет	PROPER_NAME
айрат	PROPER_NAME
айрекс	PROPER_NAME
айрес	PROPER_NAME
айрик	PROPER_NAME
айрин	PROPER_NAME
айрис	PROPER_NAME
айро	PROPER_NAME
айрович	PROPER_NAME
айса	PROPER_NAME
айсана	PROPER_NAME
айсар	PROPER_NAME
айсара	PROPER_NAME
айсарат	PROPER_NAME
айсел	PROPER_NAME
айселу	PROPER_NAME
айсель	PROPER_NAME
айсен	PROPER_NAME
айсер	PROPER_NAME
айсилу	PROPER_NAME
айсла	PROPER_NAME
айслу	PROPER_NAME
айстан	PROPER_NAME
айсу	PROPER_NAME
айсула	PROPER_NAME
айсулу	PROPER_NAME
айсылу	PROPER_NAME
айсын	PROPER_NAME
айся	PROPER_NAME
айсяу	PROPER_NAME
айта	PROPER_NAME
айтакин	PROPER_NAME
айтан	PROPER_NAME
айтач	PROPER_NAME
айте	PROPER_NAME
айтевич	PROPER_NAME
айтек	PROPER_NAME
айтекин	PROPER_NAME
айтемир	PROPER_NAME
айтень	PROPER_NAME
айтжан	PROPER_NAME
айткали	PROPER_NAME
айтпай	PROPER_NAME
айтуган	PROPER_NAME
айтэн	PROPER_NAME
айтян	PROPER_NAME
айфер	PROPER_NAME
айхал	PROPER_NAME
айхам	PROPER_NAME
айхан	PROPER_NAME
айхуа	PROPER_NAME
айхун	PROPER_NAME
айчан	PROPER_NAME
айчжун	PROPER_NAME
айша	PROPER_NAME
айшан	PROPER_NAME
айшат	PROPER_NAME
айшахан	PROPER_NAME
айшахон	PROPER_NAME
айше	PROPER_NAME
айшет	PROPER_NAME
айши	PROPER_NAME
айще	PROPER_NAME
айщевич	PROPER_NAME
айыг	PROPER_NAME
айюб	PROPER_NAME
айюба	PROPER_NAME
айяд	PROPER_NAME
айян	PROPER_NAME
айяр	PROPER_NAME
айят	PROPER_NAME
акаба	PROPER_NAME
акабир	PROPER_NAME
акав	PROPER_NAME
акад	PROPER_NAME
акадий	PROPER_NAME
акаев	PROPER_NAME
акай	PROPER_NAME
акайим	PROPER_NAME
акаки	PROPER_NAME
акакий	PROPER_NAME
акалах	PROPER_NAME
акари	PROPER_NAME
акаси	PROPER_NAME
акаткин	PROPER_NAME
акатнов	PROPER_NAME
акатов	PROPER_NAME
акаш	PROPER_NAME
акашев	PROPER_NAME
акбаев	PROPER_NAME
акбал	PROPER_NAME
акбала	PROPER_NAME
акбар	PROPER_NAME
акбари	PROPER_NAME
акбаршо	PROPER_NAME
акбашев	PROPER_NAME
акбек	PROPER_NAME
акбер	PROPER_NAME
акбир	PROPER_NAME
акбулат	PROPER_NAME
аквер	PROPER_NAME
акгуль	PROPER_NAME
акдарья	PROPER_NAME
акдяс	PROPER_NAME
акел	PROPER_NAME
акелина	PROPER_NAME
акендин	PROPER_NAME
акерке	PROPER_NAME
акзам	PROPER_NAME
акзиба	PROPER_NAME
акив	PROPER_NAME
акива	PROPER_NAME
акиевич	PROPER_NAME
акий	PROPER_NAME
акил	PROPER_NAME
акиле	PROPER_NAME
акилина	PROPER_NAME
акиль	PROPER_NAME
акиля	PROPER_NAME
аким	PROPER_NAME
акима	PROPER_NAME
акимбек	PROPER_NAME
акиме	PROPER_NAME
акимжан	PROPER_NAME
акимжон	PROPER_NAME
акимов	PROPER_NAME
акина	PROPER_NAME
акиндин	PROPER_NAME
акинин	PROPER_NAME
акинола	PROPER_NAME
акинор	PROPER_NAME
акинф	PROPER_NAME
акинфий	PROPER_NAME
акиншин	PROPER_NAME
акио	PROPER_NAME
акиович	PROPER_NAME
акип	PROPER_NAME
акипов	PROPER_NAME
акир	PROPER_NAME
акиф	PROPER_NAME
акифа	PROPER_NAME
акифьев	PROPER_NAME
акишев	PROPER_NAME
акишин	PROPER_NAME
акйол	PROPER_NAME
аккакий	PROPER_NAME
аккали	PROPER_NAME
акки	PROPER_NAME
акколь	PROPER_NAME
аккра	PROPER_NAME
акку	PROPER_NAME
акли	PROPER_NAME
аклилу	PROPER_NAME
аклима	PROPER_NAME
аклиме	PROPER_NAME
аклимя	PROPER_NAME
аклина	PROPER_NAME
аклинс	PROPER_NAME
акмал	PROPER_NAME
акмалов	PROPER_NAME
акмаль	PROPER_NAME
акмарал	PROPER_NAME
акмович	PROPER_NAME
акмола	PROPER_NAME
акмурад	PROPER_NAME
акмурат	PROPER_NAME
акмяне	PROPER_NAME
акоб	PROPER_NAME
акобир	PROPER_NAME
акович	PROPER_NAME
акола	PROPER_NAME
акон	PROPER_NAME
акоп	PROPER_NAME
акопик	PROPER_NAME
акопов	PROPER_NAME
акопян	PROPER_NAME
акош	PROPER_NAME
акпар	PROPER_NAME
акпер	PROPER_NAME
акрам	PROPER_NAME
акрем	PROPER_NAME
акром	PROPER_NAME
акрям	PROPER_NAME
аксай	PROPER_NAME
аксаков	PROPER_NAME
аксан	PROPER_NAME
аксана	PROPER_NAME
аксандр	PROPER_NAME
аксания	PROPER_NAME
аксел	PROPER_NAME
аксена	PROPER_NAME
аксений	PROPER_NAME
аксения	PROPER_NAME
аксенья	PROPER_NAME
аксеня	PROPER_NAME
аксина	PROPER_NAME
аксиния	PROPER_NAME
аксинья	PROPER_NAME
акслу	PROPER_NAME
аксона	PROPER_NAME
акстафа	PROPER_NAME
аксу	PROPER_NAME
аксуат	PROPER_NAME
аксюта	PROPER_NAME
аксючиц	PROPER_NAME
аксён	PROPER_NAME
аксёнов	PROPER_NAME
актав	PROPER_NAME
актавий	PROPER_NAME
актавия	PROPER_NAME
актам	PROPER_NAME
актар	PROPER_NAME
актау	PROPER_NAME
акташ	PROPER_NAME
актем	PROPER_NAME
акулин	PROPER_NAME
акулина	PROPER_NAME
акулов	PROPER_NAME
акунеев	PROPER_NAME
акунин	PROPER_NAME
акунов	PROPER_NAME
акутин	PROPER_NAME
акхил	PROPER_NAME
акхилеш	PROPER_NAME
акчакай	PROPER_NAME
акчала	PROPER_NAME
акчура	PROPER_NAME
акчурин	PROPER_NAME
акшин	PROPER_NAME
акъяб	PROPER_NAME
акыевич	PROPER_NAME
акылбек	PROPER_NAME
акыр	PROPER_NAME
акэу	PROPER_NAME
алаа	PROPER_NAME
алабама	PROPER_NAME
алаббас	PROPER_NAME
алабин	PROPER_NAME
алабука	PROPER_NAME
алабьев	PROPER_NAME
алабян	PROPER_NAME
алавдин	PROPER_NAME
алави	PROPER_NAME
алавсат	PROPER_NAME
алагар	PROPER_NAME
алагир	PROPER_NAME
алагёз	PROPER_NAME
аладар	PROPER_NAME
аладдин	PROPER_NAME
аладин	PROPER_NAME
аладьин	PROPER_NAME
алаевич	PROPER_NAME
алаз	PROPER_NAME
алазани	PROPER_NAME
алазея	PROPER_NAME
алаида	PROPER_NAME
алаиза	PROPER_NAME
алай	PROPER_NAME
алайбек	PROPER_NAME
алайкин	PROPER_NAME
алакбер	PROPER_NAME
алакин	PROPER_NAME
алакоз	PROPER_NAME
алаколь	PROPER_NAME
алам	PROPER_NAME
аламан	PROPER_NAME
аламгир	PROPER_NAME
аламдар	PROPER_NAME
аламзар	PROPER_NAME
алана	PROPER_NAME
аланбек	PROPER_NAME
аландар	PROPER_NAME
аландин	PROPER_NAME
алания	PROPER_NAME
аланна	PROPER_NAME
алаович	PROPER_NAME
алар	PROPER_NAME
аласкар	PROPER_NAME
алат	PROPER_NAME
алатау	PROPER_NAME
алатырь	PROPER_NAME
алауди	PROPER_NAME
алаудин	PROPER_NAME
алафия	PROPER_NAME
алахмед	PROPER_NAME
алачка	PROPER_NAME
алаш	PROPER_NAME
алашань	PROPER_NAME
алашраф	PROPER_NAME
алаяр	PROPER_NAME
албала	PROPER_NAME
албания	PROPER_NAME
албберт	PROPER_NAME
алббина	PROPER_NAME
албег	PROPER_NAME
албегов	PROPER_NAME
албек	PROPER_NAME
алберт	PROPER_NAME
албик	PROPER_NAME
албин	PROPER_NAME
албина	PROPER_NAME
албир	PROPER_NAME
алборов	PROPER_NAME
албури	PROPER_NAME
албфия	PROPER_NAME
алван	PROPER_NAME
алвар	PROPER_NAME
алвара	PROPER_NAME
алвард	PROPER_NAME
алварда	PROPER_NAME
алваро	PROPER_NAME
алварт	PROPER_NAME
алверт	PROPER_NAME
алвиан	PROPER_NAME
алвида	PROPER_NAME
алвик	PROPER_NAME
алвин	PROPER_NAME
алвина	PROPER_NAME
алвира	PROPER_NAME
алвис	PROPER_NAME
алвиян	PROPER_NAME
алга	PROPER_NAME
алгабас	PROPER_NAME
алгам	PROPER_NAME
алгасан	PROPER_NAME
алгат	PROPER_NAME
алгатуй	PROPER_NAME
алгина	PROPER_NAME
алгис	PROPER_NAME
алгобас	PROPER_NAME
алда	PROPER_NAME
алдам	PROPER_NAME
алдан	PROPER_NAME
алданов	PROPER_NAME
алдар	PROPER_NAME
алдашов	PROPER_NAME
алдина	PROPER_NAME
алдис	PROPER_NAME
алдияр	PROPER_NAME
алдович	PROPER_NAME
алдона	PROPER_NAME
алдонин	PROPER_NAME
алдошин	PROPER_NAME
алдуз	PROPER_NAME
алдушин	PROPER_NAME
алеан	PROPER_NAME
алеана	PROPER_NAME
алев	PROPER_NAME
алева	PROPER_NAME
алевич	PROPER_NAME
алевтин	PROPER_NAME
алег	PROPER_NAME
алегр	PROPER_NAME
аледдин	PROPER_NAME
аледи	PROPER_NAME
аледин	PROPER_NAME
аледия	PROPER_NAME
алеевич	PROPER_NAME
алезий	PROPER_NAME
алезия	PROPER_NAME
алеина	PROPER_NAME
алей	PROPER_NAME
алейза	PROPER_NAME
алейник	PROPER_NAME
алейск	PROPER_NAME
алек	PROPER_NAME
алекан	PROPER_NAME
алекбар	PROPER_NAME
алекбер	PROPER_NAME
алекей	PROPER_NAME
алеко	PROPER_NAME
алекпер	PROPER_NAME
алекс	PROPER_NAME
алекса	PROPER_NAME
алексай	PROPER_NAME
алексан	PROPER_NAME
алексас	PROPER_NAME
алексе	PROPER_NAME
алексей	PROPER_NAME
алексен	PROPER_NAME
алексер	PROPER_NAME
алексец	PROPER_NAME
алекси	PROPER_NAME
алексид	PROPER_NAME
алексий	PROPER_NAME
алексис	PROPER_NAME
алексия	PROPER_NAME
алексса	PROPER_NAME
алексюк	PROPER_NAME
алектин	PROPER_NAME
алеку	PROPER_NAME
алекшер	PROPER_NAME
алелия	PROPER_NAME
алем	PROPER_NAME
алеми	PROPER_NAME
алемпий	PROPER_NAME
ален	PROPER_NAME
аленев	PROPER_NAME
аленин	PROPER_NAME
аленич	PROPER_NAME
аленна	PROPER_NAME
алентий	PROPER_NAME
алентин	PROPER_NAME
алеодор	PROPER_NAME
алеонор	PROPER_NAME
алерий	PROPER_NAME
алерина	PROPER_NAME
алерия	PROPER_NAME
алеса	PROPER_NAME
алесей	PROPER_NAME
алесия	PROPER_NAME
алескар	PROPER_NAME
алескер	PROPER_NAME
алессио	PROPER_NAME
алесь	PROPER_NAME
алесья	PROPER_NAME
алеся	PROPER_NAME
алет	PROPER_NAME
алета	PROPER_NAME
алетдин	PROPER_NAME
алетина	PROPER_NAME
алетта	PROPER_NAME
алеу	PROPER_NAME
алефина	PROPER_NAME
алефира	PROPER_NAME
алефтин	PROPER_NAME
алех	PROPER_NAME
алехан	PROPER_NAME
алехин	PROPER_NAME
алехон	PROPER_NAME
алечка	PROPER_NAME
алеш	PROPER_NAME
алешко	PROPER_NAME
алея	PROPER_NAME
алжана	PROPER_NAME
алжанат	PROPER_NAME
алжбета	PROPER_NAME
алжир	PROPER_NAME
алзамай	PROPER_NAME
алиа	PROPER_NAME
алиага	PROPER_NAME
алиада	PROPER_NAME
алиадин	PROPER_NAME
алиан	PROPER_NAME
алиана	PROPER_NAME
алиар	PROPER_NAME
алиата	PROPER_NAME
алиаш	PROPER_NAME
алиб	PROPER_NAME
алибаба	PROPER_NAME
алибай	PROPER_NAME
алибала	PROPER_NAME
алибег	PROPER_NAME
алибей	PROPER_NAME
алибек	PROPER_NAME
алив	PROPER_NAME
аливиан	PROPER_NAME
аливия	PROPER_NAME
аливтин	PROPER_NAME
алиган	PROPER_NAME
алигарх	PROPER_NAME
алигузу	PROPER_NAME
алигулу	PROPER_NAME
алид	PROPER_NAME
алида	PROPER_NAME
алидан	PROPER_NAME
алидар	PROPER_NAME
алиде	PROPER_NAME
алидер	PROPER_NAME
алиджан	PROPER_NAME
алиджон	PROPER_NAME
алидин	PROPER_NAME
алидия	PROPER_NAME
алидэ	PROPER_NAME
алие	PROPER_NAME
алиев	PROPER_NAME
алиевич	PROPER_NAME
алижан	PROPER_NAME
алижон	PROPER_NAME
ализ	PROPER_NAME
ализа	PROPER_NAME
ализада	PROPER_NAME
ализаде	PROPER_NAME
ализар	PROPER_NAME
ализе	PROPER_NAME
ализор	PROPER_NAME
алии	PROPER_NAME
алий	PROPER_NAME
алик	PROPER_NAME
алика	PROPER_NAME
аликан	PROPER_NAME
аликара	PROPER_NAME
аликбер	PROPER_NAME
аликер	PROPER_NAME
алики	PROPER_NAME
аликин	PROPER_NAME
алико	PROPER_NAME
аликов	PROPER_NAME
аликпер	PROPER_NAME
аликрам	PROPER_NAME
аликс	PROPER_NAME
аликсан	PROPER_NAME
аликсей	PROPER_NAME
аликул	PROPER_NAME
аликулу	PROPER_NAME
аликшер	PROPER_NAME
алил	PROPER_NAME
алили	PROPER_NAME
алим	PROPER_NAME
алима	PROPER_NAME
алиман	PROPER_NAME
алимат	PROPER_NAME
алимбай	PROPER_NAME
алимбек	PROPER_NAME
алиме	PROPER_NAME
алимер	PROPER_NAME
алимет	PROPER_NAME
алимжа	PROPER_NAME
алимжан	PROPER_NAME
алимжон	PROPER_NAME
алимзян	PROPER_NAME
алимир	PROPER_NAME
алимкин	PROPER_NAME
алимма	PROPER_NAME
алимов	PROPER_NAME
алимпиа	PROPER_NAME
алимпий	PROPER_NAME
алимпия	PROPER_NAME
алимус	PROPER_NAME
алимхан	PROPER_NAME
алимхон	PROPER_NAME
алимя	PROPER_NAME
алин	PROPER_NAME
алина	PROPER_NAME
алинар	PROPER_NAME
алинат	PROPER_NAME
алинда	PROPER_NAME
алине	PROPER_NAME
алиния	PROPER_NAME
алинияз	PROPER_NAME
алинна	PROPER_NAME
алинтин	PROPER_NAME
алинэ	PROPER_NAME
алиона	PROPER_NAME
алиот	PROPER_NAME
алип	PROPER_NAME
алипа	PROPER_NAME
алипаша	PROPER_NAME
алипий	PROPER_NAME
алипов	PROPER_NAME
алира	PROPER_NAME
алиреза	PROPER_NAME
алирза	PROPER_NAME
алириза	PROPER_NAME
алироев	PROPER_NAME
алиса	PROPER_NAME
алисаг	PROPER_NAME
алисафа	PROPER_NAME
алисе	PROPER_NAME
алисий	PROPER_NAME
алисия	PROPER_NAME
алискер	PROPER_NAME
алискин	PROPER_NAME
алислав	PROPER_NAME
алислам	PROPER_NAME
алисо	PROPER_NAME
алисов	PROPER_NAME
алисон	PROPER_NAME
алисса	PROPER_NAME
алиста	PROPER_NAME
алистер	PROPER_NAME
алисхан	PROPER_NAME
алит	PROPER_NAME
алита	PROPER_NAME
алитдин	PROPER_NAME
алитер	PROPER_NAME
алитет	PROPER_NAME
алитжан	PROPER_NAME
алития	PROPER_NAME
алитта	PROPER_NAME
алитус	PROPER_NAME
алиу	PROPER_NAME
алиула	PROPER_NAME
алиулин	PROPER_NAME
алиулла	PROPER_NAME
алиф	PROPER_NAME
алифа	PROPER_NAME
алифага	PROPER_NAME
алифат	PROPER_NAME
алифе	PROPER_NAME
алифер	PROPER_NAME
алифия	PROPER_NAME
алифтин	PROPER_NAME
алифхан	PROPER_NAME
алифя	PROPER_NAME
алих	PROPER_NAME
алихам	PROPER_NAME
алихан	PROPER_NAME
алихман	PROPER_NAME
алихмед	PROPER_NAME
алихон	PROPER_NAME
алица	PROPER_NAME
алице	PROPER_NAME
алиция	PROPER_NAME
алич	PROPER_NAME
алиш	PROPER_NAME
алиша	PROPER_NAME
алишан	PROPER_NAME
алише	PROPER_NAME
алишев	PROPER_NAME
алишер	PROPER_NAME
алишир	PROPER_NAME
алищер	PROPER_NAME
алию	PROPER_NAME
алиюла	PROPER_NAME
алиюсиф	PROPER_NAME
алия	PROPER_NAME
алиям	PROPER_NAME
алияна	PROPER_NAME
алияр	PROPER_NAME
алказар	PROPER_NAME
алкан	PROPER_NAME
алкен	PROPER_NAME
алкет	PROPER_NAME
алкиноя	PROPER_NAME
алкис	PROPER_NAME
алкиши	PROPER_NAME
алкмар	PROPER_NAME
алкснис	PROPER_NAME
алкун	PROPER_NAME
алла	PROPER_NAME
алладин	PROPER_NAME
аллаз	PROPER_NAME
аллаида	PROPER_NAME
аллаиха	PROPER_NAME
аллак	PROPER_NAME
аллал	PROPER_NAME
аллан	PROPER_NAME
аллар	PROPER_NAME
аллахяр	PROPER_NAME
аллаяр	PROPER_NAME
алле	PROPER_NAME
аллевич	PROPER_NAME
аллен	PROPER_NAME
алленов	PROPER_NAME
алли	PROPER_NAME
аллий	PROPER_NAME
аллик	PROPER_NAME
аллим	PROPER_NAME
аллина	PROPER_NAME
аллиса	PROPER_NAME
аллия	PROPER_NAME
аллович	PROPER_NAME
аллоиза	PROPER_NAME
аллям	PROPER_NAME
аллямша	PROPER_NAME
алма	PROPER_NAME
алмаев	PROPER_NAME
алмажан	PROPER_NAME
алмазия	PROPER_NAME
алмазов	PROPER_NAME
алмалык	PROPER_NAME
алман	PROPER_NAME
алмара	PROPER_NAME
алмас	PROPER_NAME
алмаст	PROPER_NAME
алмат	PROPER_NAME
алматы	PROPER_NAME
алме	PROPER_NAME
алмевич	PROPER_NAME
алмира	PROPER_NAME
алмирза	PROPER_NAME
алмоян	PROPER_NAME
ална	PROPER_NAME
алнис	PROPER_NAME
алныкин	PROPER_NAME
аловат	PROPER_NAME
алович	PROPER_NAME
аловсат	PROPER_NAME
алоида	PROPER_NAME
алоиз	PROPER_NAME
алоиза	PROPER_NAME
алоизас	PROPER_NAME
алоизий	PROPER_NAME
алоизия	PROPER_NAME
алоис	PROPER_NAME
алойз	PROPER_NAME
алойс	PROPER_NAME
алок	PROPER_NAME
алом	PROPER_NAME
аломат	PROPER_NAME
алон	PROPER_NAME
алона	PROPER_NAME
алонсо	PROPER_NAME
алорина	PROPER_NAME
алория	PROPER_NAME
алосат	PROPER_NAME
алоу	PROPER_NAME
алочка	PROPER_NAME
алпатов	PROPER_NAME
алпаша	PROPER_NAME
алпер	PROPER_NAME
алпиина	PROPER_NAME
алпина	PROPER_NAME
алрос	PROPER_NAME
алсафа	PROPER_NAME
алсу	PROPER_NAME
алта	PROPER_NAME
алтай	PROPER_NAME
алтайск	PROPER_NAME
алтана	PROPER_NAME
алтар	PROPER_NAME
алти	PROPER_NAME
алтнай	PROPER_NAME
алтун	PROPER_NAME
алтунин	PROPER_NAME
алтухов	PROPER_NAME
алты	PROPER_NAME
алтыбай	PROPER_NAME
алтына	PROPER_NAME
алтынай	PROPER_NAME
алуа	PROPER_NAME
алуда	PROPER_NAME
алуевич	PROPER_NAME
алуиза	PROPER_NAME
алуксне	PROPER_NAME
алупка	PROPER_NAME
алура	PROPER_NAME
алушкин	PROPER_NAME
алушта	PROPER_NAME
алфа	PROPER_NAME
алфат	PROPER_NAME
алфеев	PROPER_NAME
алфей	PROPER_NAME
алфес	PROPER_NAME
алфея	PROPER_NAME
алфида	PROPER_NAME
алфие	PROPER_NAME
алфиза	PROPER_NAME
алфий	PROPER_NAME
алфим	PROPER_NAME
алфимов	PROPER_NAME
алфина	PROPER_NAME
алфинур	PROPER_NAME
алфир	PROPER_NAME
алфира	PROPER_NAME
алфиса	PROPER_NAME
алфия	PROPER_NAME
алфович	PROPER_NAME
алфонс	PROPER_NAME
алфред	PROPER_NAME
алфрида	PROPER_NAME
алфрит	PROPER_NAME
алфёров	PROPER_NAME
алхазур	PROPER_NAME
алхам	PROPER_NAME
алхан	PROPER_NAME
алхас	PROPER_NAME
алхат	PROPER_NAME
алхимов	PROPER_NAME
алшир	PROPER_NAME
алыевич	PROPER_NAME
алым	PROPER_NAME
алымбек	PROPER_NAME
алымка	PROPER_NAME
алымов	PROPER_NAME
алышан	PROPER_NAME
алышев	PROPER_NAME
альбарт	PROPER_NAME
альбац	PROPER_NAME
альбек	PROPER_NAME
альбена	PROPER_NAME
альбер	PROPER_NAME
альбера	PROPER_NAME
альберд	PROPER_NAME
альберт	PROPER_NAME
альбетр	PROPER_NAME
альби	PROPER_NAME
альбида	PROPER_NAME
альбий	PROPER_NAME
альбин	PROPER_NAME
альбина	PROPER_NAME
альбира	PROPER_NAME
альбирт	PROPER_NAME
альбита	PROPER_NAME
альбия	PROPER_NAME
альбо	PROPER_NAME
альбона	PROPER_NAME
альва	PROPER_NAME
альвара	PROPER_NAME
альвард	PROPER_NAME
альварт	PROPER_NAME
альвер	PROPER_NAME
альвера	PROPER_NAME
альверт	PROPER_NAME
альвета	PROPER_NAME
альви	PROPER_NAME
альвиан	PROPER_NAME
альвида	PROPER_NAME
альвиль	PROPER_NAME
альвин	PROPER_NAME
альвина	PROPER_NAME
альвион	PROPER_NAME
альвир	PROPER_NAME
альвира	PROPER_NAME
альвирт	PROPER_NAME
альвита	PROPER_NAME
альвия	PROPER_NAME
альвиян	PROPER_NAME
альга	PROPER_NAME
альгерд	PROPER_NAME
альгерт	PROPER_NAME
альгина	PROPER_NAME
альгис	PROPER_NAME
альда	PROPER_NAME
альдер	PROPER_NAME
альдин	PROPER_NAME
альдия	PROPER_NAME
альдо	PROPER_NAME
альдон	PROPER_NAME
альдона	PROPER_NAME
алье	PROPER_NAME
альенде	PROPER_NAME
альзам	PROPER_NAME
альзира	PROPER_NAME
альина	PROPER_NAME
алька	PROPER_NAME
алькаев	PROPER_NAME
алькен	PROPER_NAME
алькин	PROPER_NAME
альма	PROPER_NAME
альмаз	PROPER_NAME
альмар	PROPER_NAME
альмара	PROPER_NAME
альме	PROPER_NAME
альмеев	PROPER_NAME
альмер	PROPER_NAME
альмида	PROPER_NAME
альмина	PROPER_NAME
альмир	PROPER_NAME
альмира	PROPER_NAME
альна	PROPER_NAME
альнур	PROPER_NAME
альнура	PROPER_NAME
альона	PROPER_NAME
альория	PROPER_NAME
альп	PROPER_NAME
альпер	PROPER_NAME
альпида	PROPER_NAME
альпина	PROPER_NAME
альпы	PROPER_NAME
альсина	PROPER_NAME
альсия	PROPER_NAME
альтаир	PROPER_NAME
альтана	PROPER_NAME
альтаф	PROPER_NAME
альтер	PROPER_NAME
альтина	PROPER_NAME
альтман	PROPER_NAME
альтус	PROPER_NAME
альтюс	PROPER_NAME
альф	PROPER_NAME
альфад	PROPER_NAME
альфан	PROPER_NAME
альфат	PROPER_NAME
альфед	PROPER_NAME
альфей	PROPER_NAME
альфер	PROPER_NAME
альфера	PROPER_NAME
альферт	PROPER_NAME
альфет	PROPER_NAME
альфея	PROPER_NAME
альфиа	PROPER_NAME
альфида	PROPER_NAME
альфие	PROPER_NAME
альфиза	PROPER_NAME
альфий	PROPER_NAME
альфик	PROPER_NAME
альфин	PROPER_NAME
альфина	PROPER_NAME
альфио	PROPER_NAME
альфир	PROPER_NAME
альфира	PROPER_NAME
альфис	PROPER_NAME
альфиса	PROPER_NAME
альфит	PROPER_NAME
альфия	PROPER_NAME
альфон	PROPER_NAME
альфонс	PROPER_NAME
альфред	PROPER_NAME
альфрет	PROPER_NAME
альфрид	PROPER_NAME
альфрит	PROPER_NAME
альхадж	PROPER_NAME
альхат	PROPER_NAME
альхия	PROPER_NAME
альчис	PROPER_NAME
альшер	PROPER_NAME
альшин	PROPER_NAME
алья	PROPER_NAME
альяна	PROPER_NAME
альяр	PROPER_NAME
альяс	PROPER_NAME
алэн	PROPER_NAME
алюбина	PROPER_NAME
алюс	PROPER_NAME
алюсия	PROPER_NAME
алюся	PROPER_NAME
алюта	PROPER_NAME
алютина	PROPER_NAME
аляддин	PROPER_NAME
алядин	PROPER_NAME
аляев	PROPER_NAME
аляз	PROPER_NAME
аляксас	PROPER_NAME
алямдин	PROPER_NAME
алямша	PROPER_NAME
алян	PROPER_NAME
аляна	PROPER_NAME
аляпкин	PROPER_NAME
аляр	PROPER_NAME
аляра	PROPER_NAME
аляска	PROPER_NAME
алясов	PROPER_NAME
алят	PROPER_NAME
алёна	PROPER_NAME
алёша	PROPER_NAME
алёшин	PROPER_NAME
алёшиха	PROPER_NAME
алёшка	PROPER_NAME
алёшкин	PROPER_NAME
амад	PROPER_NAME
амада	PROPER_NAME
амадео	PROPER_NAME
амаду	PROPER_NAME
амаевич	PROPER_NAME
амазар	PROPER_NAME
амазас	PROPER_NAME
амазасп	PROPER_NAME
амаида	PROPER_NAME
амаил	PROPER_NAME
амай	PROPER_NAME
амалиа	PROPER_NAME
амалик	PROPER_NAME
амалия	PROPER_NAME
амаль	PROPER_NAME
амаля	PROPER_NAME
аман	PROPER_NAME
аманауз	PROPER_NAME
аманбай	PROPER_NAME
аманбек	PROPER_NAME
аманда	PROPER_NAME
амандий	PROPER_NAME
амандип	PROPER_NAME
амандык	PROPER_NAME
аманжол	PROPER_NAME
амания	PROPER_NAME
аманкос	PROPER_NAME
аманкул	PROPER_NAME
амануил	PROPER_NAME
аманула	PROPER_NAME
амануло	PROPER_NAME
аманяз	PROPER_NAME
амар	PROPER_NAME
амара	PROPER_NAME
амарбий	PROPER_NAME
амардип	PROPER_NAME
амардит	PROPER_NAME
амареш	PROPER_NAME
амарцев	PROPER_NAME
амасий	PROPER_NAME
амаспюр	PROPER_NAME
амася	PROPER_NAME
амати	PROPER_NAME
амаяк	PROPER_NAME
амаян	PROPER_NAME
амбарум	PROPER_NAME
амбе	PROPER_NAME
амбевич	PROPER_NAME
амбович	PROPER_NAME
амброс	PROPER_NAME
амвер	PROPER_NAME
амвир	PROPER_NAME
амга	PROPER_NAME
амгалан	PROPER_NAME
амгунь	PROPER_NAME
амгуэма	PROPER_NAME
амдерма	PROPER_NAME
амджад	PROPER_NAME
амджед	PROPER_NAME
амед	PROPER_NAME
амеджан	PROPER_NAME
амела	PROPER_NAME
амели	PROPER_NAME
амелин	PROPER_NAME
амель	PROPER_NAME
амеля	PROPER_NAME
амена	PROPER_NAME
аменат	PROPER_NAME
амения	PROPER_NAME
аменя	PROPER_NAME
амер	PROPER_NAME
амеран	PROPER_NAME
америка	PROPER_NAME
амерхан	PROPER_NAME
амест	PROPER_NAME
амет	PROPER_NAME
аметхан	PROPER_NAME
амжад	PROPER_NAME
амза	PROPER_NAME
амзаев	PROPER_NAME
амида	PROPER_NAME
амиде	PROPER_NAME
амиевич	PROPER_NAME
амик	PROPER_NAME
амико	PROPER_NAME
амила	PROPER_NAME
амилия	PROPER_NAME
амиль	PROPER_NAME
амильда	PROPER_NAME
амиля	PROPER_NAME
амим	PROPER_NAME
аминад	PROPER_NAME
аминат	PROPER_NAME
аминбай	PROPER_NAME
амине	PROPER_NAME
аминет	PROPER_NAME
амини	PROPER_NAME
аминия	PROPER_NAME
аминов	PROPER_NAME
аминул	PROPER_NAME
аминя	PROPER_NAME
амир	PROPER_NAME
амира	PROPER_NAME
амирага	PROPER_NAME
амирак	PROPER_NAME
амирали	PROPER_NAME
амирам	PROPER_NAME
амиран	PROPER_NAME
амирана	PROPER_NAME
амирани	PROPER_NAME
амират	PROPER_NAME
амирах	PROPER_NAME
амирбек	PROPER_NAME
амиржан	PROPER_NAME
амирза	PROPER_NAME
амирзан	PROPER_NAME
амирзян	PROPER_NAME
амирин	PROPER_NAME
амиркан	PROPER_NAME
амиров	PROPER_NAME
амирон	PROPER_NAME
амируш	PROPER_NAME
амирхан	PROPER_NAME
амирхон	PROPER_NAME
амирша	PROPER_NAME
амиршах	PROPER_NAME
амиршо	PROPER_NAME
амирьян	PROPER_NAME
амирян	PROPER_NAME
амит	PROPER_NAME
амитабх	PROPER_NAME
амитава	PROPER_NAME
амить	PROPER_NAME
амлет	PROPER_NAME
амля	PROPER_NAME
амма	PROPER_NAME
амман	PROPER_NAME
аммар	PROPER_NAME
амми	PROPER_NAME
аммосов	PROPER_NAME
амна	PROPER_NAME
амнат	PROPER_NAME
амнерис	PROPER_NAME
амний	PROPER_NAME
амнон	PROPER_NAME
амович	PROPER_NAME
амоля	PROPER_NAME
амон	PROPER_NAME
амор	PROPER_NAME
аморгос	PROPER_NAME
аморозо	PROPER_NAME
амос	PROPER_NAME
амосов	PROPER_NAME
амояк	PROPER_NAME
ампилов	PROPER_NAME
амплеев	PROPER_NAME
амплей	PROPER_NAME
амплий	PROPER_NAME
амра	PROPER_NAME
амраг	PROPER_NAME
амрали	PROPER_NAME
амрам	PROPER_NAME
амран	PROPER_NAME
амрах	PROPER_NAME
амре	PROPER_NAME
амревич	PROPER_NAME
амри	PROPER_NAME
амридин	PROPER_NAME
амрик	PROPER_NAME
амрия	PROPER_NAME
амро	PROPER_NAME
амрович	PROPER_NAME
амросий	PROPER_NAME
амрула	PROPER_NAME
амрулла	PROPER_NAME
амрулло	PROPER_NAME
амуай	PROPER_NAME
амуевич	PROPER_NAME
амурбек	PROPER_NAME
амурби	PROPER_NAME
амурбий	PROPER_NAME
амургаз	PROPER_NAME
амурла	PROPER_NAME
амурлес	PROPER_NAME
амурск	PROPER_NAME
амурсоя	PROPER_NAME
амурхан	PROPER_NAME
амуш	PROPER_NAME
амфия	PROPER_NAME
амчитка	PROPER_NAME
амырхан	PROPER_NAME
амьен	PROPER_NAME
анабар	PROPER_NAME
анабиби	PROPER_NAME
анав	PROPER_NAME
анагид	PROPER_NAME
анагит	PROPER_NAME
анад	PROPER_NAME
анадырь	PROPER_NAME
анаид	PROPER_NAME
анаида	PROPER_NAME
анаис	PROPER_NAME
анаит	PROPER_NAME
анаита	PROPER_NAME
анайда	PROPER_NAME
анайт	PROPER_NAME
анакий	PROPER_NAME
анакин	PROPER_NAME
аналий	PROPER_NAME
аналина	PROPER_NAME
аналия	PROPER_NAME
аналя	PROPER_NAME
анан	PROPER_NAME
анана	PROPER_NAME
ананд	PROPER_NAME
анани	PROPER_NAME
ананий	PROPER_NAME
ананик	PROPER_NAME
ананин	PROPER_NAME
анания	PROPER_NAME
анант	PROPER_NAME
ананта	PROPER_NAME
ананьев	PROPER_NAME
ананьин	PROPER_NAME
анапа	PROPER_NAME
анар	PROPER_NAME
анара	PROPER_NAME
анарбай	PROPER_NAME
анарбек	PROPER_NAME
анарей	PROPER_NAME
анарий	PROPER_NAME
анарик	PROPER_NAME
анас	PROPER_NAME
анасия	PROPER_NAME
анасс	PROPER_NAME
анаста	PROPER_NAME
анастас	PROPER_NAME
анастия	PROPER_NAME
анасья	PROPER_NAME
анат	PROPER_NAME
анатлий	PROPER_NAME
анатлья	PROPER_NAME
анатой	PROPER_NAME
анатоли	PROPER_NAME
анатоль	PROPER_NAME
анатон	PROPER_NAME
анафий	PROPER_NAME
анафис	PROPER_NAME
анафия	PROPER_NAME
анашкин	PROPER_NAME
анбар	PROPER_NAME
анбер	PROPER_NAME
анбрейт	PROPER_NAME
анвар	PROPER_NAME
анвара	PROPER_NAME
анвария	PROPER_NAME
анваров	PROPER_NAME
анварша	PROPER_NAME
анварь	PROPER_NAME
анвел	PROPER_NAME
анвер	PROPER_NAME
анвир	PROPER_NAME
анвэр	PROPER_NAME
анвэрь	PROPER_NAME
анвяр	PROPER_NAME
анвярь	PROPER_NAME
анга	PROPER_NAME
ангам	PROPER_NAME
ангара	PROPER_NAME
ангарск	PROPER_NAME
ангела	PROPER_NAME
ангеле	PROPER_NAME
ангелий	PROPER_NAME
ангелия	PROPER_NAME
ангеля	PROPER_NAME
ангил	PROPER_NAME
ангилья	PROPER_NAME
ангиров	PROPER_NAME
ангиса	PROPER_NAME
ангия	PROPER_NAME
ангкор	PROPER_NAME
англина	PROPER_NAME
англиса	PROPER_NAME
англия	PROPER_NAME
ангола	PROPER_NAME
ангон	PROPER_NAME
ангрен	PROPER_NAME
анда	PROPER_NAME
андар	PROPER_NAME
андежда	PROPER_NAME
андей	PROPER_NAME
анден	PROPER_NAME
андерс	PROPER_NAME
анджей	PROPER_NAME
анджела	PROPER_NAME
анджело	PROPER_NAME
анджий	PROPER_NAME
анджрей	PROPER_NAME
андзор	PROPER_NAME
анди	PROPER_NAME
андиан	PROPER_NAME
андижан	PROPER_NAME
андий	PROPER_NAME
андин	PROPER_NAME
андия	PROPER_NAME
андо	PROPER_NAME
андович	PROPER_NAME
андома	PROPER_NAME
андон	PROPER_NAME
андор	PROPER_NAME
андорей	PROPER_NAME
андори	PROPER_NAME
андорра	PROPER_NAME
андпей	PROPER_NAME
андр	PROPER_NAME
андра	PROPER_NAME
андраде	PROPER_NAME
андрас	PROPER_NAME
андраш	PROPER_NAME
андре	PROPER_NAME
андреа	PROPER_NAME
андреан	PROPER_NAME
андреас	PROPER_NAME
андрев	PROPER_NAME
андреев	PROPER_NAME
андреи	PROPER_NAME
андрей	PROPER_NAME
андрейс	PROPER_NAME
андрейц	PROPER_NAME
андрес	PROPER_NAME
андреюк	PROPER_NAME
андреюс	PROPER_NAME
андреян	PROPER_NAME
андри	PROPER_NAME
андриа	PROPER_NAME
андриан	PROPER_NAME
андриас	PROPER_NAME
андриен	PROPER_NAME
андриеш	PROPER_NAME
андрий	PROPER_NAME
андрик	PROPER_NAME
андрине	PROPER_NAME
андрион	PROPER_NAME
андрис	PROPER_NAME
андрия	PROPER_NAME
андриян	PROPER_NAME
андро	PROPER_NAME
андрос	PROPER_NAME
андрош	PROPER_NAME
андрус	PROPER_NAME
андруш	PROPER_NAME
андрюс	PROPER_NAME
андрюха	PROPER_NAME
андрюша	PROPER_NAME
андтей	PROPER_NAME
анды	PROPER_NAME
анеевич	PROPER_NAME
анеза	PROPER_NAME
анезия	PROPER_NAME
аней	PROPER_NAME
анект	PROPER_NAME
анел	PROPER_NAME
анела	PROPER_NAME
анеле	PROPER_NAME
анели	PROPER_NAME
анелина	PROPER_NAME
анелия	PROPER_NAME
анелла	PROPER_NAME
анелли	PROPER_NAME
анеллия	PROPER_NAME
анелля	PROPER_NAME
анель	PROPER_NAME
анелька	PROPER_NAME
анелья	PROPER_NAME
анеля	PROPER_NAME
анена	PROPER_NAME
аненков	PROPER_NAME
анер	PROPER_NAME
анес	PROPER_NAME
анеса	PROPER_NAME
анесса	PROPER_NAME
анестис	PROPER_NAME
анета	PROPER_NAME
анетта	PROPER_NAME
анечка	PROPER_NAME
анжала	PROPER_NAME
анжана	PROPER_NAME
анжей	PROPER_NAME
анжел	PROPER_NAME
анжела	PROPER_NAME
анжели	PROPER_NAME
анжелин	PROPER_NAME
анжелия	PROPER_NAME
анжелла	PROPER_NAME
анжело	PROPER_NAME
анжель	PROPER_NAME
анжеля	PROPER_NAME
анжи	PROPER_NAME
анжик	PROPER_NAME
анжрей	PROPER_NAME
анжу	PROPER_NAME
анжэла	PROPER_NAME
анзар	PROPER_NAME
анзаур	PROPER_NAME
анзельм	PROPER_NAME
анзима	PROPER_NAME
анзира	PROPER_NAME
анзират	PROPER_NAME
анзия	PROPER_NAME
анзов	PROPER_NAME
анзор	PROPER_NAME
анзори	PROPER_NAME
анзорий	PROPER_NAME
анзур	PROPER_NAME
анзурат	PROPER_NAME
аниа	PROPER_NAME
анива	PROPER_NAME
анивас	PROPER_NAME
анида	PROPER_NAME
ание	PROPER_NAME
аниевич	PROPER_NAME
аниза	PROPER_NAME
анизе	PROPER_NAME
аний	PROPER_NAME
аник	PROPER_NAME
аника	PROPER_NAME
аникеев	PROPER_NAME
аникей	PROPER_NAME
аникиев	PROPER_NAME
аникий	PROPER_NAME
аникин	PROPER_NAME
анико	PROPER_NAME
аникщяй	PROPER_NAME
анил	PROPER_NAME
анила	PROPER_NAME
анилина	PROPER_NAME
анилия	PROPER_NAME
аниль	PROPER_NAME
анилья	PROPER_NAME
аниля	PROPER_NAME
аниман	PROPER_NAME
анин	PROPER_NAME
анина	PROPER_NAME
анинеля	PROPER_NAME
анинск	PROPER_NAME
анинья	PROPER_NAME
анип	PROPER_NAME
анира	PROPER_NAME
анирудх	PROPER_NAME
аниса	PROPER_NAME
анисат	PROPER_NAME
анисела	PROPER_NAME
анисий	PROPER_NAME
анисим	PROPER_NAME
анисима	PROPER_NAME
анисия	PROPER_NAME
аниска	PROPER_NAME
анискин	PROPER_NAME
анислав	PROPER_NAME
анисур	PROPER_NAME
анисья	PROPER_NAME
анисэ	PROPER_NAME
анися	PROPER_NAME
анит	PROPER_NAME
анита	PROPER_NAME
аниф	PROPER_NAME
анифа	PROPER_NAME
анифе	PROPER_NAME
аница	PROPER_NAME
аницета	PROPER_NAME
аничка	PROPER_NAME
аничкин	PROPER_NAME
аничков	PROPER_NAME
аниш	PROPER_NAME
анишин	PROPER_NAME
анишка	PROPER_NAME
анишкин	PROPER_NAME
аният	PROPER_NAME
анка	PROPER_NAME
анкара	PROPER_NAME
анкин	PROPER_NAME
анкит	PROPER_NAME
анко	PROPER_NAME
анкович	PROPER_NAME
анкона	PROPER_NAME
анкуома	PROPER_NAME
анкур	PROPER_NAME
анман	PROPER_NAME
анмар	PROPER_NAME
анна	PROPER_NAME
аннаба	PROPER_NAME
аннаги	PROPER_NAME
анназар	PROPER_NAME
аннаид	PROPER_NAME
аннаида	PROPER_NAME
аннаит	PROPER_NAME
аннаний	PROPER_NAME
аннарий	PROPER_NAME
анне	PROPER_NAME
аннели	PROPER_NAME
аннелия	PROPER_NAME
аннель	PROPER_NAME
аннеля	PROPER_NAME
аннеса	PROPER_NAME
аннет	PROPER_NAME
аннета	PROPER_NAME
аннетта	PROPER_NAME
анни	PROPER_NAME
анник	PROPER_NAME
анника	PROPER_NAME
аннина	PROPER_NAME
аннино	PROPER_NAME
анниса	PROPER_NAME
аннита	PROPER_NAME
аннман	PROPER_NAME
анно	PROPER_NAME
аннович	PROPER_NAME
аннома	PROPER_NAME
аннуш	PROPER_NAME
аннушка	PROPER_NAME
аннэ	PROPER_NAME
аннэта	PROPER_NAME
ановар	PROPER_NAME
анович	PROPER_NAME
аноид	PROPER_NAME
аноида	PROPER_NAME
аноит	PROPER_NAME
анолий	PROPER_NAME
анон	PROPER_NAME
анонила	PROPER_NAME
анонина	PROPER_NAME
анонна	PROPER_NAME
анор	PROPER_NAME
анора	PROPER_NAME
анорбай	PROPER_NAME
анориса	PROPER_NAME
анория	PROPER_NAME
анорхал	PROPER_NAME
анорхон	PROPER_NAME
аносов	PROPER_NAME
анохин	PROPER_NAME
аношин	PROPER_NAME
аношкин	PROPER_NAME
анпилов	PROPER_NAME
анраник	PROPER_NAME
анрей	PROPER_NAME
анри	PROPER_NAME
анрик	PROPER_NAME
анрис	PROPER_NAME
ансар	PROPER_NAME
ансари	PROPER_NAME
ансаф	PROPER_NAME
ансер	PROPER_NAME
анслем	PROPER_NAME
ансович	PROPER_NAME
анст	PROPER_NAME
ансур	PROPER_NAME
антаков	PROPER_NAME
антал	PROPER_NAME
анталия	PROPER_NAME
анталья	PROPER_NAME
антан	PROPER_NAME
антанас	PROPER_NAME
антанос	PROPER_NAME
антанта	PROPER_NAME
антар	PROPER_NAME
антарам	PROPER_NAME
антарес	PROPER_NAME
антела	PROPER_NAME
антепа	PROPER_NAME
антея	PROPER_NAME
анти	PROPER_NAME
антига	PROPER_NAME
антигуа	PROPER_NAME
антий	PROPER_NAME
антико	PROPER_NAME
антилья	PROPER_NAME
антимоз	PROPER_NAME
антин	PROPER_NAME
антина	PROPER_NAME
антип	PROPER_NAME
антипий	PROPER_NAME
антипин	PROPER_NAME
антипов	PROPER_NAME
антиса	PROPER_NAME
антишин	PROPER_NAME
антое	PROPER_NAME
антол	PROPER_NAME
антолий	PROPER_NAME
антон	PROPER_NAME
антонас	PROPER_NAME
антонг	PROPER_NAME
антони	PROPER_NAME
антониа	PROPER_NAME
антонид	PROPER_NAME
антоний	PROPER_NAME
антонин	PROPER_NAME
антонио	PROPER_NAME
антония	PROPER_NAME
антонна	PROPER_NAME
антоно	PROPER_NAME
антонов	PROPER_NAME
антонос	PROPER_NAME
антонюк	PROPER_NAME
антонян	PROPER_NAME
антос	PROPER_NAME
антось	PROPER_NAME
антося	PROPER_NAME
антохин	PROPER_NAME
антошин	PROPER_NAME
антошка	PROPER_NAME
антра	PROPER_NAME
антроп	PROPER_NAME
антс	PROPER_NAME
антсла	PROPER_NAME
антуан	PROPER_NAME
антун	PROPER_NAME
антусев	PROPER_NAME
антуш	PROPER_NAME
ануар	PROPER_NAME
анудж	PROPER_NAME
ануза	PROPER_NAME
анузя	PROPER_NAME
ануй	PROPER_NAME
анула	PROPER_NAME
анум	PROPER_NAME
ануп	PROPER_NAME
анупам	PROPER_NAME
анур	PROPER_NAME
анура	PROPER_NAME
анураг	PROPER_NAME
ануся	PROPER_NAME
анута	PROPER_NAME
ануфрий	PROPER_NAME
анучин	PROPER_NAME
ануш	PROPER_NAME
ануша	PROPER_NAME
анушван	PROPER_NAME
анушик	PROPER_NAME
анушка	PROPER_NAME
анфа	PROPER_NAME
анфалов	PROPER_NAME
анфар	PROPER_NAME
анфея	PROPER_NAME
анфиза	PROPER_NAME
анфизия	PROPER_NAME
анфил	PROPER_NAME
анфила	PROPER_NAME
анфим	PROPER_NAME
анфимов	PROPER_NAME
анфин	PROPER_NAME
анфина	PROPER_NAME
анфир	PROPER_NAME
анфира	PROPER_NAME
анфис	PROPER_NAME
анфиса	PROPER_NAME
анфисия	PROPER_NAME
анфися	PROPER_NAME
анфия	PROPER_NAME
анфула	PROPER_NAME
анфуса	PROPER_NAME
анфусья	PROPER_NAME
анфёров	PROPER_NAME
анхар	PROPER_NAME
анхел	PROPER_NAME
анхела	PROPER_NAME
анхель	PROPER_NAME
анхим	PROPER_NAME
анхович	PROPER_NAME
анцупов	PROPER_NAME
анчел	PROPER_NAME
анчугов	PROPER_NAME
анша	PROPER_NAME
анше	PROPER_NAME
аншулем	PROPER_NAME
аныевич	PROPER_NAME
аным	PROPER_NAME
аньвяр	PROPER_NAME
анье	PROPER_NAME
аньес	PROPER_NAME
анька	PROPER_NAME
аньци	PROPER_NAME
аньшань	PROPER_NAME
анья	PROPER_NAME
анэли	PROPER_NAME
анэлина	PROPER_NAME
анэлия	PROPER_NAME
анэля	PROPER_NAME
анэта	PROPER_NAME
анюзин	PROPER_NAME
анюй	PROPER_NAME
анюса	PROPER_NAME
анюта	PROPER_NAME
аодович	PROPER_NAME
аозт	PROPER_NAME
аомынь	PROPER_NAME
аоот	PROPER_NAME
аорет	PROPER_NAME
аоста	PROPER_NAME
апалон	PROPER_NAME
апанди	PROPER_NAME
апарин	PROPER_NAME
апархов	PROPER_NAME
апас	PROPER_NAME
апатиты	PROPER_NAME
апатьев	PROPER_NAME
апелия	PROPER_NAME
апенкин	PROPER_NAME
апет	PROPER_NAME
апетнак	PROPER_NAME
апиа	PROPER_NAME
апилина	PROPER_NAME
апим	PROPER_NAME
апка	PROPER_NAME
апкин	PROPER_NAME
аполима	PROPER_NAME
аполина	PROPER_NAME
аполлон	PROPER_NAME
аполон	PROPER_NAME
аполос	PROPER_NAME
апончук	PROPER_NAME
аппаз	PROPER_NAME
аппас	PROPER_NAME
апполон	PROPER_NAME
апрес	PROPER_NAME
апсилий	PROPER_NAME
апсу	PROPER_NAME
апти	PROPER_NAME
апука	PROPER_NAME
апулия	PROPER_NAME
апухтин	PROPER_NAME
апушкин	PROPER_NAME
апфия	PROPER_NAME
апханов	PROPER_NAME
апшерон	PROPER_NAME
арабиев	PROPER_NAME
арабов	PROPER_NAME
арабхан	PROPER_NAME
арабьян	PROPER_NAME
аравел	PROPER_NAME
аравик	PROPER_NAME
аравиль	PROPER_NAME
аравин	PROPER_NAME
аравия	PROPER_NAME
арагац	PROPER_NAME
арагви	PROPER_NAME
арагон	PROPER_NAME
арад	PROPER_NAME
арадий	PROPER_NAME
араевич	PROPER_NAME
араз	PROPER_NAME
арази	PROPER_NAME
аразик	PROPER_NAME
аразхан	PROPER_NAME
араида	PROPER_NAME
араик	PROPER_NAME
араика	PROPER_NAME
араин	PROPER_NAME
арай	PROPER_NAME
арайик	PROPER_NAME
арайк	PROPER_NAME
арайр	PROPER_NAME
аракел	PROPER_NAME
аракс	PROPER_NAME
аракса	PROPER_NAME
аракси	PROPER_NAME
араксил	PROPER_NAME
араксия	PROPER_NAME
аракся	PROPER_NAME
аракчаа	PROPER_NAME
аралиев	PROPER_NAME
аралсор	PROPER_NAME
аральск	PROPER_NAME
арам	PROPER_NAME
арамаис	PROPER_NAME
арамайс	PROPER_NAME
араманс	PROPER_NAME
арамбий	PROPER_NAME
арамик	PROPER_NAME
арамиль	PROPER_NAME
арамис	PROPER_NAME
аран	PROPER_NAME
аранка	PROPER_NAME
арансон	PROPER_NAME
арапат	PROPER_NAME
арапов	PROPER_NAME
арара	PROPER_NAME
арарад	PROPER_NAME
арарат	PROPER_NAME
арараш	PROPER_NAME
арас	PROPER_NAME
арасдун	PROPER_NAME
арасен	PROPER_NAME
арастун	PROPER_NAME
араступ	PROPER_NAME
арасул	PROPER_NAME
аратюн	PROPER_NAME
арафат	PROPER_NAME
араш	PROPER_NAME
арбак	PROPER_NAME
арбат	PROPER_NAME
арбатов	PROPER_NAME
арбеков	PROPER_NAME
арбенин	PROPER_NAME
арберт	PROPER_NAME
арби	PROPER_NAME
арбик	PROPER_NAME
арбина	PROPER_NAME
арбият	PROPER_NAME
арбор	PROPER_NAME
арбузов	PROPER_NAME
арбухан	PROPER_NAME
арвед	PROPER_NAME
арвелод	PROPER_NAME
арви	PROPER_NAME
арвид	PROPER_NAME
арвидас	PROPER_NAME
арвин	PROPER_NAME
арвинд	PROPER_NAME
арвис	PROPER_NAME
арвит	PROPER_NAME
арво	PROPER_NAME
арвович	PROPER_NAME
аргази	PROPER_NAME
аргам	PROPER_NAME
аргасов	PROPER_NAME
аргаш	PROPER_NAME
аргаяш	PROPER_NAME
арген	PROPER_NAME
аргент	PROPER_NAME
аргента	PROPER_NAME
аргил	PROPER_NAME
аргина	PROPER_NAME
аргине	PROPER_NAME
аргира	PROPER_NAME
аргишти	PROPER_NAME
аргишты	PROPER_NAME
аргун	PROPER_NAME
аргунов	PROPER_NAME
аргунь	PROPER_NAME
аргур	PROPER_NAME
аргут	PROPER_NAME
арда	PROPER_NAME
ардаваз	PROPER_NAME
ардавас	PROPER_NAME
ардамон	PROPER_NAME
ардатов	PROPER_NAME
ардаш	PROPER_NAME
ардашес	PROPER_NAME
ардашов	PROPER_NAME
ардеван	PROPER_NAME
ардем	PROPER_NAME
арджун	PROPER_NAME
ардик	PROPER_NAME
ардо	PROPER_NAME
ардович	PROPER_NAME
ардон	PROPER_NAME
ардышев	PROPER_NAME
ареадна	PROPER_NAME
арев	PROPER_NAME
аревак	PROPER_NAME
ареват	PROPER_NAME
аревгат	PROPER_NAME
аревик	PROPER_NAME
аревхат	PROPER_NAME
аревшад	PROPER_NAME
аревшат	PROPER_NAME
арег	PROPER_NAME
арега	PROPER_NAME
арегназ	PROPER_NAME
аредов	PROPER_NAME
ареевич	PROPER_NAME
ареен	PROPER_NAME
арей	PROPER_NAME
арек	PROPER_NAME
арекназ	PROPER_NAME
арел	PROPER_NAME
арелан	PROPER_NAME
арем	PROPER_NAME
арен	PROPER_NAME
арендал	PROPER_NAME
арес	PROPER_NAME
ареслан	PROPER_NAME
арестак	PROPER_NAME
арестов	PROPER_NAME
арета	PROPER_NAME
ареф	PROPER_NAME
арефа	PROPER_NAME
арефей	PROPER_NAME
арефи	PROPER_NAME
арефий	PROPER_NAME
арефин	PROPER_NAME
арефьев	PROPER_NAME
ареццо	PROPER_NAME
аржан	PROPER_NAME
аржанов	PROPER_NAME
арза	PROPER_NAME
арзамас	PROPER_NAME
арзамет	PROPER_NAME
арзев	PROPER_NAME
арзен	PROPER_NAME
арзи	PROPER_NAME
арзик	PROPER_NAME
арзикул	PROPER_NAME
арзин	PROPER_NAME
арзович	PROPER_NAME
арзон	PROPER_NAME
арзу	PROPER_NAME
арзубов	PROPER_NAME
арзулла	PROPER_NAME
арзуман	PROPER_NAME
арзы	PROPER_NAME
ариа	PROPER_NAME
ариада	PROPER_NAME
ариадий	PROPER_NAME
ариадна	PROPER_NAME
ариан	PROPER_NAME
ариана	PROPER_NAME
арианда	PROPER_NAME
арианна	PROPER_NAME
ариас	PROPER_NAME
арибжан	PROPER_NAME
арибжон	PROPER_NAME
ариг	PROPER_NAME
арига	PROPER_NAME
арие	PROPER_NAME
ариевич	PROPER_NAME
ариел	PROPER_NAME
ариз	PROPER_NAME
ариза	PROPER_NAME
аризона	PROPER_NAME
арий	PROPER_NAME
арик	PROPER_NAME
арика	PROPER_NAME
арим	PROPER_NAME
арима	PROPER_NAME
аримат	PROPER_NAME
арин	PROPER_NAME
арина	PROPER_NAME
аринарх	PROPER_NAME
аринзе	PROPER_NAME
аринин	PROPER_NAME
аринкин	PROPER_NAME
аринчин	PROPER_NAME
арио	PROPER_NAME
ариович	PROPER_NAME
ариольд	PROPER_NAME
арион	PROPER_NAME
арип	PROPER_NAME
арипа	PROPER_NAME
арипжан	PROPER_NAME
арипов	PROPER_NAME
арис	PROPER_NAME
ариса	PROPER_NAME
арислан	PROPER_NAME
арист	PROPER_NAME
ариста	PROPER_NAME
аристан	PROPER_NAME
аристид	PROPER_NAME
аристов	PROPER_NAME
арисхан	PROPER_NAME
арит	PROPER_NAME
арита	PROPER_NAME
ариф	PROPER_NAME
арифа	PROPER_NAME
арифе	PROPER_NAME
арифжан	PROPER_NAME
арифула	PROPER_NAME
арифулл	PROPER_NAME
арифя	PROPER_NAME
аришин	PROPER_NAME
ариэль	PROPER_NAME
арияда	PROPER_NAME
ариям	PROPER_NAME
арияна	PROPER_NAME
аркад	PROPER_NAME
аркадак	PROPER_NAME
аркади	PROPER_NAME
аркадий	PROPER_NAME
аркадик	PROPER_NAME
аркадя	PROPER_NAME
аркалий	PROPER_NAME
аркалык	PROPER_NAME
аркам	PROPER_NAME
аркатов	PROPER_NAME
аркаша	PROPER_NAME
аркел	PROPER_NAME
аркен	PROPER_NAME
аркимед	PROPER_NAME
аркиназ	PROPER_NAME
аркс	PROPER_NAME
арктика	PROPER_NAME
арктур	PROPER_NAME
арлавир	PROPER_NAME
арлан	PROPER_NAME
арлен	PROPER_NAME
арлена	PROPER_NAME
арлета	PROPER_NAME
арлетта	PROPER_NAME
арли	PROPER_NAME
арликин	PROPER_NAME
арлин	PROPER_NAME
арлина	PROPER_NAME
арлине	PROPER_NAME
арлон	PROPER_NAME
арль	PROPER_NAME
арма	PROPER_NAME
армавир	PROPER_NAME
армаган	PROPER_NAME
армад	PROPER_NAME
армаис	PROPER_NAME
армак	PROPER_NAME
арман	PROPER_NAME
арманд	PROPER_NAME
арманда	PROPER_NAME
армандо	PROPER_NAME
армани	PROPER_NAME
арманис	PROPER_NAME
арманс	PROPER_NAME
армануш	PROPER_NAME
армас	PROPER_NAME
армаш	PROPER_NAME
армен	PROPER_NAME
армена	PROPER_NAME
арменак	PROPER_NAME
арменах	PROPER_NAME
армене	PROPER_NAME
армени	PROPER_NAME
арменик	PROPER_NAME
армения	PROPER_NAME
арменуа	PROPER_NAME
арменуи	PROPER_NAME
арменуй	PROPER_NAME
арменул	PROPER_NAME
арменун	PROPER_NAME
арменуш	PROPER_NAME
арменци	PROPER_NAME
арми	PROPER_NAME
армида	PROPER_NAME
армик	PROPER_NAME
армин	PROPER_NAME
армина	PROPER_NAME
арминак	PROPER_NAME
армине	PROPER_NAME
арминс	PROPER_NAME
арминуи	PROPER_NAME
арминэ	PROPER_NAME
армира	PROPER_NAME
армо	PROPER_NAME
армович	PROPER_NAME
армонд	PROPER_NAME
армония	PROPER_NAME
армэн	PROPER_NAME
арна	PROPER_NAME
арнаб	PROPER_NAME
арнад	PROPER_NAME
арнадий	PROPER_NAME
арнак	PROPER_NAME
арнд	PROPER_NAME
арне	PROPER_NAME
арневич	PROPER_NAME
арнела	PROPER_NAME
арнем	PROPER_NAME
арнес	PROPER_NAME
арнест	PROPER_NAME
арни	PROPER_NAME
арнида	PROPER_NAME
арник	PROPER_NAME
арнис	PROPER_NAME
арно	PROPER_NAME
арнодик	PROPER_NAME
арнолд	PROPER_NAME
арнолий	PROPER_NAME
арнольд	PROPER_NAME
ароз	PROPER_NAME
арольд	PROPER_NAME
аромаис	PROPER_NAME
арон	PROPER_NAME
арони	PROPER_NAME
аронин	PROPER_NAME
аронка	PROPER_NAME
аронов	PROPER_NAME
ароп	PROPER_NAME
арора	PROPER_NAME
аросев	PROPER_NAME
арослан	PROPER_NAME
арот	PROPER_NAME
ароян	PROPER_NAME
арпа	PROPER_NAME
арпад	PROPER_NAME
арпеник	PROPER_NAME
арпи	PROPER_NAME
арпиар	PROPER_NAME
арпик	PROPER_NAME
арпина	PROPER_NAME
арпине	PROPER_NAME
арпита	PROPER_NAME
арра	PROPER_NAME
аррас	PROPER_NAME
арсагов	PROPER_NAME
арсалан	PROPER_NAME
арсамак	PROPER_NAME
арсан	PROPER_NAME
арсанов	PROPER_NAME
арсби	PROPER_NAME
арсей	PROPER_NAME
арсель	PROPER_NAME
арсем	PROPER_NAME
арсен	PROPER_NAME
арсена	PROPER_NAME
арсени	PROPER_NAME
арсений	PROPER_NAME
арсенов	PROPER_NAME
арсену	PROPER_NAME
арсень	PROPER_NAME
арсин	PROPER_NAME
арсине	PROPER_NAME
арслан	PROPER_NAME
арслом	PROPER_NAME
арсма	PROPER_NAME
арсон	PROPER_NAME
арстан	PROPER_NAME
арсы	PROPER_NAME
арсэн	PROPER_NAME
арта	PROPER_NAME
артаваз	PROPER_NAME
артавас	PROPER_NAME
артак	PROPER_NAME
артам	PROPER_NAME
артамас	PROPER_NAME
артамес	PROPER_NAME
артамон	PROPER_NAME
артан	PROPER_NAME
артанис	PROPER_NAME
арташ	PROPER_NAME
арташа	PROPER_NAME
арташат	PROPER_NAME
арташек	PROPER_NAME
арташес	PROPER_NAME
артек	PROPER_NAME
артелев	PROPER_NAME
артема	PROPER_NAME
артемий	PROPER_NAME
артемин	PROPER_NAME
артемия	PROPER_NAME
артемон	PROPER_NAME
артен	PROPER_NAME
арти	PROPER_NAME
артизов	PROPER_NAME
артик	PROPER_NAME
артим	PROPER_NAME
артимон	PROPER_NAME
артин	PROPER_NAME
артищев	PROPER_NAME
артман	PROPER_NAME
арто	PROPER_NAME
артович	PROPER_NAME
артош	PROPER_NAME
артошес	PROPER_NAME
артуг	PROPER_NAME
артун	PROPER_NAME
артур	PROPER_NAME
артурас	PROPER_NAME
артурий	PROPER_NAME
артурик	PROPER_NAME
артуро	PROPER_NAME
артурс	PROPER_NAME
артуш	PROPER_NAME
артык	PROPER_NAME
артынов	PROPER_NAME
артэк	PROPER_NAME
артюгин	PROPER_NAME
артюм	PROPER_NAME
артюн	PROPER_NAME
артюха	PROPER_NAME
артюхин	PROPER_NAME
артюхов	PROPER_NAME
артюш	PROPER_NAME
артюша	PROPER_NAME
артём	PROPER_NAME
артёмов	PROPER_NAME
аруба	PROPER_NAME
арувик	PROPER_NAME
арувими	PROPER_NAME
аруев	PROPER_NAME
аруевич	PROPER_NAME
аружан	PROPER_NAME
арулла	PROPER_NAME
арумов	PROPER_NAME
арун	PROPER_NAME
аруна	PROPER_NAME
арунас	PROPER_NAME
аруп	PROPER_NAME
арур	PROPER_NAME
арурун	PROPER_NAME
аруруни	PROPER_NAME
арус	PROPER_NAME
арусак	PROPER_NAME
арусик	PROPER_NAME
арустам	PROPER_NAME
арусьяк	PROPER_NAME
аруся	PROPER_NAME
арусяк	PROPER_NAME
арусян	PROPER_NAME
арут	PROPER_NAME
арутик	PROPER_NAME
арутин	PROPER_NAME
арутюк	PROPER_NAME
арутюн	PROPER_NAME
арутян	PROPER_NAME
арухан	PROPER_NAME
арфен	PROPER_NAME
арфеник	PROPER_NAME
арфения	PROPER_NAME
арфеня	PROPER_NAME
арфик	PROPER_NAME
арфине	PROPER_NAME
архан	PROPER_NAME
архаров	PROPER_NAME
архелая	PROPER_NAME
архилая	PROPER_NAME
архимед	PROPER_NAME
архин	PROPER_NAME
архип	PROPER_NAME
архипов	PROPER_NAME
архир	PROPER_NAME
арцвик	PROPER_NAME
арцев	PROPER_NAME
арцевик	PROPER_NAME
арциз	PROPER_NAME
арцрун	PROPER_NAME
арцруни	PROPER_NAME
арчан	PROPER_NAME
арчегов	PROPER_NAME
арчил	PROPER_NAME
арчили	PROPER_NAME
арчиль	PROPER_NAME
аршавел	PROPER_NAME
аршавир	PROPER_NAME
аршад	PROPER_NAME
аршак	PROPER_NAME
аршалуй	PROPER_NAME
аршалус	PROPER_NAME
аршалюс	PROPER_NAME
аршам	PROPER_NAME
аршан	PROPER_NAME
аршанко	PROPER_NAME
аршед	PROPER_NAME
аршен	PROPER_NAME
арши	PROPER_NAME
аршик	PROPER_NAME
аршинов	PROPER_NAME
аршир	PROPER_NAME
аршок	PROPER_NAME
арщавир	PROPER_NAME
арщак	PROPER_NAME
арыков	PROPER_NAME
арыс	PROPER_NAME
арыслан	PROPER_NAME
арыстан	PROPER_NAME
арысь	PROPER_NAME
арышев	PROPER_NAME
арье	PROPER_NAME
арьян	PROPER_NAME
арьяна	PROPER_NAME
арэга	PROPER_NAME
арэн	PROPER_NAME
арюна	PROPER_NAME
арямин	PROPER_NAME
арян	PROPER_NAME
аряна	PROPER_NAME
арёгала	PROPER_NAME
асаад	PROPER_NAME
асаат	PROPER_NAME
асабали	PROPER_NAME
асабин	PROPER_NAME
асад	PROPER_NAME
асадул	PROPER_NAME
асадула	PROPER_NAME
асадулл	PROPER_NAME
асадур	PROPER_NAME
асаев	PROPER_NAME
асаевич	PROPER_NAME
асаи	PROPER_NAME
асай	PROPER_NAME
асали	PROPER_NAME
асалиев	PROPER_NAME
асаль	PROPER_NAME
асам	PROPER_NAME
асамбек	PROPER_NAME
асан	PROPER_NAME
асанали	PROPER_NAME
асанбег	PROPER_NAME
асанбек	PROPER_NAME
асанбой	PROPER_NAME
асанет	PROPER_NAME
асанин	PROPER_NAME
асанна	PROPER_NAME
асанов	PROPER_NAME
асар	PROPER_NAME
асат	PROPER_NAME
асатула	PROPER_NAME
асатур	PROPER_NAME
асаф	PROPER_NAME
асафий	PROPER_NAME
асача	PROPER_NAME
асвадур	PROPER_NAME
асвальд	PROPER_NAME
асван	PROPER_NAME
асвар	PROPER_NAME
асгар	PROPER_NAME
асгат	PROPER_NAME
асдан	PROPER_NAME
асед	PROPER_NAME
асеев	PROPER_NAME
асеевич	PROPER_NAME
асей	PROPER_NAME
асейкин	PROPER_NAME
асель	PROPER_NAME
асем	PROPER_NAME
асен	PROPER_NAME
асена	PROPER_NAME
асене	PROPER_NAME
асенефа	PROPER_NAME
асения	PROPER_NAME
асенька	PROPER_NAME
асет	PROPER_NAME
асетур	PROPER_NAME
асеф	PROPER_NAME
асея	PROPER_NAME
асиат	PROPER_NAME
асибе	PROPER_NAME
асида	PROPER_NAME
асие	PROPER_NAME
асиевич	PROPER_NAME
асиет	PROPER_NAME
асий	PROPER_NAME
асик	PROPER_NAME
асила	PROPER_NAME
асилдар	PROPER_NAME
асиле	PROPER_NAME
асилий	PROPER_NAME
асилхан	PROPER_NAME
асилхон	PROPER_NAME
асиля	PROPER_NAME
асим	PROPER_NAME
асима	PROPER_NAME
асиман	PROPER_NAME
асина	PROPER_NAME
асинат	PROPER_NAME
асиния	PROPER_NAME
асино	PROPER_NAME
асир	PROPER_NAME
асис	PROPER_NAME
асиса	PROPER_NAME
асиф	PROPER_NAME
асият	PROPER_NAME
аскад	PROPER_NAME
асканаз	PROPER_NAME
аскания	PROPER_NAME
аскар	PROPER_NAME
аскард	PROPER_NAME
аскаров	PROPER_NAME
аскат	PROPER_NAME
аскерби	PROPER_NAME
аскеров	PROPER_NAME
аскиз	PROPER_NAME
аскиназ	PROPER_NAME
аскольд	PROPER_NAME
аскяр	PROPER_NAME
аслам	PROPER_NAME
асламов	PROPER_NAME
аслан	PROPER_NAME
аслана	PROPER_NAME
асланов	PROPER_NAME
аслапов	PROPER_NAME
аслахан	PROPER_NAME
асли	PROPER_NAME
аслик	PROPER_NAME
аслия	PROPER_NAME
аслович	PROPER_NAME
аслон	PROPER_NAME
аслудин	PROPER_NAME
аслям	PROPER_NAME
асмаев	PROPER_NAME
асман	PROPER_NAME
асмар	PROPER_NAME
асмара	PROPER_NAME
асмат	PROPER_NAME
асмати	PROPER_NAME
асмет	PROPER_NAME
асмин	PROPER_NAME
асмина	PROPER_NAME
асмир	PROPER_NAME
асмолов	PROPER_NAME
асна	PROPER_NAME
асник	PROPER_NAME
аснин	PROPER_NAME
асович	PROPER_NAME
асон	PROPER_NAME
аспазий	PROPER_NAME
аспазия	PROPER_NAME
аспарух	PROPER_NAME
аспрам	PROPER_NAME
аспурак	PROPER_NAME
асрар	PROPER_NAME
асрат	PROPER_NAME
асрет	PROPER_NAME
асри	PROPER_NAME
асрол	PROPER_NAME
асрор	PROPER_NAME
ассаад	PROPER_NAME
ассад	PROPER_NAME
ассака	PROPER_NAME
ассам	PROPER_NAME
ассан	PROPER_NAME
ассана	PROPER_NAME
ассаф	PROPER_NAME
ассина	PROPER_NAME
ассир	PROPER_NAME
ассия	PROPER_NAME
ассо	PROPER_NAME
ассович	PROPER_NAME
ассоль	PROPER_NAME
асся	PROPER_NAME
аста	PROPER_NAME
астамур	PROPER_NAME
астан	PROPER_NAME
астана	PROPER_NAME
астанда	PROPER_NAME
астанин	PROPER_NAME
астап	PROPER_NAME
астапов	PROPER_NAME
астасия	PROPER_NAME
астафа	PROPER_NAME
астафий	PROPER_NAME
астах	PROPER_NAME
астахик	PROPER_NAME
астахин	PROPER_NAME
астахов	PROPER_NAME
асташин	PROPER_NAME
асташов	PROPER_NAME
астгик	PROPER_NAME
астемир	PROPER_NAME
астерий	PROPER_NAME
астик	PROPER_NAME
астина	PROPER_NAME
астичик	PROPER_NAME
астория	PROPER_NAME
астр	PROPER_NAME
астрид	PROPER_NAME
астрида	PROPER_NAME
астрика	PROPER_NAME
аструг	PROPER_NAME
астурин	PROPER_NAME
астурия	PROPER_NAME
астхик	PROPER_NAME
астхин	PROPER_NAME
астчик	PROPER_NAME
асуан	PROPER_NAME
асуат	PROPER_NAME
асуевич	PROPER_NAME
асула	PROPER_NAME
асфан	PROPER_NAME
асфар	PROPER_NAME
асфат	PROPER_NAME
асфир	PROPER_NAME
асфия	PROPER_NAME
асхаб	PROPER_NAME
асхад	PROPER_NAME
асхар	PROPER_NAME
асхат	PROPER_NAME
асцатур	PROPER_NAME
асыл	PROPER_NAME
асылбек	PROPER_NAME
асылкан	PROPER_NAME
асылхан	PROPER_NAME
асым	PROPER_NAME
асыя	PROPER_NAME
асье	PROPER_NAME
асьма	PROPER_NAME
асья	PROPER_NAME
асэф	PROPER_NAME
асякин	PROPER_NAME
асят	PROPER_NAME
атабаба	PROPER_NAME
атабай	PROPER_NAME
атабала	PROPER_NAME
атабек	PROPER_NAME
атав	PROPER_NAME
атаджан	PROPER_NAME
атаев	PROPER_NAME
атаевич	PROPER_NAME
атажан	PROPER_NAME
атай	PROPER_NAME
атакама	PROPER_NAME
атакан	PROPER_NAME
атакиши	PROPER_NAME
атал	PROPER_NAME
аталай	PROPER_NAME
аталия	PROPER_NAME
аталла	PROPER_NAME
атамша	PROPER_NAME
атанас	PROPER_NAME
атанес	PROPER_NAME
атапин	PROPER_NAME
атар	PROPER_NAME
атаула	PROPER_NAME
атаулла	PROPER_NAME
атафья	PROPER_NAME
атахан	PROPER_NAME
аташ	PROPER_NAME
атбаши	PROPER_NAME
атеина	PROPER_NAME
ателина	PROPER_NAME
ателло	PROPER_NAME
атетков	PROPER_NAME
атеф	PROPER_NAME
атеш	PROPER_NAME
атиг	PROPER_NAME
атик	PROPER_NAME
атика	PROPER_NAME
атикул	PROPER_NAME
атикур	PROPER_NAME
атила	PROPER_NAME
атилио	PROPER_NAME
атилия	PROPER_NAME
атилл	PROPER_NAME
атилла	PROPER_NAME
атилло	PROPER_NAME
атиля	PROPER_NAME
атин	PROPER_NAME
атир	PROPER_NAME
атира	PROPER_NAME
атис	PROPER_NAME
атислав	PROPER_NAME
атиф	PROPER_NAME
атка	PROPER_NAME
аткарск	PROPER_NAME
атланта	PROPER_NAME
атласов	PROPER_NAME
атобек	PROPER_NAME
атович	PROPER_NAME
атол	PROPER_NAME
атолий	PROPER_NAME
атоммаш	PROPER_NAME
атон	PROPER_NAME
атонида	PROPER_NAME
атонина	PROPER_NAME
атос	PROPER_NAME
атот	PROPER_NAME
атраф	PROPER_NAME
атрек	PROPER_NAME
атрем	PROPER_NAME
атрохин	PROPER_NAME
атрохов	PROPER_NAME
аттам	PROPER_NAME
аттил	PROPER_NAME
аттила	PROPER_NAME
аттилио	PROPER_NAME
аттокур	PROPER_NAME
атту	PROPER_NAME
атул	PROPER_NAME
атур	PROPER_NAME
атхам	PROPER_NAME
атхар	PROPER_NAME
атхен	PROPER_NAME
атырау	PROPER_NAME
атыф	PROPER_NAME
атясов	PROPER_NAME
аубекир	PROPER_NAME
аугуст	PROPER_NAME
аугуста	PROPER_NAME
аугусто	PROPER_NAME
ауделия	PROPER_NAME
аудра	PROPER_NAME
аудрис	PROPER_NAME
аудриус	PROPER_NAME
аудрона	PROPER_NAME
аудроне	PROPER_NAME
аудрюс	PROPER_NAME
ауес	PROPER_NAME
аулов	PROPER_NAME
ауни	PROPER_NAME
аурел	PROPER_NAME
аурели	PROPER_NAME
аурелий	PROPER_NAME
аурелио	PROPER_NAME
аурелиу	PROPER_NAME
аурелия	PROPER_NAME
аурель	PROPER_NAME
аурелья	PROPER_NAME
ауреля	PROPER_NAME
аурен	PROPER_NAME
аурика	PROPER_NAME
аурико	PROPER_NAME
аурил	PROPER_NAME
аурилия	PROPER_NAME
аурина	PROPER_NAME
аурия	PROPER_NAME
аурора	PROPER_NAME
аусма	PROPER_NAME
аусович	PROPER_NAME
ауста	PROPER_NAME
аустра	PROPER_NAME
ауфа	PROPER_NAME
аухат	PROPER_NAME
ауце	PROPER_NAME
аушев	PROPER_NAME
аушра	PROPER_NAME
ауэрбах	PROPER_NAME
афаг	PROPER_NAME
афан	PROPER_NAME
афана	PROPER_NAME
афанас	PROPER_NAME
афанаси	PROPER_NAME
афанди	PROPER_NAME
афар	PROPER_NAME
афасия	PROPER_NAME
афат	PROPER_NAME
афаунов	PROPER_NAME
афаят	PROPER_NAME
афгаль	PROPER_NAME
афган	PROPER_NAME
афгон	PROPER_NAME
афет	PROPER_NAME
афзал	PROPER_NAME
афиг	PROPER_NAME
афига	PROPER_NAME
афида	PROPER_NAME
афиевич	PROPER_NAME
афиз	PROPER_NAME
афиза	PROPER_NAME
афик	PROPER_NAME
афила	PROPER_NAME
афилия	PROPER_NAME
афиля	PROPER_NAME
афим	PROPER_NAME
афимия	PROPER_NAME
афимья	PROPER_NAME
афина	PROPER_NAME
афины	PROPER_NAME
афиония	PROPER_NAME
афис	PROPER_NAME
афиса	PROPER_NAME
афисат	PROPER_NAME
афит	PROPER_NAME
афиф	PROPER_NAME
афифа	PROPER_NAME
афифе	PROPER_NAME
афифия	PROPER_NAME
афифя	PROPER_NAME
афич	PROPER_NAME
афия	PROPER_NAME
афият	PROPER_NAME
афка	PROPER_NAME
афлатул	PROPER_NAME
афлатун	PROPER_NAME
афлят	PROPER_NAME
афлях	PROPER_NAME
афон	PROPER_NAME
афонас	PROPER_NAME
афоний	PROPER_NAME
афонин	PROPER_NAME
афоня	PROPER_NAME
афраил	PROPER_NAME
афраний	PROPER_NAME
афрат	PROPER_NAME
афрем	PROPER_NAME
африди	PROPER_NAME
африка	PROPER_NAME
африкан	PROPER_NAME
афроим	PROPER_NAME
афросим	PROPER_NAME
афруз	PROPER_NAME
афсал	PROPER_NAME
афсана	PROPER_NAME
афсане	PROPER_NAME
афсар	PROPER_NAME
афсун	PROPER_NAME
афтан	PROPER_NAME
афтах	PROPER_NAME
афтений	PROPER_NAME
афтенюк	PROPER_NAME
афхат	PROPER_NAME
афшин	PROPER_NAME
ахад	PROPER_NAME
ахаит	PROPER_NAME
ахапкин	PROPER_NAME
ахат	PROPER_NAME
ахаткул	PROPER_NAME
ахатов	PROPER_NAME
ахбар	PROPER_NAME
ахваз	PROPER_NAME
ахверди	PROPER_NAME
ахдан	PROPER_NAME
ахед	PROPER_NAME
ахемед	PROPER_NAME
ахиад	PROPER_NAME
ахиар	PROPER_NAME
ахиб	PROPER_NAME
ахид	PROPER_NAME
ахиевич	PROPER_NAME
ахий	PROPER_NAME
ахилес	PROPER_NAME
ахилл	PROPER_NAME
ахиллес	PROPER_NAME
ахим	PROPER_NAME
ахимия	PROPER_NAME
ахит	PROPER_NAME
ахияд	PROPER_NAME
ахияр	PROPER_NAME
ахият	PROPER_NAME
ахкам	PROPER_NAME
ахкям	PROPER_NAME
ахкямов	PROPER_NAME
ахлам	PROPER_NAME
ахлидин	PROPER_NAME
ахлима	PROPER_NAME
ахлиман	PROPER_NAME
ахмад	PROPER_NAME
ахманов	PROPER_NAME
ахмар	PROPER_NAME
ахмаров	PROPER_NAME
ахмат	PROPER_NAME
ахматов	PROPER_NAME
ахматша	PROPER_NAME
ахмед	PROPER_NAME
ахмеди	PROPER_NAME
ахмедин	PROPER_NAME
ахмедов	PROPER_NAME
ахмей	PROPER_NAME
ахмеман	PROPER_NAME
ахмер	PROPER_NAME
ахмеров	PROPER_NAME
ахмет	PROPER_NAME
ахмета	PROPER_NAME
ахметов	PROPER_NAME
ахметша	PROPER_NAME
ахмид	PROPER_NAME
ахмит	PROPER_NAME
ахмурат	PROPER_NAME
ахмяр	PROPER_NAME
ахмят	PROPER_NAME
ахмятша	PROPER_NAME
ахмять	PROPER_NAME
ахнав	PROPER_NAME
ахнад	PROPER_NAME
ахнаев	PROPER_NAME
ахнар	PROPER_NAME
ахнаф	PROPER_NAME
ахнет	PROPER_NAME
ахон	PROPER_NAME
ахра	PROPER_NAME
ахрал	PROPER_NAME
ахрор	PROPER_NAME
ахсан	PROPER_NAME
ахсапет	PROPER_NAME
ахсар	PROPER_NAME
ахсен	PROPER_NAME
ахсу	PROPER_NAME
ахтам	PROPER_NAME
ахтамян	PROPER_NAME
ахтан	PROPER_NAME
ахтанг	PROPER_NAME
ахтар	PROPER_NAME
ахтари	PROPER_NAME
ахтем	PROPER_NAME
ахтемир	PROPER_NAME
ахтен	PROPER_NAME
ахтибар	PROPER_NAME
ахтим	PROPER_NAME
ахтуба	PROPER_NAME
ахтырец	PROPER_NAME
ахтырка	PROPER_NAME
ахтям	PROPER_NAME
ахтямов	PROPER_NAME
ахудар	PROPER_NAME
ахун	PROPER_NAME
ахунд	PROPER_NAME
ахундов	PROPER_NAME
ахунзян	PROPER_NAME
ахунов	PROPER_NAME
ахурбек	PROPER_NAME
ахшар	PROPER_NAME
ацамаз	PROPER_NAME
ацепаев	PROPER_NAME
ациевич	PROPER_NAME
ацович	PROPER_NAME
ачико	PROPER_NAME
ачил	PROPER_NAME
ачилов	PROPER_NAME
ачинск	PROPER_NAME
ашак	PROPER_NAME
ашан	PROPER_NAME
ашанин	PROPER_NAME
ашар	PROPER_NAME
ашарин	PROPER_NAME
ашастин	PROPER_NAME
ашат	PROPER_NAME
ашвани	PROPER_NAME
ашгабад	PROPER_NAME
ашгабат	PROPER_NAME
ашгат	PROPER_NAME
ашдод	PROPER_NAME
ашер	PROPER_NAME
ашет	PROPER_NAME
ашетков	PROPER_NAME
ашик	PROPER_NAME
ашим	PROPER_NAME
ашир	PROPER_NAME
ашира	PROPER_NAME
аширбай	PROPER_NAME
аширбу	PROPER_NAME
ашиш	PROPER_NAME
ашкан	PROPER_NAME
ашкар	PROPER_NAME
ашмарин	PROPER_NAME
ашме	PROPER_NAME
ашмевич	PROPER_NAME
ашог	PROPER_NAME
ашод	PROPER_NAME
ашок	PROPER_NAME
ашон	PROPER_NAME
ашот	PROPER_NAME
ашотик	PROPER_NAME
ашрап	PROPER_NAME
ашраф	PROPER_NAME
ашреф	PROPER_NAME
аштарак	PROPER_NAME
ашуевич	PROPER_NAME
ашур	PROPER_NAME
ашура	PROPER_NAME
ашурали	PROPER_NAME
ашурбай	PROPER_NAME
ашурбек	PROPER_NAME
ашурели	PROPER_NAME
ашурков	PROPER_NAME
ашуров	PROPER_NAME
ашутош	PROPER_NAME
ашфак	PROPER_NAME
ашхабад	PROPER_NAME
ашхан	PROPER_NAME
ашхарик	PROPER_NAME
ашхен	PROPER_NAME
ашхена	PROPER_NAME
ашхеник	PROPER_NAME
ашхин	PROPER_NAME
ашшур	PROPER_NAME
ащиколь	PROPER_NAME
аэлина	PROPER_NAME
аэлит	PROPER_NAME
аэлита	PROPER_NAME
аэлитта	PROPER_NAME
аэлла	PROPER_NAME
аэллита	PROPER_NAME
аюбович	PROPER_NAME
аюдаг	PROPER_NAME
аюкасов	PROPER_NAME
аюлия	PROPER_NAME
аюна	PROPER_NAME
аюпов	PROPER_NAME
аюпович	PROPER_NAME
аюшиев	PROPER_NAME
аягоз	PROPER_NAME
аягуз	PROPER_NAME
аязович	PROPER_NAME
аязхан	PROPER_NAME
аязян	PROPER_NAME
аяна	PROPER_NAME
аянка	PROPER_NAME
аярович	PROPER_NAME
аясу	PROPER_NAME
аяцков	PROPER_NAME
баадур	PROPER_NAME
бабадаг	PROPER_NAME
бабаев	PROPER_NAME
бабаево	PROPER_NAME
бабаец	PROPER_NAME
бабак	PROPER_NAME
бабаков	PROPER_NAME
бабанин	PROPER_NAME
бабанов	PROPER_NAME
бабасов	PROPER_NAME
бабашов	PROPER_NAME
бабаян	PROPER_NAME
бабенко	PROPER_NAME
бабешко	PROPER_NAME
бабиков	PROPER_NAME
бабин	PROPER_NAME
бабинка	PROPER_NAME
бабино	PROPER_NAME
бабинов	PROPER_NAME
бабитес	PROPER_NAME
бабич	PROPER_NAME
бабичев	PROPER_NAME
бабиюк	PROPER_NAME
бабиян	PROPER_NAME
бабкин	PROPER_NAME
бабков	PROPER_NAME
бабошин	PROPER_NAME
бабук	PROPER_NAME
бабун	PROPER_NAME
бабурин	PROPER_NAME
бабух	PROPER_NAME
бабухин	PROPER_NAME
бабыкин	PROPER_NAME
бабылин	PROPER_NAME
бабынин	PROPER_NAME
бабышев	PROPER_NAME
баварин	PROPER_NAME
бавария	PROPER_NAME
бавлы	PROPER_NAME
баврин	PROPER_NAME
бавуев	PROPER_NAME
бавыкин	PROPER_NAME
багадир	PROPER_NAME
багадур	PROPER_NAME
багадыр	PROPER_NAME
багаев	PROPER_NAME
багай	PROPER_NAME
багамы	PROPER_NAME
баганур	PROPER_NAME
багаряк	PROPER_NAME
багатюк	PROPER_NAME
багдад	PROPER_NAME
багдаев	PROPER_NAME
багдан	PROPER_NAME
багдана	PROPER_NAME
баги	PROPER_NAME
багиев	PROPER_NAME
багиля	PROPER_NAME
багин	PROPER_NAME
багир	PROPER_NAME
багира	PROPER_NAME
багит	PROPER_NAME
багиш	PROPER_NAME
багия	PROPER_NAME
баглаев	PROPER_NAME
баглан	PROPER_NAME
баглюк	PROPER_NAME
багомед	PROPER_NAME
баграев	PROPER_NAME
баграм	PROPER_NAME
баграт	PROPER_NAME
багреев	PROPER_NAME
бадаев	PROPER_NAME
бадалов	PROPER_NAME
бадалян	PROPER_NAME
бадана	PROPER_NAME
баданин	PROPER_NAME
баден	PROPER_NAME
бадиля	PROPER_NAME
бадин	PROPER_NAME
бадия	PROPER_NAME
бадлуев	PROPER_NAME
бадмаев	PROPER_NAME
бадмай	PROPER_NAME
бадокин	PROPER_NAME
бадри	PROPER_NAME
бадрий	PROPER_NAME
бадруди	PROPER_NAME
бадукин	PROPER_NAME
бадулин	PROPER_NAME
бадхыз	PROPER_NAME
бадыков	PROPER_NAME
бадьин	PROPER_NAME
баев	PROPER_NAME
баевкин	PROPER_NAME
бажакин	PROPER_NAME
бажан	PROPER_NAME
бажанов	PROPER_NAME
бажена	PROPER_NAME
баженов	PROPER_NAME
баженя	PROPER_NAME
бажин	PROPER_NAME
бажинов	PROPER_NAME
базаев	PROPER_NAME
базанов	PROPER_NAME
базарев	PROPER_NAME
базаров	PROPER_NAME
базель	PROPER_NAME
базий	PROPER_NAME
базик	PROPER_NAME
базил	PROPER_NAME
базилев	PROPER_NAME
базилия	PROPER_NAME
базин	PROPER_NAME
базуев	PROPER_NAME
базулин	PROPER_NAME
базунов	PROPER_NAME
базурин	PROPER_NAME
базыкин	PROPER_NAME
базыков	PROPER_NAME
базылин	PROPER_NAME
базыр	PROPER_NAME
базюк	PROPER_NAME
баимов	PROPER_NAME
баир	PROPER_NAME
баишев	PROPER_NAME
байгаз	PROPER_NAME
байдан	PROPER_NAME
байдин	PROPER_NAME
байкал	PROPER_NAME
байканд	PROPER_NAME
байкеев	PROPER_NAME
байков	PROPER_NAME
баймак	PROPER_NAME
баймиев	PROPER_NAME
байнов	PROPER_NAME
байран	PROPER_NAME
байрон	PROPER_NAME
байсун	PROPER_NAME
байхан	PROPER_NAME
байыр	PROPER_NAME
бакаев	PROPER_NAME
бакай	PROPER_NAME
бакал	PROPER_NAME
бакалов	PROPER_NAME
бакалюк	PROPER_NAME
баканас	PROPER_NAME
баканов	PROPER_NAME
бакатин	PROPER_NAME
бакиев	PROPER_NAME
бакир	PROPER_NAME
бакиров	PROPER_NAME
баков	PROPER_NAME
бакруз	PROPER_NAME
баксан	PROPER_NAME
бактияр	PROPER_NAME
баку	PROPER_NAME
бакулев	PROPER_NAME
бакулин	PROPER_NAME
бакунин	PROPER_NAME
бакунов	PROPER_NAME
бакур	PROPER_NAME
бакуров	PROPER_NAME
бакутов	PROPER_NAME
бакушин	PROPER_NAME
бакшев	PROPER_NAME
бакшеев	PROPER_NAME
бакшин	PROPER_NAME
бакыр	PROPER_NAME
бакыт	PROPER_NAME
бакэу	PROPER_NAME
балабег	PROPER_NAME
балабей	PROPER_NAME
балабек	PROPER_NAME
балабин	PROPER_NAME
балаев	PROPER_NAME
балакиз	PROPER_NAME
балакин	PROPER_NAME
балалов	PROPER_NAME
баланин	PROPER_NAME
баланов	PROPER_NAME
баласан	PROPER_NAME
баласар	PROPER_NAME
балатон	PROPER_NAME
балахна	PROPER_NAME
балахта	PROPER_NAME
балашов	PROPER_NAME
балви	PROPER_NAME
балдан	PROPER_NAME
балдин	PROPER_NAME
балев	PROPER_NAME
баленко	PROPER_NAME
балин	PROPER_NAME
баличев	PROPER_NAME
балканы	PROPER_NAME
балков	PROPER_NAME
баллок	PROPER_NAME
балта	PROPER_NAME
балтика	PROPER_NAME
балтия	PROPER_NAME
балудин	PROPER_NAME
балуев	PROPER_NAME
балуков	PROPER_NAME
балхаш	PROPER_NAME
балчуг	PROPER_NAME
балыбин	PROPER_NAME
балыкин	PROPER_NAME
балыков	PROPER_NAME
балыкши	PROPER_NAME
балынов	PROPER_NAME
балычев	PROPER_NAME
бальзак	PROPER_NAME
бальт	PROPER_NAME
балякин	PROPER_NAME
балясов	PROPER_NAME
бамако	PROPER_NAME
банашко	PROPER_NAME
банги	PROPER_NAME
бангкок	PROPER_NAME
банджул	PROPER_NAME
бандунг	PROPER_NAME
банияс	PROPER_NAME
банкин	PROPER_NAME
банкс	PROPER_NAME
баннов	PROPER_NAME
бантеев	PROPER_NAME
барабаш	PROPER_NAME
барабин	PROPER_NAME
бараев	PROPER_NAME
баракин	PROPER_NAME
бараков	PROPER_NAME
баранга	PROPER_NAME
баранов	PROPER_NAME
барань	PROPER_NAME
барбаев	PROPER_NAME
барбала	PROPER_NAME
барбара	PROPER_NAME
барбуда	PROPER_NAME
барвиха	PROPER_NAME
барда	PROPER_NAME
бардеев	PROPER_NAME
бардиан	PROPER_NAME
бардин	PROPER_NAME
бардо	PROPER_NAME
барекян	PROPER_NAME
бари	PROPER_NAME
баринов	PROPER_NAME
баркин	PROPER_NAME
барков	PROPER_NAME
бармин	PROPER_NAME
барнаул	PROPER_NAME
барни	PROPER_NAME
баров	PROPER_NAME
барра	PROPER_NAME
барри	PROPER_NAME
барсов	PROPER_NAME
барт	PROPER_NAME
бартан	PROPER_NAME
бартов	PROPER_NAME
бару	PROPER_NAME
барулин	PROPER_NAME
бархин	PROPER_NAME
барыбин	PROPER_NAME
барый	PROPER_NAME
барыкин	PROPER_NAME
барышев	PROPER_NAME
басаев	PROPER_NAME
басалов	PROPER_NAME
басам	PROPER_NAME
басанов	PROPER_NAME
басби	PROPER_NAME
басенко	PROPER_NAME
басим	PROPER_NAME
басин	PROPER_NAME
басир	PROPER_NAME
баскин	PROPER_NAME
басков	PROPER_NAME
басман	PROPER_NAME
басниев	PROPER_NAME
баснин	PROPER_NAME
басов	PROPER_NAME
басра	PROPER_NAME
басрин	PROPER_NAME
бастер	PROPER_NAME
басыров	PROPER_NAME
батагов	PROPER_NAME
батаев	PROPER_NAME
батайск	PROPER_NAME
батал	PROPER_NAME
баталин	PROPER_NAME
баталов	PROPER_NAME
батанов	PROPER_NAME
баташов	PROPER_NAME
батенин	PROPER_NAME
батенок	PROPER_NAME
батин	PROPER_NAME
батищев	PROPER_NAME
баткаев	PROPER_NAME
батлер	PROPER_NAME
батов	PROPER_NAME
батоин	PROPER_NAME
баторов	PROPER_NAME
батраев	PROPER_NAME
батров	PROPER_NAME
баттон	PROPER_NAME
батуев	PROPER_NAME
батуков	PROPER_NAME
батулев	PROPER_NAME
батулин	PROPER_NAME
батуми	PROPER_NAME
батурин	PROPER_NAME
батуров	PROPER_NAME
батутин	PROPER_NAME
батухан	PROPER_NAME
батчаев	PROPER_NAME
батыгин	PROPER_NAME
батыев	PROPER_NAME
батый	PROPER_NAME
батыров	PROPER_NAME
батырша	PROPER_NAME
батышев	PROPER_NAME
батьков	PROPER_NAME
батюк	PROPER_NAME
батюшев	PROPER_NAME
батяев	PROPER_NAME
баудер	PROPER_NAME
баудин	PROPER_NAME
баула	PROPER_NAME
баулиев	PROPER_NAME
баулин	PROPER_NAME
бауман	PROPER_NAME
баунт	PROPER_NAME
бауска	PROPER_NAME
баусов	PROPER_NAME
бауэр	PROPER_NAME
бахадыр	PROPER_NAME
бахаев	PROPER_NAME
бахарев	PROPER_NAME
бахилов	PROPER_NAME
бахирев	PROPER_NAME
бахлул	PROPER_NAME
бахмат	PROPER_NAME
бахмач	PROPER_NAME
бахмин	PROPER_NAME
бахмут	PROPER_NAME
бахнов	PROPER_NAME
баходур	PROPER_NAME
бахрейн	PROPER_NAME
бахт	PROPER_NAME
бахтин	PROPER_NAME
бахтияр	PROPER_NAME
бахтиёр	PROPER_NAME
бахур	PROPER_NAME
бахус	PROPER_NAME
бахуцев	PROPER_NAME
бахыт	PROPER_NAME
бацанов	PROPER_NAME
бацин	PROPER_NAME
бацын	PROPER_NAME
бачило	PROPER_NAME
бачин	PROPER_NAME
бачинов	PROPER_NAME
бачурин	PROPER_NAME
бачхаз	PROPER_NAME
башар	PROPER_NAME
башашин	PROPER_NAME
башенин	PROPER_NAME
башилов	PROPER_NAME
башин	PROPER_NAME
башир	PROPER_NAME
баширов	PROPER_NAME
башкаус	PROPER_NAME
башкеев	PROPER_NAME
башкин	PROPER_NAME
башков	PROPER_NAME
башкран	PROPER_NAME
башлак	PROPER_NAME
башмет	PROPER_NAME
башук	PROPER_NAME
башуров	PROPER_NAME
баюнов	PROPER_NAME
баяз	PROPER_NAME
баязит	PROPER_NAME
баянгол	PROPER_NAME
баяндин	PROPER_NAME
баянкин	PROPER_NAME
баянов	PROPER_NAME
баяр	PROPER_NAME
баяртуй	PROPER_NAME
бваке	PROPER_NAME
бганцев	PROPER_NAME
беата	PROPER_NAME
беатрис	PROPER_NAME
беатта	PROPER_NAME
бебенин	PROPER_NAME
бебихов	PROPER_NAME
бебко	PROPER_NAME
бебнев	PROPER_NAME
бевз	PROPER_NAME
бевзюк	PROPER_NAME
бегаван	PROPER_NAME
бегичев	PROPER_NAME
бегишев	PROPER_NAME
бегов	PROPER_NAME
бегунец	PROPER_NAME
бегунов	PROPER_NAME
бедаков	PROPER_NAME
бедарев	PROPER_NAME
беджаия	PROPER_NAME
бедзюк	PROPER_NAME
бедин	PROPER_NAME
беднов	PROPER_NAME
беднюк	PROPER_NAME
бедрик	PROPER_NAME
бедрин	PROPER_NAME
бедык	PROPER_NAME
бедякин	PROPER_NAME
бежа	PROPER_NAME
бежана	PROPER_NAME
бежанов	PROPER_NAME
бежецк	PROPER_NAME
бежина	PROPER_NAME
бежица	PROPER_NAME
безмеин	PROPER_NAME
безусов	PROPER_NAME
безухов	PROPER_NAME
безье	PROPER_NAME
бейдин	PROPER_NAME
бейла	PROPER_NAME
бейрут	PROPER_NAME
бейсуг	PROPER_NAME
бекаа	PROPER_NAME
бекабад	PROPER_NAME
бекасов	PROPER_NAME
бекашев	PROPER_NAME
бекеров	PROPER_NAME
бекетов	PROPER_NAME
бекзада	PROPER_NAME
бекзат	PROPER_NAME
бекзод	PROPER_NAME
бекин	PROPER_NAME
бекир	PROPER_NAME
бекишев	PROPER_NAME
беккер	PROPER_NAME
бекман	PROPER_NAME
беков	PROPER_NAME
бекхан	PROPER_NAME
бекхэм	PROPER_NAME
бекшаев	PROPER_NAME
бекяшев	PROPER_NAME
бела	PROPER_NAME
белан	PROPER_NAME
белашов	PROPER_NAME
белград	PROPER_NAME
белево	PROPER_NAME
белен	PROPER_NAME
беленко	PROPER_NAME
беленов	PROPER_NAME
белз	PROPER_NAME
белиз	PROPER_NAME
белик	PROPER_NAME
беликов	PROPER_NAME
белина	PROPER_NAME
белитов	PROPER_NAME
беличев	PROPER_NAME
белкин	PROPER_NAME
белков	PROPER_NAME
белла	PROPER_NAME
беллер	PROPER_NAME
беллини	PROPER_NAME
белмясо	PROPER_NAME
белов	PROPER_NAME
белово	PROPER_NAME
белохин	PROPER_NAME
белугин	PROPER_NAME
белфаст	PROPER_NAME
белых	PROPER_NAME
белышев	PROPER_NAME
бельбей	PROPER_NAME
бельгия	PROPER_NAME
бельков	PROPER_NAME
бельфер	PROPER_NAME
бельцев	PROPER_NAME
бельцин	PROPER_NAME
бельцы	PROPER_NAME
бельчук	PROPER_NAME
беляев	PROPER_NAME
беляево	PROPER_NAME
беляков	PROPER_NAME
белялов	PROPER_NAME
белянин	PROPER_NAME
беляров	PROPER_NAME
бембеев	PROPER_NAME
бембей	PROPER_NAME
бембя	PROPER_NAME
бена	PROPER_NAME
бенамин	PROPER_NAME
бенгази	PROPER_NAME
бенгуй	PROPER_NAME
бендер	PROPER_NAME
бендеры	PROPER_NAME
бендюк	PROPER_NAME
бени	PROPER_NAME
бенин	PROPER_NAME
беннеке	PROPER_NAME
беннетт	PROPER_NAME
бенов	PROPER_NAME
бенович	PROPER_NAME
бенуа	PROPER_NAME
бенциан	PROPER_NAME
бенцинг	PROPER_NAME
бенцион	PROPER_NAME
бенциян	PROPER_NAME
бенюмов	PROPER_NAME
беня	PROPER_NAME
бербера	PROPER_NAME
берг	PROPER_NAME
бергамо	PROPER_NAME
берген	PROPER_NAME
бергер	PROPER_NAME
бергман	PROPER_NAME
бергут	PROPER_NAME
берда	PROPER_NAME
бердов	PROPER_NAME
бердск	PROPER_NAME
бердь	PROPER_NAME
бердяев	PROPER_NAME
березин	PROPER_NAME
березюк	PROPER_NAME
берендс	PROPER_NAME
беречин	PROPER_NAME
берещин	PROPER_NAME
берзин	PROPER_NAME
берзини	PROPER_NAME
беридзе	PROPER_NAME
бериев	PROPER_NAME
берик	PROPER_NAME
беринг	PROPER_NAME
берия	PROPER_NAME
беркли	PROPER_NAME
берлев	PROPER_NAME
берлин	PROPER_NAME
берлиоз	PROPER_NAME
берман	PROPER_NAME
бермет	PROPER_NAME
берн	PROPER_NAME
бернага	PROPER_NAME
бернал	PROPER_NAME
бернанд	PROPER_NAME
бернар	PROPER_NAME
бернара	PROPER_NAME
бернард	PROPER_NAME
бернер	PROPER_NAME
берница	PROPER_NAME
бернов	PROPER_NAME
беров	PROPER_NAME
берс	PROPER_NAME
берснев	PROPER_NAME
берт	PROPER_NAME
берта	PROPER_NAME
бертек	PROPER_NAME
берти	PROPER_NAME
бертина	PROPER_NAME
бертон	PROPER_NAME
бертрам	PROPER_NAME
бертран	PROPER_NAME
беруни	PROPER_NAME
берчик	PROPER_NAME
бершадь	PROPER_NAME
берюлев	PROPER_NAME
беседин	PROPER_NAME
беседь	PROPER_NAME
бескиды	PROPER_NAME
бескин	PROPER_NAME
бесков	PROPER_NAME
беслан	PROPER_NAME
бетси	PROPER_NAME
бетя	PROPER_NAME
бехан	PROPER_NAME
бехруз	PROPER_NAME
бехтиев	PROPER_NAME
бешанов	PROPER_NAME
бешар	PROPER_NAME
бешарык	PROPER_NAME
бешкент	PROPER_NAME
бешнов	PROPER_NAME
бештау	PROPER_NAME
бещады	PROPER_NAME
бзыбь	PROPER_NAME
бзыков	PROPER_NAME
биада	PROPER_NAME
биана	PROPER_NAME
бианка	PROPER_NAME
бианна	PROPER_NAME
биаслан	PROPER_NAME
биата	PROPER_NAME
бибик	PROPER_NAME
бибиков	PROPER_NAME
бибин	PROPER_NAME
бибинур	PROPER_NAME
бибичев	PROPER_NAME
бибишев	PROPER_NAME
бигвава	PROPER_NAME
бигеев	PROPER_NAME
бигин	PROPER_NAME
бигнов	PROPER_NAME
биджиев	PROPER_NAME
бидзин	PROPER_NAME
бидзина	PROPER_NAME
бидюк	PROPER_NAME
бижамов	PROPER_NAME
бизерта	PROPER_NAME
бизиков	PROPER_NAME
бизин	PROPER_NAME
бизюкин	PROPER_NAME
бизяев	PROPER_NAME
бизянов	PROPER_NAME
бийск	PROPER_NAME
бикалов	PROPER_NAME
биканер	PROPER_NAME
бикбаев	PROPER_NAME
бикбай	PROPER_NAME
бикетов	PROPER_NAME
бикин	PROPER_NAME
биккин	PROPER_NAME
бикмаев	PROPER_NAME
биктаев	PROPER_NAME
бикулов	PROPER_NAME
билайн	PROPER_NAME
билал	PROPER_NAME
билалов	PROPER_NAME
билан	PROPER_NAME
билель	PROPER_NAME
билл	PROPER_NAME
билли	PROPER_NAME
биль	PROPER_NAME
бильбао	PROPER_NAME
бильдин	PROPER_NAME
бимшон	PROPER_NAME
бинбау	PROPER_NAME
бинкин	PROPER_NAME
биншток	PROPER_NAME
биомед	PROPER_NAME
бира	PROPER_NAME
биргер	PROPER_NAME
биргит	PROPER_NAME
биржай	PROPER_NAME
биричев	PROPER_NAME
биркун	PROPER_NAME
бирма	PROPER_NAME
бирман	PROPER_NAME
бирон	PROPER_NAME
бирск	PROPER_NAME
бирут	PROPER_NAME
бирюков	PROPER_NAME
бирюлев	PROPER_NAME
бирюлин	PROPER_NAME
бирюса	PROPER_NAME
бискра	PROPER_NAME
бислан	PROPER_NAME
бисмарк	PROPER_NAME
бисовка	PROPER_NAME
битаров	PROPER_NAME
битнер	PROPER_NAME
битов	PROPER_NAME
битуг	PROPER_NAME
битюков	PROPER_NAME
бихар	PROPER_NAME
бихерт	PROPER_NAME
бихман	PROPER_NAME
бицаев	PROPER_NAME
бицуев	PROPER_NAME
бицуков	PROPER_NAME
бичан	PROPER_NAME
бичико	PROPER_NAME
бичурин	PROPER_NAME
бишкек	PROPER_NAME
биякаев	PROPER_NAME
биякай	PROPER_NAME
благово	PROPER_NAME
блаттер	PROPER_NAME
блер	PROPER_NAME
блехман	PROPER_NAME
блинков	PROPER_NAME
блинов	PROPER_NAME
блохин	PROPER_NAME
блуднин	PROPER_NAME
блум	PROPER_NAME
блэр	PROPER_NAME
блюмкин	PROPER_NAME
блюхер	PROPER_NAME
блям	PROPER_NAME
бобалев	PROPER_NAME
бобби	PROPER_NAME
боби	PROPER_NAME
бобкин	PROPER_NAME
бобков	PROPER_NAME
бобнев	PROPER_NAME
бобо	PROPER_NAME
бобович	PROPER_NAME
бобоев	PROPER_NAME
боботов	PROPER_NAME
бобохан	PROPER_NAME
бобошер	PROPER_NAME
бобошин	PROPER_NAME
бобрка	PROPER_NAME
бобров	PROPER_NAME
бобуров	PROPER_NAME
бобылев	PROPER_NAME
бобынин	PROPER_NAME
бова	PROPER_NAME
бовин	PROPER_NAME
бовт	PROPER_NAME
бовырин	PROPER_NAME
богадур	PROPER_NAME
богатов	PROPER_NAME
богатюк	PROPER_NAME
богачук	PROPER_NAME
богачёв	PROPER_NAME
богдан	PROPER_NAME
богдана	PROPER_NAME
богодар	PROPER_NAME
боголюб	PROPER_NAME
богомир	PROPER_NAME
богорад	PROPER_NAME
богораз	PROPER_NAME
богос	PROPER_NAME
боготол	PROPER_NAME
бограт	PROPER_NAME
богумил	PROPER_NAME
богучар	PROPER_NAME
бодагов	PROPER_NAME
бодайбо	PROPER_NAME
бодаков	PROPER_NAME
бодан	PROPER_NAME
боде	PROPER_NAME
бодлер	PROPER_NAME
бодрин	PROPER_NAME
бодров	PROPER_NAME
бодягин	PROPER_NAME
боев	PROPER_NAME
боеслав	PROPER_NAME
божана	PROPER_NAME
божена	PROPER_NAME
божидар	PROPER_NAME
божимов	PROPER_NAME
божин	PROPER_NAME
божков	PROPER_NAME
бозырев	PROPER_NAME
бойко	PROPER_NAME
бойков	PROPER_NAME
бойцев	PROPER_NAME
бойчук	PROPER_NAME
бокарев	PROPER_NAME
бокатов	PROPER_NAME
боков	PROPER_NAME
бокоев	PROPER_NAME
болград	PROPER_NAME
болда	PROPER_NAME
болдер	PROPER_NAME
болдин	PROPER_NAME
болесав	PROPER_NAME
болехов	PROPER_NAME
боливия	PROPER_NAME
боликов	PROPER_NAME
болкин	PROPER_NAME
болниси	PROPER_NAME
болобан	PROPER_NAME
болобек	PROPER_NAME
бологое	PROPER_NAME
болоков	PROPER_NAME
болонь	PROPER_NAME
болонья	PROPER_NAME
болотов	PROPER_NAME
болтвар	PROPER_NAME
болтнев	PROPER_NAME
болтян	PROPER_NAME
болхов	PROPER_NAME
болшево	PROPER_NAME
болысов	PROPER_NAME
болычев	PROPER_NAME
большов	PROPER_NAME
бомарше	PROPER_NAME
бомбей	PROPER_NAME
бомонт	PROPER_NAME
бонаков	PROPER_NAME
бонд	PROPER_NAME
бонн	PROPER_NAME
боннэр	PROPER_NAME
бонэйр	PROPER_NAME
борай	PROPER_NAME
борбала	PROPER_NAME
боржоми	PROPER_NAME
борзин	PROPER_NAME
борзна	PROPER_NAME
борзов	PROPER_NAME
борзюк	PROPER_NAME
борзя	PROPER_NAME
борик	PROPER_NAME
борин	PROPER_NAME
борина	PROPER_NAME
борино	PROPER_NAME
борис	PROPER_NAME
борисас	PROPER_NAME
борисов	PROPER_NAME
борисюк	PROPER_NAME
бория	PROPER_NAME
борков	PROPER_NAME
борлов	PROPER_NAME
борман	PROPER_NAME
борнео	PROPER_NAME
борнмут	PROPER_NAME
боровой	PROPER_NAME
боровск	PROPER_NAME
бородин	PROPER_NAME
бородов	PROPER_NAME
борохов	PROPER_NAME
борхес	PROPER_NAME
борщак	PROPER_NAME
борщин	PROPER_NAME
борщун	PROPER_NAME
борщёв	PROPER_NAME
борька	PROPER_NAME
боря	PROPER_NAME
боряшов	PROPER_NAME
босенко	PROPER_NAME
босния	PROPER_NAME
босфор	PROPER_NAME
ботагоз	PROPER_NAME
ботагос	PROPER_NAME
боткин	PROPER_NAME
боткуль	PROPER_NAME
ботна	PROPER_NAME
боходир	PROPER_NAME
боценюк	PROPER_NAME
боциев	PROPER_NAME
бочагов	PROPER_NAME
бочаев	PROPER_NAME
бочаров	PROPER_NAME
бочвар	PROPER_NAME
бочин	PROPER_NAME
бочкин	PROPER_NAME
боян	PROPER_NAME
бояна	PROPER_NAME
бояр	PROPER_NAME
боярка	PROPER_NAME
бояркин	PROPER_NAME
боярск	PROPER_NAME
боярчук	PROPER_NAME
брабант	PROPER_NAME
брава	PROPER_NAME
брагим	PROPER_NAME
брагин	PROPER_NAME
бражкин	PROPER_NAME
брайан	PROPER_NAME
брайна	PROPER_NAME
брайон	PROPER_NAME
брайтон	PROPER_NAME
бранд	PROPER_NAME
брандо	PROPER_NAME
брандт	PROPER_NAME
браслав	PROPER_NAME
братеев	PROPER_NAME
братков	PROPER_NAME
братов	PROPER_NAME
братск	PROPER_NAME
братчук	PROPER_NAME
браун	PROPER_NAME
брач	PROPER_NAME
брашов	PROPER_NAME
бревнов	PROPER_NAME
брегенц	PROPER_NAME
брегер	PROPER_NAME
бреда	PROPER_NAME
бреднев	PROPER_NAME
брежнев	PROPER_NAME
брезгин	PROPER_NAME
брекер	PROPER_NAME
бремен	PROPER_NAME
бремер	PROPER_NAME
брендон	PROPER_NAME
брент	PROPER_NAME
бреслер	PROPER_NAME
брест	PROPER_NAME
бретань	PROPER_NAME
бреусов	PROPER_NAME
брехов	PROPER_NAME
брехово	PROPER_NAME
брехт	PROPER_NAME
брешиа	PROPER_NAME
бригида	PROPER_NAME
бригит	PROPER_NAME
бригита	PROPER_NAME
бриевич	PROPER_NAME
брижак	PROPER_NAME
брижит	PROPER_NAME
брий	PROPER_NAME
брик	PROPER_NAME
брилев	PROPER_NAME
брисбен	PROPER_NAME
бритвин	PROPER_NAME
бритни	PROPER_NAME
брицын	PROPER_NAME
бричкин	PROPER_NAME
бриш	PROPER_NAME
бровары	PROPER_NAME
бровин	PROPER_NAME
бровкин	PROPER_NAME
бровцев	PROPER_NAME
бродвей	PROPER_NAME
броды	PROPER_NAME
бройль	PROPER_NAME
бройна	PROPER_NAME
брон	PROPER_NAME
бронев	PROPER_NAME
бронная	PROPER_NAME
брук	PROPER_NAME
бруклин	PROPER_NAME
бруней	PROPER_NAME
бруни	PROPER_NAME
бруно	PROPER_NAME
брунов	PROPER_NAME
брусков	PROPER_NAME
брут	PROPER_NAME
брухис	PROPER_NAME
брыжак	PROPER_NAME
брыкин	PROPER_NAME
брыков	PROPER_NAME
брылев	PROPER_NAME
брындин	PROPER_NAME
брынов	PROPER_NAME
брысаев	PROPER_NAME
брычев	PROPER_NAME
брэд	PROPER_NAME
брэила	PROPER_NAME
брэнсон	PROPER_NAME
брюгге	PROPER_NAME
брюзгин	PROPER_NAME
брюзин	PROPER_NAME
брюллов	PROPER_NAME
брюс	PROPER_NAME
брюсов	PROPER_NAME
брюхов	PROPER_NAME
брязгин	PROPER_NAME
брянка	PROPER_NAME
брянкин	PROPER_NAME
брянск	PROPER_NAME
брянцев	PROPER_NAME
буба	PROPER_NAME
бубаев	PROPER_NAME
бубакар	PROPER_NAME
бубенин	PROPER_NAME
бубнов	PROPER_NAME
бубякин	PROPER_NAME
бувакин	PROPER_NAME
бугадин	PROPER_NAME
бугаев	PROPER_NAME
бугаево	PROPER_NAME
буганов	PROPER_NAME
бугдан	PROPER_NAME
бугреев	PROPER_NAME
бугрим	PROPER_NAME
бугров	PROPER_NAME
бугунь	PROPER_NAME
будагов	PROPER_NAME
будагян	PROPER_NAME
будаев	PROPER_NAME
будажап	PROPER_NAME
будалин	PROPER_NAME
буданов	PROPER_NAME
бударин	PROPER_NAME
будахин	PROPER_NAME
будашов	PROPER_NAME
будекин	PROPER_NAME
будимир	PROPER_NAME
будин	PROPER_NAME
будион	PROPER_NAME
будкеев	PROPER_NAME
будкер	PROPER_NAME
будкин	PROPER_NAME
будник	PROPER_NAME
будняк	PROPER_NAME
будук	PROPER_NAME
будулай	PROPER_NAME
будылин	PROPER_NAME
будьков	PROPER_NAME
будяев	PROPER_NAME
буев	PROPER_NAME
бузаев	PROPER_NAME
бузан	PROPER_NAME
бузачи	PROPER_NAME
бузов	PROPER_NAME
бузулук	PROPER_NAME
бузунов	PROPER_NAME
бузыкин	PROPER_NAME
бузько	PROPER_NAME
бузэу	PROPER_NAME
буинск	PROPER_NAME
буистов	PROPER_NAME
буйко	PROPER_NAME
буйнов	PROPER_NAME
букаву	PROPER_NAME
букалов	PROPER_NAME
букарев	PROPER_NAME
букаров	PROPER_NAME
букин	PROPER_NAME
букреев	PROPER_NAME
буксунд	PROPER_NAME
була	PROPER_NAME
булавин	PROPER_NAME
булаево	PROPER_NAME
булал	PROPER_NAME
булан	PROPER_NAME
буланин	PROPER_NAME
булатов	PROPER_NAME
булах	PROPER_NAME
булахов	PROPER_NAME
булацев	PROPER_NAME
булач	PROPER_NAME
булаш	PROPER_NAME
булгак	PROPER_NAME
булдин	PROPER_NAME
булеков	PROPER_NAME
булин	PROPER_NAME
булкин	PROPER_NAME
булков	PROPER_NAME
булыгин	PROPER_NAME
булынин	PROPER_NAME
булычев	PROPER_NAME
бульба	PROPER_NAME
буляков	PROPER_NAME
буммаш	PROPER_NAME
бунаков	PROPER_NAME
бундин	PROPER_NAME
бунев	PROPER_NAME
бунеев	PROPER_NAME
буним	PROPER_NAME
бунин	PROPER_NAME
буничев	PROPER_NAME
бункин	PROPER_NAME
бунтов	PROPER_NAME
бунцев	PROPER_NAME
буньков	PROPER_NAME
бунюэль	PROPER_NAME
буняев	PROPER_NAME
буогас	PROPER_NAME
буотама	PROPER_NAME
бураков	PROPER_NAME
буранов	PROPER_NAME
бурас	PROPER_NAME
бурбах	PROPER_NAME
бург	PROPER_NAME
бурган	PROPER_NAME
бурдин	PROPER_NAME
бурдов	PROPER_NAME
буре	PROPER_NAME
буреев	PROPER_NAME
буренко	PROPER_NAME
бурец	PROPER_NAME
бурея	PROPER_NAME
бурилин	PROPER_NAME
буркеев	PROPER_NAME
буркин	PROPER_NAME
буркина	PROPER_NAME
бурков	PROPER_NAME
бурла	PROPER_NAME
бурлаев	PROPER_NAME
бурмин	PROPER_NAME
буробин	PROPER_NAME
буров	PROPER_NAME
бурсов	PROPER_NAME
буртов	PROPER_NAME
буру	PROPER_NAME
бурул	PROPER_NAME
бурунди	PROPER_NAME
бурухин	PROPER_NAME
бурхан	PROPER_NAME
бурхин	PROPER_NAME
бурцев	PROPER_NAME
бурчак	PROPER_NAME
бурыгин	PROPER_NAME
бурыкин	PROPER_NAME
бурылев	PROPER_NAME
бурылов	PROPER_NAME
бурынь	PROPER_NAME
буряков	PROPER_NAME
бурятия	PROPER_NAME
бусарев	PROPER_NAME
бусев	PROPER_NAME
бусенко	PROPER_NAME
бусинов	PROPER_NAME
буск	PROPER_NAME
буслаев	PROPER_NAME
буслово	PROPER_NAME
бустан	PROPER_NAME
бустах	PROPER_NAME
бусыгин	PROPER_NAME
бутаев	PROPER_NAME
бутаков	PROPER_NAME
бутарев	PROPER_NAME
бутаров	PROPER_NAME
бутацин	PROPER_NAME
бутев	PROPER_NAME
бутенин	PROPER_NAME
бутенко	PROPER_NAME
бутин	PROPER_NAME
буткеев	PROPER_NAME
бутов	PROPER_NAME
бутово	PROPER_NAME
буторин	PROPER_NAME
буторов	PROPER_NAME
бутрин	PROPER_NAME
бутрос	PROPER_NAME
бутузов	PROPER_NAME
бутусов	PROPER_NAME
бутут	PROPER_NAME
бутырев	PROPER_NAME
бутырин	PROPER_NAME
бутырки	PROPER_NAME
бутюков	PROPER_NAME
бутягин	PROPER_NAME
бутяков	PROPER_NAME
бухаев	PROPER_NAME
бухалин	PROPER_NAME
бухара	PROPER_NAME
бухарин	PROPER_NAME
бухаров	PROPER_NAME
бухлин	PROPER_NAME
бухман	PROPER_NAME
бухнер	PROPER_NAME
бухнин	PROPER_NAME
бухонов	PROPER_NAME
бухтеев	PROPER_NAME
бухтуев	PROPER_NAME
буцкий	PROPER_NAME
бучач	PROPER_NAME
бучин	PROPER_NAME
бучнев	PROPER_NAME
бушир	PROPER_NAME
бушков	PROPER_NAME
бушман	PROPER_NAME
бушмин	PROPER_NAME
бушнин	PROPER_NAME
бушнов	PROPER_NAME
бушуев	PROPER_NAME
бушунов	PROPER_NAME
буэнос	PROPER_NAME
буянов	PROPER_NAME
бхилаи	PROPER_NAME
бхопал	PROPER_NAME
бхутто	PROPER_NAME
быдгощ	PROPER_NAME
быканов	PROPER_NAME
быков	PROPER_NAME
бырдин	PROPER_NAME
быркин	PROPER_NAME
бырлад	PROPER_NAME
быстров	PROPER_NAME
бытом	PROPER_NAME
быхов	PROPER_NAME
бычков	PROPER_NAME
бьюекен	PROPER_NAME
бэла	PROPER_NAME
бэлза	PROPER_NAME
бэлзь	PROPER_NAME
бэлла	PROPER_NAME
бэля	PROPER_NAME
бэрта	PROPER_NAME
бязыров	PROPER_NAME
бялкин	PROPER_NAME
бяшим	PROPER_NAME
ваагна	PROPER_NAME
ваан	PROPER_NAME
вабкент	PROPER_NAME
вавакин	PROPER_NAME
ваванов	PROPER_NAME
вавил	PROPER_NAME
вавила	PROPER_NAME
вавилий	PROPER_NAME
вавилин	PROPER_NAME
вавилов	PROPER_NAME
вавилон	PROPER_NAME
вавицын	PROPER_NAME
вагай	PROPER_NAME
ваган	PROPER_NAME
ваганов	PROPER_NAME
ваге	PROPER_NAME
вагевич	PROPER_NAME
вагиз	PROPER_NAME
вагиза	PROPER_NAME
вагин	PROPER_NAME
вагис	PROPER_NAME
вагист	PROPER_NAME
вагит	PROPER_NAME
вагиф	PROPER_NAME
вагнер	PROPER_NAME
вагнор	PROPER_NAME
ваграм	PROPER_NAME
вагран	PROPER_NAME
вагуб	PROPER_NAME
вагунин	PROPER_NAME
вагыйз	PROPER_NAME
ваделен	PROPER_NAME
ваделин	PROPER_NAME
вадерий	PROPER_NAME
ваджиб	PROPER_NAME
ваджид	PROPER_NAME
ваджих	PROPER_NAME
вадид	PROPER_NAME
вадий	PROPER_NAME
вадик	PROPER_NAME
вадим	PROPER_NAME
вадима	PROPER_NAME
вадимир	PROPER_NAME
вадин	PROPER_NAME
вадлей	PROPER_NAME
вадлен	PROPER_NAME
вадуд	PROPER_NAME
вадут	PROPER_NAME
вадюхин	PROPER_NAME
ваенга	PROPER_NAME
важдаев	PROPER_NAME
важенин	PROPER_NAME
важесов	PROPER_NAME
важин	PROPER_NAME
важнов	PROPER_NAME
вазген	PROPER_NAME
вазер	PROPER_NAME
вазиев	PROPER_NAME
вазиз	PROPER_NAME
вазил	PROPER_NAME
вазин	PROPER_NAME
вазипат	PROPER_NAME
вазир	PROPER_NAME
вазифа	PROPER_NAME
вазих	PROPER_NAME
вазуза	PROPER_NAME
вазык	PROPER_NAME
вазюков	PROPER_NAME
ваид	PROPER_NAME
ваилий	PROPER_NAME
ваина	PROPER_NAME
вайгач	PROPER_NAME
вайгео	PROPER_NAME
вайда	PROPER_NAME
вайдман	PROPER_NAME
вайман	PROPER_NAME
вайнер	PROPER_NAME
вайрам	PROPER_NAME
вайс	PROPER_NAME
вайцех	PROPER_NAME
вакарин	PROPER_NAME
вакил	PROPER_NAME
вакиль	PROPER_NAME
вакиля	PROPER_NAME
вакин	PROPER_NAME
ваккер	PROPER_NAME
вакорев	PROPER_NAME
вакорин	PROPER_NAME
вактор	PROPER_NAME
вакула	PROPER_NAME
вакулин	PROPER_NAME
вакуль	PROPER_NAME
вакуров	PROPER_NAME
вакутин	PROPER_NAME
вала	PROPER_NAME
валаам	PROPER_NAME
валадин	PROPER_NAME
валарий	PROPER_NAME
валга	PROPER_NAME
валдай	PROPER_NAME
валдас	PROPER_NAME
валдис	PROPER_NAME
вале	PROPER_NAME
валевий	PROPER_NAME
валег	PROPER_NAME
валегий	PROPER_NAME
валегин	PROPER_NAME
валеев	PROPER_NAME
валей	PROPER_NAME
валекий	PROPER_NAME
вален	PROPER_NAME
валена	PROPER_NAME
валений	PROPER_NAME
валенин	PROPER_NAME
валенса	PROPER_NAME
валенсь	PROPER_NAME
валент	PROPER_NAME
валента	PROPER_NAME
валера	PROPER_NAME
валери	PROPER_NAME
валериа	PROPER_NAME
валерий	PROPER_NAME
валерик	PROPER_NAME
валерия	PROPER_NAME
валерка	PROPER_NAME
валерян	PROPER_NAME
валеска	PROPER_NAME
валетий	PROPER_NAME
валетин	PROPER_NAME
валетов	PROPER_NAME
валех	PROPER_NAME
валечка	PROPER_NAME
валид	PROPER_NAME
валида	PROPER_NAME
валиев	PROPER_NAME
вализян	PROPER_NAME
валий	PROPER_NAME
валика	PROPER_NAME
валико	PROPER_NAME
валиков	PROPER_NAME
валилий	PROPER_NAME
валим	PROPER_NAME
валима	PROPER_NAME
валимир	PROPER_NAME
валин	PROPER_NAME
валина	PROPER_NAME
валита	PROPER_NAME
валихан	PROPER_NAME
валишин	PROPER_NAME
валки	PROPER_NAME
валлета	PROPER_NAME
валов	PROPER_NAME
валуев	PROPER_NAME
валуйки	PROPER_NAME
валышев	PROPER_NAME
вальдек	PROPER_NAME
валька	PROPER_NAME
вальтер	PROPER_NAME
валя	PROPER_NAME
валяев	PROPER_NAME
ванг	PROPER_NAME
ванда	PROPER_NAME
вандан	PROPER_NAME
вандана	PROPER_NAME
ванеев	PROPER_NAME
ванес	PROPER_NAME
ванесса	PROPER_NAME
ванечка	PROPER_NAME
вани	PROPER_NAME
ваниев	PROPER_NAME
ваник	PROPER_NAME
ванин	PROPER_NAME
ванина	PROPER_NAME
ванино	PROPER_NAME
вания	PROPER_NAME
вано	PROPER_NAME
ванович	PROPER_NAME
вантина	PROPER_NAME
вануату	PROPER_NAME
ванурин	PROPER_NAME
ванька	PROPER_NAME
ванюков	PROPER_NAME
ванюхин	PROPER_NAME
ванюхов	PROPER_NAME
ванюшка	PROPER_NAME
ваня	PROPER_NAME
ванякин	PROPER_NAME
варавин	PROPER_NAME
варакин	PROPER_NAME
варберг	PROPER_NAME
варвара	PROPER_NAME
варга	PROPER_NAME
варгуза	PROPER_NAME
вардан	PROPER_NAME
вардкес	PROPER_NAME
вардуа	PROPER_NAME
варена	PROPER_NAME
варенин	PROPER_NAME
варенов	PROPER_NAME
варий	PROPER_NAME
варик	PROPER_NAME
варинка	PROPER_NAME
варлам	PROPER_NAME
варна	PROPER_NAME
варнек	PROPER_NAME
варняй	PROPER_NAME
варов	PROPER_NAME
варос	PROPER_NAME
вартан	PROPER_NAME
варткез	PROPER_NAME
варухин	PROPER_NAME
варчато	PROPER_NAME
варчев	PROPER_NAME
варшава	PROPER_NAME
варшам	PROPER_NAME
варыгин	PROPER_NAME
варья	PROPER_NAME
варя	PROPER_NAME
васа	PROPER_NAME
васадзе	PROPER_NAME
васген	PROPER_NAME
васенев	PROPER_NAME
васенин	PROPER_NAME
васидий	PROPER_NAME
васий	PROPER_NAME
васиков	PROPER_NAME
васил	PROPER_NAME
васила	PROPER_NAME
василев	PROPER_NAME
василий	PROPER_NAME
василин	PROPER_NAME
василь	PROPER_NAME
васим	PROPER_NAME
васин	PROPER_NAME
васиф	PROPER_NAME
васлав	PROPER_NAME
васлия	PROPER_NAME
васния	PROPER_NAME
васса	PROPER_NAME
вассил	PROPER_NAME
вассим	PROPER_NAME
васфие	PROPER_NAME
васхнил	PROPER_NAME
васыль	PROPER_NAME
васька	PROPER_NAME
васькин	PROPER_NAME
васьков	PROPER_NAME
васюган	PROPER_NAME
васюков	PROPER_NAME
васюта	PROPER_NAME
васютин	PROPER_NAME
вася	PROPER_NAME
васягин	PROPER_NAME
васяев	PROPER_NAME
васякин	PROPER_NAME
васянин	PROPER_NAME
васятин	PROPER_NAME
васёна	PROPER_NAME
ватагин	PROPER_NAME
ватаев	PROPER_NAME
ваталий	PROPER_NAME
ватикан	PROPER_NAME
ватолин	PROPER_NAME
ватслав	PROPER_NAME
ватсон	PROPER_NAME
ватулин	PROPER_NAME
ватутин	PROPER_NAME
ваулин	PROPER_NAME
вафа	PROPER_NAME
вафович	PROPER_NAME
вафра	PROPER_NAME
ваха	PROPER_NAME
вахаб	PROPER_NAME
вахид	PROPER_NAME
вахидов	PROPER_NAME
вахим	PROPER_NAME
вахир	PROPER_NAME
вахит	PROPER_NAME
вахитов	PROPER_NAME
вахмин	PROPER_NAME
вахнин	PROPER_NAME
вахоб	PROPER_NAME
вахович	PROPER_NAME
ваховск	PROPER_NAME
вахтанг	PROPER_NAME
вахтанш	PROPER_NAME
вахур	PROPER_NAME
вахш	PROPER_NAME
вацлав	PROPER_NAME
вацлава	PROPER_NAME
вацлов	PROPER_NAME
вачир	PROPER_NAME
вашка	PROPER_NAME
вашкеев	PROPER_NAME
вашков	PROPER_NAME
вашнев	PROPER_NAME
вашурин	PROPER_NAME
ващекин	PROPER_NAME
ващенко	PROPER_NAME
ваэль	PROPER_NAME
вгений	PROPER_NAME
вгик	PROPER_NAME
вгтрк	PROPER_NAME
вднх	PROPER_NAME
вдовин	PROPER_NAME
вдовкин	PROPER_NAME
веалета	PROPER_NAME
вевис	PROPER_NAME
вега	PROPER_NAME
веденей	PROPER_NAME
веденин	PROPER_NAME
ведьмин	PROPER_NAME
везиров	PROPER_NAME
везнер	PROPER_NAME
везувий	PROPER_NAME
вейко	PROPER_NAME
веймар	PROPER_NAME
вейнер	PROPER_NAME
вейсеяй	PROPER_NAME
вейсман	PROPER_NAME
вейснер	PROPER_NAME
веккер	PROPER_NAME
векслер	PROPER_NAME
векшин	PROPER_NAME
велерий	PROPER_NAME
вели	PROPER_NAME
велиж	PROPER_NAME
велизар	PROPER_NAME
великое	PROPER_NAME
велимет	PROPER_NAME
велимир	PROPER_NAME
велина	PROPER_NAME
велиор	PROPER_NAME
велита	PROPER_NAME
велихов	PROPER_NAME
величко	PROPER_NAME
велия	PROPER_NAME
велла	PROPER_NAME
веллер	PROPER_NAME
велло	PROPER_NAME
велора	PROPER_NAME
велорий	PROPER_NAME
велория	PROPER_NAME
велта	PROPER_NAME
вельск	PROPER_NAME
вельта	PROPER_NAME
веме	PROPER_NAME
венадий	PROPER_NAME
венай	PROPER_NAME
веналий	PROPER_NAME
венара	PROPER_NAME
венарий	PROPER_NAME
венария	PROPER_NAME
венгрия	PROPER_NAME
венгров	PROPER_NAME
вендер	PROPER_NAME
венедий	PROPER_NAME
венедим	PROPER_NAME
венера	PROPER_NAME
венерн	PROPER_NAME
венеция	PROPER_NAME
венина	PROPER_NAME
венира	PROPER_NAME
венор	PROPER_NAME
венсан	PROPER_NAME
вентьян	PROPER_NAME
венхвия	PROPER_NAME
венцек	PROPER_NAME
венька	PROPER_NAME
веня	PROPER_NAME
веонид	PROPER_NAME
вепрев	PROPER_NAME
вераида	PROPER_NAME
верана	PROPER_NAME
вербан	PROPER_NAME
вербин	PROPER_NAME
вервара	PROPER_NAME
вергина	PROPER_NAME
вергун	PROPER_NAME
вергуша	PROPER_NAME
верден	PROPER_NAME
верди	PROPER_NAME
веремей	PROPER_NAME
веренев	PROPER_NAME
веренея	PROPER_NAME
верения	PROPER_NAME
вересов	PROPER_NAME
веретюк	PROPER_NAME
верещак	PROPER_NAME
верзин	PROPER_NAME
веригин	PROPER_NAME
верка	PROPER_NAME
вермонт	PROPER_NAME
вернер	PROPER_NAME
верник	PROPER_NAME
верона	PROPER_NAME
верония	PROPER_NAME
верочка	PROPER_NAME
верра	PROPER_NAME
версаль	PROPER_NAME
вертов	PROPER_NAME
верхово	PROPER_NAME
вершков	PROPER_NAME
верютин	PROPER_NAME
верязов	PROPER_NAME
веселин	PROPER_NAME
веселов	PROPER_NAME
весила	PROPER_NAME
весиля	PROPER_NAME
весин	PROPER_NAME
веслав	PROPER_NAME
веслава	PROPER_NAME
веслана	PROPER_NAME
весляна	PROPER_NAME
весма	PROPER_NAME
весмира	PROPER_NAME
весник	PROPER_NAME
веснин	PROPER_NAME
весняна	PROPER_NAME
веспрем	PROPER_NAME
веста	PROPER_NAME
вета	PROPER_NAME
веталий	PROPER_NAME
веткин	PROPER_NAME
ветлов	PROPER_NAME
ветлуга	PROPER_NAME
ветров	PROPER_NAME
веттерн	PROPER_NAME
ветюгов	PROPER_NAME
вехорев	PROPER_NAME
вешняки	PROPER_NAME
виалета	PROPER_NAME
виалий	PROPER_NAME
виалина	PROPER_NAME
вианна	PROPER_NAME
виарел	PROPER_NAME
виатлий	PROPER_NAME
виатор	PROPER_NAME
виви	PROPER_NAME
вивиан	PROPER_NAME
вивтор	PROPER_NAME
вигдор	PROPER_NAME
видадий	PROPER_NAME
видалий	PROPER_NAME
видехин	PROPER_NAME
видин	PROPER_NAME
виднов	PROPER_NAME
видное	PROPER_NAME
видякин	PROPER_NAME
виесите	PROPER_NAME
вижница	PROPER_NAME
визе	PROPER_NAME
визеу	PROPER_NAME
визигин	PROPER_NAME
вииалий	PROPER_NAME
виккерс	PROPER_NAME
викор	PROPER_NAME
виктар	PROPER_NAME
виктоия	PROPER_NAME
виктор	PROPER_NAME
викторс	PROPER_NAME
виктр	PROPER_NAME
викул	PROPER_NAME
викула	PROPER_NAME
викулин	PROPER_NAME
викулов	PROPER_NAME
вилалий	PROPER_NAME
виларий	PROPER_NAME
вилатий	PROPER_NAME
вилевич	PROPER_NAME
виледь	PROPER_NAME
вилейка	PROPER_NAME
вилем	PROPER_NAME
вилен	PROPER_NAME
вилена	PROPER_NAME
вилений	PROPER_NAME
виленин	PROPER_NAME
вилер	PROPER_NAME
вили	PROPER_NAME
вилиан	PROPER_NAME
вилий	PROPER_NAME
вилина	PROPER_NAME
вилис	PROPER_NAME
вилия	PROPER_NAME
вилково	PROPER_NAME
вилл	PROPER_NAME
вилле	PROPER_NAME
виллем	PROPER_NAME
виллен	PROPER_NAME
виллена	PROPER_NAME
вилли	PROPER_NAME
виллиан	PROPER_NAME
виллий	PROPER_NAME
виллина	PROPER_NAME
виллия	PROPER_NAME
виллор	PROPER_NAME
виллора	PROPER_NAME
вилль	PROPER_NAME
вилльям	PROPER_NAME
вилля	PROPER_NAME
вилма	PROPER_NAME
вилон	PROPER_NAME
вилона	PROPER_NAME
вилор	PROPER_NAME
вилорд	PROPER_NAME
вилорий	PROPER_NAME
вилорик	PROPER_NAME
вилорк	PROPER_NAME
вилот	PROPER_NAME
вилоят	PROPER_NAME
виль	PROPER_NAME
вильген	PROPER_NAME
вильдан	PROPER_NAME
вилькен	PROPER_NAME
вилькия	PROPER_NAME
вильма	PROPER_NAME
вильман	PROPER_NAME
вильмар	PROPER_NAME
вильмир	PROPER_NAME
вильно	PROPER_NAME
вильнюс	PROPER_NAME
вильсон	PROPER_NAME
вильям	PROPER_NAME
вилюй	PROPER_NAME
вилюйск	PROPER_NAME
виляев	PROPER_NAME
виляка	PROPER_NAME
виляны	PROPER_NAME
виляра	PROPER_NAME
винарий	PROPER_NAME
винберг	PROPER_NAME
виничук	PROPER_NAME
винники	PROPER_NAME
винсент	PROPER_NAME
винцас	PROPER_NAME
винцент	PROPER_NAME
винчи	PROPER_NAME
виолена	PROPER_NAME
виолина	PROPER_NAME
вионор	PROPER_NAME
виор	PROPER_NAME
виорел	PROPER_NAME
виорен	PROPER_NAME
виорика	PROPER_NAME
виорил	PROPER_NAME
виорина	PROPER_NAME
вираб	PROPER_NAME
виралий	PROPER_NAME
виржина	PROPER_NAME
вирма	PROPER_NAME
вирясов	PROPER_NAME
висенте	PROPER_NAME
висим	PROPER_NAME
висла	PROPER_NAME
висман	PROPER_NAME
висмар	PROPER_NAME
висса	PROPER_NAME
виссам	PROPER_NAME
висящев	PROPER_NAME
вита	PROPER_NAME
витадий	PROPER_NAME
виталий	PROPER_NAME
виталик	PROPER_NAME
виталия	PROPER_NAME
витальд	PROPER_NAME
витас	PROPER_NAME
витаут	PROPER_NAME
витаутс	PROPER_NAME
виташа	PROPER_NAME
виташов	PROPER_NAME
витебск	PROPER_NAME
вителий	PROPER_NAME
витер	PROPER_NAME
витим	PROPER_NAME
витович	PROPER_NAME
витольд	PROPER_NAME
витрас	PROPER_NAME
витрук	PROPER_NAME
витус	PROPER_NAME
витухин	PROPER_NAME
витька	PROPER_NAME
витя	PROPER_NAME
витяев	PROPER_NAME
витязев	PROPER_NAME
вифлеем	PROPER_NAME
вихарев	PROPER_NAME
вихорев	PROPER_NAME
вихрево	PROPER_NAME
вихров	PROPER_NAME
вицин	PROPER_NAME
вичуга	PROPER_NAME
вишан	PROPER_NAME
вишера	PROPER_NAME
вишес	PROPER_NAME
виши	PROPER_NAME
влад	PROPER_NAME
влада	PROPER_NAME
владан	PROPER_NAME
владар	PROPER_NAME
владас	PROPER_NAME
владек	PROPER_NAME
владен	PROPER_NAME
владер	PROPER_NAME
влади	PROPER_NAME
владий	PROPER_NAME
владик	PROPER_NAME
владим	PROPER_NAME
владимр	PROPER_NAME
владин	PROPER_NAME
владир	PROPER_NAME
владлен	PROPER_NAME
вламир	PROPER_NAME
вларий	PROPER_NAME
влас	PROPER_NAME
власий	PROPER_NAME
власлав	PROPER_NAME
власов	PROPER_NAME
власта	PROPER_NAME
власьев	PROPER_NAME
власюк	PROPER_NAME
влацлав	PROPER_NAME
влентин	PROPER_NAME
влксм	PROPER_NAME
влёра	PROPER_NAME
внешлес	PROPER_NAME
внии	PROPER_NAME
вниигаз	PROPER_NAME
внуков	PROPER_NAME
внуково	PROPER_NAME
вова	PROPER_NAME
вовик	PROPER_NAME
вовка	PROPER_NAME
вовочка	PROPER_NAME
водим	PROPER_NAME
водла	PROPER_NAME
водянов	PROPER_NAME
воейков	PROPER_NAME
воентех	PROPER_NAME
вожагов	PROPER_NAME
вожаков	PROPER_NAME
вожега	PROPER_NAME
вожжов	PROPER_NAME
возген	PROPER_NAME
возир	PROPER_NAME
возняк	PROPER_NAME
воинка	PROPER_NAME
воислав	PROPER_NAME
воищев	PROPER_NAME
войков	PROPER_NAME
войнов	PROPER_NAME
войтех	PROPER_NAME
войтко	PROPER_NAME
войтов	PROPER_NAME
войтык	PROPER_NAME
войцех	PROPER_NAME
войцик	PROPER_NAME
войцих	PROPER_NAME
войчех	PROPER_NAME
воклюз	PROPER_NAME
воктор	PROPER_NAME
воланд	PROPER_NAME
волгин	PROPER_NAME
волдис	PROPER_NAME
волегов	PROPER_NAME
волжин	PROPER_NAME
волжск	PROPER_NAME
волий	PROPER_NAME
волик	PROPER_NAME
волкер	PROPER_NAME
волков	PROPER_NAME
вологда	PROPER_NAME
володар	PROPER_NAME
володий	PROPER_NAME
володин	PROPER_NAME
володя	PROPER_NAME
волож	PROPER_NAME
воложин	PROPER_NAME
волоф	PROPER_NAME
волочёк	PROPER_NAME
волошин	PROPER_NAME
волошка	PROPER_NAME
волощук	PROPER_NAME
волтер	PROPER_NAME
волхов	PROPER_NAME
волчек	PROPER_NAME
волчков	PROPER_NAME
волынец	PROPER_NAME
волынь	PROPER_NAME
вольмир	PROPER_NAME
вольнов	PROPER_NAME
вольск	PROPER_NAME
вольтер	PROPER_NAME
вольф	PROPER_NAME
вольхин	PROPER_NAME
волья	PROPER_NAME
воляк	PROPER_NAME
вонсан	PROPER_NAME
вопь	PROPER_NAME
ворксла	PROPER_NAME
воркута	PROPER_NAME
вормси	PROPER_NAME
воронеж	PROPER_NAME
воронин	PROPER_NAME
воронко	PROPER_NAME
воронов	PROPER_NAME
воронья	PROPER_NAME
воротан	PROPER_NAME
ворскла	PROPER_NAME
ворскля	PROPER_NAME
ворсма	PROPER_NAME
ворша	PROPER_NAME
воря	PROPER_NAME
востров	PROPER_NAME
вотяков	PROPER_NAME
вохма	PROPER_NAME
вохмин	PROPER_NAME
воцлав	PROPER_NAME
вощин	PROPER_NAME
вражек	PROPER_NAME
врам	PROPER_NAME
враца	PROPER_NAME
врежик	PROPER_NAME
вроцлав	PROPER_NAME
всеслав	PROPER_NAME
втулкин	PROPER_NAME
втэк	PROPER_NAME
вугор	PROPER_NAME
вукол	PROPER_NAME
вуколов	PROPER_NAME
вуктыл	PROPER_NAME
вулф	PROPER_NAME
вульф	PROPER_NAME
вунгтау	PROPER_NAME
вуокса	PROPER_NAME
вусала	PROPER_NAME
вустя	PROPER_NAME
вучетич	PROPER_NAME
вчеслав	PROPER_NAME
выборг	PROPER_NAME
выдрин	PROPER_NAME
выдрино	PROPER_NAME
выкса	PROPER_NAME
выломов	PROPER_NAME
вымь	PROPER_NAME
вырица	PROPER_NAME
выру	PROPER_NAME
высоцк	PROPER_NAME
вытегра	PROPER_NAME
выханду	PROPER_NAME
выхино	PROPER_NAME
вычегда	PROPER_NAME
выша	PROPER_NAME
вьетнам	PROPER_NAME
вьюгин	PROPER_NAME
вьюнов	PROPER_NAME
вьюхин	PROPER_NAME
вьюшин	PROPER_NAME
вэник	PROPER_NAME
вэнсай	PROPER_NAME
вягиз	PROPER_NAME
вяземка	PROPER_NAME
вязиков	PROPER_NAME
вязир	PROPER_NAME
вязники	PROPER_NAME
вязов	PROPER_NAME
вязовка	PROPER_NAME
вязьма	PROPER_NAME
вякил	PROPER_NAME
вялий	PROPER_NAME
вялима	PROPER_NAME
вялки	PROPER_NAME
вялкин	PROPER_NAME
вялов	PROPER_NAME
вяльцев	PROPER_NAME
вянта	PROPER_NAME
вяткин	PROPER_NAME
вяткино	PROPER_NAME
вятчин	PROPER_NAME
вяхирев	PROPER_NAME
вячелав	PROPER_NAME
гаага	PROPER_NAME
гааз	PROPER_NAME
габар	PROPER_NAME
габи	PROPER_NAME
габиб	PROPER_NAME
габиба	PROPER_NAME
габибат	PROPER_NAME
габибов	PROPER_NAME
габид	PROPER_NAME
габида	PROPER_NAME
габидат	PROPER_NAME
габиден	PROPER_NAME
габил	PROPER_NAME
габиль	PROPER_NAME
габир	PROPER_NAME
габит	PROPER_NAME
габитов	PROPER_NAME
габия	PROPER_NAME
габово	PROPER_NAME
габоев	PROPER_NAME
габон	PROPER_NAME
габор	PROPER_NAME
габриел	PROPER_NAME
габрил	PROPER_NAME
габуда	PROPER_NAME
гавайи	PROPER_NAME
гавана	PROPER_NAME
гавр	PROPER_NAME
гавриил	PROPER_NAME
гаврил	PROPER_NAME
гаврила	PROPER_NAME
гаврило	PROPER_NAME
гавруш	PROPER_NAME
гавчук	PROPER_NAME
гавшин	PROPER_NAME
гагай	PROPER_NAME
гагак	PROPER_NAME
гагалов	PROPER_NAME
гаган	PROPER_NAME
гаганов	PROPER_NAME
гагарин	PROPER_NAME
гаген	PROPER_NAME
гагик	PROPER_NAME
гагин	PROPER_NAME
гагра	PROPER_NAME
гагулин	PROPER_NAME
гагут	PROPER_NAME
гадалин	PROPER_NAME
гадания	PROPER_NAME
гадей	PROPER_NAME
гаджа	PROPER_NAME
гаджи	PROPER_NAME
гаджиев	PROPER_NAME
гаджик	PROPER_NAME
гадиев	PROPER_NAME
гадий	PROPER_NAME
гадиля	PROPER_NAME
гадим	PROPER_NAME
гадис	PROPER_NAME
гадючко	PROPER_NAME
гадяч	PROPER_NAME
гаев	PROPER_NAME
гаевич	PROPER_NAME
гаенко	PROPER_NAME
газа	PROPER_NAME
газеев	PROPER_NAME
газенко	PROPER_NAME
газер	PROPER_NAME
газзаев	PROPER_NAME
газиз	PROPER_NAME
газиза	PROPER_NAME
газий	PROPER_NAME
газим	PROPER_NAME
газис	PROPER_NAME
газли	PROPER_NAME
газни	PROPER_NAME
газпром	PROPER_NAME
гаик	PROPER_NAME
гаити	PROPER_NAME
гайана	PROPER_NAME
гайдай	PROPER_NAME
гайдар	PROPER_NAME
гайдаш	PROPER_NAME
гайния	PROPER_NAME
гайс	PROPER_NAME
гайсин	PROPER_NAME
гайчук	PROPER_NAME
гайяр	PROPER_NAME
гакифа	PROPER_NAME
гаккен	PROPER_NAME
гала	PROPER_NAME
галаган	PROPER_NAME
галаев	PROPER_NAME
галазов	PROPER_NAME
галак	PROPER_NAME
галан	PROPER_NAME
галана	PROPER_NAME
галанец	PROPER_NAME
галанов	PROPER_NAME
галахов	PROPER_NAME
галац	PROPER_NAME
галашки	PROPER_NAME
галдин	PROPER_NAME
галеев	PROPER_NAME
галей	PROPER_NAME
галерий	PROPER_NAME
галерия	PROPER_NAME
галея	PROPER_NAME
гали	PROPER_NAME
галиан	PROPER_NAME
галиана	PROPER_NAME
галиба	PROPER_NAME
галиев	PROPER_NAME
галилей	PROPER_NAME
галилея	PROPER_NAME
галиля	PROPER_NAME
галим	PROPER_NAME
галима	PROPER_NAME
галимов	PROPER_NAME
галина	PROPER_NAME
галинка	PROPER_NAME
галиня	PROPER_NAME
галип	PROPER_NAME
галиул	PROPER_NAME
галич	PROPER_NAME
галия	PROPER_NAME
галкин	PROPER_NAME
галла	PROPER_NAME
галле	PROPER_NAME
галлион	PROPER_NAME
галлия	PROPER_NAME
галлям	PROPER_NAME
галниса	PROPER_NAME
галона	PROPER_NAME
галсан	PROPER_NAME
галсира	PROPER_NAME
галтаев	PROPER_NAME
галтер	PROPER_NAME
галуа	PROPER_NAME
галузин	PROPER_NAME
галумов	PROPER_NAME
галунов	PROPER_NAME
галутин	PROPER_NAME
галушин	PROPER_NAME
галушко	PROPER_NAME
галущак	PROPER_NAME
галфира	PROPER_NAME
галыбин	PROPER_NAME
галым	PROPER_NAME
галь	PROPER_NAME
гальмия	PROPER_NAME
гальсия	PROPER_NAME
гальцов	PROPER_NAME
гальяно	PROPER_NAME
галюся	PROPER_NAME
галя	PROPER_NAME
галям	PROPER_NAME
галямин	PROPER_NAME
галямов	PROPER_NAME
гамалея	PROPER_NAME
гамара	PROPER_NAME
гамарра	PROPER_NAME
гамбар	PROPER_NAME
гамбия	PROPER_NAME
гамбург	PROPER_NAME
гамза	PROPER_NAME
гамзаев	PROPER_NAME
гамзат	PROPER_NAME
гамзин	PROPER_NAME
гамид	PROPER_NAME
гамида	PROPER_NAME
гамидов	PROPER_NAME
гамиз	PROPER_NAME
гамил	PROPER_NAME
гамила	PROPER_NAME
гамиль	PROPER_NAME
гамиля	PROPER_NAME
гамина	PROPER_NAME
гамир	PROPER_NAME
гамира	PROPER_NAME
гамит	PROPER_NAME
гамлет	PROPER_NAME
гамов	PROPER_NAME
гамонин	PROPER_NAME
гамсун	PROPER_NAME
гана	PROPER_NAME
ганания	PROPER_NAME
ганг	PROPER_NAME
гандаян	PROPER_NAME
ганди	PROPER_NAME
ганеев	PROPER_NAME
ганеля	PROPER_NAME
ганефа	PROPER_NAME
ганибал	PROPER_NAME
ганибек	PROPER_NAME
ганиев	PROPER_NAME
ганижев	PROPER_NAME
ганий	PROPER_NAME
ганин	PROPER_NAME
ганина	PROPER_NAME
ганис	PROPER_NAME
ганифа	PROPER_NAME
ганицев	PROPER_NAME
ганичев	PROPER_NAME
гания	PROPER_NAME
ганкин	PROPER_NAME
ганна	PROPER_NAME
ганс	PROPER_NAME
гантман	PROPER_NAME
ганчин	PROPER_NAME
ганчук	PROPER_NAME
ганых	PROPER_NAME
ганьжов	PROPER_NAME
ганюшин	PROPER_NAME
ганя	PROPER_NAME
гаолина	PROPER_NAME
гапан	PROPER_NAME
гапеев	PROPER_NAME
гапия	PROPER_NAME
гапка	PROPER_NAME
гапо	PROPER_NAME
гапон	PROPER_NAME
гапонов	PROPER_NAME
гапонюк	PROPER_NAME
гаппар	PROPER_NAME
гапур	PROPER_NAME
гапчук	PROPER_NAME
гараев	PROPER_NAME
гарай	PROPER_NAME
гаральд	PROPER_NAME
гарамов	PROPER_NAME
гаран	PROPER_NAME
гаранян	PROPER_NAME
гарас	PROPER_NAME
гарафей	PROPER_NAME
гарафий	PROPER_NAME
гарафил	PROPER_NAME
гарвард	PROPER_NAME
гардая	PROPER_NAME
гардез	PROPER_NAME
гарди	PROPER_NAME
гарднер	PROPER_NAME
гарев	PROPER_NAME
гареген	PROPER_NAME
гарегий	PROPER_NAME
гарегин	PROPER_NAME
гареев	PROPER_NAME
гарей	PROPER_NAME
гарекин	PROPER_NAME
гарета	PROPER_NAME
гари	PROPER_NAME
гариев	PROPER_NAME
гарий	PROPER_NAME
гарик	PROPER_NAME
гарин	PROPER_NAME
гарип	PROPER_NAME
гарипов	PROPER_NAME
гарита	PROPER_NAME
гариф	PROPER_NAME
гарифа	PROPER_NAME
гарлем	PROPER_NAME
гармаев	PROPER_NAME
гарник	PROPER_NAME
гарнов	PROPER_NAME
гарнук	PROPER_NAME
гарольд	PROPER_NAME
гаронна	PROPER_NAME
гарпина	PROPER_NAME
гарри	PROPER_NAME
гаррий	PROPER_NAME
гаррис	PROPER_NAME
гарсиа	PROPER_NAME
гарсия	PROPER_NAME
гартвиг	PROPER_NAME
гартунг	PROPER_NAME
гарун	PROPER_NAME
гаруш	PROPER_NAME
гарушев	PROPER_NAME
гаршин	PROPER_NAME
гарькин	PROPER_NAME
гарюгин	PROPER_NAME
гарягды	PROPER_NAME
гаряев	PROPER_NAME
гаряй	PROPER_NAME
гасаев	PROPER_NAME
гасан	PROPER_NAME
гасанов	PROPER_NAME
гасия	PROPER_NAME
гаскира	PROPER_NAME
гаспар	PROPER_NAME
гасрат	PROPER_NAME
гастев	PROPER_NAME
гаськов	PROPER_NAME
гата	PROPER_NAME
гатап	PROPER_NAME
гатаул	PROPER_NAME
гатуф	PROPER_NAME
гатчина	PROPER_NAME
гаугар	PROPER_NAME
гаусс	PROPER_NAME
гауф	PROPER_NAME
гаухар	PROPER_NAME
гауя	PROPER_NAME
гафар	PROPER_NAME
гафаров	PROPER_NAME
гафира	PROPER_NAME
гафиря	PROPER_NAME
гафифа	PROPER_NAME
гафия	PROPER_NAME
гафт	PROPER_NAME
гафур	PROPER_NAME
гафуров	PROPER_NAME
гаффа	PROPER_NAME
гаффар	PROPER_NAME
гафья	PROPER_NAME
гаценко	PROPER_NAME
гачурин	PROPER_NAME
гашек	PROPER_NAME
гашимов	PROPER_NAME
гашков	PROPER_NAME
гашунин	PROPER_NAME
гаяз	PROPER_NAME
гаязов	PROPER_NAME
гаян	PROPER_NAME
гаяна	PROPER_NAME
гаяне	PROPER_NAME
гаянна	PROPER_NAME
гаянэ	PROPER_NAME
гаяр	PROPER_NAME
гбайя	PROPER_NAME
гвиана	PROPER_NAME
гвидо	PROPER_NAME
гвидон	PROPER_NAME
гвинея	PROPER_NAME
гвоздев	PROPER_NAME
гвоздин	PROPER_NAME
гдалий	PROPER_NAME
гдаля	PROPER_NAME
гданьск	PROPER_NAME
гдлян	PROPER_NAME
гдов	PROPER_NAME
гдыня	PROPER_NAME
гебхард	PROPER_NAME
геварт	PROPER_NAME
гевен	PROPER_NAME
гевонд	PROPER_NAME
геворг	PROPER_NAME
геворик	PROPER_NAME
геворк	PROPER_NAME
геворт	PROPER_NAME
геворх	PROPER_NAME
гегель	PROPER_NAME
гегнер	PROPER_NAME
гедалий	PROPER_NAME
гедалья	PROPER_NAME
гедвига	PROPER_NAME
гедеван	PROPER_NAME
гедевон	PROPER_NAME
гедеон	PROPER_NAME
гедион	PROPER_NAME
гедрюс	PROPER_NAME
геза	PROPER_NAME
гезович	PROPER_NAME
гейберг	PROPER_NAME
гейдар	PROPER_NAME
гейдур	PROPER_NAME
гейза	PROPER_NAME
гейман	PROPER_NAME
гейне	PROPER_NAME
гейних	PROPER_NAME
гейнрих	PROPER_NAME
гейнц	PROPER_NAME
гейран	PROPER_NAME
гейрат	PROPER_NAME
гейс	PROPER_NAME
гейслер	PROPER_NAME
гейтс	PROPER_NAME
гейхман	PROPER_NAME
гейя	PROPER_NAME
гекович	PROPER_NAME
гектор	PROPER_NAME
гекчек	PROPER_NAME
гелана	PROPER_NAME
геларий	PROPER_NAME
гелгена	PROPER_NAME
гелена	PROPER_NAME
гелерия	PROPER_NAME
гелиана	PROPER_NAME
гелиард	PROPER_NAME
гелин	PROPER_NAME
гелиона	PROPER_NAME
гелиос	PROPER_NAME
гелира	PROPER_NAME
гелиса	PROPER_NAME
гелита	PROPER_NAME
гелия	PROPER_NAME
гелла	PROPER_NAME
геллерт	PROPER_NAME
гелона	PROPER_NAME
гелсиря	PROPER_NAME
гелсия	PROPER_NAME
гелфия	PROPER_NAME
гельга	PROPER_NAME
гельды	PROPER_NAME
гельма	PROPER_NAME
гельман	PROPER_NAME
гельмут	PROPER_NAME
гельсия	PROPER_NAME
гельфия	PROPER_NAME
гельцер	PROPER_NAME
гелюся	PROPER_NAME
гена	PROPER_NAME
генадий	PROPER_NAME
генаефа	PROPER_NAME
генаида	PROPER_NAME
гендрик	PROPER_NAME
гендрих	PROPER_NAME
генера	PROPER_NAME
генеса	PROPER_NAME
генефа	PROPER_NAME
генин	PROPER_NAME
генка	PROPER_NAME
генний	PROPER_NAME
геноефа	PROPER_NAME
геноэфа	PROPER_NAME
генрида	PROPER_NAME
генрик	PROPER_NAME
генрика	PROPER_NAME
генрита	PROPER_NAME
генрих	PROPER_NAME
гент	PROPER_NAME
генуэфа	PROPER_NAME
генуя	PROPER_NAME
геня	PROPER_NAME
геогий	PROPER_NAME
геогина	PROPER_NAME
геокчай	PROPER_NAME
геомаш	PROPER_NAME
геонефа	PROPER_NAME
георг	PROPER_NAME
георге	PROPER_NAME
георгес	PROPER_NAME
георги	PROPER_NAME
георгий	PROPER_NAME
георгис	PROPER_NAME
георгиц	PROPER_NAME
георгия	PROPER_NAME
георий	PROPER_NAME
гера	PROPER_NAME
герадий	PROPER_NAME
гераида	PROPER_NAME
гераина	PROPER_NAME
гераиса	PROPER_NAME
герайда	PROPER_NAME
геракл	PROPER_NAME
геральд	PROPER_NAME
герард	PROPER_NAME
герасий	PROPER_NAME
герасим	PROPER_NAME
герасюк	PROPER_NAME
герат	PROPER_NAME
гербер	PROPER_NAME
герберг	PROPER_NAME
герберт	PROPER_NAME
гергана	PROPER_NAME
гергард	PROPER_NAME
гергиев	PROPER_NAME
гергий	PROPER_NAME
гергина	PROPER_NAME
герд	PROPER_NAME
герда	PROPER_NAME
гердт	PROPER_NAME
герек	PROPER_NAME
герий	PROPER_NAME
герик	PROPER_NAME
герина	PROPER_NAME
геринг	PROPER_NAME
герих	PROPER_NAME
геркен	PROPER_NAME
герлина	PROPER_NAME
герлянц	PROPER_NAME
герман	PROPER_NAME
германа	PROPER_NAME
германн	PROPER_NAME
германс	PROPER_NAME
гермаш	PROPER_NAME
гермес	PROPER_NAME
гермин	PROPER_NAME
гермина	PROPER_NAME
гернси	PROPER_NAME
герогий	PROPER_NAME
геродот	PROPER_NAME
героид	PROPER_NAME
героида	PROPER_NAME
герольд	PROPER_NAME
герон	PROPER_NAME
героний	PROPER_NAME
героним	PROPER_NAME
герргий	PROPER_NAME
герт	PROPER_NAME
герта	PROPER_NAME
гертнер	PROPER_NAME
герфан	PROPER_NAME
герхард	PROPER_NAME
герца	PROPER_NAME
герцен	PROPER_NAME
герш	PROPER_NAME
гершин	PROPER_NAME
гершк	PROPER_NAME
гершко	PROPER_NAME
гершман	PROPER_NAME
гершон	PROPER_NAME
гершуни	PROPER_NAME
гессен	PROPER_NAME
геся	PROPER_NAME
гетруда	PROPER_NAME
гетта	PROPER_NAME
гефтер	PROPER_NAME
гехт	PROPER_NAME
гецман	PROPER_NAME
гжелка	PROPER_NAME
гжель	PROPER_NAME
гиаевич	PROPER_NAME
гиберт	PROPER_NAME
гиви	PROPER_NAME
гиворг	PROPER_NAME
гигор	PROPER_NAME
гигорий	PROPER_NAME
гигран	PROPER_NAME
гидалий	PROPER_NAME
гиджран	PROPER_NAME
гидон	PROPER_NAME
гизар	PROPER_NAME
гизела	PROPER_NAME
гизелла	PROPER_NAME
гизель	PROPER_NAME
гизеля	PROPER_NAME
гикмет	PROPER_NAME
гиколай	PROPER_NAME
гилазов	PROPER_NAME
гилал	PROPER_NAME
гилана	PROPER_NAME
гиланий	PROPER_NAME
гиларий	PROPER_NAME
гилев	PROPER_NAME
гилевка	PROPER_NAME
гиленко	PROPER_NAME
гилик	PROPER_NAME
гилле	PROPER_NAME
гиллер	PROPER_NAME
гилмор	PROPER_NAME
гильбух	PROPER_NAME
гильда	PROPER_NAME
гильман	PROPER_NAME
гильфан	PROPER_NAME
гилядов	PROPER_NAME
гилязев	PROPER_NAME
гилярий	PROPER_NAME
гималаи	PROPER_NAME
гимат	PROPER_NAME
гимбат	PROPER_NAME
гиммлер	PROPER_NAME
гимран	PROPER_NAME
гинадий	PROPER_NAME
гинаида	PROPER_NAME
гингер	PROPER_NAME
гиндин	PROPER_NAME
гинесин	PROPER_NAME
гинесса	PROPER_NAME
гиният	PROPER_NAME
гиннес	PROPER_NAME
гинтаре	PROPER_NAME
гинько	PROPER_NAME
гиорги	PROPER_NAME
гиппиус	PROPER_NAME
гиренко	PROPER_NAME
гирин	PROPER_NAME
гиркин	PROPER_NAME
гирник	PROPER_NAME
гирфан	PROPER_NAME
гирш	PROPER_NAME
гита	PROPER_NAME
гитин	PROPER_NAME
гитис	PROPER_NAME
гитлер	PROPER_NAME
гичев	PROPER_NAME
гичкин	PROPER_NAME
гишер	PROPER_NAME
гияевич	PROPER_NAME
гияз	PROPER_NAME
гиям	PROPER_NAME
гияс	PROPER_NAME
гкап	PROPER_NAME
гкчп	PROPER_NAME
гкэс	PROPER_NAME
гладеев	PROPER_NAME
гладин	PROPER_NAME
гладков	PROPER_NAME
гладнев	PROPER_NAME
гладун	PROPER_NAME
глазго	PROPER_NAME
глазков	PROPER_NAME
глазнев	PROPER_NAME
глазов	PROPER_NAME
глазун	PROPER_NAME
глазьев	PROPER_NAME
глара	PROPER_NAME
глафина	PROPER_NAME
глафира	PROPER_NAME
глаша	PROPER_NAME
глеб	PROPER_NAME
глебка	PROPER_NAME
глебов	PROPER_NAME
глена	PROPER_NAME
гливице	PROPER_NAME
гливко	PROPER_NAME
глиер	PROPER_NAME
глинер	PROPER_NAME
глинкин	PROPER_NAME
глинчак	PROPER_NAME
глира	PROPER_NAME
глитчан	PROPER_NAME
глобино	PROPER_NAME
гломма	PROPER_NAME
глорий	PROPER_NAME
глотов	PROPER_NAME
глофира	PROPER_NAME
глузман	PROPER_NAME
глумов	PROPER_NAME
глухман	PROPER_NAME
глухов	PROPER_NAME
глушица	PROPER_NAME
глушко	PROPER_NAME
глушков	PROPER_NAME
глушнев	PROPER_NAME
глушук	PROPER_NAME
глущак	PROPER_NAME
глыбин	PROPER_NAME
глянцев	PROPER_NAME
гмии	PROPER_NAME
гмыря	PROPER_NAME
гнат	PROPER_NAME
гнатюк	PROPER_NAME
гнедков	PROPER_NAME
гнел	PROPER_NAME
гнесин	PROPER_NAME
гнеушев	PROPER_NAME
гнивань	PROPER_NAME
гниимаш	PROPER_NAME
гнусин	PROPER_NAME
гнутов	PROPER_NAME
гоар	PROPER_NAME
гоарик	PROPER_NAME
гоби	PROPER_NAME
гобия	PROPER_NAME
говард	PROPER_NAME
говерла	PROPER_NAME
говик	PROPER_NAME
говорин	PROPER_NAME
говоров	PROPER_NAME
говхер	PROPER_NAME
гога	PROPER_NAME
гогар	PROPER_NAME
гогарик	PROPER_NAME
гоген	PROPER_NAME
гоги	PROPER_NAME
гогович	PROPER_NAME
гоголев	PROPER_NAME
гоголин	PROPER_NAME
гоголь	PROPER_NAME
гоготин	PROPER_NAME
гоготов	PROPER_NAME
годар	PROPER_NAME
годель	PROPER_NAME
годенко	PROPER_NAME
годжиев	PROPER_NAME
годков	PROPER_NAME
годман	PROPER_NAME
годунов	PROPER_NAME
гознак	PROPER_NAME
гойя	PROPER_NAME
голам	PROPER_NAME
голан	PROPER_NAME
голдин	PROPER_NAME
голдман	PROPER_NAME
голенко	PROPER_NAME
голиков	PROPER_NAME
голицын	PROPER_NAME
голов	PROPER_NAME
головин	PROPER_NAME
голубев	PROPER_NAME
голубов	PROPER_NAME
голунов	PROPER_NAME
голушко	PROPER_NAME
голынко	PROPER_NAME
голышев	PROPER_NAME
голышин	PROPER_NAME
гольда	PROPER_NAME
гольдин	PROPER_NAME
гольман	PROPER_NAME
гольцер	PROPER_NAME
гольцов	PROPER_NAME
голюк	PROPER_NAME
голяков	PROPER_NAME
голяшов	PROPER_NAME
гоман	PROPER_NAME
гоманюк	PROPER_NAME
гомель	PROPER_NAME
гоменюк	PROPER_NAME
гомера	PROPER_NAME
гомес	PROPER_NAME
гомзин	PROPER_NAME
гонели	PROPER_NAME
гонконг	PROPER_NAME
гонорий	PROPER_NAME
гопчик	PROPER_NAME
горальд	PROPER_NAME
горан	PROPER_NAME
гораций	PROPER_NAME
горбов	PROPER_NAME
горгий	PROPER_NAME
гордана	PROPER_NAME
гордеев	PROPER_NAME
гордий	PROPER_NAME
горев	PROPER_NAME
горелик	PROPER_NAME
горелов	PROPER_NAME
гори	PROPER_NAME
горий	PROPER_NAME
горик	PROPER_NAME
гориков	PROPER_NAME
горимир	PROPER_NAME
горин	PROPER_NAME
горина	PROPER_NAME
горис	PROPER_NAME
горицк	PROPER_NAME
гория	PROPER_NAME
горки	PROPER_NAME
горкин	PROPER_NAME
горкун	PROPER_NAME
горлин	PROPER_NAME
горлово	PROPER_NAME
гормаш	PROPER_NAME
гормост	PROPER_NAME
горобец	PROPER_NAME
горович	PROPER_NAME
городец	PROPER_NAME
городня	PROPER_NAME
городов	PROPER_NAME
горольд	PROPER_NAME
горохов	PROPER_NAME
горощук	PROPER_NAME
горпина	PROPER_NAME
горпына	PROPER_NAME
горск	PROPER_NAME
горсков	PROPER_NAME
горское	PROPER_NAME
горстин	PROPER_NAME
горторг	PROPER_NAME
горшков	PROPER_NAME
горынин	PROPER_NAME
горынь	PROPER_NAME
горышин	PROPER_NAME
горький	PROPER_NAME
горьков	PROPER_NAME
горюнов	PROPER_NAME
горюхин	PROPER_NAME
горюшин	PROPER_NAME
горяев	PROPER_NAME
горякин	PROPER_NAME
горячев	PROPER_NAME
горяшин	PROPER_NAME
госдеп	PROPER_NAME
госдума	PROPER_NAME
госкино	PROPER_NAME
госметр	PROPER_NAME
госнии	PROPER_NAME
гостев	PROPER_NAME
гостиев	PROPER_NAME
гостьев	PROPER_NAME
готланд	PROPER_NAME
готлиб	PROPER_NAME
готлип	PROPER_NAME
готфрид	PROPER_NAME
гофар	PROPER_NAME
гофик	PROPER_NAME
гофман	PROPER_NAME
гохман	PROPER_NAME
гохран	PROPER_NAME
гоча	PROPER_NAME
гочевич	PROPER_NAME
гоша	PROPER_NAME
гошадзе	PROPER_NAME
гошка	PROPER_NAME
гояр	PROPER_NAME
гоярик	PROPER_NAME
грабцев	PROPER_NAME
грабчук	PROPER_NAME
гражина	PROPER_NAME
грамин	PROPER_NAME
гранада	PROPER_NAME
гранида	PROPER_NAME
гранин	PROPER_NAME
гранита	PROPER_NAME
гранкин	PROPER_NAME
гранков	PROPER_NAME
гранов	PROPER_NAME
графида	PROPER_NAME
графина	PROPER_NAME
графира	PROPER_NAME
грахов	PROPER_NAME
грац	PROPER_NAME
грачик	PROPER_NAME
грачёв	PROPER_NAME
гребнев	PROPER_NAME
грег	PROPER_NAME
грегор	PROPER_NAME
грегори	PROPER_NAME
грей	PROPER_NAME
грейс	PROPER_NAME
грейта	PROPER_NAME
греков	PROPER_NAME
гренада	PROPER_NAME
грета	PROPER_NAME
гретель	PROPER_NAME
гретта	PROPER_NAME
гретхен	PROPER_NAME
греф	PROPER_NAME
грехов	PROPER_NAME
греция	PROPER_NAME
гречкин	PROPER_NAME
гречко	PROPER_NAME
гречнев	PROPER_NAME
грешнов	PROPER_NAME
грибков	PROPER_NAME
грибов	PROPER_NAME
григ	PROPER_NAME
григор	PROPER_NAME
григрий	PROPER_NAME
гридин	PROPER_NAME
гриднев	PROPER_NAME
гридчин	PROPER_NAME
грижина	PROPER_NAME
гримм	PROPER_NAME
гримсби	PROPER_NAME
грин	PROPER_NAME
гринада	PROPER_NAME
гринвич	PROPER_NAME
гринин	PROPER_NAME
гринкин	PROPER_NAME
гринман	PROPER_NAME
гринчук	PROPER_NAME
гринька	PROPER_NAME
гринько	PROPER_NAME
гринюк	PROPER_NAME
гринёв	PROPER_NAME
грита	PROPER_NAME
гритта	PROPER_NAME
гриффин	PROPER_NAME
грицаев	PROPER_NAME
грицик	PROPER_NAME
грицко	PROPER_NAME
грицов	PROPER_NAME
грицько	PROPER_NAME
грицюк	PROPER_NAME
гричук	PROPER_NAME
гриша	PROPER_NAME
гришаев	PROPER_NAME
гришак	PROPER_NAME
гришин	PROPER_NAME
гришка	PROPER_NAME
гришков	PROPER_NAME
гришов	PROPER_NAME
гродно	PROPER_NAME
грожан	PROPER_NAME
грознии	PROPER_NAME
грозный	PROPER_NAME
громик	PROPER_NAME
громков	PROPER_NAME
громов	PROPER_NAME
громыко	PROPER_NAME
гроут	PROPER_NAME
грошев	PROPER_NAME
грубер	PROPER_NAME
грубин	PROPER_NAME
грудкин	PROPER_NAME
груднов	PROPER_NAME
груздев	PROPER_NAME
груздов	PROPER_NAME
грузия	PROPER_NAME
грулев	PROPER_NAME
грумков	PROPER_NAME
грунин	PROPER_NAME
грушин	PROPER_NAME
грушко	PROPER_NAME
грущак	PROPER_NAME
грызлов	PROPER_NAME
грэйс	PROPER_NAME
грэм	PROPER_NAME
грэс	PROPER_NAME
грэта	PROPER_NAME
грядкин	PROPER_NAME
грязев	PROPER_NAME
грязин	PROPER_NAME
грязнов	PROPER_NAME
гтрк	PROPER_NAME
гуам	PROPER_NAME
гуарда	PROPER_NAME
губакин	PROPER_NAME
губанов	PROPER_NAME
губарев	PROPER_NAME
губаха	PROPER_NAME
губачев	PROPER_NAME
губенко	PROPER_NAME
губец	PROPER_NAME
губин	PROPER_NAME
губкин	PROPER_NAME
гувд	PROPER_NAME
гугкаев	PROPER_NAME
гугл	PROPER_NAME
гугович	PROPER_NAME
гугон	PROPER_NAME
гудаута	PROPER_NAME
гудев	PROPER_NAME
гуденко	PROPER_NAME
гудзий	PROPER_NAME
гудилин	PROPER_NAME
гудин	PROPER_NAME
гудини	PROPER_NAME
гудков	PROPER_NAME
гудман	PROPER_NAME
гудошин	PROPER_NAME
гудрат	PROPER_NAME
гужавин	PROPER_NAME
гужва	PROPER_NAME
гужвин	PROPER_NAME
гузаль	PROPER_NAME
гузалья	PROPER_NAME
гузанов	PROPER_NAME
гузар	PROPER_NAME
гузеев	PROPER_NAME
гузелия	PROPER_NAME
гузель	PROPER_NAME
гузенко	PROPER_NAME
гузиков	PROPER_NAME
гузэлия	PROPER_NAME
гузялия	PROPER_NAME
гузяль	PROPER_NAME
гуйнара	PROPER_NAME
гукежев	PROPER_NAME
гуков	PROPER_NAME
гуково	PROPER_NAME
гулаев	PROPER_NAME
гулаим	PROPER_NAME
гулам	PROPER_NAME
гулбене	PROPER_NAME
гулиа	PROPER_NAME
гуливер	PROPER_NAME
гулидов	PROPER_NAME
гулиев	PROPER_NAME
гулизар	PROPER_NAME
гуликов	PROPER_NAME
гулимов	PROPER_NAME
гулин	PROPER_NAME
гулия	PROPER_NAME
гулом	PROPER_NAME
гулыга	PROPER_NAME
гулынин	PROPER_NAME
гульара	PROPER_NAME
гульжия	PROPER_NAME
гульзар	PROPER_NAME
гулькай	PROPER_NAME
гулько	PROPER_NAME
гульман	PROPER_NAME
гульнур	PROPER_NAME
гульсем	PROPER_NAME
гультан	PROPER_NAME
гульфия	PROPER_NAME
гульчак	PROPER_NAME
гульшан	PROPER_NAME
гульшат	PROPER_NAME
гульшин	PROPER_NAME
гулюк	PROPER_NAME
гуляев	PROPER_NAME
гуляево	PROPER_NAME
гуляков	PROPER_NAME
гуляшко	PROPER_NAME
гулящев	PROPER_NAME
гумаров	PROPER_NAME
гумелев	PROPER_NAME
гуменка	PROPER_NAME
гуменюк	PROPER_NAME
гумер	PROPER_NAME
гумилёв	PROPER_NAME
гумир	PROPER_NAME
гумиров	PROPER_NAME
гумиста	PROPER_NAME
гумрак	PROPER_NAME
гуназов	PROPER_NAME
гунала	PROPER_NAME
гунбин	PROPER_NAME
гунгаев	PROPER_NAME
гунда	PROPER_NAME
гундега	PROPER_NAME
гундяев	PROPER_NAME
гунель	PROPER_NAME
гунефа	PROPER_NAME
гуниб	PROPER_NAME
гуннар	PROPER_NAME
гунт	PROPER_NAME
гунтис	PROPER_NAME
гурам	PROPER_NAME
гурами	PROPER_NAME
гурат	PROPER_NAME
гурген	PROPER_NAME
гуревич	PROPER_NAME
гуреев	PROPER_NAME
гурей	PROPER_NAME
гурен	PROPER_NAME
гуреш	PROPER_NAME
гурзуф	PROPER_NAME
гуридов	PROPER_NAME
гуриев	PROPER_NAME
гурий	PROPER_NAME
гурилов	PROPER_NAME
гурин	PROPER_NAME
гуринов	PROPER_NAME
гуркин	PROPER_NAME
гурко	PROPER_NAME
гурков	PROPER_NAME
гурнов	PROPER_NAME
гуров	PROPER_NAME
гурон	PROPER_NAME
гуртман	PROPER_NAME
гуртов	PROPER_NAME
гуртуев	PROPER_NAME
гуртьев	PROPER_NAME
гурулев	PROPER_NAME
гурусин	PROPER_NAME
гурчин	PROPER_NAME
гурылев	PROPER_NAME
гурьев	PROPER_NAME
гусаев	PROPER_NAME
гусаков	PROPER_NAME
гусаров	PROPER_NAME
гусарук	PROPER_NAME
гусев	PROPER_NAME
гусевка	PROPER_NAME
гусейн	PROPER_NAME
гусенко	PROPER_NAME
гусиха	PROPER_NAME
гусихин	PROPER_NAME
гусман	PROPER_NAME
гусов	PROPER_NAME
густав	PROPER_NAME
густава	PROPER_NAME
густаво	PROPER_NAME
густов	PROPER_NAME
густоев	PROPER_NAME
гусынин	PROPER_NAME
гуськов	PROPER_NAME
гутман	PROPER_NAME
гутник	PROPER_NAME
гуторов	PROPER_NAME
гуцало	PROPER_NAME
гуцалов	PROPER_NAME
гуценко	PROPER_NAME
гуцолюк	PROPER_NAME
гуцулюк	PROPER_NAME
гуцуляк	PROPER_NAME
гучев	PROPER_NAME
гученко	PROPER_NAME
гущев	PROPER_NAME
гущин	PROPER_NAME
гуякиль	PROPER_NAME
гэри	PROPER_NAME
гюго	PROPER_NAME
гюзалия	PROPER_NAME
гюзел	PROPER_NAME
гюзелия	PROPER_NAME
гюзель	PROPER_NAME
гюзэль	PROPER_NAME
гюзяль	PROPER_NAME
гюлай	PROPER_NAME
гюлнара	PROPER_NAME
гюлхар	PROPER_NAME
гюльнар	PROPER_NAME
гюмри	PROPER_NAME
гюнай	PROPER_NAME
гюнтер	PROPER_NAME
гянджа	PROPER_NAME
гёкхан	PROPER_NAME
гёрлиц	PROPER_NAME
гёте	PROPER_NAME
давао	PROPER_NAME
давей	PROPER_NAME
давид	PROPER_NAME
давида	PROPER_NAME
давидюк	PROPER_NAME
давила	PROPER_NAME
давия	PROPER_NAME
давлад	PROPER_NAME
давлат	PROPER_NAME
давлет	PROPER_NAME
давос	PROPER_NAME
давран	PROPER_NAME
даврон	PROPER_NAME
давуд	PROPER_NAME
давыд	PROPER_NAME
давыдов	PROPER_NAME
давыдюк	PROPER_NAME
дагаев	PROPER_NAME
даган	PROPER_NAME
даггаз	PROPER_NAME
дагит	PROPER_NAME
дагия	PROPER_NAME
даглар	PROPER_NAME
дагмар	PROPER_NAME
дагмара	PROPER_NAME
дагния	PROPER_NAME
дагомыс	PROPER_NAME
дагрыба	PROPER_NAME
дада	PROPER_NAME
дадаев	PROPER_NAME
дадашев	PROPER_NAME
дадли	PROPER_NAME
дадонов	PROPER_NAME
даев	PROPER_NAME
дазмира	PROPER_NAME
даима	PROPER_NAME
даина	PROPER_NAME
даирбек	PROPER_NAME
даиса	PROPER_NAME
дайана	PROPER_NAME
дайбов	PROPER_NAME
дайва	PROPER_NAME
дайга	PROPER_NAME
дайнес	PROPER_NAME
дайнис	PROPER_NAME
дакалин	PROPER_NAME
дакар	PROPER_NAME
дакка	PROPER_NAME
дакота	PROPER_NAME
далай	PROPER_NAME
далат	PROPER_NAME
далбаев	PROPER_NAME
далер	PROPER_NAME
дали	PROPER_NAME
далида	PROPER_NAME
далий	PROPER_NAME
далила	PROPER_NAME
далин	PROPER_NAME
далиния	PROPER_NAME
далира	PROPER_NAME
даллас	PROPER_NAME
дальва	PROPER_NAME
дальлес	PROPER_NAME
далья	PROPER_NAME
даляль	PROPER_NAME
даляна	PROPER_NAME
далянь	PROPER_NAME
даманов	PROPER_NAME
дамар	PROPER_NAME
дамара	PROPER_NAME
дамед	PROPER_NAME
дамеля	PROPER_NAME
дамет	PROPER_NAME
дамиан	PROPER_NAME
дамиля	PROPER_NAME
дамир	PROPER_NAME
дамира	PROPER_NAME
даммам	PROPER_NAME
дамодар	PROPER_NAME
дана	PROPER_NAME
данаида	PROPER_NAME
дананг	PROPER_NAME
данара	PROPER_NAME
данат	PROPER_NAME
даната	PROPER_NAME
данатар	PROPER_NAME
данатор	PROPER_NAME
даная	PROPER_NAME
данбар	PROPER_NAME
данг	PROPER_NAME
данелия	PROPER_NAME
данелюк	PROPER_NAME
данеля	PROPER_NAME
данета	PROPER_NAME
данзан	PROPER_NAME
данида	PROPER_NAME
даниев	PROPER_NAME
даниел	PROPER_NAME
даниела	PROPER_NAME
даниель	PROPER_NAME
даниер	PROPER_NAME
даниил	PROPER_NAME
даниила	PROPER_NAME
даний	PROPER_NAME
даника	PROPER_NAME
данил	PROPER_NAME
данила	PROPER_NAME
данилин	PROPER_NAME
данилия	PROPER_NAME
данилл	PROPER_NAME
данилла	PROPER_NAME
данило	PROPER_NAME
данилов	PROPER_NAME
даниль	PROPER_NAME
данилюк	PROPER_NAME
даниля	PROPER_NAME
данин	PROPER_NAME
данина	PROPER_NAME
данира	PROPER_NAME
даниря	PROPER_NAME
даниса	PROPER_NAME
данися	PROPER_NAME
данита	PROPER_NAME
даниш	PROPER_NAME
даниэл	PROPER_NAME
даниэла	PROPER_NAME
даниэль	PROPER_NAME
дания	PROPER_NAME
даниял	PROPER_NAME
даниян	PROPER_NAME
данияр	PROPER_NAME
данка	PROPER_NAME
данко	PROPER_NAME
данков	PROPER_NAME
данна	PROPER_NAME
данович	PROPER_NAME
данте	PROPER_NAME
дантес	PROPER_NAME
дантон	PROPER_NAME
дануся	PROPER_NAME
данута	PROPER_NAME
дануте	PROPER_NAME
даншин	PROPER_NAME
данька	PROPER_NAME
даньшин	PROPER_NAME
данья	PROPER_NAME
данюков	PROPER_NAME
даня	PROPER_NAME
дапкау	PROPER_NAME
дарвин	PROPER_NAME
дариан	PROPER_NAME
дарида	PROPER_NAME
дарий	PROPER_NAME
дарина	PROPER_NAME
дариса	PROPER_NAME
дарита	PROPER_NAME
дария	PROPER_NAME
дарлинг	PROPER_NAME
дарма	PROPER_NAME
даррен	PROPER_NAME
дартмут	PROPER_NAME
дархан	PROPER_NAME
даршан	PROPER_NAME
дарымов	PROPER_NAME
дарьин	PROPER_NAME
дарькин	PROPER_NAME
дарья	PROPER_NAME
дарьял	PROPER_NAME
дарьяна	PROPER_NAME
дасий	PROPER_NAME
дасим	PROPER_NAME
дасия	PROPER_NAME
дася	PROPER_NAME
датико	PROPER_NAME
датуна	PROPER_NAME
датуша	PROPER_NAME
даугава	PROPER_NAME
даугай	PROPER_NAME
дауд	PROPER_NAME
дауда	PROPER_NAME
даулет	PROPER_NAME
даур	PROPER_NAME
даурбек	PROPER_NAME
даурия	PROPER_NAME
дауркин	PROPER_NAME
дауров	PROPER_NAME
даут	PROPER_NAME
даутов	PROPER_NAME
дафалла	PROPER_NAME
дафина	PROPER_NAME
дафна	PROPER_NAME
дафнис	PROPER_NAME
дахия	PROPER_NAME
даце	PROPER_NAME
даценко	PROPER_NAME
даша	PROPER_NAME
дашиев	PROPER_NAME
дашипыл	PROPER_NAME
дашичев	PROPER_NAME
дашка	PROPER_NAME
дашков	PROPER_NAME
дашутин	PROPER_NAME
дащенко	PROPER_NAME
даян	PROPER_NAME
даяна	PROPER_NAME
двейра	PROPER_NAME
двина	PROPER_NAME
двинье	PROPER_NAME
двойра	PROPER_NAME
дворкин	PROPER_NAME
двося	PROPER_NAME
деалина	PROPER_NAME
деанна	PROPER_NAME
дебора	PROPER_NAME
дебра	PROPER_NAME
девид	PROPER_NAME
девлет	PROPER_NAME
девора	PROPER_NAME
девятов	PROPER_NAME
дега	PROPER_NAME
дегаев	PROPER_NAME
дедаев	PROPER_NAME
дедал	PROPER_NAME
деденев	PROPER_NAME
дедиков	PROPER_NAME
дединов	PROPER_NAME
дедков	PROPER_NAME
дедовск	PROPER_NAME
дедуров	PROPER_NAME
дедух	PROPER_NAME
дедюгин	PROPER_NAME
дедюрин	PROPER_NAME
дедюхин	PROPER_NAME
деев	PROPER_NAME
дежкин	PROPER_NAME
дежнёв	PROPER_NAME
дейвид	PROPER_NAME
дейвис	PROPER_NAME
дейгин	PROPER_NAME
дейкин	PROPER_NAME
дейлин	PROPER_NAME
дейнека	PROPER_NAME
дейтон	PROPER_NAME
дейч	PROPER_NAME
декарт	PROPER_NAME
делера	PROPER_NAME
дели	PROPER_NAME
делидов	PROPER_NAME
делий	PROPER_NAME
делина	PROPER_NAME
делор	PROPER_NAME
делора	PROPER_NAME
делфт	PROPER_NAME
дельфы	PROPER_NAME
делюкин	PROPER_NAME
делягин	PROPER_NAME
деляра	PROPER_NAME
демед	PROPER_NAME
демедюк	PROPER_NAME
деменск	PROPER_NAME
деметер	PROPER_NAME
демид	PROPER_NAME
демидов	PROPER_NAME
демидюк	PROPER_NAME
демир	PROPER_NAME
демира	PROPER_NAME
демис	PROPER_NAME
демичев	PROPER_NAME
демков	PROPER_NAME
демна	PROPER_NAME
демович	PROPER_NAME
демур	PROPER_NAME
демура	PROPER_NAME
демчин	PROPER_NAME
демчук	PROPER_NAME
демьян	PROPER_NAME
демян	PROPER_NAME
денаида	PROPER_NAME
денау	PROPER_NAME
денвер	PROPER_NAME
денгиз	PROPER_NAME
дени	PROPER_NAME
дениз	PROPER_NAME
дениза	PROPER_NAME
деникин	PROPER_NAME
денис	PROPER_NAME
денисий	PROPER_NAME
денисия	PROPER_NAME
дениск	PROPER_NAME
денисов	PROPER_NAME
денисюк	PROPER_NAME
дения	PROPER_NAME
денни	PROPER_NAME
деннис	PROPER_NAME
денович	PROPER_NAME
деонид	PROPER_NAME
деонида	PROPER_NAME
деониз	PROPER_NAME
деониза	PROPER_NAME
деонис	PROPER_NAME
дербент	PROPER_NAME
дервиз	PROPER_NAME
дергачи	PROPER_NAME
дерек	PROPER_NAME
дереник	PROPER_NAME
держиев	PROPER_NAME
дерк	PROPER_NAME
деркач	PROPER_NAME
деркул	PROPER_NAME
дерунов	PROPER_NAME
дерюгин	PROPER_NAME
дерябин	PROPER_NAME
дерягин	PROPER_NAME
десанка	PROPER_NAME
десмонд	PROPER_NAME
деснина	PROPER_NAME
деспина	PROPER_NAME
десятов	PROPER_NAME
детройт	PROPER_NAME
дефо	PROPER_NAME
дехкан	PROPER_NAME
дехтяр	PROPER_NAME
дечебал	PROPER_NAME
дечко	PROPER_NAME
дещекин	PROPER_NAME
джабар	PROPER_NAME
джаббар	PROPER_NAME
джаббор	PROPER_NAME
джабер	PROPER_NAME
джабир	PROPER_NAME
джавад	PROPER_NAME
джавгар	PROPER_NAME
джавдат	PROPER_NAME
джавдет	PROPER_NAME
джавед	PROPER_NAME
джавид	PROPER_NAME
джавида	PROPER_NAME
джагды	PROPER_NAME
джаид	PROPER_NAME
джаина	PROPER_NAME
джайдип	PROPER_NAME
джайпур	PROPER_NAME
джакоб	PROPER_NAME
джакомо	PROPER_NAME
джалал	PROPER_NAME
джалел	PROPER_NAME
джалил	PROPER_NAME
джалиль	PROPER_NAME
джалиля	PROPER_NAME
джалина	PROPER_NAME
джалита	PROPER_NAME
джалял	PROPER_NAME
джамав	PROPER_NAME
джамал	PROPER_NAME
джамали	PROPER_NAME
джамаль	PROPER_NAME
джамбай	PROPER_NAME
джамбек	PROPER_NAME
джамбул	PROPER_NAME
джамбыл	PROPER_NAME
джамеля	PROPER_NAME
джамид	PROPER_NAME
джамил	PROPER_NAME
джамила	PROPER_NAME
джамиль	PROPER_NAME
джамиля	PROPER_NAME
джамму	PROPER_NAME
джамна	PROPER_NAME
джамшед	PROPER_NAME
джан	PROPER_NAME
джанбек	PROPER_NAME
джангир	PROPER_NAME
джангюр	PROPER_NAME
джанет	PROPER_NAME
джанета	PROPER_NAME
джаник	PROPER_NAME
джанико	PROPER_NAME
джанита	PROPER_NAME
джанкой	PROPER_NAME
джанн	PROPER_NAME
джанна	PROPER_NAME
джанни	PROPER_NAME
джапар	PROPER_NAME
джаппар	PROPER_NAME
джастин	PROPER_NAME
джасур	PROPER_NAME
джафар	PROPER_NAME
джафер	PROPER_NAME
джафир	PROPER_NAME
джафна	PROPER_NAME
джаффар	PROPER_NAME
джахад	PROPER_NAME
джахан	PROPER_NAME
джая	PROPER_NAME
джвари	PROPER_NAME
джеврия	PROPER_NAME
джегут	PROPER_NAME
джегута	PROPER_NAME
джей	PROPER_NAME
джейк	PROPER_NAME
джеймс	PROPER_NAME
джейн	PROPER_NAME
джейра	PROPER_NAME
джейсон	PROPER_NAME
джек	PROPER_NAME
джеки	PROPER_NAME
джексон	PROPER_NAME
джельфа	PROPER_NAME
джема	PROPER_NAME
джемаил	PROPER_NAME
джемал	PROPER_NAME
джемил	PROPER_NAME
джемма	PROPER_NAME
джена	PROPER_NAME
дженет	PROPER_NAME
дженнет	PROPER_NAME
джерард	PROPER_NAME
джермук	PROPER_NAME
джером	PROPER_NAME
джерри	PROPER_NAME
джеси	PROPER_NAME
джесика	PROPER_NAME
джесси	PROPER_NAME
джетым	PROPER_NAME
джефф	PROPER_NAME
джеффри	PROPER_NAME
джибути	PROPER_NAME
джида	PROPER_NAME
джидда	PROPER_NAME
джизак	PROPER_NAME
джил	PROPER_NAME
джилонг	PROPER_NAME
джильда	PROPER_NAME
джим	PROPER_NAME
джима	PROPER_NAME
джимара	PROPER_NAME
джимма	PROPER_NAME
джимми	PROPER_NAME
джина	PROPER_NAME
джинал	PROPER_NAME
джиоев	PROPER_NAME
джифер	PROPER_NAME
джихан	PROPER_NAME
джоан	PROPER_NAME
джоана	PROPER_NAME
джобс	PROPER_NAME
джович	PROPER_NAME
джоган	PROPER_NAME
джозеф	PROPER_NAME
джойс	PROPER_NAME
джон	PROPER_NAME
джонг	PROPER_NAME
джони	PROPER_NAME
джоник	PROPER_NAME
джонна	PROPER_NAME
джонни	PROPER_NAME
джонс	PROPER_NAME
джонсон	PROPER_NAME
джордан	PROPER_NAME
джордж	PROPER_NAME
джорджо	PROPER_NAME
джорий	PROPER_NAME
джохан	PROPER_NAME
джохар	PROPER_NAME
джошуа	PROPER_NAME
джоэл	PROPER_NAME
джуана	PROPER_NAME
джуанна	PROPER_NAME
джуба	PROPER_NAME
джубга	PROPER_NAME
джугдыр	PROPER_NAME
джудит	PROPER_NAME
джуевич	PROPER_NAME
джукан	PROPER_NAME
джулета	PROPER_NAME
джулиан	PROPER_NAME
джулия	PROPER_NAME
джульфа	PROPER_NAME
джума	PROPER_NAME
джумад	PROPER_NAME
джумаев	PROPER_NAME
джуна	PROPER_NAME
джунайд	PROPER_NAME
джунит	PROPER_NAME
джуня	PROPER_NAME
джура	PROPER_NAME
джурма	PROPER_NAME
джутейл	PROPER_NAME
джутов	PROPER_NAME
дзабхан	PROPER_NAME
дзвинко	PROPER_NAME
дзгоев	PROPER_NAME
дзезюль	PROPER_NAME
дзерон	PROPER_NAME
дзивгис	PROPER_NAME
дзидра	PROPER_NAME
дзинтра	PROPER_NAME
дзусов	PROPER_NAME
дзядзин	PROPER_NAME
дзяудин	PROPER_NAME
диамара	PROPER_NAME
диана	PROPER_NAME
дианида	PROPER_NAME
дианина	PROPER_NAME
дианна	PROPER_NAME
дибай	PROPER_NAME
дибахан	PROPER_NAME
дибиров	PROPER_NAME
дибнер	PROPER_NAME
дибора	PROPER_NAME
дибров	PROPER_NAME
дивак	PROPER_NAME
дивания	PROPER_NAME
дивеево	PROPER_NAME
дивичи	PROPER_NAME
дивна	PROPER_NAME
дивов	PROPER_NAME
дигоев	PROPER_NAME
дигора	PROPER_NAME
дигран	PROPER_NAME
дидал	PROPER_NAME
диденко	PROPER_NAME
диди	PROPER_NAME
дидина	PROPER_NAME
дидия	PROPER_NAME
дидона	PROPER_NAME
дидра	PROPER_NAME
дидро	PROPER_NAME
дидух	PROPER_NAME
дидье	PROPER_NAME
диего	PROPER_NAME
диера	PROPER_NAME
дижон	PROPER_NAME
дикарев	PROPER_NAME
диккенс	PROPER_NAME
диков	PROPER_NAME
дикович	PROPER_NAME
дикоев	PROPER_NAME
диксон	PROPER_NAME
дилаев	PROPER_NAME
дилаида	PROPER_NAME
дилан	PROPER_NAME
дилара	PROPER_NAME
диларам	PROPER_NAME
дилей	PROPER_NAME
дилижан	PROPER_NAME
дилин	PROPER_NAME
дилма	PROPER_NAME
дилман	PROPER_NAME
дилона	PROPER_NAME
дилора	PROPER_NAME
дилшад	PROPER_NAME
дильбар	PROPER_NAME
дильдин	PROPER_NAME
дильмат	PROPER_NAME
диля	PROPER_NAME
дилявер	PROPER_NAME
диляна	PROPER_NAME
диляр	PROPER_NAME
диляра	PROPER_NAME
дилярам	PROPER_NAME
диляре	PROPER_NAME
диляром	PROPER_NAME
дима	PROPER_NAME
димаков	PROPER_NAME
димевич	PROPER_NAME
димид	PROPER_NAME
димитра	PROPER_NAME
димитри	PROPER_NAME
димка	PROPER_NAME
димочка	PROPER_NAME
димь	PROPER_NAME
димьян	PROPER_NAME
динадий	PROPER_NAME
динаида	PROPER_NAME
динара	PROPER_NAME
динария	PROPER_NAME
диния	PROPER_NAME
динович	PROPER_NAME
диоген	PROPER_NAME
диомид	PROPER_NAME
дионида	PROPER_NAME
диониза	PROPER_NAME
дионис	PROPER_NAME
диониси	PROPER_NAME
диора	PROPER_NAME
дипкун	PROPER_NAME
дирадж	PROPER_NAME
дирак	PROPER_NAME
дирар	PROPER_NAME
дирек	PROPER_NAME
дирк	PROPER_NAME
дирович	PROPER_NAME
дирягин	PROPER_NAME
дисана	PROPER_NAME
дисна	PROPER_NAME
дисней	PROPER_NAME
дитер	PROPER_NAME
дитрих	PROPER_NAME
дитте	PROPER_NAME
дитятев	PROPER_NAME
дияна	PROPER_NAME
дияр	PROPER_NAME
дияра	PROPER_NAME
дманиси	PROPER_NAME
дмитр	PROPER_NAME
дмитра	PROPER_NAME
дмитрий	PROPER_NAME
дмитрик	PROPER_NAME
дмитрис	PROPER_NAME
дмитрия	PROPER_NAME
дмитро	PROPER_NAME
дмитров	PROPER_NAME
дмитрук	PROPER_NAME
дмытро	PROPER_NAME
днепр	PROPER_NAME
днепров	PROPER_NAME
днестр	PROPER_NAME
добейко	PROPER_NAME
добеле	PROPER_NAME
добрик	PROPER_NAME
добрина	PROPER_NAME
добриян	PROPER_NAME
добров	PROPER_NAME
добруся	PROPER_NAME
добруш	PROPER_NAME
добруша	PROPER_NAME
добрыня	PROPER_NAME
добычин	PROPER_NAME
доватор	PROPER_NAME
довжук	PROPER_NAME
довлат	PROPER_NAME
довлет	PROPER_NAME
довурак	PROPER_NAME
догадин	PROPER_NAME
догаев	PROPER_NAME
догмара	PROPER_NAME
додзин	PROPER_NAME
додин	PROPER_NAME
додов	PROPER_NAME
додонов	PROPER_NAME
дождев	PROPER_NAME
дозоров	PROPER_NAME
доку	PROPER_NAME
докукин	PROPER_NAME
докшицы	PROPER_NAME
долгин	PROPER_NAME
долгов	PROPER_NAME
долена	PROPER_NAME
доленко	PROPER_NAME
долидзе	PROPER_NAME
долий	PROPER_NAME
долинин	PROPER_NAME
долонь	PROPER_NAME
долорес	PROPER_NAME
долотин	PROPER_NAME
долотов	PROPER_NAME
домбай	PROPER_NAME
домби	PROPER_NAME
доминик	PROPER_NAME
домника	PROPER_NAME
домнин	PROPER_NAME
доналд	PROPER_NAME
дональд	PROPER_NAME
донара	PROPER_NAME
донат	PROPER_NAME
донатас	PROPER_NAME
донбасс	PROPER_NAME
донвино	PROPER_NAME
дондук	PROPER_NAME
донецк	PROPER_NAME
донин	PROPER_NAME
донович	PROPER_NAME
донской	PROPER_NAME
донцов	PROPER_NAME
допплер	PROPER_NAME
доратея	PROPER_NAME
дореаня	PROPER_NAME
доренко	PROPER_NAME
доржиев	PROPER_NAME
дориан	PROPER_NAME
дориана	PROPER_NAME
дорида	PROPER_NAME
дорий	PROPER_NAME
дорик	PROPER_NAME
дорико	PROPER_NAME
дорин	PROPER_NAME
дорина	PROPER_NAME
дорион	PROPER_NAME
дорис	PROPER_NAME
дориса	PROPER_NAME
дория	PROPER_NAME
доркин	PROPER_NAME
доронин	PROPER_NAME
дорота	PROPER_NAME
доротеа	PROPER_NAME
доротея	PROPER_NAME
дороти	PROPER_NAME
дорофей	PROPER_NAME
дорофея	PROPER_NAME
дорохин	PROPER_NAME
дорохов	PROPER_NAME
дорош	PROPER_NAME
дорошев	PROPER_NAME
дорошин	PROPER_NAME
дорошук	PROPER_NAME
дорощук	PROPER_NAME
дору	PROPER_NAME
дорфман	PROPER_NAME
дорш	PROPER_NAME
дорья	PROPER_NAME
досааф	PROPER_NAME
досаев	PROPER_NAME
досжан	PROPER_NAME
досифей	PROPER_NAME
доскин	PROPER_NAME
дотнува	PROPER_NAME
дохнов	PROPER_NAME
доценко	PROPER_NAME
дочилов	PROPER_NAME
дошин	PROPER_NAME
дощицын	PROPER_NAME
драва	PROPER_NAME
драгин	PROPER_NAME
дражнюк	PROPER_NAME
драйзер	PROPER_NAME
дракин	PROPER_NAME
дратвин	PROPER_NAME
драчук	PROPER_NAME
драчёв	PROPER_NAME
древмаш	PROPER_NAME
дрезден	PROPER_NAME
дрезна	PROPER_NAME
дрейер	PROPER_NAME
дрейк	PROPER_NAME
дрейман	PROPER_NAME
дрелинг	PROPER_NAME
дренте	PROPER_NAME
дробот	PROPER_NAME
дрогин	PROPER_NAME
дрождев	PROPER_NAME
дрождин	PROPER_NAME
дрожжев	PROPER_NAME
дрожжин	PROPER_NAME
дрожняк	PROPER_NAME
дроздов	PROPER_NAME
дрокия	PROPER_NAME
дроков	PROPER_NAME
дронов	PROPER_NAME
дроняев	PROPER_NAME
дроняк	PROPER_NAME
дрочнев	PROPER_NAME
дружков	PROPER_NAME
дружнов	PROPER_NAME
друзин	PROPER_NAME
друзяев	PROPER_NAME
друть	PROPER_NAME
друян	PROPER_NAME
дрыгин	PROPER_NAME
дрын	PROPER_NAME
дрюков	PROPER_NAME
дрюнин	PROPER_NAME
дрюон	PROPER_NAME
дрючков	PROPER_NAME
дряхлов	PROPER_NAME
дрёмин	PROPER_NAME
дрёмов	PROPER_NAME
дубаев	PROPER_NAME
дубай	PROPER_NAME
дубатов	PROPER_NAME
дубачев	PROPER_NAME
дубельт	PROPER_NAME
дубенко	PROPER_NAME
дубинин	PROPER_NAME
дубинов	PROPER_NAME
дубиса	PROPER_NAME
дубков	PROPER_NAME
дублик	PROPER_NAME
дублин	PROPER_NAME
дубляны	PROPER_NAME
дубна	PROPER_NAME
дубно	PROPER_NAME
дубнов	PROPER_NAME
дубов	PROPER_NAME
дубово	PROPER_NAME
дубовцы	PROPER_NAME
дубошин	PROPER_NAME
дубров	PROPER_NAME
дуброво	PROPER_NAME
дубцов	PROPER_NAME
дубчес	PROPER_NAME
дубынин	PROPER_NAME
дубяга	PROPER_NAME
дувидов	PROPER_NAME
дувр	PROPER_NAME
дугаев	PROPER_NAME
дуганов	PROPER_NAME
дугар	PROPER_NAME
дугаров	PROPER_NAME
дугин	PROPER_NAME
дуглас	PROPER_NAME
дудаев	PROPER_NAME
дудаков	PROPER_NAME
дударев	PROPER_NAME
дударов	PROPER_NAME
дуденко	PROPER_NAME
дудин	PROPER_NAME
дудинка	PROPER_NAME
дудкин	PROPER_NAME
дудко	PROPER_NAME
дудуев	PROPER_NAME
дудырев	PROPER_NAME
дуев	PROPER_NAME
дукин	PROPER_NAME
дуксин	PROPER_NAME
дукштас	PROPER_NAME
дулебин	PROPER_NAME
дулимов	PROPER_NAME
дулов	PROPER_NAME
дульнев	PROPER_NAME
дульцев	PROPER_NAME
дуляпин	PROPER_NAME
дулёво	PROPER_NAME
думанов	PROPER_NAME
думбров	PROPER_NAME
думнов	PROPER_NAME
думчев	PROPER_NAME
думьят	PROPER_NAME
дунаев	PROPER_NAME
дунай	PROPER_NAME
дуннин	PROPER_NAME
дунович	PROPER_NAME
дунтау	PROPER_NAME
дуня	PROPER_NAME
дуняша	PROPER_NAME
дуплин	PROPER_NAME
дурбан	PROPER_NAME
дурбе	PROPER_NAME
дурдыев	PROPER_NAME
дурнев	PROPER_NAME
дурнов	PROPER_NAME
дурново	PROPER_NAME
дуров	PROPER_NAME
дуррес	PROPER_NAME
дурсун	PROPER_NAME
дурыгин	PROPER_NAME
дурягин	PROPER_NAME
дусенко	PROPER_NAME
дусетос	PROPER_NAME
дусин	PROPER_NAME
дустлик	PROPER_NAME
дуська	PROPER_NAME
дуся	PROPER_NAME
дутчак	PROPER_NAME
духанов	PROPER_NAME
духин	PROPER_NAME
духов	PROPER_NAME
душанбе	PROPER_NAME
душарин	PROPER_NAME
душети	PROPER_NAME
душутин	PROPER_NAME
дуэро	PROPER_NAME
дыбенко	PROPER_NAME
дыков	PROPER_NAME
дыкун	PROPER_NAME
дымбрыл	PROPER_NAME
дырдин	PROPER_NAME
дыркин	PROPER_NAME
дыхтау	PROPER_NAME
дьеп	PROPER_NAME
дьюк	PROPER_NAME
дьюрак	PROPER_NAME
дьяков	PROPER_NAME
дьякун	PROPER_NAME
дьячкин	PROPER_NAME
дьячков	PROPER_NAME
дьячук	PROPER_NAME
дьёр	PROPER_NAME
дэбора	PROPER_NAME
дэвид	PROPER_NAME
дэвис	PROPER_NAME
дэйв	PROPER_NAME
дэлия	PROPER_NAME
дэлла	PROPER_NAME
дэляра	PROPER_NAME
дэниел	PROPER_NAME
дэнни	PROPER_NAME
дэннис	PROPER_NAME
дюбанов	PROPER_NAME
дюбин	PROPER_NAME
дюдяев	PROPER_NAME
дюжаев	PROPER_NAME
дюжев	PROPER_NAME
дюжиков	PROPER_NAME
дюканов	PROPER_NAME
дюкарев	PROPER_NAME
дюккиев	PROPER_NAME
дюков	PROPER_NAME
дюма	PROPER_NAME
дюмаев	PROPER_NAME
дюмин	PROPER_NAME
дюмулен	PROPER_NAME
дюнкерк	PROPER_NAME
дюпкун	PROPER_NAME
дюрер	PROPER_NAME
дюрик	PROPER_NAME
дюртюли	PROPER_NAME
дюрягин	PROPER_NAME
дюссар	PROPER_NAME
дюфур	PROPER_NAME
дягилев	PROPER_NAME
дярья	PROPER_NAME
дятлов	PROPER_NAME
дёма	PROPER_NAME
дёмин	PROPER_NAME
дёмкин	PROPER_NAME
евалина	PROPER_NAME
еван	PROPER_NAME
евангел	PROPER_NAME
евания	PROPER_NAME
еванфия	PROPER_NAME
евганий	PROPER_NAME
евгания	PROPER_NAME
евгей	PROPER_NAME
евген	PROPER_NAME
евгена	PROPER_NAME
евгений	PROPER_NAME
евгения	PROPER_NAME
евгенья	PROPER_NAME
евгеня	PROPER_NAME
евгиния	PROPER_NAME
евгния	PROPER_NAME
евгнния	PROPER_NAME
евграф	PROPER_NAME
евдакия	PROPER_NAME
евдаков	PROPER_NAME
евдания	PROPER_NAME
евдения	PROPER_NAME
евдикия	PROPER_NAME
евдиния	PROPER_NAME
евдинья	PROPER_NAME
евдоким	PROPER_NAME
евдокия	PROPER_NAME
евдония	PROPER_NAME
евдосия	PROPER_NAME
евдотия	PROPER_NAME
евдоха	PROPER_NAME
евдохим	PROPER_NAME
евекния	PROPER_NAME
евелина	PROPER_NAME
евений	PROPER_NAME
евения	PROPER_NAME
евилина	PROPER_NAME
евиния	PROPER_NAME
евклид	PROPER_NAME
евладий	PROPER_NAME
евлалия	PROPER_NAME
евламия	PROPER_NAME
евлания	PROPER_NAME
евланов	PROPER_NAME
евлапия	PROPER_NAME
евлах	PROPER_NAME
евлахов	PROPER_NAME
евле	PROPER_NAME
евления	PROPER_NAME
евлогий	PROPER_NAME
евлокия	PROPER_NAME
евлюхин	PROPER_NAME
евмен	PROPER_NAME
евмений	PROPER_NAME
евнений	PROPER_NAME
евнения	PROPER_NAME
евника	PROPER_NAME
евнин	PROPER_NAME
евпатий	PROPER_NAME
евразия	PROPER_NAME
еврений	PROPER_NAME
еврония	PROPER_NAME
европа	PROPER_NAME
европол	PROPER_NAME
евсафий	PROPER_NAME
евсеев	PROPER_NAME
евсей	PROPER_NAME
евсений	PROPER_NAME
евсения	PROPER_NAME
евсиков	PROPER_NAME
евстрат	PROPER_NAME
евсюгин	PROPER_NAME
евсюков	PROPER_NAME
евсюнин	PROPER_NAME
евсюхин	PROPER_NAME
евтафий	PROPER_NAME
евтения	PROPER_NAME
евтифий	PROPER_NAME
евтихий	PROPER_NAME
евтолия	PROPER_NAME
евтух	PROPER_NAME
евтухов	PROPER_NAME
евфалия	PROPER_NAME
евфания	PROPER_NAME
евфилия	PROPER_NAME
евфимий	PROPER_NAME
евфимия	PROPER_NAME
евфрат	PROPER_NAME
егана	PROPER_NAME
егвард	PROPER_NAME
египет	PROPER_NAME
егиш	PROPER_NAME
егор	PROPER_NAME
егорий	PROPER_NAME
егорин	PROPER_NAME
егоркин	PROPER_NAME
егорлык	PROPER_NAME
егоров	PROPER_NAME
егоршин	PROPER_NAME
егошин	PROPER_NAME
еграфий	PROPER_NAME
едвард	PROPER_NAME
едварт	PROPER_NAME
едвига	PROPER_NAME
едгард	PROPER_NAME
едгор	PROPER_NAME
единцы	PROPER_NAME
едокия	PROPER_NAME
едуард	PROPER_NAME
ежиевич	PROPER_NAME
ежина	PROPER_NAME
ежов	PROPER_NAME
езнас	PROPER_NAME
езунов	PROPER_NAME
ейка	PROPER_NAME
ейск	PROPER_NAME
ейсков	PROPER_NAME
екарина	PROPER_NAME
екимов	PROPER_NAME
екимцев	PROPER_NAME
елабуга	PROPER_NAME
елагин	PROPER_NAME
елаз	PROPER_NAME
елана	PROPER_NAME
елань	PROPER_NAME
елва	PROPER_NAME
елвин	PROPER_NAME
елвира	PROPER_NAME
елгава	PROPER_NAME
елгуджа	PROPER_NAME
елена	PROPER_NAME
еленала	PROPER_NAME
еленка	PROPER_NAME
еленцев	PROPER_NAME
елесей	PROPER_NAME
елесин	PROPER_NAME
елецк	PROPER_NAME
елецков	PROPER_NAME
елза	PROPER_NAME
елиана	PROPER_NAME
еливета	PROPER_NAME
елиза	PROPER_NAME
елизар	PROPER_NAME
елизово	PROPER_NAME
елина	PROPER_NAME
елиса	PROPER_NAME
елисеев	PROPER_NAME
елисей	PROPER_NAME
елисо	PROPER_NAME
елисов	PROPER_NAME
елла	PROPER_NAME
елладий	PROPER_NAME
еллия	PROPER_NAME
елнать	PROPER_NAME
елогуй	PROPER_NAME
елона	PROPER_NAME
елохин	PROPER_NAME
елохово	PROPER_NAME
елсуков	PROPER_NAME
елтай	PROPER_NAME
елфимов	PROPER_NAME
елховка	PROPER_NAME
ельвира	PROPER_NAME
ельдар	PROPER_NAME
ельмат	PROPER_NAME
ельмира	PROPER_NAME
ельнара	PROPER_NAME
ельня	PROPER_NAME
ельск	PROPER_NAME
ельцин	PROPER_NAME
ельцов	PROPER_NAME
ельцово	PROPER_NAME
еляков	PROPER_NAME
емануил	PROPER_NAME
емва	PROPER_NAME
емелин	PROPER_NAME
емелина	PROPER_NAME
емелия	PROPER_NAME
емелиян	PROPER_NAME
емельян	PROPER_NAME
емеля	PROPER_NAME
емзари	PROPER_NAME
емилиан	PROPER_NAME
емилий	PROPER_NAME
емилия	PROPER_NAME
емилиян	PROPER_NAME
емиль	PROPER_NAME
емильян	PROPER_NAME
емин	PROPER_NAME
емца	PROPER_NAME
емышев	PROPER_NAME
енафья	PROPER_NAME
ендрей	PROPER_NAME
еникеев	PROPER_NAME
енина	PROPER_NAME
енисей	PROPER_NAME
енох	PROPER_NAME
енсович	PROPER_NAME
ента	PROPER_NAME
еньков	PROPER_NAME
епифан	PROPER_NAME
еразика	PROPER_NAME
еран	PROPER_NAME
ераник	PROPER_NAME
еранос	PROPER_NAME
ерануш	PROPER_NAME
ераст	PROPER_NAME
ерастов	PROPER_NAME
ербол	PROPER_NAME
ерболат	PROPER_NAME
ербулат	PROPER_NAME
ерванд	PROPER_NAME
ервант	PROPER_NAME
ервин	PROPER_NAME
ергений	PROPER_NAME
ергения	PROPER_NAME
ергин	PROPER_NAME
ергунов	PROPER_NAME
ереван	PROPER_NAME
ерегин	PROPER_NAME
еремеев	PROPER_NAME
еремей	PROPER_NAME
еремий	PROPER_NAME
ерена	PROPER_NAME
ерика	PROPER_NAME
ерин	PROPER_NAME
ерих	PROPER_NAME
ерке	PROPER_NAME
еркевич	PROPER_NAME
еркежан	PROPER_NAME
еркен	PROPER_NAME
еркин	PROPER_NAME
еркия	PROPER_NAME
ермак	PROPER_NAME
ермаков	PROPER_NAME
ермек	PROPER_NAME
ермелан	PROPER_NAME
ермил	PROPER_NAME
ермила	PROPER_NAME
ермилов	PROPER_NAME
ермишин	PROPER_NAME
ермол	PROPER_NAME
ермолай	PROPER_NAME
ермолин	PROPER_NAME
ермолов	PROPER_NAME
ермошин	PROPER_NAME
ерней	PROPER_NAME
ернест	PROPER_NAME
ернст	PROPER_NAME
ерослав	PROPER_NAME
ерофеев	PROPER_NAME
ерофей	PROPER_NAME
ерохим	PROPER_NAME
ерохин	PROPER_NAME
ерохов	PROPER_NAME
ерошин	PROPER_NAME
ерошкин	PROPER_NAME
еруслан	PROPER_NAME
ершичи	PROPER_NAME
ершов	PROPER_NAME
ерёма	PROPER_NAME
ерёмин	PROPER_NAME
ерёмкин	PROPER_NAME
есаулов	PROPER_NAME
есенин	PROPER_NAME
есения	PROPER_NAME
есенков	PROPER_NAME
есенов	PROPER_NAME
есиков	PROPER_NAME
есиль	PROPER_NAME
есин	PROPER_NAME
есипов	PROPER_NAME
есичев	PROPER_NAME
есмира	PROPER_NAME
ессей	PROPER_NAME
естер	PROPER_NAME
еськин	PROPER_NAME
еськов	PROPER_NAME
етар	PROPER_NAME
еужения	PROPER_NAME
еуфимия	PROPER_NAME
ефалов	PROPER_NAME
ефалья	PROPER_NAME
ефанов	PROPER_NAME
ефдокия	PROPER_NAME
ефим	PROPER_NAME
ефимий	PROPER_NAME
ефимия	PROPER_NAME
ефимкин	PROPER_NAME
ефимов	PROPER_NAME
ефимцев	PROPER_NAME
ефимья	PROPER_NAME
ефлюков	PROPER_NAME
ефрасия	PROPER_NAME
ефрем	PROPER_NAME
ефремий	PROPER_NAME
ефремов	PROPER_NAME
ефросия	PROPER_NAME
ефтей	PROPER_NAME
ефтемий	PROPER_NAME
ефтений	PROPER_NAME
ефтимия	PROPER_NAME
еффалия	PROPER_NAME
жабенко	PROPER_NAME
жабин	PROPER_NAME
жабинка	PROPER_NAME
жабоев	PROPER_NAME
жабунин	PROPER_NAME
жабынь	PROPER_NAME
жавдет	PROPER_NAME
жавер	PROPER_NAME
жавид	PROPER_NAME
жавит	PROPER_NAME
жагаре	PROPER_NAME
жадаев	PROPER_NAME
жаданов	PROPER_NAME
жадеев	PROPER_NAME
жаднов	PROPER_NAME
жадов	PROPER_NAME
жадра	PROPER_NAME
жазира	PROPER_NAME
жайран	PROPER_NAME
жакенов	PROPER_NAME
жаклин	PROPER_NAME
жакович	PROPER_NAME
жаковка	PROPER_NAME
жакслык	PROPER_NAME
жалаулы	PROPER_NAME
жалилов	PROPER_NAME
жалнин	PROPER_NAME
жалыбин	PROPER_NAME
жамал	PROPER_NAME
жамаль	PROPER_NAME
жаманов	PROPER_NAME
жамбал	PROPER_NAME
жамбек	PROPER_NAME
жамил	PROPER_NAME
жамилия	PROPER_NAME
жамиля	PROPER_NAME
жамсуев	PROPER_NAME
жанабек	PROPER_NAME
жанатас	PROPER_NAME
жанель	PROPER_NAME
жанет	PROPER_NAME
жанета	PROPER_NAME
жанетт	PROPER_NAME
жанетта	PROPER_NAME
жанжак	PROPER_NAME
жанибек	PROPER_NAME
жаниета	PROPER_NAME
жанна	PROPER_NAME
жаннат	PROPER_NAME
жанната	PROPER_NAME
жаннет	PROPER_NAME
жаннета	PROPER_NAME
жаннэта	PROPER_NAME
жанович	PROPER_NAME
жанэта	PROPER_NAME
жанэтта	PROPER_NAME
жаргал	PROPER_NAME
жариков	PROPER_NAME
жаринов	PROPER_NAME
жарихин	PROPER_NAME
жаркин	PROPER_NAME
жарков	PROPER_NAME
жармена	PROPER_NAME
жаров	PROPER_NAME
жасмина	PROPER_NAME
жасулан	PROPER_NAME
жасур	PROPER_NAME
жафар	PROPER_NAME
жашков	PROPER_NAME
жбанов	PROPER_NAME
жванко	PROPER_NAME
жгилев	PROPER_NAME
жгун	PROPER_NAME
ждакаев	PROPER_NAME
ждана	PROPER_NAME
жданкин	PROPER_NAME
жданов	PROPER_NAME
ждихан	PROPER_NAME
жевакин	PROPER_NAME
жевтяк	PROPER_NAME
жегалин	PROPER_NAME
жегалов	PROPER_NAME
жеглов	PROPER_NAME
железов	PROPER_NAME
желнин	PROPER_NAME
желнов	PROPER_NAME
желонь	PROPER_NAME
желябин	PROPER_NAME
желябов	PROPER_NAME
жемалия	PROPER_NAME
жемила	PROPER_NAME
жемиля	PROPER_NAME
жемира	PROPER_NAME
женаида	PROPER_NAME
женева	PROPER_NAME
женета	PROPER_NAME
женетта	PROPER_NAME
женечка	PROPER_NAME
женика	PROPER_NAME
жения	PROPER_NAME
женна	PROPER_NAME
женнета	PROPER_NAME
женни	PROPER_NAME
женоида	PROPER_NAME
женька	PROPER_NAME
женя	PROPER_NAME
жерар	PROPER_NAME
жердев	PROPER_NAME
жерихин	PROPER_NAME
жерихов	PROPER_NAME
жерлов	PROPER_NAME
жермен	PROPER_NAME
жермена	PROPER_NAME
жермина	PROPER_NAME
жером	PROPER_NAME
жесмина	PROPER_NAME
жжёнов	PROPER_NAME
жианета	PROPER_NAME
живаго	PROPER_NAME
живаев	PROPER_NAME
живов	PROPER_NAME
жигаев	PROPER_NAME
жигалов	PROPER_NAME
жигания	PROPER_NAME
жиганов	PROPER_NAME
жигарев	PROPER_NAME
жигачев	PROPER_NAME
жигжит	PROPER_NAME
жигляев	PROPER_NAME
жигулев	PROPER_NAME
жигули	PROPER_NAME
жигулин	PROPER_NAME
жигунов	PROPER_NAME
жидачов	PROPER_NAME
жиделев	PROPER_NAME
жиденко	PROPER_NAME
жидилев	PROPER_NAME
жидков	PROPER_NAME
жидов	PROPER_NAME
жидяев	PROPER_NAME
жижек	PROPER_NAME
жижин	PROPER_NAME
жижков	PROPER_NAME
жиздра	PROPER_NAME
жизель	PROPER_NAME
жилевка	PROPER_NAME
жилин	PROPER_NAME
жилкин	PROPER_NAME
жильцов	PROPER_NAME
жильяр	PROPER_NAME
жилюк	PROPER_NAME
жиляев	PROPER_NAME
жиляков	PROPER_NAME
жинкин	PROPER_NAME
жирардо	PROPER_NAME
жирекен	PROPER_NAME
жирки	PROPER_NAME
жирков	PROPER_NAME
жирнов	PROPER_NAME
жиров	PROPER_NAME
жирухин	PROPER_NAME
жиряков	PROPER_NAME
житенев	PROPER_NAME
житков	PROPER_NAME
житомир	PROPER_NAME
жихарев	PROPER_NAME
жлобин	PROPER_NAME
жмаков	PROPER_NAME
жмурин	PROPER_NAME
жмырко	PROPER_NAME
жоаким	PROPER_NAME
жогин	PROPER_NAME
жогово	PROPER_NAME
жоголев	PROPER_NAME
жодино	PROPER_NAME
жозе	PROPER_NAME
жозевич	PROPER_NAME
жозефа	PROPER_NAME
жокин	PROPER_NAME
жолт	PROPER_NAME
жолудев	PROPER_NAME
жонетта	PROPER_NAME
жора	PROPER_NAME
жорес	PROPER_NAME
жорж	PROPER_NAME
жоржета	PROPER_NAME
жоржик	PROPER_NAME
жоржина	PROPER_NAME
жорий	PROPER_NAME
жослен	PROPER_NAME
жостов	PROPER_NAME
жоффрей	PROPER_NAME
жохов	PROPER_NAME
жуан	PROPER_NAME
жуана	PROPER_NAME
жуанна	PROPER_NAME
жудин	PROPER_NAME
жудинов	PROPER_NAME
жужана	PROPER_NAME
жужанна	PROPER_NAME
жужгин	PROPER_NAME
жужина	PROPER_NAME
жужнев	PROPER_NAME
жужун	PROPER_NAME
жужуна	PROPER_NAME
жуйков	PROPER_NAME
жукевич	PROPER_NAME
жуков	PROPER_NAME
жуковка	PROPER_NAME
жукунов	PROPER_NAME
жулебин	PROPER_NAME
жулев	PROPER_NAME
жулета	PROPER_NAME
жулетта	PROPER_NAME
жулидов	PROPER_NAME
жулин	PROPER_NAME
жульета	PROPER_NAME
жумаев	PROPER_NAME
жуманов	PROPER_NAME
жумашев	PROPER_NAME
жундуев	PROPER_NAME
жуперин	PROPER_NAME
журавка	PROPER_NAME
журавов	PROPER_NAME
журбин	PROPER_NAME
журин	PROPER_NAME
журкин	PROPER_NAME
журко	PROPER_NAME
журков	PROPER_NAME
журлов	PROPER_NAME
жутиков	PROPER_NAME
жученко	PROPER_NAME
жучков	PROPER_NAME
заале	PROPER_NAME
забар	PROPER_NAME
забела	PROPER_NAME
забелин	PROPER_NAME
забелла	PROPER_NAME
заби	PROPER_NAME
забид	PROPER_NAME
забида	PROPER_NAME
забир	PROPER_NAME
забира	PROPER_NAME
забирко	PROPER_NAME
забиря	PROPER_NAME
забия	PROPER_NAME
заборин	PROPER_NAME
заботин	PROPER_NAME
завалюк	PROPER_NAME
заварин	PROPER_NAME
завгаев	PROPER_NAME
завдат	PROPER_NAME
завидов	PROPER_NAME
завозин	PROPER_NAME
загарин	PROPER_NAME
загид	PROPER_NAME
загидул	PROPER_NAME
загир	PROPER_NAME
загиров	PROPER_NAME
загиря	PROPER_NAME
загит	PROPER_NAME
загитов	PROPER_NAME
загорск	PROPER_NAME
загорье	PROPER_NAME
загреб	PROPER_NAME
загрей	PROPER_NAME
загрос	PROPER_NAME
загузин	PROPER_NAME
загуляй	PROPER_NAME
задонск	PROPER_NAME
заза	PROPER_NAME
зазович	PROPER_NAME
заинск	PROPER_NAME
заир	PROPER_NAME
заира	PROPER_NAME
зайга	PROPER_NAME
зайгуна	PROPER_NAME
зайкин	PROPER_NAME
зайнаб	PROPER_NAME
зайсан	PROPER_NAME
зайтина	PROPER_NAME
зайтуна	PROPER_NAME
зайцев	PROPER_NAME
закаев	PROPER_NAME
закария	PROPER_NAME
закинф	PROPER_NAME
закир	PROPER_NAME
закиул	PROPER_NAME
закия	PROPER_NAME
закович	PROPER_NAME
залиля	PROPER_NAME
залина	PROPER_NAME
залифа	PROPER_NAME
залифе	PROPER_NAME
залифя	PROPER_NAME
залиха	PROPER_NAME
залман	PROPER_NAME
залогин	PROPER_NAME
залыгин	PROPER_NAME
залэу	PROPER_NAME
замам	PROPER_NAME
замбези	PROPER_NAME
замбия	PROPER_NAME
замотин	PROPER_NAME
замфира	PROPER_NAME
замятин	PROPER_NAME
занилов	PROPER_NAME
занфира	PROPER_NAME
занфиря	PROPER_NAME
занхира	PROPER_NAME
занэ	PROPER_NAME
заольша	PROPER_NAME
запрян	PROPER_NAME
зара	PROPER_NAME
зарайск	PROPER_NAME
зарасай	PROPER_NAME
зардоб	PROPER_NAME
зарема	PROPER_NAME
заремма	PROPER_NAME
зарена	PROPER_NAME
зариг	PROPER_NAME
зарима	PROPER_NAME
зарина	PROPER_NAME
заринат	PROPER_NAME
заринск	PROPER_NAME
зарип	PROPER_NAME
зарипов	PROPER_NAME
зариф	PROPER_NAME
зарифа	PROPER_NAME
зария	PROPER_NAME
зарнияр	PROPER_NAME
зароща	PROPER_NAME
заррина	PROPER_NAME
заруий	PROPER_NAME
засухин	PROPER_NAME
затеев	PROPER_NAME
затулин	PROPER_NAME
заур	PROPER_NAME
заура	PROPER_NAME
заурбег	PROPER_NAME
заурбек	PROPER_NAME
заурби	PROPER_NAME
зауре	PROPER_NAME
заурем	PROPER_NAME
зауреш	PROPER_NAME
заури	PROPER_NAME
заурий	PROPER_NAME
заурин	PROPER_NAME
заурия	PROPER_NAME
зафар	PROPER_NAME
зафер	PROPER_NAME
захар	PROPER_NAME
захарий	PROPER_NAME
захария	PROPER_NAME
захаров	PROPER_NAME
захид	PROPER_NAME
захир	PROPER_NAME
захла	PROPER_NAME
заходер	PROPER_NAME
зацепин	PROPER_NAME
збараж	PROPER_NAME
збигнев	PROPER_NAME
збигнер	PROPER_NAME
зборов	PROPER_NAME
збруч	PROPER_NAME
зверев	PROPER_NAME
зверево	PROPER_NAME
звиад	PROPER_NAME
звягин	PROPER_NAME
здвиж	PROPER_NAME
здеслав	PROPER_NAME
здислав	PROPER_NAME
здунов	PROPER_NAME
зебо	PROPER_NAME
зевс	PROPER_NAME
зейнаб	PROPER_NAME
зейнал	PROPER_NAME
зейнеб	PROPER_NAME
зейнев	PROPER_NAME
зейнек	PROPER_NAME
зейнен	PROPER_NAME
зейнеп	PROPER_NAME
зейнер	PROPER_NAME
зейнет	PROPER_NAME
зейск	PROPER_NAME
зекерия	PROPER_NAME
зеленин	PROPER_NAME
зеленко	PROPER_NAME
зеленов	PROPER_NAME
зелент	PROPER_NAME
зельда	PROPER_NAME
зельма	PROPER_NAME
зельман	PROPER_NAME
зельфа	PROPER_NAME
зельфия	PROPER_NAME
земан	PROPER_NAME
земеля	PROPER_NAME
земина	PROPER_NAME
земира	PROPER_NAME
земпера	PROPER_NAME
земфера	PROPER_NAME
земфира	PROPER_NAME
земцов	PROPER_NAME
зенаида	PROPER_NAME
зенкин	PROPER_NAME
зенков	PROPER_NAME
зеновея	PROPER_NAME
зеновий	PROPER_NAME
зеновия	PROPER_NAME
зеноида	PROPER_NAME
зенон	PROPER_NAME
зенфера	PROPER_NAME
зенфира	PROPER_NAME
зеньков	PROPER_NAME
зефира	PROPER_NAME
зефрида	PROPER_NAME
зиган	PROPER_NAME
зигмунд	PROPER_NAME
зигмунт	PROPER_NAME
зигрида	PROPER_NAME
зигря	PROPER_NAME
зигфрид	PROPER_NAME
зидаида	PROPER_NAME
зикфрид	PROPER_NAME
зилга	PROPER_NAME
зилупе	PROPER_NAME
зильга	PROPER_NAME
зильфар	PROPER_NAME
зиля	PROPER_NAME
зимторг	PROPER_NAME
зина	PROPER_NAME
зинаида	PROPER_NAME
зинара	PROPER_NAME
зингер	PROPER_NAME
зиндер	PROPER_NAME
зинка	PROPER_NAME
зиннур	PROPER_NAME
зиновей	PROPER_NAME
зиновий	PROPER_NAME
зиновия	PROPER_NAME
зиновья	PROPER_NAME
зинон	PROPER_NAME
зиночка	PROPER_NAME
зира	PROPER_NAME
зираида	PROPER_NAME
зита	PROPER_NAME
зифира	PROPER_NAME
зифкат	PROPER_NAME
зифрид	PROPER_NAME
зифрида	PROPER_NAME
зияд	PROPER_NAME
злата	PROPER_NAME
златана	PROPER_NAME
златина	PROPER_NAME
златия	PROPER_NAME
злобин	PROPER_NAME
злынка	PROPER_NAME
змеюкин	PROPER_NAME
змиевка	PROPER_NAME
змиёв	PROPER_NAME
зозана	PROPER_NAME
золифа	PROPER_NAME
золия	PROPER_NAME
золотов	PROPER_NAME
золочев	PROPER_NAME
золтан	PROPER_NAME
зольда	PROPER_NAME
зольфия	PROPER_NAME
зольхия	PROPER_NAME
золя	PROPER_NAME
зоман	PROPER_NAME
зора	PROPER_NAME
зоран	PROPER_NAME
зорена	PROPER_NAME
зорин	PROPER_NAME
зорина	PROPER_NAME
зоринск	PROPER_NAME
зоричев	PROPER_NAME
зорькин	PROPER_NAME
зорьян	PROPER_NAME
зорян	PROPER_NAME
зоряна	PROPER_NAME
зосим	PROPER_NAME
зосима	PROPER_NAME
зосимов	PROPER_NAME
зосимь	PROPER_NAME
зосия	PROPER_NAME
зосхан	PROPER_NAME
зося	PROPER_NAME
зотик	PROPER_NAME
зотиков	PROPER_NAME
зотин	PROPER_NAME
зотов	PROPER_NAME
зофия	PROPER_NAME
зофья	PROPER_NAME
зощенко	PROPER_NAME
зубакин	PROPER_NAME
зубаков	PROPER_NAME
зубала	PROPER_NAME
зубарев	PROPER_NAME
зубенко	PROPER_NAME
зубков	PROPER_NAME
зубов	PROPER_NAME
зубцов	PROPER_NAME
зугдиди	PROPER_NAME
зугрэс	PROPER_NAME
зуев	PROPER_NAME
зуевка	PROPER_NAME
зуево	PROPER_NAME
зузания	PROPER_NAME
зузанна	PROPER_NAME
зулхия	PROPER_NAME
зульфия	PROPER_NAME
зуля	PROPER_NAME
зуляйха	PROPER_NAME
зунд	PROPER_NAME
зураб	PROPER_NAME
зурабов	PROPER_NAME
зурико	PROPER_NAME
зурия	PROPER_NAME
зуфар	PROPER_NAME
зуфара	PROPER_NAME
зухра	PROPER_NAME
зухраб	PROPER_NAME
зуша	PROPER_NAME
зыбин	PROPER_NAME
зыкин	PROPER_NAME
зырянов	PROPER_NAME
зюба	PROPER_NAME
зюганов	PROPER_NAME
зюгра	PROPER_NAME
зюдер	PROPER_NAME
зюзин	PROPER_NAME
зюзино	PROPER_NAME
зюзьба	PROPER_NAME
зюльфия	PROPER_NAME
зяйняп	PROPER_NAME
зяма	PROPER_NAME
иаитяна	PROPER_NAME
иаким	PROPER_NAME
иаков	PROPER_NAME
иамара	PROPER_NAME
ианина	PROPER_NAME
ианна	PROPER_NAME
иарида	PROPER_NAME
иария	PROPER_NAME
иболя	PROPER_NAME
ибоя	PROPER_NAME
ибрагим	PROPER_NAME
ибрагин	PROPER_NAME
ибрахим	PROPER_NAME
ибсен	PROPER_NAME
ивакин	PROPER_NAME
ивало	PROPER_NAME
иван	PROPER_NAME
иванг	PROPER_NAME
иванес	PROPER_NAME
ивани	PROPER_NAME
иванида	PROPER_NAME
иванина	PROPER_NAME
иванино	PROPER_NAME
ивания	PROPER_NAME
иванка	PROPER_NAME
иванко	PROPER_NAME
иванков	PROPER_NAME
иванна	PROPER_NAME
иванов	PROPER_NAME
иваново	PROPER_NAME
иванцов	PROPER_NAME
иванчук	PROPER_NAME
иванько	PROPER_NAME
ивар	PROPER_NAME
ивард	PROPER_NAME
ивари	PROPER_NAME
иварс	PROPER_NAME
ивась	PROPER_NAME
ивашов	PROPER_NAME
ивдель	PROPER_NAME
ивдокия	PROPER_NAME
ивелин	PROPER_NAME
ивелина	PROPER_NAME
ивер	PROPER_NAME
иветта	PROPER_NAME
ивилина	PROPER_NAME
ивита	PROPER_NAME
ивия	PROPER_NAME
ивлев	PROPER_NAME
ивлий	PROPER_NAME
ивлита	PROPER_NAME
ивович	PROPER_NAME
ивон	PROPER_NAME
ивонина	PROPER_NAME
ивонка	PROPER_NAME
ивонна	PROPER_NAME
иврея	PROPER_NAME
игаль	PROPER_NAME
игарка	PROPER_NAME
игнат	PROPER_NAME
игнатий	PROPER_NAME
игнатов	PROPER_NAME
игнатюк	PROPER_NAME
игнашин	PROPER_NAME
игонин	PROPER_NAME
игор	PROPER_NAME
игорь	PROPER_NAME
игорёк	PROPER_NAME
игрунов	PROPER_NAME
игумнов	PROPER_NAME
идалина	PROPER_NAME
идалия	PROPER_NAME
иделия	PROPER_NAME
иджеван	PROPER_NAME
идибек	PROPER_NAME
идина	PROPER_NAME
идия	PROPER_NAME
идрис	PROPER_NAME
идыга	PROPER_NAME
иевлев	PROPER_NAME
иегова	PROPER_NAME
иегуди	PROPER_NAME
иероним	PROPER_NAME
иерро	PROPER_NAME
иешуа	PROPER_NAME
ижевск	PROPER_NAME
ижма	PROPER_NAME
ижмаш	PROPER_NAME
ижора	PROPER_NAME
ижсталь	PROPER_NAME
изабела	PROPER_NAME
изабель	PROPER_NAME
изабэла	PROPER_NAME
изадора	PROPER_NAME
изаида	PROPER_NAME
изанна	PROPER_NAME
изар	PROPER_NAME
издынь	PROPER_NAME
изер	PROPER_NAME
изида	PROPER_NAME
изиевич	PROPER_NAME
изий	PROPER_NAME
изислав	PROPER_NAME
измаил	PROPER_NAME
измир	PROPER_NAME
измит	PROPER_NAME
изобела	PROPER_NAME
изодора	PROPER_NAME
изолина	PROPER_NAME
изольда	PROPER_NAME
изосим	PROPER_NAME
изот	PROPER_NAME
изотов	PROPER_NAME
израиль	PROPER_NAME
изяслав	PROPER_NAME
иисус	PROPER_NAME
икар	PROPER_NAME
икарий	PROPER_NAME
икария	PROPER_NAME
икеа	PROPER_NAME
икилина	PROPER_NAME
икорец	PROPER_NAME
икран	PROPER_NAME
икша	PROPER_NAME
илан	PROPER_NAME
илана	PROPER_NAME
иланна	PROPER_NAME
иларий	PROPER_NAME
иларион	PROPER_NAME
илга	PROPER_NAME
илгамия	PROPER_NAME
илдыр	PROPER_NAME
илеана	PROPER_NAME
илек	PROPER_NAME
илеть	PROPER_NAME
илецк	PROPER_NAME
илза	PROPER_NAME
илзе	PROPER_NAME
илиан	PROPER_NAME
илиана	PROPER_NAME
илизар	PROPER_NAME
илим	PROPER_NAME
илимпея	PROPER_NAME
илимск	PROPER_NAME
илиодор	PROPER_NAME
илиса	PROPER_NAME
илися	PROPER_NAME
иллар	PROPER_NAME
илларий	PROPER_NAME
иллария	PROPER_NAME
иллер	PROPER_NAME
иллина	PROPER_NAME
иллирия	PROPER_NAME
илмар	PROPER_NAME
илмарс	PROPER_NAME
иловля	PROPER_NAME
илона	PROPER_NAME
илонка	PROPER_NAME
илонна	PROPER_NAME
илуксте	PROPER_NAME
илхом	PROPER_NAME
илыч	PROPER_NAME
ильвар	PROPER_NAME
ильвера	PROPER_NAME
ильвина	PROPER_NAME
ильвира	PROPER_NAME
ильгам	PROPER_NAME
ильгама	PROPER_NAME
ильган	PROPER_NAME
ильгар	PROPER_NAME
ильгард	PROPER_NAME
ильгес	PROPER_NAME
ильгид	PROPER_NAME
ильгиз	PROPER_NAME
ильдар	PROPER_NAME
ильдор	PROPER_NAME
ильдос	PROPER_NAME
ильдур	PROPER_NAME
ильдус	PROPER_NAME
ильдусь	PROPER_NAME
ильдюс	PROPER_NAME
ильев	PROPER_NAME
ильзат	PROPER_NAME
ильин	PROPER_NAME
ильина	PROPER_NAME
ильинка	PROPER_NAME
ильинцы	PROPER_NAME
ильич	PROPER_NAME
ильмар	PROPER_NAME
ильмарс	PROPER_NAME
ильмир	PROPER_NAME
ильмира	PROPER_NAME
ильнара	PROPER_NAME
ильнур	PROPER_NAME
ильнура	PROPER_NAME
ильсияр	PROPER_NAME
ильф	PROPER_NAME
ильхам	PROPER_NAME
ильхама	PROPER_NAME
ильхан	PROPER_NAME
ильчин	PROPER_NAME
ильшат	PROPER_NAME
ильюша	PROPER_NAME
ильюшин	PROPER_NAME
илья	PROPER_NAME
ильяз	PROPER_NAME
ильяк	PROPER_NAME
ильянур	PROPER_NAME
ильяр	PROPER_NAME
ильяс	PROPER_NAME
ильясаф	PROPER_NAME
ильяш	PROPER_NAME
ильяшов	PROPER_NAME
илюза	PROPER_NAME
илюхин	PROPER_NAME
илюша	PROPER_NAME
илюшин	PROPER_NAME
илюшка	PROPER_NAME
иляна	PROPER_NAME
илярий	PROPER_NAME
имад	PROPER_NAME
имал	PROPER_NAME
имамали	PROPER_NAME
иман	PROPER_NAME
имандра	PROPER_NAME
имант	PROPER_NAME
имануил	PROPER_NAME
имгрэ	PROPER_NAME
имед	PROPER_NAME
имедоев	PROPER_NAME
имельда	PROPER_NAME
имишли	PROPER_NAME
имола	PROPER_NAME
имомали	PROPER_NAME
имран	PROPER_NAME
имре	PROPER_NAME
имревич	PROPER_NAME
имроз	PROPER_NAME
инадия	PROPER_NAME
инаида	PROPER_NAME
инаиса	PROPER_NAME
инал	PROPER_NAME
инар	PROPER_NAME
инара	PROPER_NAME
инари	PROPER_NAME
инарс	PROPER_NAME
инвер	PROPER_NAME
инвест	PROPER_NAME
инга	PROPER_NAME
ингвар	PROPER_NAME
ингода	PROPER_NAME
ингрид	PROPER_NAME
ингрида	PROPER_NAME
ингрит	PROPER_NAME
ингрита	PROPER_NAME
ингул	PROPER_NAME
ингулец	PROPER_NAME
ингури	PROPER_NAME
индаур	PROPER_NAME
индига	PROPER_NAME
индинка	PROPER_NAME
индинок	PROPER_NAME
индира	PROPER_NAME
индия	PROPER_NAME
индрек	PROPER_NAME
индулис	PROPER_NAME
индур	PROPER_NAME
инегень	PROPER_NAME
инелина	PROPER_NAME
инес	PROPER_NAME
инеса	PROPER_NAME
инесе	PROPER_NAME
инесс	PROPER_NAME
инесса	PROPER_NAME
инессе	PROPER_NAME
инза	PROPER_NAME
инна	PROPER_NAME
иннаида	PROPER_NAME
иннеса	PROPER_NAME
иннесса	PROPER_NAME
иннета	PROPER_NAME
иннэса	PROPER_NAME
иннэсса	PROPER_NAME
инрина	PROPER_NAME
инсар	PROPER_NAME
инсаф	PROPER_NAME
инсбрук	PROPER_NAME
инта	PROPER_NAME
интас	PROPER_NAME
интел	PROPER_NAME
интер	PROPER_NAME
интерия	PROPER_NAME
интерна	PROPER_NAME
интигам	PROPER_NAME
информ	PROPER_NAME
инчхон	PROPER_NAME
иоаким	PROPER_NAME
иоан	PROPER_NAME
иоанн	PROPER_NAME
иоанна	PROPER_NAME
иоаннис	PROPER_NAME
иоасаф	PROPER_NAME
иоахим	PROPER_NAME
иованна	PROPER_NAME
иовович	PROPER_NAME
иоганн	PROPER_NAME
иоганна	PROPER_NAME
иожеф	PROPER_NAME
иозапас	PROPER_NAME
иозас	PROPER_NAME
иозиф	PROPER_NAME
иоканга	PROPER_NAME
иолана	PROPER_NAME
иоланда	PROPER_NAME
иоланна	PROPER_NAME
иоланта	PROPER_NAME
иона	PROPER_NAME
ионава	PROPER_NAME
ионас	PROPER_NAME
ионеско	PROPER_NAME
ионна	PROPER_NAME
ионов	PROPER_NAME
ионович	PROPER_NAME
иордан	PROPER_NAME
иори	PROPER_NAME
иосафат	PROPER_NAME
иосип	PROPER_NAME
иосиф	PROPER_NAME
ипат	PROPER_NAME
ипатий	PROPER_NAME
ипатов	PROPER_NAME
ипатово	PROPER_NAME
ипатьев	PROPER_NAME
ипох	PROPER_NAME
ипполит	PROPER_NAME
ипсвич	PROPER_NAME
ипсуич	PROPER_NAME
ипуть	PROPER_NAME
иравади	PROPER_NAME
ираги	PROPER_NAME
ирада	PROPER_NAME
ираде	PROPER_NAME
ирадж	PROPER_NAME
ирадион	PROPER_NAME
иразият	PROPER_NAME
ираида	PROPER_NAME
ираина	PROPER_NAME
ираинда	PROPER_NAME
ираиса	PROPER_NAME
ирайда	PROPER_NAME
ирак	PROPER_NAME
иракли	PROPER_NAME
ираклий	PROPER_NAME
иралия	PROPER_NAME
иран	PROPER_NAME
иранда	PROPER_NAME
иранза	PROPER_NAME
ирания	PROPER_NAME
ирасу	PROPER_NAME
ират	PROPER_NAME
ирбек	PROPER_NAME
ирбит	PROPER_NAME
ирвин	PROPER_NAME
иргалий	PROPER_NAME
иргаш	PROPER_NAME
иргыз	PROPER_NAME
ирейна	PROPER_NAME
ирек	PROPER_NAME
иремель	PROPER_NAME
ирен	PROPER_NAME
ирена	PROPER_NAME
ирендак	PROPER_NAME
ирене	PROPER_NAME
иреней	PROPER_NAME
иренеуш	PROPER_NAME
иренэ	PROPER_NAME
иржа	PROPER_NAME
иржи	PROPER_NAME
иржина	PROPER_NAME
ирза	PROPER_NAME
ириада	PROPER_NAME
ириан	PROPER_NAME
ириана	PROPER_NAME
ирианда	PROPER_NAME
ирида	PROPER_NAME
иридия	PROPER_NAME
ириида	PROPER_NAME
ирика	PROPER_NAME
ирина	PROPER_NAME
ириней	PROPER_NAME
ириний	PROPER_NAME
ириния	PROPER_NAME
иринка	PROPER_NAME
иринья	PROPER_NAME
ириса	PROPER_NAME
ирита	PROPER_NAME
иркут	PROPER_NAME
иркутск	PROPER_NAME
ирланда	PROPER_NAME
ирма	PROPER_NAME
ирман	PROPER_NAME
ирмат	PROPER_NAME
ирмина	PROPER_NAME
иронда	PROPER_NAME
ирпень	PROPER_NAME
иртыш	PROPER_NAME
иртышск	PROPER_NAME
иртяш	PROPER_NAME
ирфан	PROPER_NAME
ирша	PROPER_NAME
иршава	PROPER_NAME
ирэн	PROPER_NAME
ирэна	PROPER_NAME
ирэнэ	PROPER_NAME
исаак	PROPER_NAME
исаакий	PROPER_NAME
исаев	PROPER_NAME
исаевич	PROPER_NAME
исай	PROPER_NAME
исак	PROPER_NAME
исакий	PROPER_NAME
исаков	PROPER_NAME
исалько	PROPER_NAME
исам	PROPER_NAME
исеть	PROPER_NAME
исидор	PROPER_NAME
исидора	PROPER_NAME
иска	PROPER_NAME
искитим	PROPER_NAME
искона	PROPER_NAME
искыр	PROPER_NAME
ислям	PROPER_NAME
исмагил	PROPER_NAME
исмаил	PROPER_NAME
исмайл	PROPER_NAME
исмат	PROPER_NAME
исмет	PROPER_NAME
исович	PROPER_NAME
испания	PROPER_NAME
исса	PROPER_NAME
иссевич	PROPER_NAME
иссык	PROPER_NAME
иссь	PROPER_NAME
истад	PROPER_NAME
истомин	PROPER_NAME
истора	PROPER_NAME
истра	PROPER_NAME
исупов	PROPER_NAME
исфара	PROPER_NAME
исфахан	PROPER_NAME
исхак	PROPER_NAME
исхаков	PROPER_NAME
исхок	PROPER_NAME
италия	PROPER_NAME
итар	PROPER_NAME
иттифак	PROPER_NAME
итуруп	PROPER_NAME
итхаил	PROPER_NAME
иудея	PROPER_NAME
иудин	PROPER_NAME
иумания	PROPER_NAME
иустин	PROPER_NAME
иустина	PROPER_NAME
ицхак	PROPER_NAME
ичкерия	PROPER_NAME
ичня	PROPER_NAME
ишаев	PROPER_NAME
ишбулат	PROPER_NAME
ишбулды	PROPER_NAME
ишерим	PROPER_NAME
ишим	PROPER_NAME
ишимбай	PROPER_NAME
ишимка	PROPER_NAME
иштван	PROPER_NAME
иштуган	PROPER_NAME
иштыхан	PROPER_NAME
ищенко	PROPER_NAME
июлий	PROPER_NAME
йван	PROPER_NAME
йезд	PROPER_NAME
йелл	PROPER_NAME
йемен	PROPER_NAME
йенс	PROPER_NAME
йиржи	PROPER_NAME
йоан	PROPER_NAME
йова	PROPER_NAME
йован	PROPER_NAME
йованка	PROPER_NAME
йовович	PROPER_NAME
йоган	PROPER_NAME
йожеф	PROPER_NAME
йозас	PROPER_NAME
йозеф	PROPER_NAME
йоко	PROPER_NAME
йолана	PROPER_NAME
йоланта	PROPER_NAME
йолита	PROPER_NAME
йомер	PROPER_NAME
йонас	PROPER_NAME
йонатан	PROPER_NAME
йонна	PROPER_NAME
йорг	PROPER_NAME
йорген	PROPER_NAME
йордан	PROPER_NAME
йорк	PROPER_NAME
йосеф	PROPER_NAME
йосип	PROPER_NAME
йосиф	PROPER_NAME
йоханес	PROPER_NAME
йошка	PROPER_NAME
йыгева	PROPER_NAME
каадыр	PROPER_NAME
кабаев	PROPER_NAME
кабаков	PROPER_NAME
кабалье	PROPER_NAME
кабанов	PROPER_NAME
кабелев	PROPER_NAME
кабинда	PROPER_NAME
кабир	PROPER_NAME
кабира	PROPER_NAME
кабиров	PROPER_NAME
кабо	PROPER_NAME
кавача	PROPER_NAME
кавдия	PROPER_NAME
кавери	PROPER_NAME
каверин	PROPER_NAME
кавита	PROPER_NAME
кавказ	PROPER_NAME
кагера	PROPER_NAME
кагул	PROPER_NAME
кадада	PROPER_NAME
кадакин	PROPER_NAME
кадария	PROPER_NAME
каддафи	PROPER_NAME
кадир	PROPER_NAME
кадирия	PROPER_NAME
кадис	PROPER_NAME
кадрия	PROPER_NAME
кадыр	PROPER_NAME
кадырия	PROPER_NAME
кадыров	PROPER_NAME
кадырья	PROPER_NAME
каевич	PROPER_NAME
кажлаев	PROPER_NAME
казаков	PROPER_NAME
казанка	PROPER_NAME
казань	PROPER_NAME
казарин	PROPER_NAME
казаров	PROPER_NAME
казатин	PROPER_NAME
казбек	PROPER_NAME
казенин	PROPER_NAME
казим	PROPER_NAME
казима	PROPER_NAME
казин	PROPER_NAME
казмира	PROPER_NAME
казыбек	PROPER_NAME
казым	PROPER_NAME
казьма	PROPER_NAME
казьмин	PROPER_NAME
каир	PROPER_NAME
каифа	PROPER_NAME
кайкос	PROPER_NAME
кайрат	PROPER_NAME
кайсери	PROPER_NAME
кайюс	PROPER_NAME
кака	PROPER_NAME
какабай	PROPER_NAME
калакан	PROPER_NAME
калар	PROPER_NAME
калараш	PROPER_NAME
калат	PROPER_NAME
калаус	PROPER_NAME
калгари	PROPER_NAME
кале	PROPER_NAME
калев	PROPER_NAME
каледин	PROPER_NAME
кален	PROPER_NAME
калилия	PROPER_NAME
калима	PROPER_NAME
калимя	PROPER_NAME
калине	PROPER_NAME
калинин	PROPER_NAME
калиния	PROPER_NAME
калиопа	PROPER_NAME
калиса	PROPER_NAME
калисия	PROPER_NAME
калисса	PROPER_NAME
калиста	PROPER_NAME
калит	PROPER_NAME
калита	PROPER_NAME
калитва	PROPER_NAME
калиф	PROPER_NAME
калия	PROPER_NAME
каллас	PROPER_NAME
калман	PROPER_NAME
калоев	PROPER_NAME
калтан	PROPER_NAME
калугин	PROPER_NAME
калуш	PROPER_NAME
кальяо	PROPER_NAME
калягин	PROPER_NAME
калязин	PROPER_NAME
кама	PROPER_NAME
камал	PROPER_NAME
камаль	PROPER_NAME
камаши	PROPER_NAME
камдеш	PROPER_NAME
камелин	PROPER_NAME
камель	PROPER_NAME
каменев	PROPER_NAME
каменец	PROPER_NAME
каменск	PROPER_NAME
камерун	PROPER_NAME
камил	PROPER_NAME
камила	PROPER_NAME
камилия	PROPER_NAME
камилла	PROPER_NAME
камиль	PROPER_NAME
камиля	PROPER_NAME
камо	PROPER_NAME
камрон	PROPER_NAME
камфа	PROPER_NAME
камызяк	PROPER_NAME
камышин	PROPER_NAME
камю	PROPER_NAME
канада	PROPER_NAME
канаев	PROPER_NAME
канан	PROPER_NAME
кананга	PROPER_NAME
канарей	PROPER_NAME
канары	PROPER_NAME
канафий	PROPER_NAME
канаш	PROPER_NAME
кандава	PROPER_NAME
канди	PROPER_NAME
канев	PROPER_NAME
канелис	PROPER_NAME
канзас	PROPER_NAME
канны	PROPER_NAME
канпур	PROPER_NAME
канск	PROPER_NAME
кантхо	PROPER_NAME
капа	PROPER_NAME
капитон	PROPER_NAME
капица	PROPER_NAME
каплан	PROPER_NAME
капович	PROPER_NAME
капотня	PROPER_NAME
капская	PROPER_NAME
капырин	PROPER_NAME
карабах	PROPER_NAME
карабаш	PROPER_NAME
карадаг	PROPER_NAME
караев	PROPER_NAME
каражал	PROPER_NAME
каракас	PROPER_NAME
каракол	PROPER_NAME
карасев	PROPER_NAME
карасор	PROPER_NAME
карасу	PROPER_NAME
карасук	PROPER_NAME
каратай	PROPER_NAME
каратау	PROPER_NAME
карачай	PROPER_NAME
карачев	PROPER_NAME
карачи	PROPER_NAME
караян	PROPER_NAME
каргат	PROPER_NAME
каргин	PROPER_NAME
кардифф	PROPER_NAME
карев	PROPER_NAME
карели	PROPER_NAME
карелин	PROPER_NAME
карелия	PROPER_NAME
карелов	PROPER_NAME
карен	PROPER_NAME
каренга	PROPER_NAME
каренин	PROPER_NAME
карим	PROPER_NAME
карима	PROPER_NAME
каримов	PROPER_NAME
карин	PROPER_NAME
карина	PROPER_NAME
карине	PROPER_NAME
каринна	PROPER_NAME
карино	PROPER_NAME
каринэ	PROPER_NAME
кария	PROPER_NAME
карл	PROPER_NAME
карлен	PROPER_NAME
карлин	PROPER_NAME
карлина	PROPER_NAME
карлис	PROPER_NAME
карло	PROPER_NAME
карлов	PROPER_NAME
карлос	PROPER_NAME
карлота	PROPER_NAME
карлуш	PROPER_NAME
кармана	PROPER_NAME
кармела	PROPER_NAME
кармен	PROPER_NAME
кармена	PROPER_NAME
кармила	PROPER_NAME
кармия	PROPER_NAME
карнаух	PROPER_NAME
карнеги	PROPER_NAME
карола	PROPER_NAME
каролин	PROPER_NAME
кароль	PROPER_NAME
карпаты	PROPER_NAME
карпеев	PROPER_NAME
карпель	PROPER_NAME
карпет	PROPER_NAME
карпий	PROPER_NAME
карпис	PROPER_NAME
карпов	PROPER_NAME
карру	PROPER_NAME
карсава	PROPER_NAME
карстен	PROPER_NAME
карталы	PROPER_NAME
карулин	PROPER_NAME
карцев	PROPER_NAME
карэн	PROPER_NAME
карякин	PROPER_NAME
касаев	PROPER_NAME
касаи	PROPER_NAME
касан	PROPER_NAME
касанай	PROPER_NAME
касем	PROPER_NAME
касиан	PROPER_NAME
касим	PROPER_NAME
касимов	PROPER_NAME
касиния	PROPER_NAME
касли	PROPER_NAME
каспер	PROPER_NAME
каспи	PROPER_NAME
каспий	PROPER_NAME
кассель	PROPER_NAME
кастаки	PROPER_NAME
кастри	PROPER_NAME
кастро	PROPER_NAME
касымов	PROPER_NAME
касьян	PROPER_NAME
касьяна	PROPER_NAME
касюк	PROPER_NAME
кася	PROPER_NAME
касян	PROPER_NAME
касяна	PROPER_NAME
катаев	PROPER_NAME
катайск	PROPER_NAME
каталин	PROPER_NAME
катана	PROPER_NAME
катанда	PROPER_NAME
катания	PROPER_NAME
катанов	PROPER_NAME
катарин	PROPER_NAME
катишь	PROPER_NAME
катри	PROPER_NAME
катрин	PROPER_NAME
катрина	PROPER_NAME
катря	PROPER_NAME
катуков	PROPER_NAME
катулл	PROPER_NAME
катунь	PROPER_NAME
катырин	PROPER_NAME
катька	PROPER_NAME
катя	PROPER_NAME
кауаи	PROPER_NAME
каула	PROPER_NAME
каунас	PROPER_NAME
кауров	PROPER_NAME
кауфман	PROPER_NAME
каушаны	PROPER_NAME
кафан	PROPER_NAME
кафиль	PROPER_NAME
кафия	PROPER_NAME
кафка	PROPER_NAME
каха	PROPER_NAME
кахабер	PROPER_NAME
кахи	PROPER_NAME
кахович	PROPER_NAME
каховка	PROPER_NAME
кача	PROPER_NAME
качалов	PROPER_NAME
качанов	PROPER_NAME
кашенок	PROPER_NAME
кашепов	PROPER_NAME
кашин	PROPER_NAME
кашира	PROPER_NAME
кашкин	PROPER_NAME
кашма	PROPER_NAME
кашмир	PROPER_NAME
каштак	PROPER_NAME
кашутин	PROPER_NAME
каюм	PROPER_NAME
каянэ	PROPER_NAME
кван	PROPER_NAME
кванджу	PROPER_NAME
кванза	PROPER_NAME
кварели	PROPER_NAME
квартин	PROPER_NAME
квасов	PROPER_NAME
кваша	PROPER_NAME
квашнин	PROPER_NAME
квебек	PROPER_NAME
кведа	PROPER_NAME
квентин	PROPER_NAME
квета	PROPER_NAME
кветков	PROPER_NAME
кветта	PROPER_NAME
кветунь	PROPER_NAME
квирила	PROPER_NAME
кебеж	PROPER_NAME
кевин	PROPER_NAME
кевлар	PROPER_NAME
кеворк	PROPER_NAME
кевсер	PROPER_NAME
кеген	PROPER_NAME
кеглер	PROPER_NAME
кейзе	PROPER_NAME
кейла	PROPER_NAME
кейт	PROPER_NAME
кекин	PROPER_NAME
келдыш	PROPER_NAME
келес	PROPER_NAME
келлер	PROPER_NAME
келли	PROPER_NAME
кельме	PROPER_NAME
кеми	PROPER_NAME
кемчуг	PROPER_NAME
кемь	PROPER_NAME
кенже	PROPER_NAME
кенжеш	PROPER_NAME
кениг	PROPER_NAME
кенитра	PROPER_NAME
кения	PROPER_NAME
кеннеди	PROPER_NAME
кеннет	PROPER_NAME
кенни	PROPER_NAME
кенович	PROPER_NAME
кент	PROPER_NAME
кентау	PROPER_NAME
кеплер	PROPER_NAME
керала	PROPER_NAME
керен	PROPER_NAME
кереть	PROPER_NAME
керзон	PROPER_NAME
керим	PROPER_NAME
керкира	PROPER_NAME
керман	PROPER_NAME
керри	PROPER_NAME
керстин	PROPER_NAME
керта	PROPER_NAME
кертта	PROPER_NAME
керту	PROPER_NAME
керулен	PROPER_NAME
керчь	PROPER_NAME
кесария	PROPER_NAME
кети	PROPER_NAME
кетой	PROPER_NAME
кеттлер	PROPER_NAME
кеть	PROPER_NAME
кецарис	PROPER_NAME
кечкин	PROPER_NAME
кзот	PROPER_NAME
киара	PROPER_NAME
кибирев	PROPER_NAME
кивач	PROPER_NAME
кивен	PROPER_NAME
киверцы	PROPER_NAME
кивиыли	PROPER_NAME
киву	PROPER_NAME
кигали	PROPER_NAME
кидекша	PROPER_NAME
кидомля	PROPER_NAME
киев	PROPER_NAME
кижи	PROPER_NAME
кизел	PROPER_NAME
кизляр	PROPER_NAME
кики	PROPER_NAME
кикилия	PROPER_NAME
килина	PROPER_NAME
килия	PROPER_NAME
кильдин	PROPER_NAME
кима	PROPER_NAME
кимик	PROPER_NAME
кимма	PROPER_NAME
киммо	PROPER_NAME
кимович	PROPER_NAME
кимовск	PROPER_NAME
кимры	PROPER_NAME
киндери	PROPER_NAME
кинелев	PROPER_NAME
кинель	PROPER_NAME
кинешма	PROPER_NAME
киномир	PROPER_NAME
киншаса	PROPER_NAME
киото	PROPER_NAME
кипенев	PROPER_NAME
киплинг	PROPER_NAME
кипр	PROPER_NAME
киприан	PROPER_NAME
киприян	PROPER_NAME
кира	PROPER_NAME
кираида	PROPER_NAME
кирана	PROPER_NAME
киреев	PROPER_NAME
кирей	PROPER_NAME
киренга	PROPER_NAME
кирения	PROPER_NAME
киренск	PROPER_NAME
киржач	PROPER_NAME
кири	PROPER_NAME
кириак	PROPER_NAME
кириаф	PROPER_NAME
кириена	PROPER_NAME
кирий	PROPER_NAME
кирикия	PROPER_NAME
кирил	PROPER_NAME
кирилия	PROPER_NAME
кирилл	PROPER_NAME
кирим	PROPER_NAME
кириши	PROPER_NAME
киркук	PROPER_NAME
киров	PROPER_NAME
кирово	PROPER_NAME
кировск	PROPER_NAME
кирс	PROPER_NAME
кирсан	PROPER_NAME
кируна	PROPER_NAME
кирьяк	PROPER_NAME
киселёв	PROPER_NAME
кисин	PROPER_NAME
кислов	PROPER_NAME
кислюк	PROPER_NAME
кисляк	PROPER_NAME
китаб	PROPER_NAME
китаев	PROPER_NAME
китай	PROPER_NAME
китира	PROPER_NAME
китнос	PROPER_NAME
кито	PROPER_NAME
китой	PROPER_NAME
китс	PROPER_NAME
кихну	PROPER_NAME
кихот	PROPER_NAME
кицмань	PROPER_NAME
кичера	PROPER_NAME
кишинёв	PROPER_NAME
кишн	PROPER_NAME
клава	PROPER_NAME
клавдея	PROPER_NAME
клавдиа	PROPER_NAME
клавдий	PROPER_NAME
клавдия	PROPER_NAME
клавий	PROPER_NAME
клавия	PROPER_NAME
клавка	PROPER_NAME
кладия	PROPER_NAME
клаевич	PROPER_NAME
клай	PROPER_NAME
клайв	PROPER_NAME
клайд	PROPER_NAME
кланг	PROPER_NAME
клара	PROPER_NAME
кларида	PROPER_NAME
кларий	PROPER_NAME
кларина	PROPER_NAME
кларис	PROPER_NAME
клариса	PROPER_NAME
кларита	PROPER_NAME
клария	PROPER_NAME
клаудиа	PROPER_NAME
клаудио	PROPER_NAME
клаудия	PROPER_NAME
клаус	PROPER_NAME
клаш	PROPER_NAME
клаша	PROPER_NAME
клевень	PROPER_NAME
клевцов	PROPER_NAME
клейман	PROPER_NAME
клейн	PROPER_NAME
клемент	PROPER_NAME
клеоник	PROPER_NAME
клеофас	PROPER_NAME
клера	PROPER_NAME
клерия	PROPER_NAME
клецк	PROPER_NAME
клим	PROPER_NAME
климент	PROPER_NAME
климов	PROPER_NAME
клини	PROPER_NAME
клинт	PROPER_NAME
клинтон	PROPER_NAME
клинцы	PROPER_NAME
клод	PROPER_NAME
клодия	PROPER_NAME
клодт	PROPER_NAME
клочков	PROPER_NAME
клэр	PROPER_NAME
клюев	PROPER_NAME
клюевка	PROPER_NAME
клязьма	PROPER_NAME
кмфт	PROPER_NAME
кнарик	PROPER_NAME
кндр	PROPER_NAME
кныш	PROPER_NAME
князев	PROPER_NAME
кобдо	PROPER_NAME
кобе	PROPER_NAME
кобелев	PROPER_NAME
кобец	PROPER_NAME
кобзев	PROPER_NAME
кобзон	PROPER_NAME
коби	PROPER_NAME
кобленц	PROPER_NAME
кобожа	PROPER_NAME
кобрин	PROPER_NAME
кова	PROPER_NAME
ковалец	PROPER_NAME
ковалёв	PROPER_NAME
ковдор	PROPER_NAME
ковель	PROPER_NAME
ковин	PROPER_NAME
ковров	PROPER_NAME
ковшев	PROPER_NAME
ковязин	PROPER_NAME
когалым	PROPER_NAME
коган	PROPER_NAME
кодакан	PROPER_NAME
коданев	PROPER_NAME
кодзоев	PROPER_NAME
кодинск	PROPER_NAME
кодори	PROPER_NAME
кодры	PROPER_NAME
кодыма	PROPER_NAME
кожанов	PROPER_NAME
кожва	PROPER_NAME
кожедуб	PROPER_NAME
кожимиз	PROPER_NAME
кожин	PROPER_NAME
кожокин	PROPER_NAME
кожухов	PROPER_NAME
кожушко	PROPER_NAME
козаев	PROPER_NAME
козак	PROPER_NAME
козаков	PROPER_NAME
козарев	PROPER_NAME
козимир	PROPER_NAME
козин	PROPER_NAME
козлов	PROPER_NAME
козырев	PROPER_NAME
козьма	PROPER_NAME
козьмин	PROPER_NAME
козьмич	PROPER_NAME
козьмь	PROPER_NAME
коимбра	PROPER_NAME
коканд	PROPER_NAME
кокарал	PROPER_NAME
кокин	PROPER_NAME
коккола	PROPER_NAME
коков	PROPER_NAME
коконин	PROPER_NAME
кокорев	PROPER_NAME
кокорин	PROPER_NAME
кокошин	PROPER_NAME
кокса	PROPER_NAME
кола	PROPER_NAME
колва	PROPER_NAME
колгуев	PROPER_NAME
колеров	PROPER_NAME
колесов	PROPER_NAME
колибаб	PROPER_NAME
колизей	PROPER_NAME
колин	PROPER_NAME
колл	PROPER_NAME
колобов	PROPER_NAME
колов	PROPER_NAME
коломак	PROPER_NAME
коломбо	PROPER_NAME
коломна	PROPER_NAME
коломыя	PROPER_NAME
колосов	PROPER_NAME
колочь	PROPER_NAME
колпино	PROPER_NAME
колумб	PROPER_NAME
колцун	PROPER_NAME
колчин	PROPER_NAME
колыма	PROPER_NAME
колька	PROPER_NAME
кольмар	PROPER_NAME
кольцов	PROPER_NAME
колюня	PROPER_NAME
колюша	PROPER_NAME
колюшин	PROPER_NAME
коля	PROPER_NAME
комарно	PROPER_NAME
комаров	PROPER_NAME
комигаз	PROPER_NAME
комо	PROPER_NAME
комов	PROPER_NAME
коморы	PROPER_NAME
комрат	PROPER_NAME
конакри	PROPER_NAME
конг	PROPER_NAME
конго	PROPER_NAME
конда	PROPER_NAME
кондома	PROPER_NAME
кондрат	PROPER_NAME
конев	PROPER_NAME
коневиц	PROPER_NAME
конон	PROPER_NAME
кононов	PROPER_NAME
коноров	PROPER_NAME
конотоп	PROPER_NAME
коноша	PROPER_NAME
конрад	PROPER_NAME
концев	PROPER_NAME
конья	PROPER_NAME
копаев	PROPER_NAME
копейск	PROPER_NAME
копелев	PROPER_NAME
копнев	PROPER_NAME
копсов	PROPER_NAME
коптев	PROPER_NAME
коптево	PROPER_NAME
копылов	PROPER_NAME
копыль	PROPER_NAME
корасон	PROPER_NAME
кордова	PROPER_NAME
корелов	PROPER_NAME
коренев	PROPER_NAME
корея	PROPER_NAME
корин	PROPER_NAME
корина	PROPER_NAME
коринна	PROPER_NAME
коринф	PROPER_NAME
коркино	PROPER_NAME
корнат	PROPER_NAME
корнев	PROPER_NAME
корнеев	PROPER_NAME
корней	PROPER_NAME
корнел	PROPER_NAME
корнил	PROPER_NAME
коробов	PROPER_NAME
коровин	PROPER_NAME
королёв	PROPER_NAME
короча	PROPER_NAME
корсика	PROPER_NAME
кортес	PROPER_NAME
кортни	PROPER_NAME
корчула	PROPER_NAME
корытин	PROPER_NAME
коряжма	PROPER_NAME
корякин	PROPER_NAME
косарев	PROPER_NAME
косвен	PROPER_NAME
косенко	PROPER_NAME
косиков	PROPER_NAME
косилов	PROPER_NAME
косим	PROPER_NAME
косино	PROPER_NAME
косицын	PROPER_NAME
косов	PROPER_NAME
косово	PROPER_NAME
коссово	PROPER_NAME
коста	PROPER_NAME
костан	PROPER_NAME
костин	PROPER_NAME
костов	PROPER_NAME
костоев	PROPER_NAME
костюк	PROPER_NAME
костя	PROPER_NAME
косыгин	PROPER_NAME
косых	PROPER_NAME
косьва	PROPER_NAME
котбус	PROPER_NAME
котелов	PROPER_NAME
котка	PROPER_NAME
котков	PROPER_NAME
котлас	PROPER_NAME
котлин	PROPER_NAME
котлов	PROPER_NAME
котлы	PROPER_NAME
котляр	PROPER_NAME
котов	PROPER_NAME
котово	PROPER_NAME
котовск	PROPER_NAME
котону	PROPER_NAME
котор	PROPER_NAME
котра	PROPER_NAME
котуй	PROPER_NAME
коулмэн	PROPER_NAME
кофи	PROPER_NAME
кохма	PROPER_NAME
кочеров	PROPER_NAME
кочечум	PROPER_NAME
кочубей	PROPER_NAME
кошев	PROPER_NAME
кошелев	PROPER_NAME
кошкин	PROPER_NAME
коэн	PROPER_NAME
кпрф	PROPER_NAME
кпсс	PROPER_NAME
крав	PROPER_NAME
кравань	PROPER_NAME
кравец	PROPER_NAME
кравцов	PROPER_NAME
кравчук	PROPER_NAME
крайова	PROPER_NAME
краков	PROPER_NAME
кралов	PROPER_NAME
крамер	PROPER_NAME
крамник	PROPER_NAME
кранц	PROPER_NAME
крао	PROPER_NAME
красин	PROPER_NAME
красная	PROPER_NAME
краснов	PROPER_NAME
красное	PROPER_NAME
красных	PROPER_NAME
красюк	PROPER_NAME
кратово	PROPER_NAME
кратьэх	PROPER_NAME
краш	PROPER_NAME
крейг	PROPER_NAME
кремлев	PROPER_NAME
кремона	PROPER_NAME
креснин	PROPER_NAME
кривов	PROPER_NAME
кривцов	PROPER_NAME
кригер	PROPER_NAME
кримнус	PROPER_NAME
крис	PROPER_NAME
криста	PROPER_NAME
кристал	PROPER_NAME
кристи	PROPER_NAME
кристин	PROPER_NAME
кристо	PROPER_NAME
кристоф	PROPER_NAME
крит	PROPER_NAME
криулин	PROPER_NAME
крицын	PROPER_NAME
кричев	PROPER_NAME
кришна	PROPER_NAME
кронид	PROPER_NAME
кротов	PROPER_NAME
кроули	PROPER_NAME
крохин	PROPER_NAME
круглов	PROPER_NAME
круз	PROPER_NAME
крупнов	PROPER_NAME
крус	PROPER_NAME
крутой	PROPER_NAME
крылов	PROPER_NAME
крым	PROPER_NAME
крымов	PROPER_NAME
крымск	PROPER_NAME
крюгер	PROPER_NAME
крюков	PROPER_NAME
крюково	PROPER_NAME
крючков	PROPER_NAME
кряжков	PROPER_NAME
ксавье	PROPER_NAME
ксана	PROPER_NAME
ксениа	PROPER_NAME
ксения	PROPER_NAME
ксенья	PROPER_NAME
ксеня	PROPER_NAME
кстов	PROPER_NAME
кстово	PROPER_NAME
ксюша	PROPER_NAME
ктулху	PROPER_NAME
куантай	PROPER_NAME
куба	PROPER_NAME
кубань	PROPER_NAME
кубарев	PROPER_NAME
кубенко	PROPER_NAME
кубня	PROPER_NAME
кува	PROPER_NAME
куваев	PROPER_NAME
кувасай	PROPER_NAME
кувейт	PROPER_NAME
куда	PROPER_NAME
кудимов	PROPER_NAME
кудинов	PROPER_NAME
кудрат	PROPER_NAME
кудрин	PROPER_NAME
кудырга	PROPER_NAME
кудюкин	PROPER_NAME
кужугет	PROPER_NAME
кузбасс	PROPER_NAME
кузнецк	PROPER_NAME
кузык	PROPER_NAME
кузькин	PROPER_NAME
кузьма	PROPER_NAME
кузьмин	PROPER_NAME
кузьмич	PROPER_NAME
кузя	PROPER_NAME
кузякин	PROPER_NAME
кукин	PROPER_NAME
кукунор	PROPER_NAME
кукура	PROPER_NAME
кулагин	PROPER_NAME
кулалы	PROPER_NAME
кулдига	PROPER_NAME
кулешов	PROPER_NAME
кулигин	PROPER_NAME
куликов	PROPER_NAME
кулина	PROPER_NAME
кулов	PROPER_NAME
кулунда	PROPER_NAME
кумак	PROPER_NAME
кумар	PROPER_NAME
кумаси	PROPER_NAME
кумколь	PROPER_NAME
кунай	PROPER_NAME
кунашак	PROPER_NAME
кунашир	PROPER_NAME
кунгаев	PROPER_NAME
кунград	PROPER_NAME
кунгур	PROPER_NAME
кунда	PROPER_NAME
кундос	PROPER_NAME
куник	PROPER_NAME
кунин	PROPER_NAME
кунцево	PROPER_NAME
купавна	PROPER_NAME
купала	PROPER_NAME
купер	PROPER_NAME
купино	PROPER_NAME
куприн	PROPER_NAME
куприян	PROPER_NAME
купцов	PROPER_NAME
купянск	PROPER_NAME
курабек	PROPER_NAME
кураев	PROPER_NAME
кураков	PROPER_NAME
курбай	PROPER_NAME
курбан	PROPER_NAME
курейка	PROPER_NAME
курилы	PROPER_NAME
куркин	PROPER_NAME
куркино	PROPER_NAME
курков	PROPER_NAME
курлин	PROPER_NAME
курск	PROPER_NAME
курт	PROPER_NAME
куруш	PROPER_NAME
курцер	PROPER_NAME
курышев	PROPER_NAME
курёхин	PROPER_NAME
куса	PROPER_NAME
кусары	PROPER_NAME
кусиел	PROPER_NAME
куско	PROPER_NAME
кусково	PROPER_NAME
кустерь	PROPER_NAME
кута	PROPER_NAME
кутаиси	PROPER_NAME
куталов	PROPER_NAME
кутафин	PROPER_NAME
куторга	PROPER_NAME
кутузов	PROPER_NAME
кутулик	PROPER_NAME
кутус	PROPER_NAME
куценко	PROPER_NAME
кучма	PROPER_NAME
кушва	PROPER_NAME
кушка	PROPER_NAME
кушнер	PROPER_NAME
кушум	PROPER_NAME
куэртен	PROPER_NAME
кхалед	PROPER_NAME
кшиштов	PROPER_NAME
кшиштоф	PROPER_NAME
кызыл	PROPER_NAME
кыска	PROPER_NAME
кыштым	PROPER_NAME
кэмерон	PROPER_NAME
кэрролл	PROPER_NAME
кэсон	PROPER_NAME
кэти	PROPER_NAME
кэтрин	PROPER_NAME
кюлли	PROPER_NAME
кюллике	PROPER_NAME
кюрасао	PROPER_NAME
кюросао	PROPER_NAME
кюсю	PROPER_NAME
кямал	PROPER_NAME
кямам	PROPER_NAME
кямран	PROPER_NAME
кянукук	PROPER_NAME
кярдла	PROPER_NAME
кярим	PROPER_NAME
кяхта	PROPER_NAME
кёльн	PROPER_NAME
лабиб	PROPER_NAME
лабинск	PROPER_NAME
лаверов	PROPER_NAME
лавин	PROPER_NAME
лавиния	PROPER_NAME
лависа	PROPER_NAME
лавия	PROPER_NAME
лавров	PROPER_NAME
лагин	PROPER_NAME
лагос	PROPER_NAME
лагунов	PROPER_NAME
лагутин	PROPER_NAME
ладевич	PROPER_NAME
ладен	PROPER_NAME
ладий	PROPER_NAME
ладия	PROPER_NAME
ладлена	PROPER_NAME
ладога	PROPER_NAME
ладыгин	PROPER_NAME
ладыжин	PROPER_NAME
ладь	PROPER_NAME
лазар	PROPER_NAME
лазарев	PROPER_NAME
лазарий	PROPER_NAME
лазарь	PROPER_NAME
лаздияй	PROPER_NAME
лазиза	PROPER_NAME
лазим	PROPER_NAME
лазо	PROPER_NAME
лазутин	PROPER_NAME
лазутов	PROPER_NAME
лазым	PROPER_NAME
лайкам	PROPER_NAME
лайла	PROPER_NAME
лайма	PROPER_NAME
лайна	PROPER_NAME
лайне	PROPER_NAME
лайош	PROPER_NAME
лайс	PROPER_NAME
лакинск	PROPER_NAME
лаклан	PROPER_NAME
лакхпау	PROPER_NAME
лакшин	PROPER_NAME
лакшми	PROPER_NAME
лала	PROPER_NAME
лали	PROPER_NAME
лалита	PROPER_NAME
ламайер	PROPER_NAME
ламе	PROPER_NAME
ламзира	PROPER_NAME
ламир	PROPER_NAME
ламита	PROPER_NAME
ламов	PROPER_NAME
лампия	PROPER_NAME
лана	PROPER_NAME
ланара	PROPER_NAME
лангина	PROPER_NAME
ланда	PROPER_NAME
ландау	PROPER_NAME
ландина	PROPER_NAME
лани	PROPER_NAME
ланида	PROPER_NAME
ланина	PROPER_NAME
ланкин	PROPER_NAME
ланна	PROPER_NAME
ланнера	PROPER_NAME
ланэ	PROPER_NAME
лаодика	PROPER_NAME
лаос	PROPER_NAME
лаперуз	PROPER_NAME
лапидус	PROPER_NAME
лаплас	PROPER_NAME
лаприса	PROPER_NAME
лаптев	PROPER_NAME
лапшин	PROPER_NAME
лара	PROPER_NAME
ларгий	PROPER_NAME
ларета	PROPER_NAME
ларетта	PROPER_NAME
лариада	PROPER_NAME
лариана	PROPER_NAME
ларика	PROPER_NAME
ларин	PROPER_NAME
ларион	PROPER_NAME
лариса	PROPER_NAME
ларисия	PROPER_NAME
ларисса	PROPER_NAME
ларита	PROPER_NAME
ларитта	PROPER_NAME
ларнака	PROPER_NAME
ларри	PROPER_NAME
ларриса	PROPER_NAME
ларс	PROPER_NAME
ларсен	PROPER_NAME
ларцев	PROPER_NAME
ларья	PROPER_NAME
ласло	PROPER_NAME
ласлов	PROPER_NAME
ластово	PROPER_NAME
латакия	PROPER_NAME
латвия	PROPER_NAME
латиф	PROPER_NAME
латифа	PROPER_NAME
латкин	PROPER_NAME
латышев	PROPER_NAME
лаура	PROPER_NAME
лаурент	PROPER_NAME
лаури	PROPER_NAME
лаурика	PROPER_NAME
лаурита	PROPER_NAME
лаурия	PROPER_NAME
лауро	PROPER_NAME
лафатер	PROPER_NAME
лахдж	PROPER_NAME
лахов	PROPER_NAME
лахор	PROPER_NAME
лахти	PROPER_NAME
лацио	PROPER_NAME
лацис	PROPER_NAME
лача	PROPER_NAME
лачин	PROPER_NAME
лаша	PROPER_NAME
лашевич	PROPER_NAME
лаялпур	PROPER_NAME
лдпр	PROPER_NAME
леана	PROPER_NAME
леандр	PROPER_NAME
леандра	PROPER_NAME
леандро	PROPER_NAME
леанина	PROPER_NAME
леанна	PROPER_NAME
леарина	PROPER_NAME
леария	PROPER_NAME
лебедев	PROPER_NAME
лебедин	PROPER_NAME
левадия	PROPER_NAME
леван	PROPER_NAME
леверий	PROPER_NAME
левиев	PROPER_NAME
левий	PROPER_NAME
левин	PROPER_NAME
левитан	PROPER_NAME
левитин	PROPER_NAME
левичев	PROPER_NAME
левкий	PROPER_NAME
левкин	PROPER_NAME
левкия	PROPER_NAME
левко	PROPER_NAME
левон	PROPER_NAME
левшин	PROPER_NAME
легпром	PROPER_NAME
ледков	PROPER_NAME
леднев	PROPER_NAME
леже	PROPER_NAME
лежиков	PROPER_NAME
лейбниц	PROPER_NAME
лейда	PROPER_NAME
лейден	PROPER_NAME
лейла	PROPER_NAME
лейлана	PROPER_NAME
лейли	PROPER_NAME
лейпциг	PROPER_NAME
лейрия	PROPER_NAME
лейсен	PROPER_NAME
лейте	PROPER_NAME
лейя	PROPER_NAME
лека	PROPER_NAME
лекадия	PROPER_NAME
лела	PROPER_NAME
лелия	PROPER_NAME
леляна	PROPER_NAME
лембит	PROPER_NAME
лемешев	PROPER_NAME
лемешов	PROPER_NAME
лемира	PROPER_NAME
лемнос	PROPER_NAME
лемпа	PROPER_NAME
лемью	PROPER_NAME
лена	PROPER_NAME
ленар	PROPER_NAME
ленара	PROPER_NAME
ленард	PROPER_NAME
ленарий	PROPER_NAME
ленво	PROPER_NAME
ленгер	PROPER_NAME
ленгина	PROPER_NAME
лениада	PROPER_NAME
лениана	PROPER_NAME
лениара	PROPER_NAME
ленин	PROPER_NAME
ленинка	PROPER_NAME
ленинск	PROPER_NAME
ленияра	PROPER_NAME
ленка	PROPER_NAME
ленке	PROPER_NAME
ленком	PROPER_NAME
ленлес	PROPER_NAME
леннарт	PROPER_NAME
леннон	PROPER_NAME
леноида	PROPER_NAME
леночка	PROPER_NAME
ленрыба	PROPER_NAME
ленсвет	PROPER_NAME
ленск	PROPER_NAME
ленский	PROPER_NAME
ленторф	PROPER_NAME
ленц	PROPER_NAME
леович	PROPER_NAME
леово	PROPER_NAME
леон	PROPER_NAME
леона	PROPER_NAME
леонада	PROPER_NAME
леонара	PROPER_NAME
леонард	PROPER_NAME
леонас	PROPER_NAME
леонид	PROPER_NAME
леонида	PROPER_NAME
леонила	PROPER_NAME
леония	PROPER_NAME
леонна	PROPER_NAME
леонов	PROPER_NAME
леонор	PROPER_NAME
леонора	PROPER_NAME
леонс	PROPER_NAME
леонсия	PROPER_NAME
леонтий	PROPER_NAME
леонтия	PROPER_NAME
леончев	PROPER_NAME
леорина	PROPER_NAME
леорита	PROPER_NAME
лепаков	PROPER_NAME
лепель	PROPER_NAME
лептон	PROPER_NAME
лепёхин	PROPER_NAME
лера	PROPER_NAME
лери	PROPER_NAME
лесбия	PROPER_NAME
лесбос	PROPER_NAME
лесгафт	PROPER_NAME
лесин	PROPER_NAME
лесков	PROPER_NAME
леслав	PROPER_NAME
лесмаш	PROPER_NAME
лесна	PROPER_NAME
лесото	PROPER_NAME
лессинг	PROPER_NAME
лесснаб	PROPER_NAME
лестер	PROPER_NAME
лесторг	PROPER_NAME
леся	PROPER_NAME
летиция	PROPER_NAME
летков	PROPER_NAME
летов	PROPER_NAME
леушкин	PROPER_NAME
лехович	PROPER_NAME
лешек	PROPER_NAME
лешик	PROPER_NAME
лещенко	PROPER_NAME
лиала	PROPER_NAME
лиалина	PROPER_NAME
лианида	PROPER_NAME
лианна	PROPER_NAME
лианора	PROPER_NAME
либерия	PROPER_NAME
ливан	PROPER_NAME
ливана	PROPER_NAME
ливаны	PROPER_NAME
ливдия	PROPER_NAME
ливерий	PROPER_NAME
ливиана	PROPER_NAME
ливия	PROPER_NAME
ливны	PROPER_NAME
ливон	PROPER_NAME
ливорно	PROPER_NAME
лившиц	PROPER_NAME
лигачёв	PROPER_NAME
лигурия	PROPER_NAME
лида	PROPER_NAME
лидаида	PROPER_NAME
лидиа	PROPER_NAME
лидий	PROPER_NAME
лидия	PROPER_NAME
лидмила	PROPER_NAME
лидмия	PROPER_NAME
лидо	PROPER_NAME
лидочка	PROPER_NAME
лидс	PROPER_NAME
лиевич	PROPER_NAME
лиелупе	PROPER_NAME
лиепая	PROPER_NAME
лиепна	PROPER_NAME
лиза	PROPER_NAME
лизаида	PROPER_NAME
лизи	PROPER_NAME
лизия	PROPER_NAME
лиина	PROPER_NAME
лиия	PROPER_NAME
лика	PROPER_NAME
ликандр	PROPER_NAME
ликаси	PROPER_NAME
ликерия	PROPER_NAME
ликерья	PROPER_NAME
ликия	PROPER_NAME
ликург	PROPER_NAME
лила	PROPER_NAME
лили	PROPER_NAME
лилиан	PROPER_NAME
лилиана	PROPER_NAME
лилина	PROPER_NAME
лилиона	PROPER_NAME
лилит	PROPER_NAME
лилита	PROPER_NAME
лилитта	PROPER_NAME
лилияна	PROPER_NAME
лилла	PROPER_NAME
лиллия	PROPER_NAME
лилль	PROPER_NAME
лилля	PROPER_NAME
лилович	PROPER_NAME
лилька	PROPER_NAME
лиля	PROPER_NAME
лиляна	PROPER_NAME
лима	PROPER_NAME
лимара	PROPER_NAME
лимасол	PROPER_NAME
лимба	PROPER_NAME
лимбажи	PROPER_NAME
лимбург	PROPER_NAME
лимож	PROPER_NAME
лимонов	PROPER_NAME
лимпопо	PROPER_NAME
лина	PROPER_NAME
линаида	PROPER_NAME
линар	PROPER_NAME
линара	PROPER_NAME
линард	PROPER_NAME
линарес	PROPER_NAME
линарий	PROPER_NAME
линария	PROPER_NAME
линда	PROPER_NAME
линде	PROPER_NAME
линдия	PROPER_NAME
линдон	PROPER_NAME
линев	PROPER_NAME
линенко	PROPER_NAME
линиана	PROPER_NAME
линиза	PROPER_NAME
линина	PROPER_NAME
линира	PROPER_NAME
линкува	PROPER_NAME
линн	PROPER_NAME
линна	PROPER_NAME
линник	PROPER_NAME
линоида	PROPER_NAME
линор	PROPER_NAME
линора	PROPER_NAME
линура	PROPER_NAME
линц	PROPER_NAME
линч	PROPER_NAME
лион	PROPER_NAME
лиона	PROPER_NAME
лионида	PROPER_NAME
лионора	PROPER_NAME
лионтий	PROPER_NAME
лиор	PROPER_NAME
лиора	PROPER_NAME
липаида	PROPER_NAME
липатов	PROPER_NAME
липецк	PROPER_NAME
липман	PROPER_NAME
лираида	PROPER_NAME
лирина	PROPER_NAME
лириса	PROPER_NAME
лирия	PROPER_NAME
лируна	PROPER_NAME
лисицын	PROPER_NAME
лиски	PROPER_NAME
лисон	PROPER_NAME
лисс	PROPER_NAME
листьев	PROPER_NAME
лита	PROPER_NAME
литва	PROPER_NAME
литвак	PROPER_NAME
литке	PROPER_NAME
лифанов	PROPER_NAME
лифшиц	PROPER_NAME
лихачёв	PROPER_NAME
лобанов	PROPER_NAME
лобань	PROPER_NAME
лобиту	PROPER_NAME
лобня	PROPER_NAME
лобов	PROPER_NAME
лоборев	PROPER_NAME
ловать	PROPER_NAME
ловеч	PROPER_NAME
логвин	PROPER_NAME
логинов	PROPER_NAME
логман	PROPER_NAME
логоваз	PROPER_NAME
лоддон	PROPER_NAME
лодзь	PROPER_NAME
лодкин	PROPER_NAME
лодыгин	PROPER_NAME
лозанна	PROPER_NAME
лозовая	PROPER_NAME
лозовой	PROPER_NAME
лоида	PROPER_NAME
лойко	PROPER_NAME
лойош	PROPER_NAME
локадия	PROPER_NAME
локчим	PROPER_NAME
лола	PROPER_NAME
лолиана	PROPER_NAME
лолий	PROPER_NAME
лолина	PROPER_NAME
лолита	PROPER_NAME
лолитта	PROPER_NAME
лолия	PROPER_NAME
лолла	PROPER_NAME
лоллита	PROPER_NAME
ломакин	PROPER_NAME
ломами	PROPER_NAME
ломница	PROPER_NAME
ломов	PROPER_NAME
лона	PROPER_NAME
лонгин	PROPER_NAME
лонда	PROPER_NAME
лондон	PROPER_NAME
лонской	PROPER_NAME
лопасня	PROPER_NAME
лопатин	PROPER_NAME
лопахин	PROPER_NAME
лопухин	PROPER_NAME
лора	PROPER_NAME
лоран	PROPER_NAME
лоранд	PROPER_NAME
лорейда	PROPER_NAME
лорелея	PROPER_NAME
лорен	PROPER_NAME
лорена	PROPER_NAME
лоренц	PROPER_NAME
лоренцо	PROPER_NAME
лорета	PROPER_NAME
лоретта	PROPER_NAME
лориана	PROPER_NAME
лорида	PROPER_NAME
лорина	PROPER_NAME
лориса	PROPER_NAME
лорита	PROPER_NAME
лоритта	PROPER_NAME
лория	PROPER_NAME
лорка	PROPER_NAME
лорна	PROPER_NAME
лосев	PROPER_NAME
лосево	PROPER_NAME
лосик	PROPER_NAME
лоськов	PROPER_NAME
лосюков	PROPER_NAME
лотков	PROPER_NAME
лотман	PROPER_NAME
лоторев	PROPER_NAME
лотфи	PROPER_NAME
лоуренс	PROPER_NAME
лоухи	PROPER_NAME
лохвица	PROPER_NAME
лошаков	PROPER_NAME
лошинь	PROPER_NAME
лощинин	PROPER_NAME
луазо	PROPER_NAME
луанда	PROPER_NAME
луара	PROPER_NAME
лубны	PROPER_NAME
лувр	PROPER_NAME
луга	PROPER_NAME
луганск	PROPER_NAME
лугань	PROPER_NAME
лугара	PROPER_NAME
лудвиг	PROPER_NAME
лудвика	PROPER_NAME
лудза	PROPER_NAME
лудонка	PROPER_NAME
лудция	PROPER_NAME
лужков	PROPER_NAME
лужники	PROPER_NAME
лузское	PROPER_NAME
луида	PROPER_NAME
луиджи	PROPER_NAME
луиевич	PROPER_NAME
луиз	PROPER_NAME
луиза	PROPER_NAME
луис	PROPER_NAME
луиса	PROPER_NAME
лукас	PROPER_NAME
лукаш	PROPER_NAME
лукашев	PROPER_NAME
лукашов	PROPER_NAME
лукашук	PROPER_NAME
лукерия	PROPER_NAME
лукерья	PROPER_NAME
лукиан	PROPER_NAME
лукин	PROPER_NAME
лукич	PROPER_NAME
лукия	PROPER_NAME
лукка	PROPER_NAME
луковня	PROPER_NAME
лукойл	PROPER_NAME
луконин	PROPER_NAME
луксор	PROPER_NAME
лукьян	PROPER_NAME
лукьяна	PROPER_NAME
лулео	PROPER_NAME
лумпур	PROPER_NAME
лунгин	PROPER_NAME
лунев	PROPER_NAME
лунинец	PROPER_NAME
лусака	PROPER_NAME
лусина	PROPER_NAME
лусине	PROPER_NAME
лусинэ	PROPER_NAME
лусон	PROPER_NAME
лутфей	PROPER_NAME
лутфий	PROPER_NAME
луценко	PROPER_NAME
луция	PROPER_NAME
луцк	PROPER_NAME
луцкий	PROPER_NAME
лучко	PROPER_NAME
лхаса	PROPER_NAME
лыжин	PROPER_NAME
лыкин	PROPER_NAME
лысая	PROPER_NAME
лысенко	PROPER_NAME
лысково	PROPER_NAME
лысов	PROPER_NAME
лысьва	PROPER_NAME
львов	PROPER_NAME
львович	PROPER_NAME
львовка	PROPER_NAME
льгов	PROPER_NAME
льеж	PROPER_NAME
льюис	PROPER_NAME
лэйкерс	PROPER_NAME
люба	PROPER_NAME
любава	PROPER_NAME
любамир	PROPER_NAME
любань	PROPER_NAME
любаша	PROPER_NAME
любек	PROPER_NAME
люберцы	PROPER_NAME
любим	PROPER_NAME
любимов	PROPER_NAME
любина	PROPER_NAME
любищев	PROPER_NAME
люблин	PROPER_NAME
люблино	PROPER_NAME
любов	PROPER_NAME
любова	PROPER_NAME
любовия	PROPER_NAME
любомир	PROPER_NAME
любомль	PROPER_NAME
любомыр	PROPER_NAME
люботин	PROPER_NAME
любочка	PROPER_NAME
люда	PROPER_NAME
людвиг	PROPER_NAME
людвига	PROPER_NAME
людвик	PROPER_NAME
людвика	PROPER_NAME
людвина	PROPER_NAME
людка	PROPER_NAME
людмила	PROPER_NAME
людовик	PROPER_NAME
людочка	PROPER_NAME
люза	PROPER_NAME
люзия	PROPER_NAME
люзя	PROPER_NAME
люка	PROPER_NAME
люкадия	PROPER_NAME
люман	PROPER_NAME
люнгина	PROPER_NAME
люпер	PROPER_NAME
люрий	PROPER_NAME
люсене	PROPER_NAME
люси	PROPER_NAME
люсиан	PROPER_NAME
люсиана	PROPER_NAME
люсик	PROPER_NAME
люсиль	PROPER_NAME
люсия	PROPER_NAME
люссия	PROPER_NAME
люстина	PROPER_NAME
люсьен	PROPER_NAME
люсьена	PROPER_NAME
люсьета	PROPER_NAME
люсьяна	PROPER_NAME
люся	PROPER_NAME
люсяна	PROPER_NAME
люцерн	PROPER_NAME
люциан	PROPER_NAME
люцилла	PROPER_NAME
люциния	PROPER_NAME
люцифер	PROPER_NAME
люция	PROPER_NAME
лявенко	PROPER_NAME
лявизя	PROPER_NAME
лягин	PROPER_NAME
лядмила	PROPER_NAME
лядова	PROPER_NAME
лязат	PROPER_NAME
лязиза	PROPER_NAME
ляиля	PROPER_NAME
ляйла	PROPER_NAME
ляйле	PROPER_NAME
ляйли	PROPER_NAME
ляйля	PROPER_NAME
ляйсан	PROPER_NAME
ляйсира	PROPER_NAME
ляйя	PROPER_NAME
ляла	PROPER_NAME
ляля	PROPER_NAME
лямин	PROPER_NAME
ляна	PROPER_NAME
ляпин	PROPER_NAME
ляпунов	PROPER_NAME
лятифа	PROPER_NAME
лятифе	PROPER_NAME
ляшко	PROPER_NAME
ляюза	PROPER_NAME
лёва	PROPER_NAME
лёвка	PROPER_NAME
лёвочка	PROPER_NAME
лёлька	PROPER_NAME
лёля	PROPER_NAME
лёнечка	PROPER_NAME
лёнька	PROPER_NAME
лёня	PROPER_NAME
лёха	PROPER_NAME
лёша	PROPER_NAME
маадыр	PROPER_NAME
маарду	PROPER_NAME
маарика	PROPER_NAME
маас	PROPER_NAME
мавгида	PROPER_NAME
мавзуна	PROPER_NAME
мавий	PROPER_NAME
мавлида	PROPER_NAME
мавлюда	PROPER_NAME
мавра	PROPER_NAME
маврина	PROPER_NAME
маврия	PROPER_NAME
мавроди	PROPER_NAME
мавсиля	PROPER_NAME
магадан	PROPER_NAME
магамед	PROPER_NAME
магамет	PROPER_NAME
магар	PROPER_NAME
магатэ	PROPER_NAME
магафур	PROPER_NAME
магда	PROPER_NAME
магдана	PROPER_NAME
магди	PROPER_NAME
магера	PROPER_NAME
магерам	PROPER_NAME
магзут	PROPER_NAME
магид	PROPER_NAME
магинюр	PROPER_NAME
магнус	PROPER_NAME
магомай	PROPER_NAME
магомед	PROPER_NAME
магомет	PROPER_NAME
магрена	PROPER_NAME
магсум	PROPER_NAME
мадад	PROPER_NAME
мадей	PROPER_NAME
маджад	PROPER_NAME
маджд	PROPER_NAME
маджед	PROPER_NAME
маджет	PROPER_NAME
маджи	PROPER_NAME
маджид	PROPER_NAME
маджир	PROPER_NAME
маджит	PROPER_NAME
маджуда	PROPER_NAME
мадина	PROPER_NAME
мадис	PROPER_NAME
мадлена	PROPER_NAME
мадона	PROPER_NAME
мадрас	PROPER_NAME
мадрид	PROPER_NAME
маер	PROPER_NAME
мажалык	PROPER_NAME
мажаров	PROPER_NAME
мажино	PROPER_NAME
мажит	PROPER_NAME
мазит	PROPER_NAME
мазия	PROPER_NAME
мазур	PROPER_NAME
мазуров	PROPER_NAME
мазюкин	PROPER_NAME
маина	PROPER_NAME
маир	PROPER_NAME
маира	PROPER_NAME
маирам	PROPER_NAME
майами	PROPER_NAME
майан	PROPER_NAME
майер	PROPER_NAME
майк	PROPER_NAME
майкл	PROPER_NAME
майкоп	PROPER_NAME
майлз	PROPER_NAME
маймуна	PROPER_NAME
майн	PROPER_NAME
майнор	PROPER_NAME
майнц	PROPER_NAME
майоров	PROPER_NAME
майотта	PROPER_NAME
майпо	PROPER_NAME
майрам	PROPER_NAME
майсара	PROPER_NAME
майсур	PROPER_NAME
майт	PROPER_NAME
майта	PROPER_NAME
майтифа	PROPER_NAME
макар	PROPER_NAME
макарий	PROPER_NAME
макарик	PROPER_NAME
макаров	PROPER_NAME
макашов	PROPER_NAME
макбет	PROPER_NAME
маквей	PROPER_NAME
маквел	PROPER_NAME
маке	PROPER_NAME
макеев	PROPER_NAME
макензи	PROPER_NAME
маккай	PROPER_NAME
маккейн	PROPER_NAME
макран	PROPER_NAME
макрун	PROPER_NAME
макс	PROPER_NAME
максат	PROPER_NAME
максуд	PROPER_NAME
максуз	PROPER_NAME
максут	PROPER_NAME
макута	PROPER_NAME
макушин	PROPER_NAME
малави	PROPER_NAME
малаита	PROPER_NAME
малакка	PROPER_NAME
маланг	PROPER_NAME
маланже	PROPER_NAME
малания	PROPER_NAME
маланка	PROPER_NAME
маланья	PROPER_NAME
малатья	PROPER_NAME
малахов	PROPER_NAME
малвина	PROPER_NAME
мале	PROPER_NAME
малевич	PROPER_NAME
малей	PROPER_NAME
малер	PROPER_NAME
малея	PROPER_NAME
мали	PROPER_NAME
малика	PROPER_NAME
маликов	PROPER_NAME
малин	PROPER_NAME
малинин	PROPER_NAME
малия	PROPER_NAME
малкин	PROPER_NAME
малков	PROPER_NAME
малмыж	PROPER_NAME
малмыжа	PROPER_NAME
малнава	PROPER_NAME
малов	PROPER_NAME
маловка	PROPER_NAME
малыгин	PROPER_NAME
малыхин	PROPER_NAME
малышев	PROPER_NAME
мальков	PROPER_NAME
мальмё	PROPER_NAME
мальта	PROPER_NAME
мальцев	PROPER_NAME
малюта	PROPER_NAME
малютин	PROPER_NAME
мамадыш	PROPER_NAME
мамай	PROPER_NAME
мамакан	PROPER_NAME
мамед	PROPER_NAME
мамедов	PROPER_NAME
мамикан	PROPER_NAME
мамикон	PROPER_NAME
мамонов	PROPER_NAME
маморе	PROPER_NAME
мамука	PROPER_NAME
мамурин	PROPER_NAME
мамут	PROPER_NAME
мана	PROPER_NAME
манагуа	PROPER_NAME
манаев	PROPER_NAME
манама	PROPER_NAME
манана	PROPER_NAME
манарша	PROPER_NAME
манас	PROPER_NAME
манаус	PROPER_NAME
манаха	PROPER_NAME
манвел	PROPER_NAME
мангейм	PROPER_NAME
мангит	PROPER_NAME
мане	PROPER_NAME
маневич	PROPER_NAME
манежев	PROPER_NAME
манефа	PROPER_NAME
манила	PROPER_NAME
манилов	PROPER_NAME
манин	PROPER_NAME
манипур	PROPER_NAME
манира	PROPER_NAME
маничка	PROPER_NAME
манишов	PROPER_NAME
маннан	PROPER_NAME
маннаф	PROPER_NAME
манола	PROPER_NAME
маноно	PROPER_NAME
мансур	PROPER_NAME
мануил	PROPER_NAME
манура	PROPER_NAME
мануэл	PROPER_NAME
мануэла	PROPER_NAME
мануэль	PROPER_NAME
манчини	PROPER_NAME
маныч	PROPER_NAME
манька	PROPER_NAME
маня	PROPER_NAME
манякин	PROPER_NAME
маович	PROPER_NAME
мапуту	PROPER_NAME
марат	PROPER_NAME
мараш	PROPER_NAME
марвич	PROPER_NAME
маргиев	PROPER_NAME
маргит	PROPER_NAME
маргита	PROPER_NAME
маргос	PROPER_NAME
маргот	PROPER_NAME
маргоша	PROPER_NAME
маргус	PROPER_NAME
маргут	PROPER_NAME
маргуш	PROPER_NAME
маргуша	PROPER_NAME
маре	PROPER_NAME
марек	PROPER_NAME
маремия	PROPER_NAME
марет	PROPER_NAME
марета	PROPER_NAME
маретта	PROPER_NAME
марзия	PROPER_NAME
мариа	PROPER_NAME
мариада	PROPER_NAME
мариан	PROPER_NAME
мариана	PROPER_NAME
марида	PROPER_NAME
марий	PROPER_NAME
марик	PROPER_NAME
марика	PROPER_NAME
марике	PROPER_NAME
марико	PROPER_NAME
марин	PROPER_NAME
марина	PROPER_NAME
маринин	PROPER_NAME
маринна	PROPER_NAME
марио	PROPER_NAME
мариола	PROPER_NAME
мариона	PROPER_NAME
мариса	PROPER_NAME
мариста	PROPER_NAME
марися	PROPER_NAME
марита	PROPER_NAME
марите	PROPER_NAME
маритта	PROPER_NAME
маритэ	PROPER_NAME
маритя	PROPER_NAME
мариула	PROPER_NAME
марифат	PROPER_NAME
марица	PROPER_NAME
маричка	PROPER_NAME
мариэм	PROPER_NAME
мариэта	PROPER_NAME
мария	PROPER_NAME
мариян	PROPER_NAME
марияна	PROPER_NAME
марк	PROPER_NAME
марке	PROPER_NAME
маркел	PROPER_NAME
маркета	PROPER_NAME
маркин	PROPER_NAME
маркита	PROPER_NAME
маркиян	PROPER_NAME
марко	PROPER_NAME
марков	PROPER_NAME
маркос	PROPER_NAME
маркс	PROPER_NAME
марку	PROPER_NAME
маркус	PROPER_NAME
маркуца	PROPER_NAME
марлен	PROPER_NAME
марлена	PROPER_NAME
мармара	PROPER_NAME
марна	PROPER_NAME
марокко	PROPER_NAME
марсел	PROPER_NAME
марсела	PROPER_NAME
марта	PROPER_NAME
мартаза	PROPER_NAME
мартам	PROPER_NAME
мартан	PROPER_NAME
мартена	PROPER_NAME
марти	PROPER_NAME
мартик	PROPER_NAME
мартим	PROPER_NAME
мартин	PROPER_NAME
мартинь	PROPER_NAME
мартир	PROPER_NAME
мартиян	PROPER_NAME
мартко	PROPER_NAME
марто	PROPER_NAME
мартон	PROPER_NAME
мартоха	PROPER_NAME
мартуз	PROPER_NAME
мартун	PROPER_NAME
мартуни	PROPER_NAME
мартуша	PROPER_NAME
мартьян	PROPER_NAME
мартян	PROPER_NAME
марус	PROPER_NAME
маруся	PROPER_NAME
марутян	PROPER_NAME
марущак	PROPER_NAME
марфа	PROPER_NAME
марфино	PROPER_NAME
марфуша	PROPER_NAME
марха	PROPER_NAME
мархаба	PROPER_NAME
мархи	PROPER_NAME
марчела	PROPER_NAME
марчук	PROPER_NAME
маршак	PROPER_NAME
маршалл	PROPER_NAME
маршев	PROPER_NAME
мары	PROPER_NAME
марыся	PROPER_NAME
марычев	PROPER_NAME
марьин	PROPER_NAME
марьино	PROPER_NAME
марья	PROPER_NAME
марьям	PROPER_NAME
марьяма	PROPER_NAME
марьян	PROPER_NAME
марьяна	PROPER_NAME
марэк	PROPER_NAME
марян	PROPER_NAME
масаллы	PROPER_NAME
маскат	PROPER_NAME
маслов	PROPER_NAME
маснави	PROPER_NAME
мастура	PROPER_NAME
масюк	PROPER_NAME
масяня	PROPER_NAME
матади	PROPER_NAME
матанат	PROPER_NAME
матвеев	PROPER_NAME
матвей	PROPER_NAME
матеров	PROPER_NAME
матеуш	PROPER_NAME
матисс	PROPER_NAME
матрах	PROPER_NAME
матруна	PROPER_NAME
матряна	PROPER_NAME
матрёна	PROPER_NAME
матти	PROPER_NAME
матфей	PROPER_NAME
матыра	PROPER_NAME
матюнин	PROPER_NAME
матюхин	PROPER_NAME
матюшов	PROPER_NAME
матяшов	PROPER_NAME
мауи	PROPER_NAME
мафтун	PROPER_NAME
махамед	PROPER_NAME
махамет	PROPER_NAME
махар	PROPER_NAME
махер	PROPER_NAME
махир	PROPER_NAME
махира	PROPER_NAME
махмади	PROPER_NAME
махмуд	PROPER_NAME
махмут	PROPER_NAME
махомад	PROPER_NAME
махомед	PROPER_NAME
махсуд	PROPER_NAME
махсут	PROPER_NAME
мачей	PROPER_NAME
маша	PROPER_NAME
машеров	PROPER_NAME
машин	PROPER_NAME
машка	PROPER_NAME
машков	PROPER_NAME
машук	PROPER_NAME
мащиц	PROPER_NAME
мащук	PROPER_NAME
маэль	PROPER_NAME
маяна	PROPER_NAME
мбабане	PROPER_NAME
мбвд	PROPER_NAME
мверу	PROPER_NAME
мвэс	PROPER_NAME
мгер	PROPER_NAME
мгимо	PROPER_NAME
мглин	PROPER_NAME
мгту	PROPER_NAME
мегион	PROPER_NAME
мегри	PROPER_NAME
медан	PROPER_NAME
медея	PROPER_NAME
меджид	PROPER_NAME
медиков	PROPER_NAME
медина	PROPER_NAME
медичи	PROPER_NAME
медков	PROPER_NAME
меднев	PROPER_NAME
медпром	PROPER_NAME
медынь	PROPER_NAME
меелис	PROPER_NAME
мезень	PROPER_NAME
мезонье	PROPER_NAME
мейджор	PROPER_NAME
мекка	PROPER_NAME
меклер	PROPER_NAME
мекнес	PROPER_NAME
меконг	PROPER_NAME
мексика	PROPER_NAME
мелания	PROPER_NAME
меланья	PROPER_NAME
меларен	PROPER_NAME
мелвилл	PROPER_NAME
меленки	PROPER_NAME
мелетий	PROPER_NAME
мелеуз	PROPER_NAME
мелешин	PROPER_NAME
мелик	PROPER_NAME
мелита	PROPER_NAME
мелитон	PROPER_NAME
мелитос	PROPER_NAME
меллер	PROPER_NAME
мелько	PROPER_NAME
мельков	PROPER_NAME
мелюхин	PROPER_NAME
мемозов	PROPER_NAME
мемфис	PROPER_NAME
менатеп	PROPER_NAME
менглет	PROPER_NAME
мендоса	PROPER_NAME
мензбир	PROPER_NAME
менинг	PROPER_NAME
менкере	PROPER_NAME
менорка	PROPER_NAME
менухин	PROPER_NAME
меньшов	PROPER_NAME
мерген	PROPER_NAME
мерефа	PROPER_NAME
мери	PROPER_NAME
мерил	PROPER_NAME
меринэ	PROPER_NAME
мерир	PROPER_NAME
меркель	PROPER_NAME
меркул	PROPER_NAME
мерла	PROPER_NAME
мерси	PROPER_NAME
мерсин	PROPER_NAME
меружан	PROPER_NAME
меруман	PROPER_NAME
мерутан	PROPER_NAME
мерушан	PROPER_NAME
мерьем	PROPER_NAME
месроп	PROPER_NAME
мессина	PROPER_NAME
методи	PROPER_NAME
методий	PROPER_NAME
методия	PROPER_NAME
меттью	PROPER_NAME
мефоди	PROPER_NAME
мефодий	PROPER_NAME
мехико	PROPER_NAME
мехман	PROPER_NAME
мехмед	PROPER_NAME
мехмет	PROPER_NAME
мехти	PROPER_NAME
мешхед	PROPER_NAME
мещанов	PROPER_NAME
мещовск	PROPER_NAME
мзия	PROPER_NAME
миасс	PROPER_NAME
миассар	PROPER_NAME
мигунов	PROPER_NAME
мидхад	PROPER_NAME
мизулин	PROPER_NAME
миит	PROPER_NAME
микаел	PROPER_NAME
микаиль	PROPER_NAME
микаэл	PROPER_NAME
микаэль	PROPER_NAME
микелон	PROPER_NAME
микки	PROPER_NAME
миклош	PROPER_NAME
микович	PROPER_NAME
микола	PROPER_NAME
миколай	PROPER_NAME
микомс	PROPER_NAME
миконос	PROPER_NAME
микоян	PROPER_NAME
микулаш	PROPER_NAME
микулин	PROPER_NAME
микунь	PROPER_NAME
микута	PROPER_NAME
мила	PROPER_NAME
милан	PROPER_NAME
милана	PROPER_NAME
миланда	PROPER_NAME
милания	PROPER_NAME
миланка	PROPER_NAME
миланна	PROPER_NAME
милано	PROPER_NAME
миланья	PROPER_NAME
миланя	PROPER_NAME
милауша	PROPER_NAME
милена	PROPER_NAME
милета	PROPER_NAME
милетта	PROPER_NAME
милий	PROPER_NAME
милиса	PROPER_NAME
милисса	PROPER_NAME
милица	PROPER_NAME
милия	PROPER_NAME
миллер	PROPER_NAME
миллия	PROPER_NAME
мило	PROPER_NAME
милович	PROPER_NAME
милон	PROPER_NAME
милона	PROPER_NAME
милорад	PROPER_NAME
милос	PROPER_NAME
милтон	PROPER_NAME
мильруд	PROPER_NAME
мильтон	PROPER_NAME
милюков	PROPER_NAME
милютин	PROPER_NAME
мими	PROPER_NAME
минаев	PROPER_NAME
минай	PROPER_NAME
минаков	PROPER_NAME
минатом	PROPER_NAME
минг	PROPER_NAME
мингаз	PROPER_NAME
миндоро	PROPER_NAME
миневич	PROPER_NAME
минеев	PROPER_NAME
минивэн	PROPER_NAME
минин	PROPER_NAME
минкин	PROPER_NAME
миннац	PROPER_NAME
миннула	PROPER_NAME
минпром	PROPER_NAME
минря	PROPER_NAME
минск	PROPER_NAME
минский	PROPER_NAME
минторг	PROPER_NAME
минтруд	PROPER_NAME
минфин	PROPER_NAME
минь	PROPER_NAME
минька	PROPER_NAME
миньяр	PROPER_NAME
минюст	PROPER_NAME
миоры	PROPER_NAME
мираб	PROPER_NAME
миран	PROPER_NAME
миранда	PROPER_NAME
мирания	PROPER_NAME
миргаяз	PROPER_NAME
мирзоев	PROPER_NAME
мирзоян	PROPER_NAME
мириам	PROPER_NAME
мирия	PROPER_NAME
мирлан	PROPER_NAME
мирный	PROPER_NAME
мироида	PROPER_NAME
миролюб	PROPER_NAME
мирония	PROPER_NAME
миронов	PROPER_NAME
миропия	PROPER_NAME
мирсаев	PROPER_NAME
мирча	PROPER_NAME
мирьем	PROPER_NAME
мирьям	PROPER_NAME
мирьян	PROPER_NAME
мисак	PROPER_NAME
мисник	PROPER_NAME
мисол	PROPER_NAME
миссури	PROPER_NAME
мисти	PROPER_NAME
митин	PROPER_NAME
митино	PROPER_NAME
митков	PROPER_NAME
митник	PROPER_NAME
митта	PROPER_NAME
митхо	PROPER_NAME
митька	PROPER_NAME
митьков	PROPER_NAME
митюков	PROPER_NAME
митя	PROPER_NAME
митяев	PROPER_NAME
миусс	PROPER_NAME
мифтах	PROPER_NAME
михаил	PROPER_NAME
михайл	PROPER_NAME
михайло	PROPER_NAME
михал	PROPER_NAME
михаль	PROPER_NAME
михалёв	PROPER_NAME
михамл	PROPER_NAME
михаэль	PROPER_NAME
михеев	PROPER_NAME
михей	PROPER_NAME
михкель	PROPER_NAME
михоэлс	PROPER_NAME
мичиган	PROPER_NAME
мичурин	PROPER_NAME
миша	PROPER_NAME
мишель	PROPER_NAME
мишин	PROPER_NAME
мишнев	PROPER_NAME
мищенко	PROPER_NAME
мищук	PROPER_NAME
мияся	PROPER_NAME
мкртич	PROPER_NAME
мкртчян	PROPER_NAME
мкртыч	PROPER_NAME
млада	PROPER_NAME
младич	PROPER_NAME
млет	PROPER_NAME
ммвб	PROPER_NAME
мнавара	PROPER_NAME
мнишек	PROPER_NAME
мнтк	PROPER_NAME
мнтц	PROPER_NAME
могзон	PROPER_NAME
могилёв	PROPER_NAME
могоч	PROPER_NAME
могоча	PROPER_NAME
модена	PROPER_NAME
моденов	PROPER_NAME
модест	PROPER_NAME
модин	PROPER_NAME
можайск	PROPER_NAME
можга	PROPER_NAME
можейко	PROPER_NAME
можин	PROPER_NAME
моздок	PROPER_NAME
мозель	PROPER_NAME
мозырь	PROPER_NAME
моисеев	PROPER_NAME
моисей	PROPER_NAME
мойсей	PROPER_NAME
мойша	PROPER_NAME
мокадия	PROPER_NAME
моква	PROPER_NAME
мокей	PROPER_NAME
мокрина	PROPER_NAME
молдова	PROPER_NAME
молетай	PROPER_NAME
молизе	PROPER_NAME
молл	PROPER_NAME
молога	PROPER_NAME
молокаи	PROPER_NAME
молоков	PROPER_NAME
молома	PROPER_NAME
молотов	PROPER_NAME
молоча	PROPER_NAME
мольер	PROPER_NAME
момбаса	PROPER_NAME
момджян	PROPER_NAME
мона	PROPER_NAME
монако	PROPER_NAME
монблан	PROPER_NAME
моне	PROPER_NAME
монидзе	PROPER_NAME
моника	PROPER_NAME
монино	PROPER_NAME
монро	PROPER_NAME
монс	PROPER_NAME
монтрё	PROPER_NAME
монцев	PROPER_NAME
мора	PROPER_NAME
морава	PROPER_NAME
моравиа	PROPER_NAME
моран	PROPER_NAME
морган	PROPER_NAME
морис	PROPER_NAME
мориц	PROPER_NAME
моркам	PROPER_NAME
морозко	PROPER_NAME
морозов	PROPER_NAME
моротай	PROPER_NAME
моруа	PROPER_NAME
мосгаз	PROPER_NAME
москва	PROPER_NAME
москвин	PROPER_NAME
мослес	PROPER_NAME
мослифт	PROPER_NAME
моспино	PROPER_NAME
мосул	PROPER_NAME
мосшвея	PROPER_NAME
мота	PROPER_NAME
мотович	PROPER_NAME
мотя	PROPER_NAME
моутама	PROPER_NAME
мохамад	PROPER_NAME
мохамед	PROPER_NAME
мохд	PROPER_NAME
мохов	PROPER_NAME
моховая	PROPER_NAME
моцарт	PROPER_NAME
мочалов	PROPER_NAME
моше	PROPER_NAME
мошевич	PROPER_NAME
мошенко	PROPER_NAME
мошково	PROPER_NAME
мста	PROPER_NAME
мстёра	PROPER_NAME
мтвара	PROPER_NAME
муамар	PROPER_NAME
мубарек	PROPER_NAME
мубариз	PROPER_NAME
мубарик	PROPER_NAME
мубарис	PROPER_NAME
мубаряк	PROPER_NAME
мугабе	PROPER_NAME
мудите	PROPER_NAME
мудряк	PROPER_NAME
музочка	PROPER_NAME
муйнак	PROPER_NAME
муктада	PROPER_NAME
мукур	PROPER_NAME
мулави	PROPER_NAME
мултан	PROPER_NAME
мульде	PROPER_NAME
муна	PROPER_NAME
мунара	PROPER_NAME
мунир	PROPER_NAME
мунис	PROPER_NAME
мурад	PROPER_NAME
мурадов	PROPER_NAME
мураз	PROPER_NAME
муралов	PROPER_NAME
муранов	PROPER_NAME
мурат	PROPER_NAME
муратов	PROPER_NAME
мурафа	PROPER_NAME
мурашев	PROPER_NAME
мураши	PROPER_NAME
мургаб	PROPER_NAME
муреш	PROPER_NAME
муринов	PROPER_NAME
мурмаш	PROPER_NAME
муром	PROPER_NAME
муррей	PROPER_NAME
мурсал	PROPER_NAME
муршидя	PROPER_NAME
мурэн	PROPER_NAME
муса	PROPER_NAME
мусай	PROPER_NAME
мусатов	PROPER_NAME
мусин	PROPER_NAME
муслим	PROPER_NAME
мусович	PROPER_NAME
мусса	PROPER_NAME
мустафа	PROPER_NAME
муствеэ	PROPER_NAME
муська	PROPER_NAME
муся	PROPER_NAME
мутла	PROPER_NAME
мухавец	PROPER_NAME
мухамад	PROPER_NAME
мухамед	PROPER_NAME
мухамет	PROPER_NAME
мухарби	PROPER_NAME
мухин	PROPER_NAME
мухлиса	PROPER_NAME
мухмад	PROPER_NAME
мухтар	PROPER_NAME
мушег	PROPER_NAME
мхат	PROPER_NAME
мхитар	PROPER_NAME
мценск	PROPER_NAME
мцхета	PROPER_NAME
мыров	PROPER_NAME
мыски	PROPER_NAME
мыскин	PROPER_NAME
мысляев	PROPER_NAME
мытищи	PROPER_NAME
мышкин	PROPER_NAME
мьянма	PROPER_NAME
мэнни	PROPER_NAME
мэри	PROPER_NAME
мэрилин	PROPER_NAME
мэси	PROPER_NAME
мэтлок	PROPER_NAME
мэтт	PROPER_NAME
мэтью	PROPER_NAME
мэчит	PROPER_NAME
мюллер	PROPER_NAME
мюнстер	PROPER_NAME
мюнхен	PROPER_NAME
мюррей	PROPER_NAME
мягков	PROPER_NAME
мякзюм	PROPER_NAME
мялхи	PROPER_NAME
мярт	PROPER_NAME
мясин	PROPER_NAME
мясищев	PROPER_NAME
мячин	PROPER_NAME
мёбиус	PROPER_NAME
мёрдок	PROPER_NAME
наала	PROPER_NAME
наби	PROPER_NAME
набиев	PROPER_NAME
набия	PROPER_NAME
наблус	PROPER_NAME
набоков	PROPER_NAME
навара	PROPER_NAME
наварин	PROPER_NAME
наварра	PROPER_NAME
навид	PROPER_NAME
навои	PROPER_NAME
навоша	PROPER_NAME
нагима	PROPER_NAME
нагоя	PROPER_NAME
надар	PROPER_NAME
наджаф	PROPER_NAME
наджи	PROPER_NAME
наджиб	PROPER_NAME
надим	PROPER_NAME
надима	PROPER_NAME
надиме	PROPER_NAME
надимя	PROPER_NAME
надия	PROPER_NAME
надсон	PROPER_NAME
надым	PROPER_NAME
надыя	PROPER_NAME
надька	PROPER_NAME
надюша	PROPER_NAME
надя	PROPER_NAME
нажаев	PROPER_NAME
нажия	PROPER_NAME
назар	PROPER_NAME
назарет	PROPER_NAME
назарий	PROPER_NAME
назария	PROPER_NAME
назаров	PROPER_NAME
назгуль	PROPER_NAME
назера	PROPER_NAME
назим	PROPER_NAME
назип	PROPER_NAME
назир	PROPER_NAME
назира	PROPER_NAME
назиф	PROPER_NAME
назифе	PROPER_NAME
назия	PROPER_NAME
назрань	PROPER_NAME
назым	PROPER_NAME
наиба	PROPER_NAME
наида	PROPER_NAME
наил	PROPER_NAME
наила	PROPER_NAME
наиль	PROPER_NAME
наиля	PROPER_NAME
наин	PROPER_NAME
наина	PROPER_NAME
наинна	PROPER_NAME
наира	PROPER_NAME
наиса	PROPER_NAME
найда	PROPER_NAME
найман	PROPER_NAME
найроби	PROPER_NAME
наксос	PROPER_NAME
налалия	PROPER_NAME
налалья	PROPER_NAME
налатия	PROPER_NAME
налич	PROPER_NAME
налия	PROPER_NAME
нальчик	PROPER_NAME
намалья	PROPER_NAME
намана	PROPER_NAME
намдак	PROPER_NAME
намдинь	PROPER_NAME
намибия	PROPER_NAME
намиг	PROPER_NAME
намизад	PROPER_NAME
намик	PROPER_NAME
нампхо	PROPER_NAME
намту	PROPER_NAME
намюр	PROPER_NAME
нана	PROPER_NAME
нанкин	PROPER_NAME
нансен	PROPER_NAME
нанси	PROPER_NAME
нант	PROPER_NAME
наньлин	PROPER_NAME
нанэ	PROPER_NAME
наня	PROPER_NAME
наоми	PROPER_NAME
наонила	PROPER_NAME
наото	PROPER_NAME
нара	PROPER_NAME
наран	PROPER_NAME
нарбада	PROPER_NAME
нарва	PROPER_NAME
наргиз	PROPER_NAME
наргиза	PROPER_NAME
наргила	PROPER_NAME
наргиля	PROPER_NAME
наргин	PROPER_NAME
наргиса	PROPER_NAME
нардо	PROPER_NAME
нарев	PROPER_NAME
нарий	PROPER_NAME
нарим	PROPER_NAME
нарима	PROPER_NAME
нариман	PROPER_NAME
наримон	PROPER_NAME
нарине	PROPER_NAME
наркис	PROPER_NAME
наровля	PROPER_NAME
наролин	PROPER_NAME
нарочь	PROPER_NAME
нарсков	PROPER_NAME
нарусов	PROPER_NAME
нарын	PROPER_NAME
наса	PROPER_NAME
насер	PROPER_NAME
насима	PROPER_NAME
насир	PROPER_NAME
насих	PROPER_NAME
насонов	PROPER_NAME
нассо	PROPER_NAME
настас	PROPER_NAME
настя	PROPER_NAME
натал	PROPER_NAME
натали	PROPER_NAME
наталиа	PROPER_NAME
наталия	PROPER_NAME
наталка	PROPER_NAME
наталья	PROPER_NAME
наталя	PROPER_NAME
натан	PROPER_NAME
натания	PROPER_NAME
наташа	PROPER_NAME
наташка	PROPER_NAME
натела	PROPER_NAME
нателия	PROPER_NAME
нателла	PROPER_NAME
натик	PROPER_NAME
нато	PROPER_NAME
натэлла	PROPER_NAME
наум	PROPER_NAME
наумов	PROPER_NAME
наур	PROPER_NAME
науру	PROPER_NAME
нафис	PROPER_NAME
нафися	PROPER_NAME
нахимов	PROPER_NAME
нахман	PROPER_NAME
неаполь	PROPER_NAME
нева	PROPER_NAME
невель	PROPER_NAME
неверов	PROPER_NAME
невис	PROPER_NAME
невский	PROPER_NAME
негрос	PROPER_NAME
неделин	PROPER_NAME
неджеф	PROPER_NAME
неелов	PROPER_NAME
нежин	PROPER_NAME
нейман	PROPER_NAME
неккар	PROPER_NAME
нексе	PROPER_NAME
нела	PROPER_NAME
нелевич	PROPER_NAME
нелея	PROPER_NAME
нелиана	PROPER_NAME
нелида	PROPER_NAME
нелидия	PROPER_NAME
нелинна	PROPER_NAME
нелия	PROPER_NAME
нелла	PROPER_NAME
нелли	PROPER_NAME
неллина	PROPER_NAME
неллия	PROPER_NAME
нелль	PROPER_NAME
нелля	PROPER_NAME
нелсон	PROPER_NAME
нелу	PROPER_NAME
нель	PROPER_NAME
нельсон	PROPER_NAME
нелюбин	PROPER_NAME
неля	PROPER_NAME
неман	PROPER_NAME
немиров	PROPER_NAME
немиско	PROPER_NAME
немцов	PROPER_NAME
ненила	PROPER_NAME
ненси	PROPER_NAME
неола	PROPER_NAME
неолина	PROPER_NAME
неонела	PROPER_NAME
неонели	PROPER_NAME
неонель	PROPER_NAME
неоника	PROPER_NAME
неонила	PROPER_NAME
неониля	PROPER_NAME
неонора	PROPER_NAME
непал	PROPER_NAME
нептун	PROPER_NAME
нера	PROPER_NAME
нереида	PROPER_NAME
нерехта	PROPER_NAME
нержин	PROPER_NAME
нериман	PROPER_NAME
неринга	PROPER_NAME
нерль	PROPER_NAME
неро	PROPER_NAME
нерон	PROPER_NAME
нерская	PROPER_NAME
нерусса	PROPER_NAME
несвиж	PROPER_NAME
нестер	PROPER_NAME
нестор	PROPER_NAME
нетешин	PROPER_NAME
нефодий	PROPER_NAME
нефёд	PROPER_NAME
нефёдов	PROPER_NAME
нехама	PROPER_NAME
нехума	PROPER_NAME
нечаев	PROPER_NAME
нешумов	PROPER_NAME
ниаз	PROPER_NAME
ниамей	PROPER_NAME
нивц	PROPER_NAME
нившера	PROPER_NAME
нига	PROPER_NAME
нигар	PROPER_NAME
нигара	PROPER_NAME
нигер	PROPER_NAME
нигерия	PROPER_NAME
нигина	PROPER_NAME
нигкоев	PROPER_NAME
нигяр	PROPER_NAME
низадил	PROPER_NAME
низами	PROPER_NAME
низамин	PROPER_NAME
низар	PROPER_NAME
низьма	PROPER_NAME
ниигата	PROPER_NAME
ниихау	PROPER_NAME
ника	PROPER_NAME
никандр	PROPER_NAME
никанор	PROPER_NAME
никита	PROPER_NAME
никитий	PROPER_NAME
никитин	PROPER_NAME
никифор	PROPER_NAME
никишин	PROPER_NAME
никодим	PROPER_NAME
николай	PROPER_NAME
николас	PROPER_NAME
николь	PROPER_NAME
николя	PROPER_NAME
никон	PROPER_NAME
никонов	PROPER_NAME
никора	PROPER_NAME
никосия	PROPER_NAME
никта	PROPER_NAME
нику	PROPER_NAME
никулай	PROPER_NAME
никулин	PROPER_NAME
нилла	PROPER_NAME
нилович	PROPER_NAME
ниловка	PROPER_NAME
нилуфар	PROPER_NAME
нильс	PROPER_NAME
нимаев	PROPER_NAME
нина	PROPER_NAME
нинелия	PROPER_NAME
нинелл	PROPER_NAME
нинелла	PROPER_NAME
нинелли	PROPER_NAME
нинелля	PROPER_NAME
нинель	PROPER_NAME
нинеля	PROPER_NAME
ниниа	PROPER_NAME
нинка	PROPER_NAME
нино	PROPER_NAME
нинович	PROPER_NAME
ниньбо	PROPER_NAME
ниола	PROPER_NAME
ниоле	PROPER_NAME
ниолина	PROPER_NAME
нионела	PROPER_NAME
нионель	PROPER_NAME
нионила	PROPER_NAME
нионина	PROPER_NAME
ниония	PROPER_NAME
ниремка	PROPER_NAME
нисим	PROPER_NAME
нитра	PROPER_NAME
ниуэ	PROPER_NAME
нифонт	PROPER_NAME
ницца	PROPER_NAME
ницше	PROPER_NAME
нияз	PROPER_NAME
нквд	PROPER_NAME
ноак	PROPER_NAME
ноам	PROPER_NAME
нобель	PROPER_NAME
новень	PROPER_NAME
новиков	PROPER_NAME
новинск	PROPER_NAME
новосад	PROPER_NAME
новосиб	PROPER_NAME
ногин	PROPER_NAME
ногинск	PROPER_NAME
нодар	PROPER_NAME
ноевич	PROPER_NAME
ножиков	PROPER_NAME
ножов	PROPER_NAME
ноздрин	PROPER_NAME
нойх	PROPER_NAME
нола	PROPER_NAME
нолинск	PROPER_NAME
нонака	PROPER_NAME
нония	PROPER_NAME
нонка	PROPER_NAME
нонна	PROPER_NAME
норберт	PROPER_NAME
норвуз	PROPER_NAME
нордвик	PROPER_NAME
нордкап	PROPER_NAME
нордкин	PROPER_NAME
норкин	PROPER_NAME
норман	PROPER_NAME
нормин	PROPER_NAME
норфолк	PROPER_NAME
носинов	PROPER_NAME
носков	PROPER_NAME
носов	PROPER_NAME
носовка	PROPER_NAME
носырев	PROPER_NAME
ноткин	PROPER_NAME
нотора	PROPER_NAME
ноушехр	PROPER_NAME
ночкин	PROPER_NAME
нсдап	PROPER_NAME
нуадибу	PROPER_NAME
нуакшот	PROPER_NAME
нугзар	PROPER_NAME
нуйкин	PROPER_NAME
нукус	PROPER_NAME
нуланд	PROPER_NAME
нунехия	PROPER_NAME
нунивак	PROPER_NAME
нурабад	PROPER_NAME
нурадин	PROPER_NAME
нурания	PROPER_NAME
нурата	PROPER_NAME
нурбек	PROPER_NAME
нургали	PROPER_NAME
нурзида	PROPER_NAME
нуриев	PROPER_NAME
нурия	PROPER_NAME
нурлан	PROPER_NAME
нурлана	PROPER_NAME
нурлат	PROPER_NAME
нурмат	PROPER_NAME
нурович	PROPER_NAME
нурулла	PROPER_NAME
нуруло	PROPER_NAME
нурый	PROPER_NAME
нхулна	PROPER_NAME
нытва	PROPER_NAME
ньюкасл	PROPER_NAME
ньяса	PROPER_NAME
нэлли	PROPER_NAME
нэллина	PROPER_NAME
нэллия	PROPER_NAME
нэлля	PROPER_NAME
нэля	PROPER_NAME
нэнси	PROPER_NAME
нюнин	PROPER_NAME
нюра	PROPER_NAME
нюргун	PROPER_NAME
нюрифа	PROPER_NAME
нюрифя	PROPER_NAME
нюрия	PROPER_NAME
нюрсена	PROPER_NAME
нюрула	PROPER_NAME
нюся	PROPER_NAME
нюша	PROPER_NAME
нягань	PROPER_NAME
нязыф	PROPER_NAME
няндома	PROPER_NAME
нярис	PROPER_NAME
нячанг	PROPER_NAME
обама	PROPER_NAME
обва	PROPER_NAME
обихиро	PROPER_NAME
обломов	PROPER_NAME
облснаб	PROPER_NAME
облторг	PROPER_NAME
облучье	PROPER_NAME
обнинск	PROPER_NAME
обоянь	PROPER_NAME
обухов	PROPER_NAME
общепит	PROPER_NAME
обяляй	PROPER_NAME
оваким	PROPER_NAME
ованес	PROPER_NAME
овечкин	PROPER_NAME
овидий	PROPER_NAME
овидио	PROPER_NAME
овик	PROPER_NAME
овнан	PROPER_NAME
овруч	PROPER_NAME
овсана	PROPER_NAME
овсанна	PROPER_NAME
овсей	PROPER_NAME
овстуг	PROPER_NAME
овчаров	PROPER_NAME
овчарук	PROPER_NAME
овьедо	PROPER_NAME
огайо	PROPER_NAME
оганез	PROPER_NAME
оганес	PROPER_NAME
огарков	PROPER_NAME
оглы	PROPER_NAME
огнев	PROPER_NAME
огнеса	PROPER_NAME
огнян	PROPER_NAME
огове	PROPER_NAME
огонес	PROPER_NAME
огпу	PROPER_NAME
огре	PROPER_NAME
огурцов	PROPER_NAME
огустин	PROPER_NAME
огюст	PROPER_NAME
одамбай	PROPER_NAME
одария	PROPER_NAME
одарка	PROPER_NAME
одед	PROPER_NAME
оделина	PROPER_NAME
оделия	PROPER_NAME
оделла	PROPER_NAME
оденсе	PROPER_NAME
одесса	PROPER_NAME
одинцов	PROPER_NAME
одисей	PROPER_NAME
одиссей	PROPER_NAME
одоев	PROPER_NAME
одра	PROPER_NAME
одри	PROPER_NAME
ожогин	PROPER_NAME
ожогино	PROPER_NAME
озарий	PROPER_NAME
озеров	PROPER_NAME
озёрск	PROPER_NAME
озёры	PROPER_NAME
ойгуль	PROPER_NAME
ойкин	PROPER_NAME
ойнвид	PROPER_NAME
океания	PROPER_NAME
окинава	PROPER_NAME
оккам	PROPER_NAME
окленд	PROPER_NAME
оксана	PROPER_NAME
оксанна	PROPER_NAME
оксен	PROPER_NAME
оксена	PROPER_NAME
оксений	PROPER_NAME
оксения	PROPER_NAME
оксий	PROPER_NAME
оксина	PROPER_NAME
оксиния	PROPER_NAME
оксфорд	PROPER_NAME
октав	PROPER_NAME
октавий	PROPER_NAME
октавин	PROPER_NAME
октавия	PROPER_NAME
октавян	PROPER_NAME
окулина	PROPER_NAME
окулов	PROPER_NAME
окунев	PROPER_NAME
окша	PROPER_NAME
олайне	PROPER_NAME
олев	PROPER_NAME
олег	PROPER_NAME
олежка	PROPER_NAME
олейник	PROPER_NAME
олексей	PROPER_NAME
олексий	PROPER_NAME
оленино	PROPER_NAME
оленька	PROPER_NAME
оленёк	PROPER_NAME
олес	PROPER_NAME
олесия	PROPER_NAME
олесь	PROPER_NAME
олеська	PROPER_NAME
олесья	PROPER_NAME
олеся	PROPER_NAME
олечка	PROPER_NAME
олеша	PROPER_NAME
олжас	PROPER_NAME
оливер	PROPER_NAME
оливера	PROPER_NAME
оливия	PROPER_NAME
оливья	PROPER_NAME
олига	PROPER_NAME
олида	PROPER_NAME
олимп	PROPER_NAME
олимпий	PROPER_NAME
олимпия	PROPER_NAME
олинда	PROPER_NAME
олия	PROPER_NAME
олланд	PROPER_NAME
олодар	PROPER_NAME
олонец	PROPER_NAME
олонка	PROPER_NAME
олонцев	PROPER_NAME
ольборг	PROPER_NAME
ольвия	PROPER_NAME
ольга	PROPER_NAME
ольгин	PROPER_NAME
ольгино	PROPER_NAME
олька	PROPER_NAME
ольстер	PROPER_NAME
ольхон	PROPER_NAME
ольштын	PROPER_NAME
ольяна	PROPER_NAME
олэся	PROPER_NAME
олюнин	PROPER_NAME
оляна	PROPER_NAME
олёкма	PROPER_NAME
омалия	PROPER_NAME
оман	PROPER_NAME
омелько	PROPER_NAME
омельян	PROPER_NAME
омелян	PROPER_NAME
омер	PROPER_NAME
омолой	PROPER_NAME
омолон	PROPER_NAME
омон	PROPER_NAME
омск	PROPER_NAME
омскгаз	PROPER_NAME
онгудай	PROPER_NAME
онега	PROPER_NAME
онегин	PROPER_NAME
онель	PROPER_NAME
онеля	PROPER_NAME
онемен	PROPER_NAME
оник	PROPER_NAME
онисим	PROPER_NAME
онисия	PROPER_NAME
онисья	PROPER_NAME
онно	PROPER_NAME
онон	PROPER_NAME
оноре	PROPER_NAME
онорина	PROPER_NAME
онотера	PROPER_NAME
онофрий	PROPER_NAME
онтарио	PROPER_NAME
онуфрий	PROPER_NAME
онэксим	PROPER_NAME
ооржак	PROPER_NAME
опанас	PROPER_NAME
опек	PROPER_NAME
ополе	PROPER_NAME
опочка	PROPER_NAME
оптторг	PROPER_NAME
орадя	PROPER_NAME
ораз	PROPER_NAME
оразалы	PROPER_NAME
оразбай	PROPER_NAME
оразов	PROPER_NAME
оракбай	PROPER_NAME
оракл	PROPER_NAME
оран	PROPER_NAME
оргеев	PROPER_NAME
ордубад	PROPER_NAME
ордынка	PROPER_NAME
орегон	PROPER_NAME
орель	PROPER_NAME
орест	PROPER_NAME
ореста	PROPER_NAME
орестия	PROPER_NAME
орехов	PROPER_NAME
орехово	PROPER_NAME
орешкин	PROPER_NAME
ориноко	PROPER_NAME
орион	PROPER_NAME
орисса	PROPER_NAME
орист	PROPER_NAME
орися	PROPER_NAME
орлеана	PROPER_NAME
орлег	PROPER_NAME
орлетта	PROPER_NAME
орликов	PROPER_NAME
орлов	PROPER_NAME
орловка	PROPER_NAME
орск	PROPER_NAME
орта	PROPER_NAME
ортолык	PROPER_NAME
орудж	PROPER_NAME
оруро	PROPER_NAME
оруэлл	PROPER_NAME
орфей	PROPER_NAME
орхус	PROPER_NAME
орша	PROPER_NAME
оршоя	PROPER_NAME
орыся	PROPER_NAME
орьенте	PROPER_NAME
осадчук	PROPER_NAME
осака	PROPER_NAME
осама	PROPER_NAME
осборн	PROPER_NAME
освальд	PROPER_NAME
осербай	PROPER_NAME
осередь	PROPER_NAME
осетия	PROPER_NAME
осин	PROPER_NAME
осип	PROPER_NAME
осипкин	PROPER_NAME
осипов	PROPER_NAME
осипчук	PROPER_NAME
осипьян	PROPER_NAME
оскана	PROPER_NAME
оскард	PROPER_NAME
оскол	PROPER_NAME
ослан	PROPER_NAME
осло	PROPER_NAME
ослянка	PROPER_NAME
осмаев	PROPER_NAME
осман	PROPER_NAME
осовцов	PROPER_NAME
осокин	PROPER_NAME
осоргин	PROPER_NAME
осса	PROPER_NAME
оссор	PROPER_NAME
останин	PROPER_NAME
остап	PROPER_NAME
остапов	PROPER_NAME
остафий	PROPER_NAME
остер	PROPER_NAME
остин	PROPER_NAME
осым	PROPER_NAME
оськин	PROPER_NAME
осьмин	PROPER_NAME
осянин	PROPER_NAME
отабек	PROPER_NAME
отар	PROPER_NAME
отари	PROPER_NAME
отарий	PROPER_NAME
отелло	PROPER_NAME
отепя	PROPER_NAME
отман	PROPER_NAME
оттава	PROPER_NAME
отто	PROPER_NAME
оттович	PROPER_NAME
оуэн	PROPER_NAME
офелия	PROPER_NAME
офеля	PROPER_NAME
офер	PROPER_NAME
офик	PROPER_NAME
офштейн	PROPER_NAME
оханск	PROPER_NAME
охапкин	PROPER_NAME
охотск	PROPER_NAME
очаков	PROPER_NAME
очаково	PROPER_NAME
очин	PROPER_NAME
очиров	PROPER_NAME
очкин	PROPER_NAME
очёр	PROPER_NAME
ошанин	PROPER_NAME
ошаров	PROPER_NAME
ошлань	PROPER_NAME
ошмарин	PROPER_NAME
паат	PROPER_NAME
паата	PROPER_NAME
паато	PROPER_NAME
паблито	PROPER_NAME
пабло	PROPER_NAME
пабраде	PROPER_NAME
паван	PROPER_NAME
павел	PROPER_NAME
павелас	PROPER_NAME
павилас	PROPER_NAME
павич	PROPER_NAME
павлена	PROPER_NAME
павлик	PROPER_NAME
павлина	PROPER_NAME
павло	PROPER_NAME
павлов	PROPER_NAME
павлово	PROPER_NAME
павлуша	PROPER_NAME
павлюк	PROPER_NAME
павля	PROPER_NAME
пагегяй	PROPER_NAME
падуя	PROPER_NAME
паин	PROPER_NAME
паисий	PROPER_NAME
пайде	PROPER_NAME
пайер	PROPER_NAME
пайтуг	PROPER_NAME
пайцар	PROPER_NAME
пакин	PROPER_NAME
палагея	PROPER_NAME
палагия	PROPER_NAME
палад	PROPER_NAME
палажка	PROPER_NAME
палана	PROPER_NAME
паланга	PROPER_NAME
палау	PROPER_NAME
палермо	PROPER_NAME
палех	PROPER_NAME
палкин	PROPER_NAME
палогея	PROPER_NAME
пальгов	PROPER_NAME
пальцев	PROPER_NAME
пальчин	PROPER_NAME
палютин	PROPER_NAME
памела	PROPER_NAME
памир	PROPER_NAME
памфил	PROPER_NAME
панай	PROPER_NAME
панайот	PROPER_NAME
панарин	PROPER_NAME
панас	PROPER_NAME
панасюк	PROPER_NAME
пангоды	PROPER_NAME
панин	PROPER_NAME
панкадж	PROPER_NAME
панкеев	PROPER_NAME
панкин	PROPER_NAME
панкрат	PROPER_NAME
панов	PROPER_NAME
пансков	PROPER_NAME
панфил	PROPER_NAME
панчук	PROPER_NAME
паншин	PROPER_NAME
панье	PROPER_NAME
панькин	PROPER_NAME
паньшин	PROPER_NAME
папаев	PROPER_NAME
папанин	PROPER_NAME
папанов	PROPER_NAME
папп	PROPER_NAME
папсуев	PROPER_NAME
папуа	PROPER_NAME
папырин	PROPER_NAME
парамон	PROPER_NAME
парана	PROPER_NAME
параска	PROPER_NAME
парасюк	PROPER_NAME
парахин	PROPER_NAME
парвин	PROPER_NAME
парето	PROPER_NAME
париж	PROPER_NAME
паринов	PROPER_NAME
паркент	PROPER_NAME
паркер	PROPER_NAME
паркин	PROPER_NAME
парма	PROPER_NAME
пармен	PROPER_NAME
парнас	PROPER_NAME
парниша	PROPER_NAME
партос	PROPER_NAME
паруир	PROPER_NAME
паруйр	PROPER_NAME
парунин	PROPER_NAME
парфена	PROPER_NAME
парфир	PROPER_NAME
парфён	PROPER_NAME
паршин	PROPER_NAME
пасе	PROPER_NAME
паскаль	PROPER_NAME
паскин	PROPER_NAME
пастер	PROPER_NAME
пасько	PROPER_NAME
патимат	PROPER_NAME
патна	PROPER_NAME
патрик	PROPER_NAME
патрис	PROPER_NAME
патры	PROPER_NAME
патыма	PROPER_NAME
пауков	PROPER_NAME
паула	PROPER_NAME
паулина	PROPER_NAME
пауло	PROPER_NAME
пауль	PROPER_NAME
паулюс	PROPER_NAME
пахом	PROPER_NAME
пахомка	PROPER_NAME
пахомов	PROPER_NAME
пахра	PROPER_NAME
пачин	PROPER_NAME
пачоли	PROPER_NAME
паша	PROPER_NAME
пашаев	PROPER_NAME
пашин	PROPER_NAME
пашинин	PROPER_NAME
пашка	PROPER_NAME
пашкин	PROPER_NAME
пашков	PROPER_NAME
пашуто	PROPER_NAME
пащенко	PROPER_NAME
пвтиала	PROPER_NAME
певек	PROPER_NAME
певзнер	PROPER_NAME
певкин	PROPER_NAME
певнев	PROPER_NAME
певцов	PROPER_NAME
пегги	PROPER_NAME
пегу	PROPER_NAME
педро	PROPER_NAME
пеетер	PROPER_NAME
пеза	PROPER_NAME
пеир	PROPER_NAME
пекин	PROPER_NAME
пекшин	PROPER_NAME
пелагея	PROPER_NAME
пелагия	PROPER_NAME
пелания	PROPER_NAME
пеланья	PROPER_NAME
пелевин	PROPER_NAME
пеледуй	PROPER_NAME
пелогея	PROPER_NAME
пелогия	PROPER_NAME
пелым	PROPER_NAME
пенджаб	PROPER_NAME
пенжина	PROPER_NAME
пенза	PROPER_NAME
пенкин	PROPER_NAME
пеньков	PROPER_NAME
пепо	PROPER_NAME
первез	PROPER_NAME
пердовс	PROPER_NAME
перелюб	PROPER_NAME
перес	PROPER_NAME
пермь	PROPER_NAME
перник	PROPER_NAME
перов	PROPER_NAME
перово	PROPER_NAME
персида	PROPER_NAME
персия	PROPER_NAME
персуда	PROPER_NAME
перт	PROPER_NAME
перу	PROPER_NAME
перуджа	PROPER_NAME
перун	PROPER_NAME
перунов	PROPER_NAME
перчян	PROPER_NAME
пескара	PROPER_NAME
песков	PROPER_NAME
пестия	PROPER_NAME
пестово	PROPER_NAME
песя	PROPER_NAME
песяков	PROPER_NAME
петелин	PROPER_NAME
петер	PROPER_NAME
петерис	PROPER_NAME
петин	PROPER_NAME
петипа	PROPER_NAME
петков	PROPER_NAME
петошин	PROPER_NAME
петра	PROPER_NAME
петрана	PROPER_NAME
петрас	PROPER_NAME
петрик	PROPER_NAME
петро	PROPER_NAME
петров	PROPER_NAME
петруна	PROPER_NAME
петруня	PROPER_NAME
петруся	PROPER_NAME
петруша	PROPER_NAME
петунин	PROPER_NAME
петухов	PROPER_NAME
петушки	PROPER_NAME
петька	PROPER_NAME
петя	PROPER_NAME
петяшин	PROPER_NAME
пехтин	PROPER_NAME
печалин	PROPER_NAME
печевая	PROPER_NAME
печегда	PROPER_NAME
печенга	PROPER_NAME
печенев	PROPER_NAME
печерин	PROPER_NAME
печерск	PROPER_NAME
печкин	PROPER_NAME
печора	PROPER_NAME
печорин	PROPER_NAME
печорск	PROPER_NAME
печоры	PROPER_NAME
пеша	PROPER_NAME
пешавар	PROPER_NAME
пешков	PROPER_NAME
пешт	PROPER_NAME
пивкин	PROPER_NAME
пивнюк	PROPER_NAME
пиевич	PROPER_NAME
пижанка	PROPER_NAME
пиза	PROPER_NAME
пикассо	PROPER_NAME
пикин	PROPER_NAME
пиксон	PROPER_NAME
пику	PROPER_NAME
пилар	PROPER_NAME
пилат	PROPER_NAME
пилип	PROPER_NAME
пилтене	PROPER_NAME
пильда	PROPER_NAME
пильняк	PROPER_NAME
пилюгин	PROPER_NAME
пилягин	PROPER_NAME
пиманов	PROPER_NAME
пимен	PROPER_NAME
пименов	PROPER_NAME
пина	PROPER_NAME
пинаев	PROPER_NAME
пинанг	PROPER_NAME
пинд	PROPER_NAME
пинега	PROPER_NAME
пинегин	PROPER_NAME
пиночет	PROPER_NAME
пинск	PROPER_NAME
пинскер	PROPER_NAME
пинчук	PROPER_NAME
пирей	PROPER_NAME
пиренеи	PROPER_NAME
пирита	PROPER_NAME
пирогов	PROPER_NAME
пирсов	PROPER_NAME
пирумов	PROPER_NAME
пирятин	PROPER_NAME
писарев	PROPER_NAME
писцов	PROPER_NAME
питер	PROPER_NAME
питерка	PROPER_NAME
питешти	PROPER_NAME
питирим	PROPER_NAME
питкерн	PROPER_NAME
питляр	PROPER_NAME
пифагор	PROPER_NAME
пихоя	PROPER_NAME
пицунда	PROPER_NAME
пичаево	PROPER_NAME
пичугин	PROPER_NAME
пищаев	PROPER_NAME
пищугин	PROPER_NAME
пиюс	PROPER_NAME
пияшев	PROPER_NAME
плаксин	PROPER_NAME
планк	PROPER_NAME
пласидо	PROPER_NAME
платов	PROPER_NAME
платон	PROPER_NAME
плахин	PROPER_NAME
плахов	PROPER_NAME
плевако	PROPER_NAME
плевен	PROPER_NAME
плевна	PROPER_NAME
пленкин	PROPER_NAME
плесецк	PROPER_NAME
плетнёв	PROPER_NAME
плечко	PROPER_NAME
плещеев	PROPER_NAME
плигин	PROPER_NAME
плиев	PROPER_NAME
плимут	PROPER_NAME
пловдив	PROPER_NAME
плоешти	PROPER_NAME
плоткин	PROPER_NAME
плоцк	PROPER_NAME
плунге	PROPER_NAME
плутарх	PROPER_NAME
плуто	PROPER_NAME
плутон	PROPER_NAME
плюснин	PROPER_NAME
плющев	PROPER_NAME
плющиха	PROPER_NAME
пнина	PROPER_NAME
поважск	PROPER_NAME
поваров	PROPER_NAME
погодин	PROPER_NAME
погос	PROPER_NAME
погосов	PROPER_NAME
погудин	PROPER_NAME
поденко	PROPER_NAME
поздеев	PROPER_NAME
познань	PROPER_NAME
познер	PROPER_NAME
позняк	PROPER_NAME
покачи	PROPER_NAME
полагея	PROPER_NAME
полад	PROPER_NAME
полада	PROPER_NAME
поланья	PROPER_NAME
полат	PROPER_NAME
полбин	PROPER_NAME
полевич	PROPER_NAME
поленов	PROPER_NAME
полесск	PROPER_NAME
полиект	PROPER_NAME
полина	PROPER_NAME
полищук	PROPER_NAME
полиэкт	PROPER_NAME
полкан	PROPER_NAME
поллыев	PROPER_NAME
полович	PROPER_NAME
пологея	PROPER_NAME
пологи	PROPER_NAME
пология	PROPER_NAME
полозов	PROPER_NAME
полоцк	PROPER_NAME
полтава	PROPER_NAME
полудин	PROPER_NAME
полуй	PROPER_NAME
полунин	PROPER_NAME
полухин	PROPER_NAME
полынин	PROPER_NAME
полынов	PROPER_NAME
поль	PROPER_NAME
польша	PROPER_NAME
поля	PROPER_NAME
полявин	PROPER_NAME
поляев	PROPER_NAME
поляков	PROPER_NAME
помаран	PROPER_NAME
поморов	PROPER_NAME
помпей	PROPER_NAME
понасов	PROPER_NAME
поной	PROPER_NAME
понт	PROPER_NAME
понтий	PROPER_NAME
поныри	PROPER_NAME
поопо	PROPER_NAME
попков	PROPER_NAME
попов	PROPER_NAME
поповка	PROPER_NAME
попонин	PROPER_NAME
попцов	PROPER_NAME
пори	PROPER_NAME
поронай	PROPER_NAME
порошин	PROPER_NAME
порсор	PROPER_NAME
портнов	PROPER_NAME
порту	PROPER_NAME
порунов	PROPER_NAME
порфири	PROPER_NAME
порхов	PROPER_NAME
порше	PROPER_NAME
порядин	PROPER_NAME
посохин	PROPER_NAME
поставы	PROPER_NAME
постнов	PROPER_NAME
постоев	PROPER_NAME
посылин	PROPER_NAME
потанин	PROPER_NAME
потап	PROPER_NAME
потапов	PROPER_NAME
потаров	PROPER_NAME
потахов	PROPER_NAME
поташов	PROPER_NAME
потелин	PROPER_NAME
потемин	PROPER_NAME
потенца	PROPER_NAME
потехин	PROPER_NAME
поти	PROPER_NAME
потокин	PROPER_NAME
потоков	PROPER_NAME
потомак	PROPER_NAME
потсдам	PROPER_NAME
поттер	PROPER_NAME
потулов	PROPER_NAME
потяин	PROPER_NAME
потякин	PROPER_NAME
поусат	PROPER_NAME
походин	PROPER_NAME
почаев	PROPER_NAME
почеп	PROPER_NAME
почетов	PROPER_NAME
почкин	PROPER_NAME
поюеда	PROPER_NAME
правдин	PROPER_NAME
правдюк	PROPER_NAME
прага	PROPER_NAME
праксия	PROPER_NAME
пранас	PROPER_NAME
прангли	PROPER_NAME
праслен	PROPER_NAME
прато	PROPER_NAME
праудин	PROPER_NAME
прейли	PROPER_NAME
прекуле	PROPER_NAME
премьяк	PROPER_NAME
пренай	PROPER_NAME
прес	PROPER_NAME
пресли	PROPER_NAME
преснов	PROPER_NAME
пресня	PROPER_NAME
приам	PROPER_NAME
прилуки	PROPER_NAME
приокск	PROPER_NAME
припять	PROPER_NAME
приська	PROPER_NAME
причард	PROPER_NAME
пришвин	PROPER_NAME
пришиб	PROPER_NAME
прованс	PROPER_NAME
проди	PROPER_NAME
прокл	PROPER_NAME
прокопи	PROPER_NAME
прокофи	PROPER_NAME
промгаз	PROPER_NAME
проммаш	PROPER_NAME
пронин	PROPER_NAME
пронск	PROPER_NAME
пронцев	PROPER_NAME
пронька	PROPER_NAME
проня	PROPER_NAME
протас	PROPER_NAME
протва	PROPER_NAME
проут	PROPER_NAME
прохор	PROPER_NAME
процюк	PROPER_NAME
прошин	PROPER_NAME
прошкин	PROPER_NAME
прощаев	PROPER_NAME
прудаев	PROPER_NAME
прудкин	PROPER_NAME
прудков	PROPER_NAME
прудхоз	PROPER_NAME
пружаны	PROPER_NAME
прусов	PROPER_NAME
пруссия	PROPER_NAME
пруст	PROPER_NAME
прядкин	PROPER_NAME
пряхин	PROPER_NAME
псарев	PROPER_NAME
псебай	PROPER_NAME
пскент	PROPER_NAME
псков	PROPER_NAME
псоу	PROPER_NAME
псёл	PROPER_NAME
пташкин	PROPER_NAME
птицын	PROPER_NAME
птичкин	PROPER_NAME
птичь	PROPER_NAME
пуаре	PROPER_NAME
пугачёв	PROPER_NAME
пугин	PROPER_NAME
пудож	PROPER_NAME
пузынин	PROPER_NAME
пулат	PROPER_NAME
пулатов	PROPER_NAME
пулково	PROPER_NAME
пульнов	PROPER_NAME
пуляев	PROPER_NAME
пунг	PROPER_NAME
пупонин	PROPER_NAME
пупырев	PROPER_NAME
пуркаев	PROPER_NAME
пуровск	PROPER_NAME
пусан	PROPER_NAME
путалов	PROPER_NAME
путивль	PROPER_NAME
путилин	PROPER_NAME
путилов	PROPER_NAME
путин	PROPER_NAME
путов	PROPER_NAME
пухалев	PROPER_NAME
пухтеев	PROPER_NAME
пуччини	PROPER_NAME
пушкин	PROPER_NAME
пушкино	PROPER_NAME
пушной	PROPER_NAME
пущино	PROPER_NAME
пхеньян	PROPER_NAME
пхукет	PROPER_NAME
пчёлкин	PROPER_NAME
пшемах	PROPER_NAME
пыжов	PROPER_NAME
пылаев	PROPER_NAME
пылев	PROPER_NAME
пылинин	PROPER_NAME
пылов	PROPER_NAME
пыльнев	PROPER_NAME
пыльцин	PROPER_NAME
пырьев	PROPER_NAME
пыталов	PROPER_NAME
пытин	PROPER_NAME
пыть	PROPER_NAME
пышма	PROPER_NAME
пышнов	PROPER_NAME
пыщуг	PROPER_NAME
пьемонт	PROPER_NAME
пьер	PROPER_NAME
пьетро	PROPER_NAME
пьетрос	PROPER_NAME
пьецух	PROPER_NAME
пьявко	PROPER_NAME
пьянков	PROPER_NAME
пэйлин	PROPER_NAME
пэтриот	PROPER_NAME
пяйенне	PROPER_NAME
пяндж	PROPER_NAME
пяозеро	PROPER_NAME
пярну	PROPER_NAME
пясина	PROPER_NAME
пятаев	PROPER_NAME
пятаков	PROPER_NAME
пятанин	PROPER_NAME
пяткин	PROPER_NAME
пятр	PROPER_NAME
пятрас	PROPER_NAME
пятунин	PROPER_NAME
пятчиц	PROPER_NAME
пётр	PROPER_NAME
рабадан	PROPER_NAME
рабазан	PROPER_NAME
рабат	PROPER_NAME
рабдан	PROPER_NAME
рабига	PROPER_NAME
рабих	PROPER_NAME
рабле	PROPER_NAME
равенна	PROPER_NAME
равза	PROPER_NAME
равида	PROPER_NAME
равиза	PROPER_NAME
равик	PROPER_NAME
равил	PROPER_NAME
равиль	PROPER_NAME
равилья	PROPER_NAME
равиля	PROPER_NAME
равима	PROPER_NAME
равина	PROPER_NAME
равия	PROPER_NAME
равхат	PROPER_NAME
равшан	PROPER_NAME
рагиля	PROPER_NAME
рагим	PROPER_NAME
рагнеда	PROPER_NAME
рагнета	PROPER_NAME
рагозин	PROPER_NAME
рагулин	PROPER_NAME
радамир	PROPER_NAME
радана	PROPER_NAME
радван	PROPER_NAME
радехов	PROPER_NAME
радж	PROPER_NAME
раджаб	PROPER_NAME
раджан	PROPER_NAME
раджаф	PROPER_NAME
раджеб	PROPER_NAME
раджеш	PROPER_NAME
раджив	PROPER_NAME
радиада	PROPER_NAME
радик	PROPER_NAME
радимир	PROPER_NAME
радина	PROPER_NAME
радион	PROPER_NAME
радиона	PROPER_NAME
радиса	PROPER_NAME
радиф	PROPER_NAME
радифа	PROPER_NAME
радищев	PROPER_NAME
радия	PROPER_NAME
радка	PROPER_NAME
радмила	PROPER_NAME
радмина	PROPER_NAME
радмир	PROPER_NAME
радмира	PROPER_NAME
раднай	PROPER_NAME
радован	PROPER_NAME
радом	PROPER_NAME
радомир	PROPER_NAME
радонеж	PROPER_NAME
раду	PROPER_NAME
радугин	PROPER_NAME
радько	PROPER_NAME
ража	PROPER_NAME
ражабай	PROPER_NAME
ражабой	PROPER_NAME
разалия	PROPER_NAME
разалья	PROPER_NAME
развин	PROPER_NAME
разград	PROPER_NAME
раздан	PROPER_NAME
раздин	PROPER_NAME
разилия	PROPER_NAME
разиль	PROPER_NAME
разилья	PROPER_NAME
разиля	PROPER_NAME
разима	PROPER_NAME
разин	PROPER_NAME
разита	PROPER_NAME
разифа	PROPER_NAME
размик	PROPER_NAME
разов	PROPER_NAME
разумов	PROPER_NAME
раид	PROPER_NAME
раида	PROPER_NAME
раиза	PROPER_NAME
раил	PROPER_NAME
раиль	PROPER_NAME
раимов	PROPER_NAME
раис	PROPER_NAME
раиса	PROPER_NAME
раисия	PROPER_NAME
раисса	PROPER_NAME
раисья	PROPER_NAME
раиф	PROPER_NAME
раифа	PROPER_NAME
раифта	PROPER_NAME
райан	PROPER_NAME
райкин	PROPER_NAME
райков	PROPER_NAME
раймонд	PROPER_NAME
раймунд	PROPER_NAME
райнер	PROPER_NAME
райнис	PROPER_NAME
райпо	PROPER_NAME
райт	PROPER_NAME
райхан	PROPER_NAME
райхон	PROPER_NAME
раквере	PROPER_NAME
ракитин	PROPER_NAME
ракитов	PROPER_NAME
раков	PROPER_NAME
раковка	PROPER_NAME
раксана	PROPER_NAME
ракушин	PROPER_NAME
ралезия	PROPER_NAME
рали	PROPER_NAME
ралида	PROPER_NAME
рализия	PROPER_NAME
ралина	PROPER_NAME
ралиса	PROPER_NAME
ралиф	PROPER_NAME
ралия	PROPER_NAME
ральф	PROPER_NAME
рамади	PROPER_NAME
рамазон	PROPER_NAME
рамалла	PROPER_NAME
рамана	PROPER_NAME
раменки	PROPER_NAME
рамзан	PROPER_NAME
рамзес	PROPER_NAME
рамзия	PROPER_NAME
рамиз	PROPER_NAME
рамил	PROPER_NAME
рамила	PROPER_NAME
рамилия	PROPER_NAME
рамилла	PROPER_NAME
рамиль	PROPER_NAME
рамиля	PROPER_NAME
рамим	PROPER_NAME
рамин	PROPER_NAME
рамина	PROPER_NAME
раминат	PROPER_NAME
раминта	PROPER_NAME
рамир	PROPER_NAME
рамирес	PROPER_NAME
рамис	PROPER_NAME
рамих	PROPER_NAME
рамиш	PROPER_NAME
рамия	PROPER_NAME
рамля	PROPER_NAME
рамма	PROPER_NAME
рамон	PROPER_NAME
рамона	PROPER_NAME
рамонь	PROPER_NAME
рамсков	PROPER_NAME
ранат	PROPER_NAME
рангун	PROPER_NAME
ранета	PROPER_NAME
ранетта	PROPER_NAME
ранзия	PROPER_NAME
рани	PROPER_NAME
ранид	PROPER_NAME
ранида	PROPER_NAME
ранита	PROPER_NAME
рания	PROPER_NAME
ранна	PROPER_NAME
ранчин	PROPER_NAME
рапота	PROPER_NAME
расана	PROPER_NAME
расид	PROPER_NAME
расида	PROPER_NAME
расилия	PROPER_NAME
расиль	PROPER_NAME
расиля	PROPER_NAME
расим	PROPER_NAME
расима	PROPER_NAME
расих	PROPER_NAME
рассима	PROPER_NAME
растям	PROPER_NAME
расул	PROPER_NAME
расуль	PROPER_NAME
расшуа	PROPER_NAME
рася	PROPER_NAME
ратенау	PROPER_NAME
ратибор	PROPER_NAME
ратима	PROPER_NAME
ратифа	PROPER_NAME
ратмир	PROPER_NAME
ратнер	PROPER_NAME
раттен	PROPER_NAME
рауан	PROPER_NAME
рауза	PROPER_NAME
раул	PROPER_NAME
рауль	PROPER_NAME
раума	PROPER_NAME
рауф	PROPER_NAME
рауфина	PROPER_NAME
рауха	PROPER_NAME
раушан	PROPER_NAME
рафа	PROPER_NAME
рафаел	PROPER_NAME
рафаил	PROPER_NAME
рафаила	PROPER_NAME
рафаиль	PROPER_NAME
рафай	PROPER_NAME
рафалия	PROPER_NAME
рафания	PROPER_NAME
рафаэл	PROPER_NAME
рафаэла	PROPER_NAME
рафаэль	PROPER_NAME
рафгат	PROPER_NAME
рафида	PROPER_NAME
рафил	PROPER_NAME
рафиль	PROPER_NAME
рафим	PROPER_NAME
рафина	PROPER_NAME
рафиня	PROPER_NAME
рафира	PROPER_NAME
рафис	PROPER_NAME
рафиса	PROPER_NAME
рафита	PROPER_NAME
рафкат	PROPER_NAME
рафович	PROPER_NAME
рахаев	PROPER_NAME
рахат	PROPER_NAME
рахель	PROPER_NAME
рахида	PROPER_NAME
рахил	PROPER_NAME
рахила	PROPER_NAME
рахилия	PROPER_NAME
рахиль	PROPER_NAME
рахилья	PROPER_NAME
рахиля	PROPER_NAME
рахим	PROPER_NAME
рахима	PROPER_NAME
рахимов	PROPER_NAME
рахимя	PROPER_NAME
рахман	PROPER_NAME
рахмат	PROPER_NAME
рахмон	PROPER_NAME
рашад	PROPER_NAME
рашед	PROPER_NAME
рашедя	PROPER_NAME
рашель	PROPER_NAME
рашид	PROPER_NAME
рашида	PROPER_NAME
рашидов	PROPER_NAME
рашит	PROPER_NAME
рвацкий	PROPER_NAME
рггу	PROPER_NAME
ргнф	PROPER_NAME
ребека	PROPER_NAME
ребекка	PROPER_NAME
ребриха	PROPER_NAME
ребров	PROPER_NAME
реваз	PROPER_NAME
реваль	PROPER_NAME
реван	PROPER_NAME
ревас	PROPER_NAME
реват	PROPER_NAME
реввека	PROPER_NAME
ревгат	PROPER_NAME
ревда	PROPER_NAME
ревека	PROPER_NAME
ревекка	PROPER_NAME
ревенка	PROPER_NAME
ревета	PROPER_NAME
ревика	PROPER_NAME
ревилий	PROPER_NAME
ревиль	PROPER_NAME
ревир	PROPER_NAME
ревмира	PROPER_NAME
ревомир	PROPER_NAME
ревунов	PROPER_NAME
регин	PROPER_NAME
регина	PROPER_NAME
редант	PROPER_NAME
реджеп	PROPER_NAME
рединг	PROPER_NAME
редкин	PROPER_NAME
редкино	PROPER_NAME
редькин	PROPER_NAME
редько	PROPER_NAME
реза	PROPER_NAME
резайе	PROPER_NAME
резван	PROPER_NAME
резекне	PROPER_NAME
резида	PROPER_NAME
резович	PROPER_NAME
рейган	PROPER_NAME
реймс	PROPER_NAME
рейн	PROPER_NAME
рейна	PROPER_NAME
рейнард	PROPER_NAME
рейнат	PROPER_NAME
рейнеке	PROPER_NAME
рейно	PROPER_NAME
рейня	PROPER_NAME
рейхерт	PROPER_NAME
рекс	PROPER_NAME
ремарк	PROPER_NAME
реми	PROPER_NAME
ремида	PROPER_NAME
ремизе	PROPER_NAME
ремизов	PROPER_NAME
ремик	PROPER_NAME
ремин	PROPER_NAME
ремина	PROPER_NAME
ремир	PROPER_NAME
ремира	PROPER_NAME
ремис	PROPER_NAME
ремляна	PROPER_NAME
реммаш	PROPER_NAME
ремнёв	PROPER_NAME
ремович	PROPER_NAME
ренадий	PROPER_NAME
ренаида	PROPER_NAME
ренард	PROPER_NAME
ренарт	PROPER_NAME
ренат	PROPER_NAME
ренатас	PROPER_NAME
ренате	PROPER_NAME
ренато	PROPER_NAME
ренатта	PROPER_NAME
ренгина	PROPER_NAME
рене	PROPER_NAME
реневич	PROPER_NAME
ренета	PROPER_NAME
ренетта	PROPER_NAME
ренжин	PROPER_NAME
рени	PROPER_NAME
ренкин	PROPER_NAME
ренольд	PROPER_NAME
ренуар	PROPER_NAME
репин	PROPER_NAME
репкин	PROPER_NAME
репсима	PROPER_NAME
репсиме	PROPER_NAME
рерих	PROPER_NAME
ресин	PROPER_NAME
ресифи	PROPER_NAME
ретавас	PROPER_NAME
реувен	PROPER_NAME
реут	PROPER_NAME
реутов	PROPER_NAME
реутово	PROPER_NAME
реуф	PROPER_NAME
рефад	PROPER_NAME
рефат	PROPER_NAME
рефович	PROPER_NAME
рехин	PROPER_NAME
реченск	PROPER_NAME
речица	PROPER_NAME
решетов	PROPER_NAME
решихин	PROPER_NAME
решица	PROPER_NAME
решма	PROPER_NAME
реюньон	PROPER_NAME
ржакса	PROPER_NAME
ржев	PROPER_NAME
ржевка	PROPER_NAME
риана	PROPER_NAME
рианна	PROPER_NAME
риарита	PROPER_NAME
рибера	PROPER_NAME
рива	PROPER_NAME
ривека	PROPER_NAME
ривекка	PROPER_NAME
ривхат	PROPER_NAME
ривьера	PROPER_NAME
рида	PROPER_NAME
риджина	PROPER_NAME
риека	PROPER_NAME
ризабек	PROPER_NAME
ризван	PROPER_NAME
ризин	PROPER_NAME
ризуан	PROPER_NAME
риима	PROPER_NAME
риина	PROPER_NAME
рика	PROPER_NAME
риккати	PROPER_NAME
рико	PROPER_NAME
рикович	PROPER_NAME
рикунов	PROPER_NAME
рильке	PROPER_NAME
рима	PROPER_NAME
римаида	PROPER_NAME
римас	PROPER_NAME
римзил	PROPER_NAME
римини	PROPER_NAME
римляна	PROPER_NAME
римма	PROPER_NAME
римский	PROPER_NAME
рина	PROPER_NAME
ринад	PROPER_NAME
ринада	PROPER_NAME
ринаида	PROPER_NAME
ринат	PROPER_NAME
рината	PROPER_NAME
ринггит	PROPER_NAME
ринита	PROPER_NAME
риолета	PROPER_NAME
риони	PROPER_NAME
риорита	PROPER_NAME
рипа	PROPER_NAME
риппа	PROPER_NAME
ристо	PROPER_NAME
рита	PROPER_NAME
ритаида	PROPER_NAME
ритина	PROPER_NAME
риттер	PROPER_NAME
рифагат	PROPER_NAME
рифад	PROPER_NAME
рифат	PROPER_NAME
рифкат	PROPER_NAME
рифхат	PROPER_NAME
рифян	PROPER_NAME
рихан	PROPER_NAME
рихане	PROPER_NAME
рихани	PROPER_NAME
рихард	PROPER_NAME
рихтер	PROPER_NAME
рица	PROPER_NAME
ричард	PROPER_NAME
риччи	PROPER_NAME
ришад	PROPER_NAME
ришан	PROPER_NAME
ришар	PROPER_NAME
ришард	PROPER_NAME
ришат	PROPER_NAME
риштан	PROPER_NAME
рияз	PROPER_NAME
риян	PROPER_NAME
ркия	PROPER_NAME
ркрп	PROPER_NAME
роальд	PROPER_NAME
роанн	PROPER_NAME
робен	PROPER_NAME
роберт	PROPER_NAME
роберта	PROPER_NAME
роберто	PROPER_NAME
робин	PROPER_NAME
ровд	PROPER_NAME
ровена	PROPER_NAME
ровнин	PROPER_NAME
ровно	PROPER_NAME
ровнов	PROPER_NAME
ровшан	PROPER_NAME
рогалев	PROPER_NAME
рогатин	PROPER_NAME
рогачёв	PROPER_NAME
рогнеда	PROPER_NAME
рогов	PROPER_NAME
рогозин	PROPER_NAME
рогушин	PROPER_NAME
родерик	PROPER_NAME
роджер	PROPER_NAME
родик	PROPER_NAME
родимов	PROPER_NAME
родион	PROPER_NAME
родман	PROPER_NAME
родники	PROPER_NAME
родомир	PROPER_NAME
родос	PROPER_NAME
родя	PROPER_NAME
роевич	PROPER_NAME
роже	PROPER_NAME
рожевич	PROPER_NAME
рожков	PROPER_NAME
рожнев	PROPER_NAME
рожнов	PROPER_NAME
розаида	PROPER_NAME
розаина	PROPER_NAME
розалья	PROPER_NAME
розаля	PROPER_NAME
розамея	PROPER_NAME
розамия	PROPER_NAME
розана	PROPER_NAME
розания	PROPER_NAME
розанна	PROPER_NAME
розанов	PROPER_NAME
розария	PROPER_NAME
роздол	PROPER_NAME
розелия	PROPER_NAME
розенов	PROPER_NAME
розита	PROPER_NAME
розмари	PROPER_NAME
розолия	PROPER_NAME
роини	PROPER_NAME
ройский	PROPER_NAME
ройтман	PROPER_NAME
роксана	PROPER_NAME
рокстон	PROPER_NAME
ролан	PROPER_NAME
роланд	PROPER_NAME
роланда	PROPER_NAME
ролин	PROPER_NAME
ролинг	PROPER_NAME
роллан	PROPER_NAME
ролланд	PROPER_NAME
роллинг	PROPER_NAME
рома	PROPER_NAME
ромаз	PROPER_NAME
ромазан	PROPER_NAME
ромазин	PROPER_NAME
романа	PROPER_NAME
романия	PROPER_NAME
романна	PROPER_NAME
романов	PROPER_NAME
романус	PROPER_NAME
романюк	PROPER_NAME
ромахов	PROPER_NAME
ромашев	PROPER_NAME
ромашов	PROPER_NAME
ромен	PROPER_NAME
ромео	PROPER_NAME
ромик	PROPER_NAME
ромил	PROPER_NAME
ромина	PROPER_NAME
ромитан	PROPER_NAME
ромм	PROPER_NAME
ромни	PROPER_NAME
ромнич	PROPER_NAME
ромны	PROPER_NAME
ромодин	PROPER_NAME
ромпе	PROPER_NAME
ромул	PROPER_NAME
рона	PROPER_NAME
рональд	PROPER_NAME
ронни	PROPER_NAME
ронович	PROPER_NAME
ропня	PROPER_NAME
ропша	PROPER_NAME
рорайма	PROPER_NAME
росана	PROPER_NAME
росарио	PROPER_NAME
росбалт	PROPER_NAME
росбанк	PROPER_NAME
росина	PROPER_NAME
роскино	PROPER_NAME
рослана	PROPER_NAME
роснано	PROPER_NAME
россита	PROPER_NAME
россия	PROPER_NAME
россошь	PROPER_NAME
ростик	PROPER_NAME
ростов	PROPER_NAME
ростям	PROPER_NAME
росурал	PROPER_NAME
росхлеб	PROPER_NAME
рось	PROPER_NAME
ротару	PROPER_NAME
ротко	PROPER_NAME
роттен	PROPER_NAME
роудс	PROPER_NAME
рофаина	PROPER_NAME
рохас	PROPER_NAME
рохлин	PROPER_NAME
рочегов	PROPER_NAME
рошаль	PROPER_NAME
рощин	PROPER_NAME
рсфср	PROPER_NAME
ртищево	PROPER_NAME
руан	PROPER_NAME
руанда	PROPER_NAME
руапеху	PROPER_NAME
рубанов	PROPER_NAME
рубахин	PROPER_NAME
рубен	PROPER_NAME
рубенс	PROPER_NAME
руберт	PROPER_NAME
руби	PROPER_NAME
рубина	PROPER_NAME
рублёв	PROPER_NAME
рублёво	PROPER_NAME
рубторг	PROPER_NAME
рубцов	PROPER_NAME
рувд	PROPER_NAME
рувиль	PROPER_NAME
рувим	PROPER_NAME
рувин	PROPER_NAME
рудаков	PROPER_NAME
руденко	PROPER_NAME
рудигер	PROPER_NAME
рудик	PROPER_NAME
рудита	PROPER_NAME
рудки	PROPER_NAME
рудня	PROPER_NAME
рудолф	PROPER_NAME
рудоль	PROPER_NAME
рудольф	PROPER_NAME
ружана	PROPER_NAME
ружена	PROPER_NAME
ружина	PROPER_NAME
руза	PROPER_NAME
рузавин	PROPER_NAME
рузаина	PROPER_NAME
рузалин	PROPER_NAME
рузалия	PROPER_NAME
рузана	PROPER_NAME
рузанна	PROPER_NAME
рузила	PROPER_NAME
рузилия	PROPER_NAME
рузиль	PROPER_NAME
рузиля	PROPER_NAME
рузина	PROPER_NAME
рузиня	PROPER_NAME
руйиена	PROPER_NAME
рулье	PROPER_NAME
румайла	PROPER_NAME
румайта	PROPER_NAME
румия	PROPER_NAME
румыния	PROPER_NAME
рунге	PROPER_NAME
руперт	PROPER_NAME
русанов	PROPER_NAME
русе	PROPER_NAME
русиф	PROPER_NAME
руслам	PROPER_NAME
руслан	PROPER_NAME
руслана	PROPER_NAME
руслон	PROPER_NAME
русне	PROPER_NAME
руссефф	PROPER_NAME
руссо	PROPER_NAME
рустави	PROPER_NAME
рустам	PROPER_NAME
рустем	PROPER_NAME
русь	PROPER_NAME
руська	PROPER_NAME
рутания	PROPER_NAME
рутба	PROPER_NAME
рутка	PROPER_NAME
рутта	PROPER_NAME
руфан	PROPER_NAME
руфат	PROPER_NAME
руфина	PROPER_NAME
руфия	PROPER_NAME
руфь	PROPER_NAME
рухин	PROPER_NAME
рухну	PROPER_NAME
рушайло	PROPER_NAME
рушан	PROPER_NAME
рушана	PROPER_NAME
рушания	PROPER_NAME
рушань	PROPER_NAME
рушанья	PROPER_NAME
рушаня	PROPER_NAME
рыбаков	PROPER_NAME
рыбалко	PROPER_NAME
рыбасов	PROPER_NAME
рыбинск	PROPER_NAME
рыбкин	PROPER_NAME
рыгалов	PROPER_NAME
рыдань	PROPER_NAME
рыжков	PROPER_NAME
рыжов	PROPER_NAME
рыков	PROPER_NAME
рылеев	PROPER_NAME
рылов	PROPER_NAME
рыльск	PROPER_NAME
рыськов	PROPER_NAME
рэдан	PROPER_NAME
рэйчел	PROPER_NAME
рэма	PROPER_NAME
рэмир	PROPER_NAME
рэмм	PROPER_NAME
рэмович	PROPER_NAME
рэна	PROPER_NAME
рюген	PROPER_NAME
рюкю	PROPER_NAME
рюмин	PROPER_NAME
рюрик	PROPER_NAME
рюриков	PROPER_NAME
рюхин	PROPER_NAME
ряба	PROPER_NAME
рябенко	PROPER_NAME
рябинин	PROPER_NAME
рябов	PROPER_NAME
рябухин	PROPER_NAME
рябчук	PROPER_NAME
ряжск	PROPER_NAME
ряжский	PROPER_NAME
рязанов	PROPER_NAME
рязань	PROPER_NAME
ряис	PROPER_NAME
рянида	PROPER_NAME
ряхима	PROPER_NAME
ряхимя	PROPER_NAME
саад	PROPER_NAME
саада	PROPER_NAME
саак	PROPER_NAME
саар	PROPER_NAME
саатлы	PROPER_NAME
саба	PROPER_NAME
сабид	PROPER_NAME
сабиле	PROPER_NAME
сабина	PROPER_NAME
сабинин	PROPER_NAME
сабир	PROPER_NAME
сабира	PROPER_NAME
сабит	PROPER_NAME
саблин	PROPER_NAME
сабрина	PROPER_NAME
сабуров	PROPER_NAME
сава	PROPER_NAME
савайи	PROPER_NAME
савва	PROPER_NAME
саввин	PROPER_NAME
саввь	PROPER_NAME
савели	PROPER_NAME
савелий	PROPER_NAME
савенко	PROPER_NAME
савик	PROPER_NAME
савин	PROPER_NAME
савинов	PROPER_NAME
саву	PROPER_NAME
савцов	PROPER_NAME
савчук	PROPER_NAME
сагида	PROPER_NAME
сагит	PROPER_NAME
сагыт	PROPER_NAME
саддам	PROPER_NAME
садег	PROPER_NAME
садех	PROPER_NAME
садри	PROPER_NAME
садрия	PROPER_NAME
садык	PROPER_NAME
саед	PROPER_NAME
саенко	PROPER_NAME
сажи	PROPER_NAME
сажинов	PROPER_NAME
сазонов	PROPER_NAME
саид	PROPER_NAME
саида	PROPER_NAME
саидали	PROPER_NAME
саидбег	PROPER_NAME
саиман	PROPER_NAME
саиме	PROPER_NAME
саит	PROPER_NAME
сайвун	PROPER_NAME
сайгон	PROPER_NAME
сайкин	PROPER_NAME
сайма	PROPER_NAME
саймон	PROPER_NAME
сайхин	PROPER_NAME
сайхут	PROPER_NAME
сайын	PROPER_NAME
сакарья	PROPER_NAME
саки	PROPER_NAME
сакина	PROPER_NAME
сакит	PROPER_NAME
сакмара	PROPER_NAME
салавай	PROPER_NAME
салават	PROPER_NAME
салаир	PROPER_NAME
саламшо	PROPER_NAME
салах	PROPER_NAME
салахов	PROPER_NAME
салгир	PROPER_NAME
салда	PROPER_NAME
салдус	PROPER_NAME
салем	PROPER_NAME
салерно	PROPER_NAME
салех	PROPER_NAME
сали	PROPER_NAME
салий	PROPER_NAME
саликов	PROPER_NAME
салим	PROPER_NAME
салима	PROPER_NAME
салимов	PROPER_NAME
салин	PROPER_NAME
салих	PROPER_NAME
салихов	PROPER_NAME
салли	PROPER_NAME
салман	PROPER_NAME
салмин	PROPER_NAME
салов	PROPER_NAME
саломея	PROPER_NAME
саломия	PROPER_NAME
салчак	PROPER_NAME
сальбий	PROPER_NAME
сальвия	PROPER_NAME
сальери	PROPER_NAME
сальск	PROPER_NAME
сальяны	PROPER_NAME
самад	PROPER_NAME
саманта	PROPER_NAME
самар	PROPER_NAME
самара	PROPER_NAME
самарга	PROPER_NAME
самарин	PROPER_NAME
самария	PROPER_NAME
самарка	PROPER_NAME
самат	PROPER_NAME
самбел	PROPER_NAME
самбор	PROPER_NAME
самвел	PROPER_NAME
самер	PROPER_NAME
самера	PROPER_NAME
сами	PROPER_NAME
самир	PROPER_NAME
самира	PROPER_NAME
самия	PROPER_NAME
самоа	PROPER_NAME
самойла	PROPER_NAME
самос	PROPER_NAME
самохин	PROPER_NAME
сампур	PROPER_NAME
самсон	PROPER_NAME
самсун	PROPER_NAME
самуел	PROPER_NAME
самуил	PROPER_NAME
самур	PROPER_NAME
самусев	PROPER_NAME
самуэл	PROPER_NAME
самуэль	PROPER_NAME
самылов	PROPER_NAME
сана	PROPER_NAME
санабар	PROPER_NAME
санан	PROPER_NAME
санга	PROPER_NAME
санглен	PROPER_NAME
санда	PROPER_NAME
сандали	PROPER_NAME
сандар	PROPER_NAME
санджит	PROPER_NAME
сандип	PROPER_NAME
сандра	PROPER_NAME
сандро	PROPER_NAME
санжай	PROPER_NAME
санжар	PROPER_NAME
санжей	PROPER_NAME
санир	PROPER_NAME
санис	PROPER_NAME
санита	PROPER_NAME
сания	PROPER_NAME
санко	PROPER_NAME
санни	PROPER_NAME
сантус	PROPER_NAME
санфира	PROPER_NAME
санька	PROPER_NAME
саня	PROPER_NAME
саодат	PROPER_NAME
сапегин	PROPER_NAME
сапиро	PROPER_NAME
сапият	PROPER_NAME
саппоро	PROPER_NAME
сапунов	PROPER_NAME
сара	PROPER_NAME
саранск	PROPER_NAME
сарань	PROPER_NAME
сарапул	PROPER_NAME
саратов	PROPER_NAME
сарвар	PROPER_NAME
саргон	PROPER_NAME
сарепта	PROPER_NAME
саривон	PROPER_NAME
сарина	PROPER_NAME
сарине	PROPER_NAME
сарита	PROPER_NAME
сария	PROPER_NAME
сарканд	PROPER_NAME
саркис	PROPER_NAME
саркози	PROPER_NAME
сарлан	PROPER_NAME
сармен	PROPER_NAME
сарны	PROPER_NAME
саров	PROPER_NAME
саровск	PROPER_NAME
сарпа	PROPER_NAME
сарра	PROPER_NAME
сартанг	PROPER_NAME
сартр	PROPER_NAME
сарфати	PROPER_NAME
сарычев	PROPER_NAME
сарьян	PROPER_NAME
сасебо	PROPER_NAME
сасовка	PROPER_NAME
сасово	PROPER_NAME
сасык	PROPER_NAME
сатаней	PROPER_NAME
сатаров	PROPER_NAME
сати	PROPER_NAME
сатига	PROPER_NAME
сатида	PROPER_NAME
сатина	PROPER_NAME
сатия	PROPER_NAME
сатка	PROPER_NAME
саттар	PROPER_NAME
сатурн	PROPER_NAME
сауд	PROPER_NAME
сауда	PROPER_NAME
саудат	PROPER_NAME
сауде	PROPER_NAME
саул	PROPER_NAME
саулем	PROPER_NAME
сауня	PROPER_NAME
саур	PROPER_NAME
сафи	PROPER_NAME
сафин	PROPER_NAME
сафон	PROPER_NAME
сафонов	PROPER_NAME
сафрон	PROPER_NAME
сафтар	PROPER_NAME
сафура	PROPER_NAME
саха	PROPER_NAME
сахалин	PROPER_NAME
сахара	PROPER_NAME
сахаров	PROPER_NAME
сахиба	PROPER_NAME
сачхере	PROPER_NAME
саша	PROPER_NAME
сашка	PROPER_NAME
саяд	PROPER_NAME
саянск	PROPER_NAME
саяр	PROPER_NAME
сбитнев	PROPER_NAME
свалява	PROPER_NAME
свапа	PROPER_NAME
сватово	PROPER_NAME
свен	PROPER_NAME
свенсон	PROPER_NAME
света	PROPER_NAME
светан	PROPER_NAME
светана	PROPER_NAME
светкин	PROPER_NAME
светлов	PROPER_NAME
светов	PROPER_NAME
свечин	PROPER_NAME
свинин	PROPER_NAME
свирид	PROPER_NAME
свирин	PROPER_NAME
свирск	PROPER_NAME
свирь	PROPER_NAME
свича	PROPER_NAME
свияга	PROPER_NAME
сдпг	PROPER_NAME
себеж	PROPER_NAME
себу	PROPER_NAME
сева	PROPER_NAME
севан	PROPER_NAME
севара	PROPER_NAME
северин	PROPER_NAME
северка	PROPER_NAME
северн	PROPER_NAME
северск	PROPER_NAME
севилия	PROPER_NAME
севилья	PROPER_NAME
севмаш	PROPER_NAME
севович	PROPER_NAME
севочка	PROPER_NAME
севрыба	PROPER_NAME
севск	PROPER_NAME
сегед	PROPER_NAME
сегежа	PROPER_NAME
сеговия	PROPER_NAME
сеголен	PROPER_NAME
седа	PROPER_NAME
седов	PROPER_NAME
седрик	PROPER_NAME
седугин	PROPER_NAME
сезанн	PROPER_NAME
сеилбек	PROPER_NAME
сеит	PROPER_NAME
сеитали	PROPER_NAME
сейед	PROPER_NAME
сейран	PROPER_NAME
сейрана	PROPER_NAME
сейт	PROPER_NAME
сейшелы	PROPER_NAME
селена	PROPER_NAME
селиван	PROPER_NAME
селигер	PROPER_NAME
селина	PROPER_NAME
селинов	PROPER_NAME
селифан	PROPER_NAME
сельма	PROPER_NAME
сельмаш	PROPER_NAME
сельхоз	PROPER_NAME
селюнин	PROPER_NAME
семаго	PROPER_NAME
семаев	PROPER_NAME
семашко	PROPER_NAME
семенко	PROPER_NAME
семенна	PROPER_NAME
семеру	PROPER_NAME
семигин	PROPER_NAME
семхоз	PROPER_NAME
семён	PROPER_NAME
семёнов	PROPER_NAME
сена	PROPER_NAME
сенегал	PROPER_NAME
сенеж	PROPER_NAME
сенека	PROPER_NAME
сенечка	PROPER_NAME
сенин	PROPER_NAME
сеничев	PROPER_NAME
сенно	PROPER_NAME
сенька	PROPER_NAME
сеня	PROPER_NAME
сенявин	PROPER_NAME
сепелев	PROPER_NAME
сеппо	PROPER_NAME
серам	PROPER_NAME
сербия	PROPER_NAME
сергач	PROPER_NAME
сергеев	PROPER_NAME
сергей	PROPER_NAME
сергиев	PROPER_NAME
сергий	PROPER_NAME
сергиус	PROPER_NAME
сердак	PROPER_NAME
серджиу	PROPER_NAME
середюк	PROPER_NAME
сереж	PROPER_NAME
серет	PROPER_NAME
серж	PROPER_NAME
серик	PROPER_NAME
серикан	PROPER_NAME
серифос	PROPER_NAME
серкан	PROPER_NAME
серков	PROPER_NAME
сероб	PROPER_NAME
серов	PROPER_NAME
серож	PROPER_NAME
серожа	PROPER_NAME
серофим	PROPER_NAME
серхат	PROPER_NAME
серяков	PROPER_NAME
серёга	PROPER_NAME
серёгин	PROPER_NAME
серёжа	PROPER_NAME
сесиль	PROPER_NAME
сескар	PROPER_NAME
сетиф	PROPER_NAME
сетубал	PROPER_NAME
сетунь	PROPER_NAME
сеул	PROPER_NAME
сеченов	PROPER_NAME
сечин	PROPER_NAME
сечкин	PROPER_NAME
сиазань	PROPER_NAME
сиана	PROPER_NAME
сибай	PROPER_NAME
сибат	PROPER_NAME
сибгат	PROPER_NAME
сибилла	PROPER_NAME
сибирга	PROPER_NAME
сибирь	PROPER_NAME
сибиу	PROPER_NAME
сибур	PROPER_NAME
сива	PROPER_NAME
сивас	PROPER_NAME
сиваш	PROPER_NAME
сиверс	PROPER_NAME
сивов	PROPER_NAME
сигарёв	PROPER_NAME
сигита	PROPER_NAME
сигитас	PROPER_NAME
сигмунд	PROPER_NAME
сигнахи	PROPER_NAME
сигуам	PROPER_NAME
сигулда	PROPER_NAME
сигэки	PROPER_NAME
сиданко	PROPER_NAME
сиденко	PROPER_NAME
сидней	PROPER_NAME
сидония	PROPER_NAME
сидор	PROPER_NAME
сидоров	PROPER_NAME
сийск	PROPER_NAME
сикар	PROPER_NAME
сикким	PROPER_NAME
сиклита	PROPER_NAME
сикоку	PROPER_NAME
силаев	PROPER_NAME
силезия	PROPER_NAME
силенко	PROPER_NAME
силин	PROPER_NAME
силхет	PROPER_NAME
сильва	PROPER_NAME
сильвер	PROPER_NAME
сильвий	PROPER_NAME
сильвик	PROPER_NAME
сильвио	PROPER_NAME
сильвия	PROPER_NAME
сильян	PROPER_NAME
сима	PROPER_NAME
симадо	PROPER_NAME
симаков	PROPER_NAME
сименс	PROPER_NAME
симеон	PROPER_NAME
симзар	PROPER_NAME
симизар	PROPER_NAME
симин	PROPER_NAME
симион	PROPER_NAME
симнас	PROPER_NAME
симон	PROPER_NAME
симона	PROPER_NAME
симоне	PROPER_NAME
симонна	PROPER_NAME
симонов	PROPER_NAME
симочка	PROPER_NAME
симпсон	PROPER_NAME
симушир	PROPER_NAME
синай	PROPER_NAME
синара	PROPER_NAME
синарий	PROPER_NAME
синди	PROPER_NAME
синенко	PROPER_NAME
синицын	PROPER_NAME
синора	PROPER_NAME
синтия	PROPER_NAME
синцзян	PROPER_NAME
сиран	PROPER_NAME
сиренко	PROPER_NAME
сирет	PROPER_NAME
сириус	PROPER_NAME
сирия	PROPER_NAME
сирма	PROPER_NAME
сирос	PROPER_NAME
сисакян	PROPER_NAME
сисиан	PROPER_NAME
сисим	PROPER_NAME
ситнов	PROPER_NAME
ситра	PROPER_NAME
сифнос	PROPER_NAME
сицзян	PROPER_NAME
сицилия	PROPER_NAME
сиэтл	PROPER_NAME
сиялкот	PROPER_NAME
скаген	PROPER_NAME
скай	PROPER_NAME
скалат	PROPER_NAME
скари	PROPER_NAME
скварыш	PROPER_NAME
сквира	PROPER_NAME
скирос	PROPER_NAME
скляр	PROPER_NAME
скляров	PROPER_NAME
скобцев	PROPER_NAME
скоков	PROPER_NAME
сколе	PROPER_NAME
скопин	PROPER_NAME
скотт	PROPER_NAME
скотти	PROPER_NAME
скрябин	PROPER_NAME
скум	PROPER_NAME
скуодас	PROPER_NAME
скупов	PROPER_NAME
славда	PROPER_NAME
славий	PROPER_NAME
славик	PROPER_NAME
славина	PROPER_NAME
слависа	PROPER_NAME
славия	PROPER_NAME
славой	PROPER_NAME
славск	PROPER_NAME
славута	PROPER_NAME
сладков	PROPER_NAME
сланцы	PROPER_NAME
слатина	PROPER_NAME
слепнёв	PROPER_NAME
сливен	PROPER_NAME
сливко	PROPER_NAME
слуцк	PROPER_NAME
слуцкий	PROPER_NAME
случ	PROPER_NAME
случь	PROPER_NAME
смалиус	PROPER_NAME
смела	PROPER_NAME
смертин	PROPER_NAME
смерш	PROPER_NAME
смирнов	PROPER_NAME
смит	PROPER_NAME
смолин	PROPER_NAME
смолян	PROPER_NAME
смоляр	PROPER_NAME
смотрич	PROPER_NAME
смуров	PROPER_NAME
снегур	PROPER_NAME
снежана	PROPER_NAME
снежина	PROPER_NAME
снежков	PROPER_NAME
снижана	PROPER_NAME
сноу	PROPER_NAME
снпо	PROPER_NAME
снятын	PROPER_NAME
собакин	PROPER_NAME
собинка	PROPER_NAME
соболев	PROPER_NAME
собчак	PROPER_NAME
собь	PROPER_NAME
собянин	PROPER_NAME
совавто	PROPER_NAME
совбез	PROPER_NAME
советск	PROPER_NAME
сойфер	PROPER_NAME
сокаль	PROPER_NAME
сокирко	PROPER_NAME
соколов	PROPER_NAME
сократ	PROPER_NAME
сокуров	PROPER_NAME
солнцев	PROPER_NAME
соловки	PROPER_NAME
соловов	PROPER_NAME
солодча	PROPER_NAME
соломея	PROPER_NAME
соломия	PROPER_NAME
соломон	PROPER_NAME
солония	PROPER_NAME
солтан	PROPER_NAME
сольцы	PROPER_NAME
сомма	PROPER_NAME
сомюр	PROPER_NAME
сондра	PROPER_NAME
сонечка	PROPER_NAME
сонин	PROPER_NAME
сония	PROPER_NAME
сонкёль	PROPER_NAME
сонцев	PROPER_NAME
сопа	PROPER_NAME
сопович	PROPER_NAME
сормово	PROPER_NAME
сорокин	PROPER_NAME
сорос	PROPER_NAME
сороть	PROPER_NAME
сорск	PROPER_NAME
сосков	PROPER_NAME
сослан	PROPER_NAME
сосьва	PROPER_NAME
софико	PROPER_NAME
софия	PROPER_NAME
софон	PROPER_NAME
софрино	PROPER_NAME
софрон	PROPER_NAME
соффа	PROPER_NAME
софья	PROPER_NAME
сохач	PROPER_NAME
сохов	PROPER_NAME
социала	PROPER_NAME
соцпроф	PROPER_NAME
сочи	PROPER_NAME
сочилин	PROPER_NAME
сошенко	PROPER_NAME
сошкин	PROPER_NAME
спарта	PROPER_NAME
спартак	PROPER_NAME
спаск	PROPER_NAME
спасск	PROPER_NAME
спбгу	PROPER_NAME
спецдор	PROPER_NAME
спиноза	PROPER_NAME
спирин	PROPER_NAME
спитак	PROPER_NAME
спицын	PROPER_NAME
сплит	PROPER_NAME
спрингс	PROPER_NAME
спту	PROPER_NAME
сруль	PROPER_NAME
срутник	PROPER_NAME
ссср	PROPER_NAME
ставрий	PROPER_NAME
сталин	PROPER_NAME
сталина	PROPER_NAME
стамбул	PROPER_NAME
станкин	PROPER_NAME
станков	PROPER_NAME
старков	PROPER_NAME
старцев	PROPER_NAME
стас	PROPER_NAME
стасик	PROPER_NAME
стах	PROPER_NAME
ствига	PROPER_NAME
стебник	PROPER_NAME
стелка	PROPER_NAME
стенин	PROPER_NAME
стенли	PROPER_NAME
степан	PROPER_NAME
степаша	PROPER_NAME
стерхов	PROPER_NAME
стефа	PROPER_NAME
стефан	PROPER_NAME
стефана	PROPER_NAME
стефани	PROPER_NAME
стефано	PROPER_NAME
стечкин	PROPER_NAME
стеша	PROPER_NAME
стив	PROPER_NAME
стивен	PROPER_NAME
стикс	PROPER_NAME
стогов	PROPER_NAME
столбцы	PROPER_NAME
столин	PROPER_NAME
стоход	PROPER_NAME
страхов	PROPER_NAME
страшко	PROPER_NAME
страшун	PROPER_NAME
стренчи	PROPER_NAME
стригин	PROPER_NAME
строев	PROPER_NAME
струве	PROPER_NAME
стрый	PROPER_NAME
ступино	PROPER_NAME
стуров	PROPER_NAME
стырь	PROPER_NAME
стэнли	PROPER_NAME
стюарт	PROPER_NAME
стёпа	PROPER_NAME
стёпин	PROPER_NAME
суарес	PROPER_NAME
субате	PROPER_NAME
суваде	PROPER_NAME
суворов	PROPER_NAME
суглан	PROPER_NAME
судаба	PROPER_NAME
судабе	PROPER_NAME
судаков	PROPER_NAME
судан	PROPER_NAME
сударин	PROPER_NAME
судеты	PROPER_NAME
суджа	PROPER_NAME
судип	PROPER_NAME
судогда	PROPER_NAME
сузаков	PROPER_NAME
суздаль	PROPER_NAME
сукачёв	PROPER_NAME
суккур	PROPER_NAME
сукре	PROPER_NAME
суксома	PROPER_NAME
сула	PROPER_NAME
сулак	PROPER_NAME
сулев	PROPER_NAME
сулико	PROPER_NAME
сулим	PROPER_NAME
сулин	PROPER_NAME
сулина	PROPER_NAME
султана	PROPER_NAME
сулу	PROPER_NAME
сулюкта	PROPER_NAME
суматра	PROPER_NAME
сумбат	PROPER_NAME
сумгаит	PROPER_NAME
сумин	PROPER_NAME
сумы	PROPER_NAME
суна	PROPER_NAME
сунгари	PROPER_NAME
сунгача	PROPER_NAME
сунжа	PROPER_NAME
суонси	PROPER_NAME
суоярви	PROPER_NAME
супой	PROPER_NAME
супрун	PROPER_NAME
супса	PROPER_NAME
сураб	PROPER_NAME
сурабай	PROPER_NAME
сураж	PROPER_NAME
суран	PROPER_NAME
сургеев	PROPER_NAME
сургут	PROPER_NAME
сурен	PROPER_NAME
суриков	PROPER_NAME
суринам	PROPER_NAME
сурков	PROPER_NAME
сурселе	PROPER_NAME
сурск	PROPER_NAME
сусана	PROPER_NAME
сусанин	PROPER_NAME
сусанна	PROPER_NAME
сусея	PROPER_NAME
суслов	PROPER_NAME
сусуман	PROPER_NAME
сутрик	PROPER_NAME
сутягин	PROPER_NAME
суханов	PROPER_NAME
сухарев	PROPER_NAME
сухин	PROPER_NAME
сухов	PROPER_NAME
сухой	PROPER_NAME
сухона	PROPER_NAME
сухотин	PROPER_NAME
сухраб	PROPER_NAME
сухуми	PROPER_NAME
сучава	PROPER_NAME
суэтка	PROPER_NAME
суэц	PROPER_NAME
сфакс	PROPER_NAME
сходня	PROPER_NAME
сыда	PROPER_NAME
сыздык	PROPER_NAME
сызрань	PROPER_NAME
сыпачев	PROPER_NAME
сырабая	PROPER_NAME
сысерть	PROPER_NAME
сысоев	PROPER_NAME
сысой	PROPER_NAME
сысола	PROPER_NAME
сычёв	PROPER_NAME
сычёвка	PROPER_NAME
сьюзан	PROPER_NAME
сьюзен	PROPER_NAME
сьюзи	PROPER_NAME
сэмович	PROPER_NAME
сэмуэль	PROPER_NAME
сюзанна	PROPER_NAME
сюзанне	PROPER_NAME
сюнь	PROPER_NAME
сюткин	PROPER_NAME
сяид	PROPER_NAME
сянган	PROPER_NAME
сясь	PROPER_NAME
сёма	PROPER_NAME
сёмин	PROPER_NAME
таар	PROPER_NAME
табаков	PROPER_NAME
табеев	PROPER_NAME
табидзе	PROPER_NAME
таболин	PROPER_NAME
тавда	PROPER_NAME
таврия	PROPER_NAME
тагил	PROPER_NAME
тагир	PROPER_NAME
тадей	PROPER_NAME
тадеуш	PROPER_NAME
тадеуша	PROPER_NAME
тадэуш	PROPER_NAME
таиланд	PROPER_NAME
таир	PROPER_NAME
таирбек	PROPER_NAME
таис	PROPER_NAME
таиса	PROPER_NAME
таисиа	PROPER_NAME
таисия	PROPER_NAME
таисья	PROPER_NAME
таити	PROPER_NAME
тайбей	PROPER_NAME
тайвань	PROPER_NAME
тайман	PROPER_NAME
таймур	PROPER_NAME
таймыр	PROPER_NAME
тайпур	PROPER_NAME
тайри	PROPER_NAME
тайшет	PROPER_NAME
такаси	PROPER_NAME
такоев	PROPER_NAME
талаат	PROPER_NAME
талаб	PROPER_NAME
талабшо	PROPER_NAME
талагат	PROPER_NAME
талай	PROPER_NAME
талакан	PROPER_NAME
талал	PROPER_NAME
талаль	PROPER_NAME
таланов	PROPER_NAME
талап	PROPER_NAME
талас	PROPER_NAME
талат	PROPER_NAME
талгар	PROPER_NAME
талгат	PROPER_NAME
талдом	PROPER_NAME
талдык	PROPER_NAME
талибан	PROPER_NAME
талип	PROPER_NAME
талица	PROPER_NAME
талла	PROPER_NAME
таллин	PROPER_NAME
таллинн	PROPER_NAME
талнах	PROPER_NAME
талович	PROPER_NAME
таловка	PROPER_NAME
талси	PROPER_NAME
талха	PROPER_NAME
талызин	PROPER_NAME
тальное	PROPER_NAME
тальяна	PROPER_NAME
талят	PROPER_NAME
тамаз	PROPER_NAME
тамань	PROPER_NAME
тамара	PROPER_NAME
тамарка	PROPER_NAME
тамбов	PROPER_NAME
тамила	PROPER_NAME
тамилия	PROPER_NAME
тамилла	PROPER_NAME
тамир	PROPER_NAME
тамиш	PROPER_NAME
тамм	PROPER_NAME
тампере	PROPER_NAME
тамрико	PROPER_NAME
тана	PROPER_NAME
танага	PROPER_NAME
танакис	PROPER_NAME
танама	PROPER_NAME
танга	PROPER_NAME
тангч	PROPER_NAME
танеев	PROPER_NAME
танел	PROPER_NAME
танечка	PROPER_NAME
танжер	PROPER_NAME
танзила	PROPER_NAME
танзиле	PROPER_NAME
танзили	PROPER_NAME
танзилэ	PROPER_NAME
танио	PROPER_NAME
танта	PROPER_NAME
танька	PROPER_NAME
танюша	PROPER_NAME
таня	PROPER_NAME
тапсуй	PROPER_NAME
тарана	PROPER_NAME
таранто	PROPER_NAME
тарас	PROPER_NAME
тараска	PROPER_NAME
тарасов	PROPER_NAME
тарасюк	PROPER_NAME
тарачев	PROPER_NAME
тараша	PROPER_NAME
тарво	PROPER_NAME
тариг	PROPER_NAME
тариел	PROPER_NAME
тариель	PROPER_NAME
тарий	PROPER_NAME
тарик	PROPER_NAME
тарим	PROPER_NAME
тарина	PROPER_NAME
тарисл	PROPER_NAME
тарих	PROPER_NAME
тариэл	PROPER_NAME
тариэль	PROPER_NAME
тариян	PROPER_NAME
тарлан	PROPER_NAME
тармо	PROPER_NAME
тарнув	PROPER_NAME
тарп	PROPER_NAME
тарту	PROPER_NAME
тартус	PROPER_NAME
таруса	PROPER_NAME
тархов	PROPER_NAME
таршин	PROPER_NAME
тасеев	PROPER_NAME
тасос	PROPER_NAME
тасс	PROPER_NAME
татария	PROPER_NAME
татарск	PROPER_NAME
татры	PROPER_NAME
татта	PROPER_NAME
татьяна	PROPER_NAME
татэвик	PROPER_NAME
татяна	PROPER_NAME
тауз	PROPER_NAME
таунджи	PROPER_NAME
таураге	PROPER_NAME
таус	PROPER_NAME
тауфик	PROPER_NAME
тафиг	PROPER_NAME
тафиля	PROPER_NAME
таха	PROPER_NAME
тахан	PROPER_NAME
тахир	PROPER_NAME
тахира	PROPER_NAME
тахири	PROPER_NAME
тахирян	PROPER_NAME
тахмина	PROPER_NAME
тахо	PROPER_NAME
тахович	PROPER_NAME
тахтар	PROPER_NAME
тацит	PROPER_NAME
ташауз	PROPER_NAME
ташкент	PROPER_NAME
таштан	PROPER_NAME
таштып	PROPER_NAME
тбилиси	PROPER_NAME
твен	PROPER_NAME
тверца	PROPER_NAME
тверь	PROPER_NAME
теберда	PROPER_NAME
тебриз	PROPER_NAME
тегеран	PROPER_NAME
тедворт	PROPER_NAME
тедди	PROPER_NAME
теджен	PROPER_NAME
тедович	PROPER_NAME
тейде	PROPER_NAME
тейково	PROPER_NAME
тейлор	PROPER_NAME
теймраз	PROPER_NAME
теймур	PROPER_NAME
текели	PROPER_NAME
тексер	PROPER_NAME
телави	PROPER_NAME
телегин	PROPER_NAME
телеком	PROPER_NAME
телин	PROPER_NAME
тельман	PROPER_NAME
тельшяй	PROPER_NAME
темелин	PROPER_NAME
темза	PROPER_NAME
темир	PROPER_NAME
темрюк	PROPER_NAME
темуко	PROPER_NAME
тенгиз	PROPER_NAME
тенгис	PROPER_NAME
тендра	PROPER_NAME
тенесси	PROPER_NAME
тенис	PROPER_NAME
тенишев	PROPER_NAME
теодор	PROPER_NAME
теодора	PROPER_NAME
теофиль	PROPER_NAME
теплов	PROPER_NAME
тереза	PROPER_NAME
терезия	PROPER_NAME
терек	PROPER_NAME
терен	PROPER_NAME
тереса	PROPER_NAME
тересия	PROPER_NAME
терехов	PROPER_NAME
тержола	PROPER_NAME
тери	PROPER_NAME
термез	PROPER_NAME
терри	PROPER_NAME
тертер	PROPER_NAME
тестово	PROPER_NAME
тетерин	PROPER_NAME
тетея	PROPER_NAME
тетиев	PROPER_NAME
теткин	PROPER_NAME
теткино	PROPER_NAME
тетуан	PROPER_NAME
тетюши	PROPER_NAME
теужеск	PROPER_NAME
техас	PROPER_NAME
теча	PROPER_NAME
тешилов	PROPER_NAME
тиба	PROPER_NAME
тиберий	PROPER_NAME
тибет	PROPER_NAME
тибор	PROPER_NAME
тибр	PROPER_NAME
тигран	PROPER_NAME
тиджани	PROPER_NAME
тизяков	PROPER_NAME
тиина	PROPER_NAME
тиит	PROPER_NAME
тикси	PROPER_NAME
тилбург	PROPER_NAME
тилос	PROPER_NAME
тима	PROPER_NAME
тимор	PROPER_NAME
тимоти	PROPER_NAME
тимофей	PROPER_NAME
тимохин	PROPER_NAME
тимоша	PROPER_NAME
тимптон	PROPER_NAME
тимур	PROPER_NAME
тимураз	PROPER_NAME
тинос	PROPER_NAME
тионида	PROPER_NAME
тира	PROPER_NAME
тирана	PROPER_NAME
тироль	PROPER_NAME
тиса	PROPER_NAME
титенко	PROPER_NAME
титкин	PROPER_NAME
тито	PROPER_NAME
титов	PROPER_NAME
титович	PROPER_NAME
титус	PROPER_NAME
тифлис	PROPER_NAME
тихама	PROPER_NAME
тихвин	PROPER_NAME
тихомир	PROPER_NAME
тихон	PROPER_NAME
тихонов	PROPER_NAME
тициан	PROPER_NAME
тичино	PROPER_NAME
тиша	PROPER_NAME
тишки	PROPER_NAME
тишков	PROPER_NAME
тищенко	PROPER_NAME
ткачук	PROPER_NAME
ткачёв	PROPER_NAME
ткибули	PROPER_NAME
тлумач	PROPER_NAME
тобаго	PROPER_NAME
тоббин	PROPER_NAME
тоби	PROPER_NAME
тобол	PROPER_NAME
товий	PROPER_NAME
товсари	PROPER_NAME
того	PROPER_NAME
тогучин	PROPER_NAME
тодино	PROPER_NAME
тодос	PROPER_NAME
тодосия	PROPER_NAME
тойба	PROPER_NAME
тойбе	PROPER_NAME
тойбеле	PROPER_NAME
тойва	PROPER_NAME
тойво	PROPER_NAME
тойир	PROPER_NAME
тойли	PROPER_NAME
тойни	PROPER_NAME
тойтепа	PROPER_NAME
токарев	PROPER_NAME
токелау	PROPER_NAME
токио	PROPER_NAME
токмак	PROPER_NAME
токсово	PROPER_NAME
тола	PROPER_NAME
толбоев	PROPER_NAME
толедо	PROPER_NAME
толкиен	PROPER_NAME
толочин	PROPER_NAME
толстов	PROPER_NAME
толстой	PROPER_NAME
тольяна	PROPER_NAME
толя	PROPER_NAME
тома	PROPER_NAME
томаз	PROPER_NAME
томар	PROPER_NAME
томас	PROPER_NAME
томаш	PROPER_NAME
томек	PROPER_NAME
томила	PROPER_NAME
томилла	PROPER_NAME
томка	PROPER_NAME
томми	PROPER_NAME
томмот	PROPER_NAME
томович	PROPER_NAME
томпо	PROPER_NAME
томпсон	PROPER_NAME
томс	PROPER_NAME
томск	PROPER_NAME
томсон	PROPER_NAME
томчин	PROPER_NAME
томь	PROPER_NAME
тонга	PROPER_NAME
тони	PROPER_NAME
тоомас	PROPER_NAME
топалов	PROPER_NAME
топки	PROPER_NAME
топоров	PROPER_NAME
торгом	PROPER_NAME
торгон	PROPER_NAME
торжок	PROPER_NAME
торонто	PROPER_NAME
торопец	PROPER_NAME
торпедо	PROPER_NAME
торренс	PROPER_NAME
торунь	PROPER_NAME
тоскана	PROPER_NAME
тосна	PROPER_NAME
тосно	PROPER_NAME
тося	PROPER_NAME
тотиев	PROPER_NAME
тотьма	PROPER_NAME
тофиг	PROPER_NAME
тофик	PROPER_NAME
тофир	PROPER_NAME
тофич	PROPER_NAME
тохир	PROPER_NAME
тоша	PROPER_NAME
тощеев	PROPER_NAME
трабзон	PROPER_NAME
травкин	PROPER_NAME
травов	PROPER_NAME
тракай	PROPER_NAME
траспов	PROPER_NAME
трахов	PROPER_NAME
траян	PROPER_NAME
требков	PROPER_NAME
трент	PROPER_NAME
третяк	PROPER_NAME
триест	PROPER_NAME
тринити	PROPER_NAME
триполи	PROPER_NAME
трипура	PROPER_NAME
трир	PROPER_NAME
тристан	PROPER_NAME
тристон	PROPER_NAME
трифон	PROPER_NAME
триша	PROPER_NAME
тришка	PROPER_NAME
троадий	PROPER_NAME
троинка	PROPER_NAME
троицк	PROPER_NAME
тронг	PROPER_NAME
тронд	PROPER_NAME
троодос	PROPER_NAME
тропин	PROPER_NAME
тросна	PROPER_NAME
трофим	PROPER_NAME
троцкий	PROPER_NAME
трошев	PROPER_NAME
трошин	PROPER_NAME
троян	PROPER_NAME
труайя	PROPER_NAME
трубеж	PROPER_NAME
трунов	PROPER_NAME
трусов	PROPER_NAME
трухин	PROPER_NAME
трушин	PROPER_NAME
трушкин	PROPER_NAME
трюффо	PROPER_NAME
тряпкин	PROPER_NAME
туамоту	PROPER_NAME
туапсе	PROPER_NAME
тува	PROPER_NAME
тувалу	PROPER_NAME
тувгаз	PROPER_NAME
туггурт	PROPER_NAME
туинов	PROPER_NAME
туйаара	PROPER_NAME
туймазы	PROPER_NAME
тукай	PROPER_NAME
тукумс	PROPER_NAME
тула	PROPER_NAME
тулеген	PROPER_NAME
тулеев	PROPER_NAME
тулома	PROPER_NAME
тулон	PROPER_NAME
тулос	PROPER_NAME
тулуза	PROPER_NAME
тулун	PROPER_NAME
тулча	PROPER_NAME
тульчин	PROPER_NAME
туманов	PROPER_NAME
тумаш	PROPER_NAME
тумэн	PROPER_NAME
тунджа	PROPER_NAME
тунджай	PROPER_NAME
тунзала	PROPER_NAME
тунис	PROPER_NAME
туолба	PROPER_NAME
туполев	PROPER_NAME
турадж	PROPER_NAME
туран	PROPER_NAME
турбин	PROPER_NAME
тургай	PROPER_NAME
тургун	PROPER_NAME
турин	PROPER_NAME
туринск	PROPER_NAME
турия	PROPER_NAME
турку	PROPER_NAME
туров	PROPER_NAME
туртас	PROPER_NAME
турусин	PROPER_NAME
турухан	PROPER_NAME
турция	PROPER_NAME
турчин	PROPER_NAME
турыс	PROPER_NAME
туск	PROPER_NAME
туся	PROPER_NAME
тутаев	PROPER_NAME
тутуила	PROPER_NAME
туфан	PROPER_NAME
тучков	PROPER_NAME
тушино	PROPER_NAME
туяна	PROPER_NAME
тхаб	PROPER_NAME
тхиевич	PROPER_NAME
тхимпху	PROPER_NAME
тыва	PROPER_NAME
тыклин	PROPER_NAME
тымь	PROPER_NAME
тында	PROPER_NAME
тынис	PROPER_NAME
тыну	PROPER_NAME
тырва	PROPER_NAME
тырново	PROPER_NAME
тыры	PROPER_NAME
тьерри	PROPER_NAME
тьюринг	PROPER_NAME
тэгу	PROPER_NAME
тэдди	PROPER_NAME
тэджон	PROPER_NAME
тэмур	PROPER_NAME
тэона	PROPER_NAME
тэранэ	PROPER_NAME
тэрбиш	PROPER_NAME
тэреса	PROPER_NAME
тэтчер	PROPER_NAME
тюкин	PROPER_NAME
тюкян	PROPER_NAME
тюмень	PROPER_NAME
тюнг	PROPER_NAME
тюнеев	PROPER_NAME
тюнович	PROPER_NAME
тюня	PROPER_NAME
тюри	PROPER_NAME
тюрин	PROPER_NAME
тютчев	PROPER_NAME
тягачёв	PROPER_NAME
тягунов	PROPER_NAME
тяжлов	PROPER_NAME
тяжмаш	PROPER_NAME
тяжпром	PROPER_NAME
тясмин	PROPER_NAME
тячев	PROPER_NAME
тёма	PROPER_NAME
тёркин	PROPER_NAME
уаза	PROPER_NAME
уайт	PROPER_NAME
уаско	PROPER_NAME
убаган	PROPER_NAME
убанги	PROPER_NAME
убожко	PROPER_NAME
уборть	PROPER_NAME
увайс	PROPER_NAME
уваров	PROPER_NAME
уварово	PROPER_NAME
увгений	PROPER_NAME
увевич	PROPER_NAME
увильды	PROPER_NAME
уводь	PROPER_NAME
уганда	PROPER_NAME
углич	PROPER_NAME
угнев	PROPER_NAME
угович	PROPER_NAME
угра	PROPER_NAME
уджары	PROPER_NAME
уджда	PROPER_NAME
удович	PROPER_NAME
удомля	PROPER_NAME
удыль	PROPER_NAME
уефа	PROPER_NAME
ужгород	PROPER_NAME
ужур	PROPER_NAME
узакбай	PROPER_NAME
узбеков	PROPER_NAME
узген	PROPER_NAME
узень	PROPER_NAME
узин	PROPER_NAME
узонь	PROPER_NAME
уилли	PROPER_NAME
уиллиам	PROPER_NAME
уилпата	PROPER_NAME
уилсон	PROPER_NAME
уильям	PROPER_NAME
уильямс	PROPER_NAME
уинслет	PROPER_NAME
уинстон	PROPER_NAME
уинтер	PROPER_NAME
уинфри	PROPER_NAME
уйгун	PROPER_NAME
укмерге	PROPER_NAME
украина	PROPER_NAME
улавун	PROPER_NAME
уланов	PROPER_NAME
улви	PROPER_NAME
улвия	PROPER_NAME
улина	PROPER_NAME
улияния	PROPER_NAME
улла	PROPER_NAME
уллович	PROPER_NAME
уллубий	PROPER_NAME
уллучай	PROPER_NAME
улугбек	PROPER_NAME
улукбек	PROPER_NAME
улусбек	PROPER_NAME
улуюл	PROPER_NAME
ульба	PROPER_NAME
ульбея	PROPER_NAME
ульви	PROPER_NAME
ульм	PROPER_NAME
ульмас	PROPER_NAME
ульрих	PROPER_NAME
ульсан	PROPER_NAME
ульфат	PROPER_NAME
улья	PROPER_NAME
ульян	PROPER_NAME
ульяна	PROPER_NAME
ульянов	PROPER_NAME
уляна	PROPER_NAME
умайсат	PROPER_NAME
умалат	PROPER_NAME
умань	PROPER_NAME
умар	PROPER_NAME
умарали	PROPER_NAME
умаржан	PROPER_NAME
умаржон	PROPER_NAME
умаров	PROPER_NAME
умберто	PROPER_NAME
умбрия	PROPER_NAME
умео	PROPER_NAME
умербек	PROPER_NAME
умержан	PROPER_NAME
умерхан	PROPER_NAME
умида	PROPER_NAME
умирбек	PROPER_NAME
умирзак	PROPER_NAME
умнак	PROPER_NAME
умяр	PROPER_NAME
унгены	PROPER_NAME
унеча	PROPER_NAME
унжа	PROPER_NAME
уникс	PROPER_NAME
унимак	PROPER_NAME
унита	PROPER_NAME
уолдрон	PROPER_NAME
уоллес	PROPER_NAME
уоллис	PROPER_NAME
уолт	PROPER_NAME
уолтер	PROPER_NAME
уорден	PROPER_NAME
уоррен	PROPER_NAME
уотерс	PROPER_NAME
уотсон	PROPER_NAME
уполу	PROPER_NAME
уражцев	PROPER_NAME
урай	PROPER_NAME
урак	PROPER_NAME
урал	PROPER_NAME
уралия	PROPER_NAME
уралмаш	PROPER_NAME
уралтау	PROPER_NAME
уральск	PROPER_NAME
урга	PROPER_NAME
ургал	PROPER_NAME
ургенч	PROPER_NAME
ургут	PROPER_NAME
уренгой	PROPER_NAME
урень	PROPER_NAME
уржум	PROPER_NAME
уринсон	PROPER_NAME
урмас	PROPER_NAME
урмат	PROPER_NAME
урмила	PROPER_NAME
урнов	PROPER_NAME
урсович	PROPER_NAME
урсула	PROPER_NAME
уругвай	PROPER_NAME
урузган	PROPER_NAME
урузмаг	PROPER_NAME
урумчи	PROPER_NAME
уруп	PROPER_NAME
урух	PROPER_NAME
урфа	PROPER_NAME
уршуля	PROPER_NAME
урысон	PROPER_NAME
урюп	PROPER_NAME
усама	PROPER_NAME
усачёв	PROPER_NAME
усинск	PROPER_NAME
усков	PROPER_NAME
усман	PROPER_NAME
усманов	PROPER_NAME
усмань	PROPER_NAME
усов	PROPER_NAME
усолье	PROPER_NAME
уссама	PROPER_NAME
уссури	PROPER_NAME
устилуг	PROPER_NAME
устим	PROPER_NAME
устин	PROPER_NAME
устина	PROPER_NAME
устиния	PROPER_NAME
устинов	PROPER_NAME
устинья	PROPER_NAME
устонов	PROPER_NAME
устюг	PROPER_NAME
устюгов	PROPER_NAME
устюжна	PROPER_NAME
усубек	PROPER_NAME
утва	PROPER_NAME
утена	PROPER_NAME
уткин	PROPER_NAME
уфалей	PROPER_NAME
уфимцев	PROPER_NAME
уфмс	PROPER_NAME
уфтюга	PROPER_NAME
ухань	PROPER_NAME
ухолов	PROPER_NAME
ухта	PROPER_NAME
учалы	PROPER_NAME
учами	PROPER_NAME
учарал	PROPER_NAME
учкекен	PROPER_NAME
учком	PROPER_NAME
учкудук	PROPER_NAME
учур	PROPER_NAME
учхоз	PROPER_NAME
ушаков	PROPER_NAME
ушба	PROPER_NAME
ушер	PROPER_NAME
ушишир	PROPER_NAME
уштобе	PROPER_NAME
уэббер	PROPER_NAME
уэйк	PROPER_NAME
уэйн	PROPER_NAME
уэллс	PROPER_NAME
уэлш	PROPER_NAME
уэльс	PROPER_NAME
уэсли	PROPER_NAME
фааз	PROPER_NAME
фаат	PROPER_NAME
фабиан	PROPER_NAME
фабио	PROPER_NAME
фабиян	PROPER_NAME
фабрис	PROPER_NAME
фабьян	PROPER_NAME
фавад	PROPER_NAME
фаваз	PROPER_NAME
фаварис	PROPER_NAME
фавасим	PROPER_NAME
фавдия	PROPER_NAME
фавел	PROPER_NAME
фавель	PROPER_NAME
фавета	PROPER_NAME
фавзав	PROPER_NAME
фавзия	PROPER_NAME
фавий	PROPER_NAME
фавиль	PROPER_NAME
фавис	PROPER_NAME
фавст	PROPER_NAME
фавста	PROPER_NAME
фагада	PROPER_NAME
фагани	PROPER_NAME
фагем	PROPER_NAME
фагил	PROPER_NAME
фагила	PROPER_NAME
фагилия	PROPER_NAME
фагиль	PROPER_NAME
фагилья	PROPER_NAME
фагиля	PROPER_NAME
фагим	PROPER_NAME
фагима	PROPER_NAME
фагиме	PROPER_NAME
фагимя	PROPER_NAME
фагин	PROPER_NAME
фагит	PROPER_NAME
фагия	PROPER_NAME
фагман	PROPER_NAME
фаград	PROPER_NAME
фаграт	PROPER_NAME
фадагат	PROPER_NAME
фадаил	PROPER_NAME
фадал	PROPER_NAME
фадан	PROPER_NAME
фаддеев	PROPER_NAME
фаддей	PROPER_NAME
фаддий	PROPER_NAME
фадеев	PROPER_NAME
фадей	PROPER_NAME
фадел	PROPER_NAME
фадель	PROPER_NAME
фадзия	PROPER_NAME
фади	PROPER_NAME
фадий	PROPER_NAME
фадик	PROPER_NAME
фадил	PROPER_NAME
фадила	PROPER_NAME
фадиля	PROPER_NAME
фадима	PROPER_NAME
фадиме	PROPER_NAME
фадин	PROPER_NAME
фадир	PROPER_NAME
фадит	PROPER_NAME
фадия	PROPER_NAME
фадли	PROPER_NAME
фадме	PROPER_NAME
фаед	PROPER_NAME
фаез	PROPER_NAME
фаек	PROPER_NAME
фазаил	PROPER_NAME
фазаир	PROPER_NAME
фазал	PROPER_NAME
фазидин	PROPER_NAME
фазил	PROPER_NAME
фазила	PROPER_NAME
фазилат	PROPER_NAME
фазиле	PROPER_NAME
фазиль	PROPER_NAME
фазиля	PROPER_NAME
фазима	PROPER_NAME
фазина	PROPER_NAME
фазира	PROPER_NAME
фазыл	PROPER_NAME
фаиз	PROPER_NAME
фаик	PROPER_NAME
фаилия	PROPER_NAME
фаилья	PROPER_NAME
фаиля	PROPER_NAME
фаим	PROPER_NAME
фаима	PROPER_NAME
фаиме	PROPER_NAME
фаимя	PROPER_NAME
фаина	PROPER_NAME
фаиня	PROPER_NAME
фаируза	PROPER_NAME
фалешты	PROPER_NAME
фалилей	PROPER_NAME
фальк	PROPER_NAME
фамиев	PROPER_NAME
фандас	PROPER_NAME
фанида	PROPER_NAME
фаниза	PROPER_NAME
фаний	PROPER_NAME
фаника	PROPER_NAME
фанил	PROPER_NAME
фанилия	PROPER_NAME
фаниль	PROPER_NAME
фанис	PROPER_NAME
фаниса	PROPER_NAME
фанися	PROPER_NAME
фания	PROPER_NAME
фанни	PROPER_NAME
фануза	PROPER_NAME
фанузе	PROPER_NAME
фанур	PROPER_NAME
фаня	PROPER_NAME
фапси	PROPER_NAME
фарадей	PROPER_NAME
фард	PROPER_NAME
фардана	PROPER_NAME
фардуня	PROPER_NAME
фареры	PROPER_NAME
фарид	PROPER_NAME
фарида	PROPER_NAME
фарис	PROPER_NAME
фарит	PROPER_NAME
фару	PROPER_NAME
фархад	PROPER_NAME
фархан	PROPER_NAME
фархат	PROPER_NAME
фархид	PROPER_NAME
фарход	PROPER_NAME
фархуд	PROPER_NAME
фасо	PROPER_NAME
фаста	PROPER_NAME
фастов	PROPER_NAME
фатеев	PROPER_NAME
фатеж	PROPER_NAME
фатей	PROPER_NAME
фатек	PROPER_NAME
фатема	PROPER_NAME
фатен	PROPER_NAME
фатех	PROPER_NAME
фатеха	PROPER_NAME
фатима	PROPER_NAME
фатина	PROPER_NAME
фатиния	PROPER_NAME
фатинья	PROPER_NAME
фатих	PROPER_NAME
фатиха	PROPER_NAME
фатов	PROPER_NAME
фатуев	PROPER_NAME
фатых	PROPER_NAME
фаузия	PROPER_NAME
фауст	PROPER_NAME
фахед	PROPER_NAME
фахиря	PROPER_NAME
фаяз	PROPER_NAME
фаял	PROPER_NAME
фгуп	PROPER_NAME
февзий	PROPER_NAME
февзия	PROPER_NAME
февруса	PROPER_NAME
феденко	PROPER_NAME
федечка	PROPER_NAME
федирко	PROPER_NAME
федков	PROPER_NAME
федора	PROPER_NAME
федорий	PROPER_NAME
федория	PROPER_NAME
федос	PROPER_NAME
федосей	PROPER_NAME
федосея	PROPER_NAME
федосий	PROPER_NAME
федосия	PROPER_NAME
федосов	PROPER_NAME
федосья	PROPER_NAME
федот	PROPER_NAME
федотия	PROPER_NAME
федотов	PROPER_NAME
федотья	PROPER_NAME
федул	PROPER_NAME
федулов	PROPER_NAME
федька	PROPER_NAME
федя	PROPER_NAME
федяев	PROPER_NAME
фейга	PROPER_NAME
фейгин	PROPER_NAME
феклина	PROPER_NAME
феклуша	PROPER_NAME
фелания	PROPER_NAME
фелекс	PROPER_NAME
феликс	PROPER_NAME
фелиса	PROPER_NAME
фелица	PROPER_NAME
фелиция	PROPER_NAME
феличия	PROPER_NAME
фелия	PROPER_NAME
феллини	PROPER_NAME
фелора	PROPER_NAME
фелура	PROPER_NAME
фелюра	PROPER_NAME
фемарн	PROPER_NAME
феник	PROPER_NAME
фенимор	PROPER_NAME
фения	PROPER_NAME
феноген	PROPER_NAME
феодора	PROPER_NAME
феокла	PROPER_NAME
феона	PROPER_NAME
феонида	PROPER_NAME
феонила	PROPER_NAME
феонина	PROPER_NAME
феония	PROPER_NAME
феофан	PROPER_NAME
феофана	PROPER_NAME
феофил	PROPER_NAME
феофила	PROPER_NAME
ферас	PROPER_NAME
фергана	PROPER_NAME
ферейн	PROPER_NAME
ференц	PROPER_NAME
феридя	PROPER_NAME
ферика	PROPER_NAME
фернан	PROPER_NAME
феррари	PROPER_NAME
феруз	PROPER_NAME
ферхад	PROPER_NAME
ферхат	PROPER_NAME
ферюза	PROPER_NAME
фетиния	PROPER_NAME
фетинья	PROPER_NAME
фетисов	PROPER_NAME
феттель	PROPER_NAME
фетюков	PROPER_NAME
фиала	PROPER_NAME
фиби	PROPER_NAME
фивы	PROPER_NAME
фигнер	PROPER_NAME
фиде	PROPER_NAME
фиделия	PROPER_NAME
фидель	PROPER_NAME
фиджи	PROPER_NAME
фидлер	PROPER_NAME
физтех	PROPER_NAME
физули	PROPER_NAME
фикрат	PROPER_NAME
фикрет	PROPER_NAME
фикрят	PROPER_NAME
филарет	PROPER_NAME
филат	PROPER_NAME
филатов	PROPER_NAME
фили	PROPER_NAME
филигия	PROPER_NAME
филида	PROPER_NAME
филий	PROPER_NAME
филимон	PROPER_NAME
филип	PROPER_NAME
филипия	PROPER_NAME
филипп	PROPER_NAME
филович	PROPER_NAME
филорет	PROPER_NAME
филотия	PROPER_NAME
фильза	PROPER_NAME
фильшин	PROPER_NAME
филя	PROPER_NAME
филяра	PROPER_NAME
филёв	PROPER_NAME
фима	PROPER_NAME
фимка	PROPER_NAME
финария	PROPER_NAME
финат	PROPER_NAME
финько	PROPER_NAME
фиона	PROPER_NAME
фиония	PROPER_NAME
фира	PROPER_NAME
фирагат	PROPER_NAME
фирад	PROPER_NAME
фираз	PROPER_NAME
фиразия	PROPER_NAME
фираида	PROPER_NAME
фирания	PROPER_NAME
фирас	PROPER_NAME
фират	PROPER_NAME
фираус	PROPER_NAME
фирая	PROPER_NAME
фиринат	PROPER_NAME
фирс	PROPER_NAME
фируза	PROPER_NAME
фирузе	PROPER_NAME
фирузя	PROPER_NAME
фируса	PROPER_NAME
фисенко	PROPER_NAME
фишер	PROPER_NAME
фишт	PROPER_NAME
флавиан	PROPER_NAME
флавий	PROPER_NAME
флавио	PROPER_NAME
флавия	PROPER_NAME
фламбе	PROPER_NAME
флегонт	PROPER_NAME
флекс	PROPER_NAME
флера	PROPER_NAME
флида	PROPER_NAME
флобер	PROPER_NAME
флор	PROPER_NAME
флорес	PROPER_NAME
флориан	PROPER_NAME
флорида	PROPER_NAME
флорий	PROPER_NAME
флорина	PROPER_NAME
флорис	PROPER_NAME
флориса	PROPER_NAME
флурия	PROPER_NAME
флюза	PROPER_NAME
флюзя	PROPER_NAME
флюн	PROPER_NAME
флюр	PROPER_NAME
флюра	PROPER_NAME
флюрида	PROPER_NAME
флюса	PROPER_NAME
флюся	PROPER_NAME
флёров	PROPER_NAME
фогу	PROPER_NAME
фока	PROPER_NAME
фокий	PROPER_NAME
фокин	PROPER_NAME
фокино	PROPER_NAME
фокович	PROPER_NAME
фокшани	PROPER_NAME
фолкнер	PROPER_NAME
фолькер	PROPER_NAME
фома	PROPER_NAME
фоменко	PROPER_NAME
фомин	PROPER_NAME
фомич	PROPER_NAME
фомичёв	PROPER_NAME
фонарев	PROPER_NAME
фонарин	PROPER_NAME
форстер	PROPER_NAME
фортов	PROPER_NAME
фосс	PROPER_NAME
фотий	PROPER_NAME
фотина	PROPER_NAME
фотинья	PROPER_NAME
фотошоп	PROPER_NAME
фрадкис	PROPER_NAME
фрадков	PROPER_NAME
фрам	PROPER_NAME
франгиз	PROPER_NAME
франис	PROPER_NAME
франко	PROPER_NAME
франс	PROPER_NAME
франсис	PROPER_NAME
франсуа	PROPER_NAME
франц	PROPER_NAME
францев	PROPER_NAME
франция	PROPER_NAME
франя	PROPER_NAME
фред	PROPER_NAME
фреда	PROPER_NAME
фредди	PROPER_NAME
фреди	PROPER_NAME
фредик	PROPER_NAME
фредрик	PROPER_NAME
фрейд	PROPER_NAME
фрейзер	PROPER_NAME
френель	PROPER_NAME
фрессер	PROPER_NAME
фрибур	PROPER_NAME
фрид	PROPER_NAME
фрида	PROPER_NAME
фридель	PROPER_NAME
фриден	PROPER_NAME
фридман	PROPER_NAME
фридмен	PROPER_NAME
фридрих	PROPER_NAME
фриль	PROPER_NAME
фрима	PROPER_NAME
фримма	PROPER_NAME
фрина	PROPER_NAME
фритаун	PROPER_NAME
фрол	PROPER_NAME
фролов	PROPER_NAME
фролово	PROPER_NAME
фросина	PROPER_NAME
фрося	PROPER_NAME
фрузя	PROPER_NAME
фрунзе	PROPER_NAME
фрэнк	PROPER_NAME
фрэнсис	PROPER_NAME
фрязино	PROPER_NAME
фсин	PROPER_NAME
фстр	PROPER_NAME
фуад	PROPER_NAME
фуар	PROPER_NAME
фуат	PROPER_NAME
фузеев	PROPER_NAME
фуко	PROPER_NAME
фула	PROPER_NAME
фурат	PROPER_NAME
фурцев	PROPER_NAME
фурье	PROPER_NAME
футуна	PROPER_NAME
фучжоу	PROPER_NAME
фушунь	PROPER_NAME
фявзия	PROPER_NAME
фяруза	PROPER_NAME
фёдор	PROPER_NAME
фёдоров	PROPER_NAME
фёкла	PROPER_NAME
фёст	PROPER_NAME
хаао	PROPER_NAME
хабиб	PROPER_NAME
хавар	PROPER_NAME
хавкин	PROPER_NAME
хавра	PROPER_NAME
хався	PROPER_NAME
хавьер	PROPER_NAME
хаген	PROPER_NAME
хадер	PROPER_NAME
хаджиев	PROPER_NAME
хадис	PROPER_NAME
хазал	PROPER_NAME
хазан	PROPER_NAME
хазани	PROPER_NAME
хазанов	PROPER_NAME
хазем	PROPER_NAME
хаим	PROPER_NAME
хаитбай	PROPER_NAME
хайдар	PROPER_NAME
хайнань	PROPER_NAME
хайрулл	PROPER_NAME
хайфа	PROPER_NAME
хайфон	PROPER_NAME
хайям	PROPER_NAME
хакасия	PROPER_NAME
хаким	PROPER_NAME
хакни	PROPER_NAME
хаксли	PROPER_NAME
халал	PROPER_NAME
халбай	PROPER_NAME
халеб	PROPER_NAME
халед	PROPER_NAME
халеза	PROPER_NAME
халид	PROPER_NAME
халида	PROPER_NAME
халик	PROPER_NAME
халиков	PROPER_NAME
халил	PROPER_NAME
халиль	PROPER_NAME
халим	PROPER_NAME
халима	PROPER_NAME
халимов	PROPER_NAME
халипат	PROPER_NAME
халиса	PROPER_NAME
халит	PROPER_NAME
халл	PROPER_NAME
хальмг	PROPER_NAME
хамадан	PROPER_NAME
хамаев	PROPER_NAME
хамас	PROPER_NAME
хамат	PROPER_NAME
хамдия	PROPER_NAME
хамед	PROPER_NAME
хамет	PROPER_NAME
хамза	PROPER_NAME
хамзай	PROPER_NAME
хамзат	PROPER_NAME
хамид	PROPER_NAME
хамиль	PROPER_NAME
хамит	PROPER_NAME
хамитов	PROPER_NAME
хамлет	PROPER_NAME
хаму	PROPER_NAME
хамуд	PROPER_NAME
хамула	PROPER_NAME
хамурза	PROPER_NAME
хамхын	PROPER_NAME
хана	PROPER_NAME
ханабад	PROPER_NAME
ханали	PROPER_NAME
ханан	PROPER_NAME
ханафи	PROPER_NAME
хангай	PROPER_NAME
ханда	PROPER_NAME
ханеке	PROPER_NAME
хани	PROPER_NAME
ханка	PROPER_NAME
ханлар	PROPER_NAME
ханой	PROPER_NAME
ханс	PROPER_NAME
харагун	PROPER_NAME
хараев	PROPER_NAME
хараре	PROPER_NAME
харбин	PROPER_NAME
харбор	PROPER_NAME
харис	PROPER_NAME
харитон	PROPER_NAME
харламп	PROPER_NAME
харлем	PROPER_NAME
хармс	PROPER_NAME
харовск	PROPER_NAME
харольд	PROPER_NAME
харпер	PROPER_NAME
харри	PROPER_NAME
харрис	PROPER_NAME
харрия	PROPER_NAME
харуки	PROPER_NAME
харчев	PROPER_NAME
харьков	PROPER_NAME
харьяга	PROPER_NAME
харьяна	PROPER_NAME
хасан	PROPER_NAME
хасана	PROPER_NAME
хасанб	PROPER_NAME
хасаня	PROPER_NAME
хасима	PROPER_NAME
хасина	PROPER_NAME
хасия	PROPER_NAME
хасково	PROPER_NAME
хассан	PROPER_NAME
хасселт	PROPER_NAME
хасэ	PROPER_NAME
хася	PROPER_NAME
хасян	PROPER_NAME
хатам	PROPER_NAME
хатанга	PROPER_NAME
хатем	PROPER_NAME
хатиб	PROPER_NAME
хатидже	PROPER_NAME
хатимат	PROPER_NAME
хатиче	PROPER_NAME
хатия	PROPER_NAME
хаттаб	PROPER_NAME
хату	PROPER_NAME
хатуна	PROPER_NAME
хатынь	PROPER_NAME
хауа	PROPER_NAME
хахалин	PROPER_NAME
хачик	PROPER_NAME
хачим	PROPER_NAME
хачмас	PROPER_NAME
хашим	PROPER_NAME
хашимов	PROPER_NAME
хашури	PROPER_NAME
хаяла	PROPER_NAME
хвар	PROPER_NAME
хвоенка	PROPER_NAME
хейдо	PROPER_NAME
хейс	PROPER_NAME
хейфец	PROPER_NAME
хелен	PROPER_NAME
хелена	PROPER_NAME
хелене	PROPER_NAME
хелин	PROPER_NAME
хелина	PROPER_NAME
хельга	PROPER_NAME
хельге	PROPER_NAME
хельдур	PROPER_NAME
хельмут	PROPER_NAME
хемский	PROPER_NAME
хемчик	PROPER_NAME
хендрик	PROPER_NAME
хенри	PROPER_NAME
хенрик	PROPER_NAME
хенрих	PROPER_NAME
хепбёрн	PROPER_NAME
херберт	PROPER_NAME
херли	PROPER_NAME
херман	PROPER_NAME
херсон	PROPER_NAME
херта	PROPER_NAME
хибины	PROPER_NAME
хибла	PROPER_NAME
хива	PROPER_NAME
хивония	PROPER_NAME
хиддинк	PROPER_NAME
хидэки	PROPER_NAME
хижа	PROPER_NAME
хийумаа	PROPER_NAME
хикмат	PROPER_NAME
хикмет	PROPER_NAME
хилари	PROPER_NAME
хиллари	PROPER_NAME
хилок	PROPER_NAME
хилтон	PROPER_NAME
хименес	PROPER_NAME
химиус	PROPER_NAME
химки	PROPER_NAME
химпром	PROPER_NAME
химснаб	PROPER_NAME
химьяна	PROPER_NAME
хинипэк	PROPER_NAME
хиос	PROPER_NAME
хитнер	PROPER_NAME
хитров	PROPER_NAME
хитроу	PROPER_NAME
хитрук	PROPER_NAME
хихон	PROPER_NAME
хичкок	PROPER_NAME
хлойя	PROPER_NAME
хлония	PROPER_NAME
хлопин	PROPER_NAME
хлора	PROPER_NAME
хлудов	PROPER_NAME
хлызов	PROPER_NAME
хлыстов	PROPER_NAME
хлыстун	PROPER_NAME
хмелита	PROPER_NAME
хоби	PROPER_NAME
ховрино	PROPER_NAME
ходалин	PROPER_NAME
ходарев	PROPER_NAME
ходейда	PROPER_NAME
ходоров	PROPER_NAME
ходсон	PROPER_NAME
ходынка	PROPER_NAME
ходырев	PROPER_NAME
хозе	PROPER_NAME
хозевич	PROPER_NAME
хойники	PROPER_NAME
хокинг	PROPER_NAME
холбон	PROPER_NAME
холдейн	PROPER_NAME
холидей	PROPER_NAME
холиса	PROPER_NAME
холихед	PROPER_NAME
холмов	PROPER_NAME
холмс	PROPER_NAME
холмск	PROPER_NAME
холодов	PROPER_NAME
хома	PROPER_NAME
хоманов	PROPER_NAME
хомович	PROPER_NAME
хомс	PROPER_NAME
хомчик	PROPER_NAME
хомяков	PROPER_NAME
хонгха	PROPER_NAME
хонсю	PROPER_NAME
хопёр	PROPER_NAME
хорезм	PROPER_NAME
хорен	PROPER_NAME
хорог	PROPER_NAME
хорол	PROPER_NAME
хорхе	PROPER_NAME
хосе	PROPER_NAME
хосевич	PROPER_NAME
хосни	PROPER_NAME
хоссейн	PROPER_NAME
хотин	PROPER_NAME
хоукинг	PROPER_NAME
хоффман	PROPER_NAME
хохлов	PROPER_NAME
хошев	PROPER_NAME
хошимин	PROPER_NAME
храми	PROPER_NAME
храмов	PROPER_NAME
храпко	PROPER_NAME
хрисанф	PROPER_NAME
христия	PROPER_NAME
христоф	PROPER_NAME
христя	PROPER_NAME
хрома	PROPER_NAME
хромтау	PROPER_NAME
хрущёв	PROPER_NAME
хуан	PROPER_NAME
хуанхэ	PROPER_NAME
хуберт	PROPER_NAME
хубиев	PROPER_NAME
худат	PROPER_NAME
худжанд	PROPER_NAME
худяев	PROPER_NAME
худяков	PROPER_NAME
хулио	PROPER_NAME
хумми	PROPER_NAME
хунгари	PROPER_NAME
хунин	PROPER_NAME
хусаин	PROPER_NAME
хусейн	PROPER_NAME
хусин	PROPER_NAME
хуссейн	PROPER_NAME
хуст	PROPER_NAME
хусто	PROPER_NAME
хусяин	PROPER_NAME
хутанов	PROPER_NAME
хуциев	PROPER_NAME
хыров	PROPER_NAME
хьович	PROPER_NAME
хьювич	PROPER_NAME
хьюго	PROPER_NAME
хьюз	PROPER_NAME
хьюн	PROPER_NAME
хьюстон	PROPER_NAME
хэджу	PROPER_NAME
хёрли	PROPER_NAME
цагаан	PROPER_NAME
цагери	PROPER_NAME
цаги	PROPER_NAME
цагик	PROPER_NAME
цаголов	PROPER_NAME
цадаса	PROPER_NAME
цаевич	PROPER_NAME
цайпин	PROPER_NAME
цайся	PROPER_NAME
цалка	PROPER_NAME
цапин	PROPER_NAME
царицын	PROPER_NAME
цатуров	PROPER_NAME
цацгай	PROPER_NAME
цвейг	PROPER_NAME
цвета	PROPER_NAME
цветаев	PROPER_NAME
цветана	PROPER_NAME
цветков	PROPER_NAME
цветмет	PROPER_NAME
цветта	PROPER_NAME
цвиккау	PROPER_NAME
цдса	PROPER_NAME
цезар	PROPER_NAME
цезари	PROPER_NAME
цезарий	PROPER_NAME
цезария	PROPER_NAME
цейлон	PROPER_NAME
цейтлин	PROPER_NAME
цейцлер	PROPER_NAME
целии	PROPER_NAME
целиков	PROPER_NAME
цесис	PROPER_NAME
цесла	PROPER_NAME
цеслава	PROPER_NAME
цеткин	PROPER_NAME
цецилия	PROPER_NAME
цзисянь	PROPER_NAME
цзэдун	PROPER_NAME
цзян	PROPER_NAME
цибла	PROPER_NAME
цивиль	PROPER_NAME
цивилёв	PROPER_NAME
цику	PROPER_NAME
цильма	PROPER_NAME
цильна	PROPER_NAME
циля	PROPER_NAME
циммер	PROPER_NAME
цингер	PROPER_NAME
циндао	PROPER_NAME
цинтия	PROPER_NAME
ципа	PROPER_NAME
ципко	PROPER_NAME
цист	PROPER_NAME
цицерон	PROPER_NAME
цицилия	PROPER_NAME
цицина	PROPER_NAME
цицино	PROPER_NAME
цнии	PROPER_NAME
цниибыт	PROPER_NAME
цниимаш	PROPER_NAME
цнори	PROPER_NAME
цолак	PROPER_NAME
црес	PROPER_NAME
цска	PROPER_NAME
цсхбанк	PROPER_NAME
цхакая	PROPER_NAME
цыганов	PROPER_NAME
цыля	PROPER_NAME
цымалин	PROPER_NAME
цыпин	PROPER_NAME
цыпляев	PROPER_NAME
цыра	PROPER_NAME
цыценко	PROPER_NAME
цюблин	PROPER_NAME
цюрих	PROPER_NAME
цюрупа	PROPER_NAME
чаадаев	PROPER_NAME
чаваш	PROPER_NAME
чавес	PROPER_NAME
чаган	PROPER_NAME
чагин	PROPER_NAME
чагра	PROPER_NAME
чадан	PROPER_NAME
чадобец	PROPER_NAME
чажма	PROPER_NAME
чакович	PROPER_NAME
чална	PROPER_NAME
чамов	PROPER_NAME
чандпур	PROPER_NAME
чанчунь	PROPER_NAME
чаны	PROPER_NAME
чаохч	PROPER_NAME
чапаев	PROPER_NAME
чапек	PROPER_NAME
чаплин	PROPER_NAME
чарикар	PROPER_NAME
чарли	PROPER_NAME
чарльз	PROPER_NAME
чарск	PROPER_NAME
чартак	PROPER_NAME
чарыш	PROPER_NAME
чарыша	PROPER_NAME
часкор	PROPER_NAME
чаткал	PROPER_NAME
чаун	PROPER_NAME
чаусы	PROPER_NAME
чацкий	PROPER_NAME
чачани	PROPER_NAME
чашкин	PROPER_NAME
чашники	PROPER_NAME
чащин	PROPER_NAME
чаэс	PROPER_NAME
чебула	PROPER_NAME
чебышёв	PROPER_NAME
чегем	PROPER_NAME
чекалин	PROPER_NAME
челек	PROPER_NAME
челекен	PROPER_NAME
челкар	PROPER_NAME
челны	PROPER_NAME
челси	PROPER_NAME
челышев	PROPER_NAME
ченцов	PROPER_NAME
чепанов	PROPER_NAME
чепасов	PROPER_NAME
чепецк	PROPER_NAME
чепик	PROPER_NAME
чепца	PROPER_NAME
чепыжин	PROPER_NAME
червень	PROPER_NAME
червоня	PROPER_NAME
чердынь	PROPER_NAME
черезов	PROPER_NAME
черепов	PROPER_NAME
чериков	PROPER_NAME
черкез	PROPER_NAME
чернов	PROPER_NAME
черных	PROPER_NAME
черняев	PROPER_NAME
черский	PROPER_NAME
чертков	PROPER_NAME
черусти	PROPER_NAME
черышев	PROPER_NAME
чеслав	PROPER_NAME
чеслава	PROPER_NAME
честнов	PROPER_NAME
четин	PROPER_NAME
чехия	PROPER_NAME
чехов	PROPER_NAME
чехоев	PROPER_NAME
чечень	PROPER_NAME
чечерск	PROPER_NAME
чечилия	PROPER_NAME
чечня	PROPER_NAME
чеша	PROPER_NAME
чешенко	PROPER_NAME
чиатура	PROPER_NAME
чибисов	PROPER_NAME
чигилия	PROPER_NAME
чигирин	PROPER_NAME
чигу	PROPER_NAME
чижа	PROPER_NAME
чижиков	PROPER_NAME
чижов	PROPER_NAME
чикаго	PROPER_NAME
чикин	PROPER_NAME
чикирев	PROPER_NAME
чикконе	PROPER_NAME
чикович	PROPER_NAME
чикой	PROPER_NAME
чили	PROPER_NAME
чилита	PROPER_NAME
чимбай	PROPER_NAME
чимкент	PROPER_NAME
чиназ	PROPER_NAME
чингиз	PROPER_NAME
чингис	PROPER_NAME
чинкиз	PROPER_NAME
чионг	PROPER_NAME
чириков	PROPER_NAME
чирикчи	PROPER_NAME
чиркин	PROPER_NAME
чирчик	PROPER_NAME
числав	PROPER_NAME
числава	PROPER_NAME
чистоп	PROPER_NAME
чита	PROPER_NAME
чиханов	PROPER_NAME
чичагов	PROPER_NAME
чичелов	PROPER_NAME
чичиков	PROPER_NAME
чичилия	PROPER_NAME
чичкаюл	PROPER_NAME
чишма	PROPER_NAME
чишмы	PROPER_NAME
чкалов	PROPER_NAME
чмыхов	PROPER_NAME
чона	PROPER_NAME
чондон	PROPER_NAME
чонкин	PROPER_NAME
чорох	PROPER_NAME
чортков	PROPER_NAME
чотчаев	PROPER_NAME
чсср	PROPER_NAME
чуанг	PROPER_NAME
чубайс	PROPER_NAME
чубков	PROPER_NAME
чувашия	PROPER_NAME
чувилов	PROPER_NAME
чугуев	PROPER_NAME
чугунов	PROPER_NAME
чугуш	PROPER_NAME
чудаков	PROPER_NAME
чудово	PROPER_NAME
чуйков	PROPER_NAME
чуйский	PROPER_NAME
чуканов	PROPER_NAME
чукашев	PROPER_NAME
чукотка	PROPER_NAME
чулпан	PROPER_NAME
чулым	PROPER_NAME
чумаков	PROPER_NAME
чумалов	PROPER_NAME
чумыш	PROPER_NAME
чуньков	PROPER_NAME
чуняк	PROPER_NAME
чуприн	PROPER_NAME
чупров	PROPER_NAME
чураков	PROPER_NAME
чурилин	PROPER_NAME
чурилов	PROPER_NAME
чуркин	PROPER_NAME
чурол	PROPER_NAME
чусовая	PROPER_NAME
чусовой	PROPER_NAME
чуст	PROPER_NAME
чухин	PROPER_NAME
чухлома	PROPER_NAME
чхеидзе	PROPER_NAME
чёрмоз	PROPER_NAME
шабад	PROPER_NAME
шабалин	PROPER_NAME
шабан	PROPER_NAME
шабанов	PROPER_NAME
шабунин	PROPER_NAME
шавкат	PROPER_NAME
шагал	PROPER_NAME
шаган	PROPER_NAME
шагин	PROPER_NAME
шагинян	PROPER_NAME
шагол	PROPER_NAME
шагонар	PROPER_NAME
шагров	PROPER_NAME
шаид	PROPER_NAME
шаин	PROPER_NAME
шайбек	PROPER_NAME
шайми	PROPER_NAME
шаймиев	PROPER_NAME
шакед	PROPER_NAME
шакир	PROPER_NAME
шаккум	PROPER_NAME
шакла	PROPER_NAME
шакяй	PROPER_NAME
шалаев	PROPER_NAME
шалала	PROPER_NAME
шаламов	PROPER_NAME
шалва	PROPER_NAME
шалкар	PROPER_NAME
шалютин	PROPER_NAME
шаляпин	PROPER_NAME
шамал	PROPER_NAME
шамала	PROPER_NAME
шаманов	PROPER_NAME
шамгун	PROPER_NAME
шамдин	PROPER_NAME
шамедин	PROPER_NAME
шамил	PROPER_NAME
шамиль	PROPER_NAME
шамов	PROPER_NAME
шамраев	PROPER_NAME
шамров	PROPER_NAME
шамси	PROPER_NAME
шамсия	PROPER_NAME
шамхор	PROPER_NAME
шамшия	PROPER_NAME
шамьяна	PROPER_NAME
шана	PROPER_NAME
шандр	PROPER_NAME
шанетта	PROPER_NAME
шания	PROPER_NAME
шанна	PROPER_NAME
шанталь	PROPER_NAME
шанхай	PROPER_NAME
шанцев	PROPER_NAME
шапалин	PROPER_NAME
шапиро	PROPER_NAME
шапкин	PROPER_NAME
шапсухо	PROPER_NAME
шаранта	PROPER_NAME
шарапов	PROPER_NAME
шараф	PROPER_NAME
шаргунь	PROPER_NAME
шарджа	PROPER_NAME
шари	PROPER_NAME
шарип	PROPER_NAME
шарипов	PROPER_NAME
шариф	PROPER_NAME
шарифул	PROPER_NAME
шарифян	PROPER_NAME
шарки	PROPER_NAME
шарлота	PROPER_NAME
шарль	PROPER_NAME
шаро	PROPER_NAME
шаров	PROPER_NAME
шарович	PROPER_NAME
шарон	PROPER_NAME
шаронов	PROPER_NAME
шартр	PROPER_NAME
шарье	PROPER_NAME
шарья	PROPER_NAME
шаталин	PROPER_NAME
шаталов	PROPER_NAME
шатой	PROPER_NAME
шатохин	PROPER_NAME
шатунов	PROPER_NAME
шатура	PROPER_NAME
шауль	PROPER_NAME
шауляй	PROPER_NAME
шаумян	PROPER_NAME
шафгат	PROPER_NAME
шафик	PROPER_NAME
шахан	PROPER_NAME
шахбала	PROPER_NAME
шахзад	PROPER_NAME
шахин	PROPER_NAME
шахла	PROPER_NAME
шахноза	PROPER_NAME
шахов	PROPER_NAME
шахри	PROPER_NAME
шахрияр	PROPER_NAME
шахты	PROPER_NAME
шахунья	PROPER_NAME
шацк	PROPER_NAME
шашкин	PROPER_NAME
шашурин	PROPER_NAME
швабе	PROPER_NAME
шварц	PROPER_NAME
швейцер	PROPER_NAME
шверин	PROPER_NAME
швеция	PROPER_NAME
швецов	PROPER_NAME
швиц	PROPER_NAME
шева	PROPER_NAME
шевелев	PROPER_NAME
шевкет	PROPER_NAME
шевчук	PROPER_NAME
шевяков	PROPER_NAME
шегарка	PROPER_NAME
шедува	PROPER_NAME
шеин	PROPER_NAME
шейдлин	PROPER_NAME
шейла	PROPER_NAME
шейнин	PROPER_NAME
шейнцис	PROPER_NAME
шейфер	PROPER_NAME
шекель	PROPER_NAME
шеки	PROPER_NAME
шекспир	PROPER_NAME
шелаев	PROPER_NAME
шелехов	PROPER_NAME
шелищ	PROPER_NAME
шелли	PROPER_NAME
шелов	PROPER_NAME
шельда	PROPER_NAME
шемаха	PROPER_NAME
шемякин	PROPER_NAME
шендля	PROPER_NAME
шеннон	PROPER_NAME
шентала	PROPER_NAME
шеньян	PROPER_NAME
шепси	PROPER_NAME
шерабад	PROPER_NAME
шербур	PROPER_NAME
шергин	PROPER_NAME
шерипов	PROPER_NAME
шерлок	PROPER_NAME
шерхан	PROPER_NAME
шершов	PROPER_NAME
шестов	PROPER_NAME
шеффилд	PROPER_NAME
шешупе	PROPER_NAME
шибаев	PROPER_NAME
шивелуч	PROPER_NAME
шигаб	PROPER_NAME
шигап	PROPER_NAME
шикалов	PROPER_NAME
шикин	PROPER_NAME
шикотан	PROPER_NAME
шилале	PROPER_NAME
шилин	PROPER_NAME
шилка	PROPER_NAME
шилкин	PROPER_NAME
шиллер	PROPER_NAME
шилов	PROPER_NAME
шиловка	PROPER_NAME
шилово	PROPER_NAME
шилуте	PROPER_NAME
шимкент	PROPER_NAME
шимла	PROPER_NAME
шимон	PROPER_NAME
шимский	PROPER_NAME
шинкай	PROPER_NAME
шипов	PROPER_NAME
шираз	PROPER_NAME
ширак	PROPER_NAME
шире	PROPER_NAME
ширейко	PROPER_NAME
ширин	PROPER_NAME
ширица	PROPER_NAME
ширнин	PROPER_NAME
широков	PROPER_NAME
ширшов	PROPER_NAME
ширяев	PROPER_NAME
шифрин	PROPER_NAME
шихбала	PROPER_NAME
шихин	PROPER_NAME
шихов	PROPER_NAME
шичанин	PROPER_NAME
шишаков	PROPER_NAME
шишкин	PROPER_NAME
шишко	PROPER_NAME
шишлин	PROPER_NAME
шишлов	PROPER_NAME
шкадюк	PROPER_NAME
шкирко	PROPER_NAME
шклов	PROPER_NAME
шкуро	PROPER_NAME
шкурук	PROPER_NAME
шлегель	PROPER_NAME
шломо	PROPER_NAME
шляйн	PROPER_NAME
шлямин	PROPER_NAME
шляпин	PROPER_NAME
шляхтин	PROPER_NAME
шмаков	PROPER_NAME
шматов	PROPER_NAME
шмелёв	PROPER_NAME
шмидт	PROPER_NAME
шнайдер	PROPER_NAME
шнайдт	PROPER_NAME
шнейдер	PROPER_NAME
шнитке	PROPER_NAME
шодович	PROPER_NAME
шоира	PROPER_NAME
шойгу	PROPER_NAME
шойхет	PROPER_NAME
шолом	PROPER_NAME
шолохов	PROPER_NAME
шона	PROPER_NAME
шонгуй	PROPER_NAME
шопен	PROPER_NAME
шопоков	PROPER_NAME
шопхоев	PROPER_NAME
шорена	PROPER_NAME
шорин	PROPER_NAME
шостка	PROPER_NAME
шота	PROPER_NAME
шотович	PROPER_NAME
шохзод	PROPER_NAME
шохин	PROPER_NAME
шоша	PROPER_NAME
шпагин	PROPER_NAME
шпилько	PROPER_NAME
шпола	PROPER_NAME
штальбе	PROPER_NAME
штерн	PROPER_NAME
штеттер	PROPER_NAME
штирия	PROPER_NAME
штирлец	PROPER_NAME
штирлиц	PROPER_NAME
штогрин	PROPER_NAME
штокман	PROPER_NAME
штраус	PROPER_NAME
штрум	PROPER_NAME
штуббе	PROPER_NAME
шуазёль	PROPER_NAME
шуберт	PROPER_NAME
шубин	PROPER_NAME
шувалов	PROPER_NAME
шугуров	PROPER_NAME
шуйков	PROPER_NAME
шуйский	PROPER_NAME
шуклин	PROPER_NAME
шукур	PROPER_NAME
шукшин	PROPER_NAME
шулепа	PROPER_NAME
шульгин	PROPER_NAME
шульман	PROPER_NAME
шульц	PROPER_NAME
шумаев	PROPER_NAME
шумаков	PROPER_NAME
шуман	PROPER_NAME
шуманай	PROPER_NAME
шумахер	PROPER_NAME
шумейко	PROPER_NAME
шумен	PROPER_NAME
шумерля	PROPER_NAME
шумилин	PROPER_NAME
шумилов	PROPER_NAME
шура	PROPER_NAME
шураб	PROPER_NAME
шурик	PROPER_NAME
шурка	PROPER_NAME
шурма	PROPER_NAME
шурочка	PROPER_NAME
шурчи	PROPER_NAME
шурчков	PROPER_NAME
шутеев	PROPER_NAME
шухаев	PROPER_NAME
шухов	PROPER_NAME
шухрат	PROPER_NAME
шуша	PROPER_NAME
шушана	PROPER_NAME
шушаник	PROPER_NAME
шушанна	PROPER_NAME
шушарин	PROPER_NAME
шхара	PROPER_NAME
шяуляй	PROPER_NAME
щагов	PROPER_NAME
щагонар	PROPER_NAME
щадов	PROPER_NAME
щапков	PROPER_NAME
щапов	PROPER_NAME
щара	PROPER_NAME
щедрин	PROPER_NAME
щекино	PROPER_NAME
щелчиха	PROPER_NAME
щерба	PROPER_NAME
щербак	PROPER_NAME
щетинин	PROPER_NAME
щецин	PROPER_NAME
щигры	PROPER_NAME
щорс	PROPER_NAME
щостка	PROPER_NAME
щугор	PROPER_NAME
щукин	PROPER_NAME
щукино	PROPER_NAME
щусев	PROPER_NAME
щучье	PROPER_NAME
щучья	PROPER_NAME
щёлково	PROPER_NAME
щёлоков	PROPER_NAME
ыгыатта	PROPER_NAME
эбеко	PROPER_NAME
эбзеев	PROPER_NAME
эбола	PROPER_NAME
эбро	PROPER_NAME
эвалд	PROPER_NAME
эвалдас	PROPER_NAME
эвалдик	PROPER_NAME
эвалина	PROPER_NAME
эвальд	PROPER_NAME
эвальт	PROPER_NAME
эван	PROPER_NAME
эварест	PROPER_NAME
эвбея	PROPER_NAME
эвгений	PROPER_NAME
эвгения	PROPER_NAME
эвелина	PROPER_NAME
эвенкия	PROPER_NAME
эвенск	PROPER_NAME
эверест	PROPER_NAME
эвета	PROPER_NAME
эветта	PROPER_NAME
эвилина	PROPER_NAME
эвита	PROPER_NAME
эвия	PROPER_NAME
эвольд	PROPER_NAME
эвольт	PROPER_NAME
эвора	PROPER_NAME
эвхан	PROPER_NAME
эгедий	PROPER_NAME
эгер	PROPER_NAME
эгидиюс	PROPER_NAME
эгон	PROPER_NAME
эдвард	PROPER_NAME
эдварда	PROPER_NAME
эдвин	PROPER_NAME
эдвина	PROPER_NAME
эдвинас	PROPER_NAME
эдвинс	PROPER_NAME
эдгар	PROPER_NAME
эдгард	PROPER_NAME
эдгарс	PROPER_NAME
эдгарт	PROPER_NAME
эдда	PROPER_NAME
эдди	PROPER_NAME
эден	PROPER_NAME
эдик	PROPER_NAME
эдинов	PROPER_NAME
эдип	PROPER_NAME
эдисон	PROPER_NAME
эдит	PROPER_NAME
эдита	PROPER_NAME
эдитта	PROPER_NAME
эдият	PROPER_NAME
эдмонд	PROPER_NAME
эдмунд	PROPER_NAME
эдмундо	PROPER_NAME
эдмундс	PROPER_NAME
эдриан	PROPER_NAME
эдуард	PROPER_NAME
эдуарда	PROPER_NAME
эдуардо	PROPER_NAME
эждер	PROPER_NAME
эжен	PROPER_NAME
эжени	PROPER_NAME
эзоп	PROPER_NAME
эйдя	PROPER_NAME
эйжен	PROPER_NAME
эйлат	PROPER_NAME
эйлер	PROPER_NAME
эйно	PROPER_NAME
эйнович	PROPER_NAME
эйрин	PROPER_NAME
эйхман	PROPER_NAME
эквадор	PROPER_NAME
эккарт	PROPER_NAME
эксим	PROPER_NAME
элан	PROPER_NAME
эланд	PROPER_NAME
элбай	PROPER_NAME
элва	PROPER_NAME
элвард	PROPER_NAME
элвин	PROPER_NAME
элвира	PROPER_NAME
элвис	PROPER_NAME
элвиса	PROPER_NAME
элгин	PROPER_NAME
элдари	PROPER_NAME
элевина	PROPER_NAME
элегест	PROPER_NAME
эледина	PROPER_NAME
электра	PROPER_NAME
элемир	PROPER_NAME
элен	PROPER_NAME
элена	PROPER_NAME
элене	PROPER_NAME
элени	PROPER_NAME
эленна	PROPER_NAME
эленора	PROPER_NAME
эленэ	PROPER_NAME
элеонор	PROPER_NAME
элетор	PROPER_NAME
элетора	PROPER_NAME
элиа	PROPER_NAME
элиада	PROPER_NAME
элиазар	PROPER_NAME
элиан	PROPER_NAME
элиана	PROPER_NAME
элиас	PROPER_NAME
элиаху	PROPER_NAME
элиаш	PROPER_NAME
элибек	PROPER_NAME
элидия	PROPER_NAME
элиевич	PROPER_NAME
элиезер	PROPER_NAME
элиз	PROPER_NAME
элиза	PROPER_NAME
элима	PROPER_NAME
элимир	PROPER_NAME
элина	PROPER_NAME
элинар	PROPER_NAME
элинна	PROPER_NAME
элинор	PROPER_NAME
элира	PROPER_NAME
элис	PROPER_NAME
элиса	PROPER_NAME
элисо	PROPER_NAME
элисон	PROPER_NAME
элиста	PROPER_NAME
элла	PROPER_NAME
эллада	PROPER_NAME
эллаз	PROPER_NAME
эллаида	PROPER_NAME
эллан	PROPER_NAME
эллана	PROPER_NAME
эллар	PROPER_NAME
элле	PROPER_NAME
эллен	PROPER_NAME
эллер	PROPER_NAME
элли	PROPER_NAME
эллиада	PROPER_NAME
эллиана	PROPER_NAME
эллида	PROPER_NAME
эллий	PROPER_NAME
эллина	PROPER_NAME
эллис	PROPER_NAME
эллиса	PROPER_NAME
эллисон	PROPER_NAME
эллита	PROPER_NAME
эллия	PROPER_NAME
эллодия	PROPER_NAME
эллоида	PROPER_NAME
эллона	PROPER_NAME
элля	PROPER_NAME
элнара	PROPER_NAME
элнур	PROPER_NAME
элоиза	PROPER_NAME
элона	PROPER_NAME
элсмир	PROPER_NAME
элстин	PROPER_NAME
элтон	PROPER_NAME
элуиза	PROPER_NAME
элчин	PROPER_NAME
элшан	PROPER_NAME
эльба	PROPER_NAME
эльбай	PROPER_NAME
эльбрус	PROPER_NAME
эльва	PROPER_NAME
эльвера	PROPER_NAME
эльвида	PROPER_NAME
эльвина	PROPER_NAME
эльвира	PROPER_NAME
эльвия	PROPER_NAME
эльга	PROPER_NAME
эльгар	PROPER_NAME
эльда	PROPER_NAME
эльдар	PROPER_NAME
эльдари	PROPER_NAME
эльдат	PROPER_NAME
эльдау	PROPER_NAME
эльдер	PROPER_NAME
эльджан	PROPER_NAME
эльдин	PROPER_NAME
эльдина	PROPER_NAME
эльдия	PROPER_NAME
эльдияр	PROPER_NAME
эльдор	PROPER_NAME
эльза	PROPER_NAME
эльзам	PROPER_NAME
эльзана	PROPER_NAME
эльзар	PROPER_NAME
эльзара	PROPER_NAME
эльзида	PROPER_NAME
эльма	PROPER_NAME
эльмаз	PROPER_NAME
эльман	PROPER_NAME
эльмар	PROPER_NAME
эльмара	PROPER_NAME
эльмарт	PROPER_NAME
эльмас	PROPER_NAME
эльмина	PROPER_NAME
эльмир	PROPER_NAME
эльмира	PROPER_NAME
эльна	PROPER_NAME
эльнара	PROPER_NAME
эльнаре	PROPER_NAME
эльнира	PROPER_NAME
эльнора	PROPER_NAME
эльнур	PROPER_NAME
эльнура	PROPER_NAME
эльпида	PROPER_NAME
эльтон	PROPER_NAME
эльфер	PROPER_NAME
эльфина	PROPER_NAME
эльфира	PROPER_NAME
эльфис	PROPER_NAME
эльфия	PROPER_NAME
эльфрид	PROPER_NAME
эльхан	PROPER_NAME
эльхап	PROPER_NAME
эльчин	PROPER_NAME
эльшан	PROPER_NAME
эльяна	PROPER_NAME
эльяс	PROPER_NAME
элязыг	PROPER_NAME
эмалия	PROPER_NAME
эмануил	PROPER_NAME
эмба	PROPER_NAME
эмерих	PROPER_NAME
эмил	PROPER_NAME
эмила	PROPER_NAME
эмиле	PROPER_NAME
эмили	PROPER_NAME
эмилиа	PROPER_NAME
эмилиан	PROPER_NAME
эмилий	PROPER_NAME
эмилио	PROPER_NAME
эмилита	PROPER_NAME
эмилия	PROPER_NAME
эмиль	PROPER_NAME
эмин	PROPER_NAME
эмина	PROPER_NAME
эмирбек	PROPER_NAME
эмма	PROPER_NAME
эммалия	PROPER_NAME
эммилия	PROPER_NAME
эмомали	PROPER_NAME
эмонора	PROPER_NAME
эмре	PROPER_NAME
эмревич	PROPER_NAME
эмфира	PROPER_NAME
эмфрида	PROPER_NAME
энвер	PROPER_NAME
энгелия	PROPER_NAME
энгельс	PROPER_NAME
энгем	PROPER_NAME
эндаков	PROPER_NAME
эндже	PROPER_NAME
энди	PROPER_NAME
эндре	PROPER_NAME
эндрю	PROPER_NAME
эндюков	PROPER_NAME
энелина	PROPER_NAME
энзели	PROPER_NAME
энимс	PROPER_NAME
энна	PROPER_NAME
эннан	PROPER_NAME
эннель	PROPER_NAME
эннеса	PROPER_NAME
эннесса	PROPER_NAME
эннета	PROPER_NAME
энни	PROPER_NAME
энрике	PROPER_NAME
энрико	PROPER_NAME
энсхеде	PROPER_NAME
энтони	PROPER_NAME
энэлия	PROPER_NAME
эпштейн	PROPER_NAME
эразм	PROPER_NAME
эран	PROPER_NAME
эраст	PROPER_NAME
эрвин	PROPER_NAME
эрвина	PROPER_NAME
эргарт	PROPER_NAME
эрдек	PROPER_NAME
эрджияс	PROPER_NAME
эрдоган	PROPER_NAME
эресунн	PROPER_NAME
эржибет	PROPER_NAME
эржика	PROPER_NAME
эрзерум	PROPER_NAME
эрзурум	PROPER_NAME
эриевич	PROPER_NAME
эрий	PROPER_NAME
эрик	PROPER_NAME
эрикас	PROPER_NAME
эрики	PROPER_NAME
эрикназ	PROPER_NAME
эрико	PROPER_NAME
эрикос	PROPER_NAME
эрикс	PROPER_NAME
эриксон	PROPER_NAME
эрисман	PROPER_NAME
эритрея	PROPER_NAME
эрих	PROPER_NAME
эркаим	PROPER_NAME
эркан	PROPER_NAME
эрки	PROPER_NAME
эркибай	PROPER_NAME
эркин	PROPER_NAME
эркина	PROPER_NAME
эркия	PROPER_NAME
эрлан	PROPER_NAME
эрланд	PROPER_NAME
эрланда	PROPER_NAME
эрлен	PROPER_NAME
эрленд	PROPER_NAME
эрна	PROPER_NAME
эрнан	PROPER_NAME
эрнест	PROPER_NAME
эрнеста	PROPER_NAME
эрнесто	PROPER_NAME
эрнестр	PROPER_NAME
эрнст	PROPER_NAME
эртиль	PROPER_NAME
эрфурт	PROPER_NAME
эсбьерг	PROPER_NAME
эсмира	PROPER_NAME
эстелла	PROPER_NAME
эстер	PROPER_NAME
эстера	PROPER_NAME
эстония	PROPER_NAME
эсфира	PROPER_NAME
эсфирь	PROPER_NAME
этел	PROPER_NAME
этела	PROPER_NAME
этелина	PROPER_NAME
этелла	PROPER_NAME
этель	PROPER_NAME
этера	PROPER_NAME
этери	PROPER_NAME
этерия	PROPER_NAME
этилия	PROPER_NAME
этильда	PROPER_NAME
этина	PROPER_NAME
этлина	PROPER_NAME
этля	PROPER_NAME
этна	PROPER_NAME
этуш	PROPER_NAME
этьен	PROPER_NAME
эфалия	PROPER_NAME
эфиопия	PROPER_NAME
эфраим	PROPER_NAME
эффалия	PROPER_NAME
эхаб	PROPER_NAME
эхат	PROPER_NAME
эхуд	PROPER_NAME
эшли	PROPER_NAME
ювентус	PROPER_NAME
югания	PROPER_NAME
юганск	PROPER_NAME
югин	PROPER_NAME
югина	PROPER_NAME
югов	PROPER_NAME
югорск	PROPER_NAME
югра	PROPER_NAME
юденич	PROPER_NAME
юджин	PROPER_NAME
юдин	PROPER_NAME
юдит	PROPER_NAME
юдита	PROPER_NAME
юдифь	PROPER_NAME
юдушкин	PROPER_NAME
южаков	PROPER_NAME
южский	PROPER_NAME
юзеф	PROPER_NAME
юзефа	PROPER_NAME
юзефий	PROPER_NAME
юзефина	PROPER_NAME
юзефия	PROPER_NAME
юкин	PROPER_NAME
юков	PROPER_NAME
юкон	PROPER_NAME
юкос	PROPER_NAME
юлана	PROPER_NAME
юланна	PROPER_NAME
юланта	PROPER_NAME
юлдаш	PROPER_NAME
юлдуз	PROPER_NAME
юлдуза	PROPER_NAME
юлдус	PROPER_NAME
юленька	PROPER_NAME
юлиа	PROPER_NAME
юлиан	PROPER_NAME
юлиана	PROPER_NAME
юлиания	PROPER_NAME
юлианна	PROPER_NAME
юлидия	PROPER_NAME
юлиевич	PROPER_NAME
юлиза	PROPER_NAME
юлий	PROPER_NAME
юлик	PROPER_NAME
юлика	PROPER_NAME
юлина	PROPER_NAME
юлинна	PROPER_NAME
юлиса	PROPER_NAME
юлита	PROPER_NAME
юлитта	PROPER_NAME
юлия	PROPER_NAME
юлиян	PROPER_NAME
юлияна	PROPER_NAME
юлька	PROPER_NAME
юльяна	PROPER_NAME
юльянна	PROPER_NAME
юляна	PROPER_NAME
юматов	PROPER_NAME
юмашев	PROPER_NAME
юминов	PROPER_NAME
юната	PROPER_NAME
юнель	PROPER_NAME
юнеско	PROPER_NAME
юнесса	PROPER_NAME
юнета	PROPER_NAME
юниана	PROPER_NAME
юниона	PROPER_NAME
юнис	PROPER_NAME
юния	PROPER_NAME
юнна	PROPER_NAME
юнона	PROPER_NAME
юнонна	PROPER_NAME
юнус	PROPER_NAME
юрата	PROPER_NAME
юрга	PROPER_NAME
юрген	PROPER_NAME
юргис	PROPER_NAME
юргита	PROPER_NAME
юрианна	PROPER_NAME
юрие	PROPER_NAME
юриевич	PROPER_NAME
юрий	PROPER_NAME
юрийна	PROPER_NAME
юрик	PROPER_NAME
юрин	PROPER_NAME
юрина	PROPER_NAME
юрис	PROPER_NAME
юрислав	PROPER_NAME
юрислам	PROPER_NAME
юриц	PROPER_NAME
юрич	PROPER_NAME
юриюс	PROPER_NAME
юрка	PROPER_NAME
юрков	PROPER_NAME
юрлово	PROPER_NAME
юрма	PROPER_NAME
юрмала	PROPER_NAME
юрний	PROPER_NAME
юров	PROPER_NAME
юровой	PROPER_NAME
юрто	PROPER_NAME
юрцев	PROPER_NAME
юрченко	PROPER_NAME
юрчик	PROPER_NAME
юрьев	PROPER_NAME
юрьевец	PROPER_NAME
юрьевка	PROPER_NAME
юрюзань	PROPER_NAME
юсеф	PROPER_NAME
юсиф	PROPER_NAME
юстина	PROPER_NAME
юстиния	PROPER_NAME
юстинья	PROPER_NAME
юсуб	PROPER_NAME
юсуп	PROPER_NAME
юсупали	PROPER_NAME
юсупов	PROPER_NAME
юсуф	PROPER_NAME
юсуфов	PROPER_NAME
ютан	PROPER_NAME
юхары	PROPER_NAME
юхнов	PROPER_NAME
юшенков	PROPER_NAME
ющенко	PROPER_NAME
яанна	PROPER_NAME
яблоков	PROPER_NAME
ябука	PROPER_NAME
явдокия	PROPER_NAME
явдоха	PROPER_NAME
яворов	PROPER_NAME
ягович	PROPER_NAME
ягодин	PROPER_NAME
ягодкин	PROPER_NAME
яготин	PROPER_NAME
ягудин	PROPER_NAME
ядвига	PROPER_NAME
ядвина	PROPER_NAME
ядгар	PROPER_NAME
ядрин	PROPER_NAME
язгулем	PROPER_NAME
язгуль	PROPER_NAME
язев	PROPER_NAME
язмурад	PROPER_NAME
язмурат	PROPER_NAME
язов	PROPER_NAME
язьва	PROPER_NAME
яина	PROPER_NAME
яиров	PROPER_NAME
яирович	PROPER_NAME
яйпан	PROPER_NAME
яким	PROPER_NAME
якимов	PROPER_NAME
яккабаг	PROPER_NAME
якоб	PROPER_NAME
якобсон	PROPER_NAME
яков	PROPER_NAME
яковкин	PROPER_NAME
яковлев	PROPER_NAME
яконов	PROPER_NAME
якуб	PROPER_NAME
якунин	PROPER_NAME
якунов	PROPER_NAME
якутгаз	PROPER_NAME
якутия	PROPER_NAME
якутлес	PROPER_NAME
якутск	PROPER_NAME
якуш	PROPER_NAME
якуша	PROPER_NAME
якушев	PROPER_NAME
якушкин	PROPER_NAME
яламов	PROPER_NAME
ялгин	PROPER_NAME
ялмаз	PROPER_NAME
яломица	PROPER_NAME
ялпуг	PROPER_NAME
ялта	PROPER_NAME
ямагути	PROPER_NAME
ямайка	PROPER_NAME
ямал	PROPER_NAME
ямантау	PROPER_NAME
ямбол	PROPER_NAME
ямозеро	PROPER_NAME
ямполь	PROPER_NAME
ямская	PROPER_NAME
янаев	PROPER_NAME
янакий	PROPER_NAME
яната	PROPER_NAME
янаул	PROPER_NAME
янбо	PROPER_NAME
январёв	PROPER_NAME
янгиер	PROPER_NAME
янгиюль	PROPER_NAME
яндекс	PROPER_NAME
янета	PROPER_NAME
янетта	PROPER_NAME
яниана	PROPER_NAME
яник	PROPER_NAME
яника	PROPER_NAME
янина	PROPER_NAME
янинна	PROPER_NAME
янис	PROPER_NAME
яниса	PROPER_NAME
янислав	PROPER_NAME
янита	PROPER_NAME
яния	PROPER_NAME
янка	PROPER_NAME
янкель	PROPER_NAME
янна	PROPER_NAME
янник	PROPER_NAME
яннина	PROPER_NAME
яннис	PROPER_NAME
янович	PROPER_NAME
янош	PROPER_NAME
янсонс	PROPER_NAME
янсылу	PROPER_NAME
янтра	PROPER_NAME
януара	PROPER_NAME
януарий	PROPER_NAME
януария	PROPER_NAME
янус	PROPER_NAME
януш	PROPER_NAME
янцзы	PROPER_NAME
яньань	PROPER_NAME
япония	PROPER_NAME
ярагин	PROPER_NAME
яранск	PROPER_NAME
яраслав	PROPER_NAME
яренга	PROPER_NAME
яречма	PROPER_NAME
ярик	PROPER_NAME
ярилен	PROPER_NAME
ярина	PROPER_NAME
ярково	PROPER_NAME
яров	PROPER_NAME
яровой	PROPER_NAME
яромир	PROPER_NAME
ярон	PROPER_NAME
ярополк	PROPER_NAME
яросдав	PROPER_NAME
ярослав	PROPER_NAME
ярулла	PROPER_NAME
ярунин	PROPER_NAME
ярцев	PROPER_NAME
ярцево	PROPER_NAME
ярыгин	PROPER_NAME
ярынич	PROPER_NAME
ярёма	PROPER_NAME
ясачная	PROPER_NAME
ясевич	PROPER_NAME
ясельда	PROPER_NAME
ясенево	PROPER_NAME
ясер	PROPER_NAME
ясера	PROPER_NAME
ясик	PROPER_NAME
ясин	PROPER_NAME
ясир	PROPER_NAME
яслина	PROPER_NAME
ясмина	PROPER_NAME
яснев	PROPER_NAME
ясников	PROPER_NAME
ясон	PROPER_NAME
ясса	PROPER_NAME
яссер	PROPER_NAME
ятим	PROPER_NAME
ятманов	PROPER_NAME
яудат	PROPER_NAME
яуза	PROPER_NAME
яфит	PROPER_NAME
яффа	PROPER_NAME
яхебек	PROPER_NAME
яхрома	PROPER_NAME
яцек	PROPER_NAME
яцкевич	PROPER_NAME
ячеслав	PROPER_NAME
ячменёв	PROPER_NAME
яшар	PROPER_NAME
яшин	PROPER_NAME
яшкин	PROPER_NAME
ященко	PROPER_NAME
ящук	PROPER_NAME
яэль	PROPER_NAME
ёбург	PROPER_NAME
ёлкин	PROPER_NAME
ёнозеро	PROPER_NAME
ёрса	PROPER_NAME
а	UNSUPPORTED_LENGTH
аа	UNSUPPORTED_LENGTH
ааа	UNSUPPORTED_LENGTH
аамирович	UNSUPPORTED_LENGTH
аахенский	UNSUPPORTED_LENGTH
аба	UNSUPPORTED_LENGTH
абабакар	UNSUPPORTED_LENGTH
абабакарович	UNSUPPORTED_LENGTH
абабакир	UNSUPPORTED_LENGTH
абабакирович	UNSUPPORTED_LENGTH
абабковский	UNSUPPORTED_LENGTH
абагайтуйский	UNSUPPORTED_LENGTH
абагурский	UNSUPPORTED_LENGTH
абадзехский	UNSUPPORTED_LENGTH
абадович	UNSUPPORTED_LENGTH
абажурный	UNSUPPORTED_LENGTH
абажурчик	UNSUPPORTED_LENGTH
абазерович	UNSUPPORTED_LENGTH
абазинец	UNSUPPORTED_LENGTH
абазинка	UNSUPPORTED_LENGTH
абазински	UNSUPPORTED_LENGTH
абазинский	UNSUPPORTED_LENGTH
абайский	UNSUPPORTED_LENGTH
абакадзе	UNSUPPORTED_LENGTH
абаканвагонмаш	UNSUPPORTED_LENGTH
