word	length	zipf	reason
that	4	7.01	NOT_A_WORDNET_NOUN
with	4	6.85	NOT_A_WORDNET_NOUN
this	4	6.82	NOT_A_WORDNET_NOUN
have	4	6.71	NOT_NOUN_DOMINANT
from	4	6.63	NOT_A_WORDNET_NOUN
your	4	6.53	NOT_A_WORDNET_NOUN
they	4	6.50	NOT_A_WORDNET_NOUN
just	4	6.43	NOT_A_WORDNET_NOUN
like	4	6.41	NOT_NOUN_DOMINANT
about	5	6.40	NOT_A_WORDNET_NOUN
what	4	6.38	NOT_A_WORDNET_NOUN
when	4	6.37	NOT_A_WORDNET_NOUN
more	4	6.36	PROPER_ONLY
were	4	6.34	NOT_A_WORDNET_NOUN
their	5	6.33	NOT_A_WORDNET_NOUN
there	5	6.31	NOT_NOUN_DOMINANT
which	5	6.30	NOT_A_WORDNET_NOUN
been	4	6.27	NOT_A_WORDNET_NOUN
would	5	6.27	NOT_A_WORDNET_NOUN
some	4	6.20	NOT_A_WORDNET_NOUN
also	4	6.19	NOT_A_WORDNET_NOUN
them	4	6.19	NOT_A_WORDNET_NOUN
other	5	6.16	NOT_A_WORDNET_NOUN
than	4	6.13	NOT_A_WORDNET_NOUN
good	4	6.12	NOT_NOUN_DOMINANT
only	4	6.12	NOT_A_WORDNET_NOUN
after	5	6.11	NOT_A_WORDNET_NOUN
first	5	6.11	NOT_NOUN_DOMINANT
into	4	6.11	NOT_A_WORDNET_NOUN
know	4	6.10	NOT_NOUN_DOMINANT
make	4	6.08	NOT_NOUN_DOMINANT
over	4	6.08	NOT_NOUN_DOMINANT
think	5	6.08	NOT_NOUN_DOMINANT
then	4	6.07	NOT_NOUN_DOMINANT
could	5	6.06	NOT_A_WORDNET_NOUN
back	4	6.04	NOT_NOUN_DOMINANT
these	5	6.04	NOT_A_WORDNET_NOUN
want	4	6.04	NOT_NOUN_DOMINANT
because	7	6.03	NOT_A_WORDNET_NOUN
well	4	6.03	NOT_NOUN_DOMINANT
said	4	6.01	NOT_A_WORDNET_NOUN
most	4	6.00	NOT_A_WORDNET_NOUN
much	4	6.00	NOT_NOUN_DOMINANT
very	4	6.00	NOT_A_WORDNET_NOUN
where	5	6.00	NOT_A_WORDNET_NOUN
even	4	5.99	NOT_NOUN_DOMINANT
should	6	5.99	NOT_A_WORDNET_NOUN
here	4	5.97	NOT_NOUN_DOMINANT
really	6	5.97	NOT_A_WORDNET_NOUN
right	5	5.96	NOT_NOUN_DOMINANT
work	4	5.96	NOT_NOUN_DOMINANT
years	5	5.96	PLURAL_FORM
being	5	5.95	MANUAL_BLOCK
going	5	5.94	MANUAL_BLOCK
before	6	5.93	NOT_A_WORDNET_NOUN
made	4	5.92	NOT_A_WORDNET_NOUN
still	5	5.92	NOT_NOUN_DOMINANT
take	4	5.92	NOT_NOUN_DOMINANT
many	4	5.91	NOT_A_WORDNET_NOUN
never	5	5.91	NOT_A_WORDNET_NOUN
those	5	5.90	NOT_A_WORDNET_NOUN
down	4	5.88	NOT_NOUN_DOMINANT
great	5	5.88	NOT_NOUN_DOMINANT
through	7	5.87	NOT_A_WORDNET_NOUN
last	4	5.86	NOT_NOUN_DOMINANT
while	5	5.86	MANUAL_BLOCK
best	4	5.84	NOT_NOUN_DOMINANT
such	4	5.84	NOT_A_WORDNET_NOUN
long	4	5.81	NOT_A_WORDNET_NOUN
look	4	5.81	NOT_NOUN_DOMINANT
same	4	5.80	PROPER_ONLY
used	4	5.80	NOT_A_WORDNET_NOUN
both	4	5.79	NOT_A_WORDNET_NOUN
every	5	5.79	NOT_A_WORDNET_NOUN
come	4	5.78	NOT_NOUN_DOMINANT
three	5	5.78	MANUAL_BLOCK
around	6	5.77	NOT_A_WORDNET_NOUN
between	7	5.77	NOT_A_WORDNET_NOUN
always	6	5.76	NOT_A_WORDNET_NOUN
better	6	5.76	NOT_NOUN_DOMINANT
find	4	5.76	NOT_NOUN_DOMINANT
help	4	5.75	NOT_NOUN_DOMINANT
high	4	5.75	NOT_NOUN_DOMINANT
little	6	5.75	NOT_NOUN_DOMINANT
since	5	5.75	NOT_A_WORDNET_NOUN
another	7	5.74	NOT_A_WORDNET_NOUN
does	4	5.74	NOT_A_WORDNET_NOUN
things	6	5.74	PLURAL_FORM
under	5	5.73	NOT_A_WORDNET_NOUN
during	6	5.72	NOT_A_WORDNET_NOUN
give	4	5.71	NOT_NOUN_DOMINANT
again	5	5.70	NOT_A_WORDNET_NOUN
next	4	5.70	NOT_A_WORDNET_NOUN
each	4	5.69	NOT_A_WORDNET_NOUN
without	7	5.69	NOT_A_WORDNET_NOUN
against	7	5.68	NOT_A_WORDNET_NOUN
found	5	5.68	NOT_NOUN_DOMINANT
must	4	5.68	MANUAL_BLOCK
show	4	5.68	NOT_NOUN_DOMINANT
feel	4	5.67	NOT_NOUN_DOMINANT
sure	4	5.67	NOT_A_WORDNET_NOUN
ever	4	5.66	NOT_A_WORDNET_NOUN
keep	4	5.66	NOT_NOUN_DOMINANT
might	5	5.66	MANUAL_BLOCK
please	6	5.66	NOT_A_WORDNET_NOUN
free	4	5.63	NOT_NOUN_DOMINANT
someone	7	5.63	MANUAL_BLOCK
away	4	5.62	NOT_A_WORDNET_NOUN
days	4	5.61	PLURAL_FORM
name	4	5.61	NOT_NOUN_DOMINANT
play	4	5.61	NOT_NOUN_DOMINANT
until	5	5.61	NOT_A_WORDNET_NOUN
doing	5	5.60	NOT_A_WORDNET_NOUN
real	4	5.60	NOT_NOUN_DOMINANT
called	6	5.59	NOT_A_WORDNET_NOUN
having	6	5.59	NOT_A_WORDNET_NOUN
done	4	5.58	NOT_A_WORDNET_NOUN
however	7	5.58	NOT_A_WORDNET_NOUN
getting	7	5.57	VERB_FORM
looking	7	5.57	MANUAL_BLOCK
women	5	5.57	NOT_A_WORDNET_NOUN
start	5	5.56	NOT_NOUN_DOMINANT
times	5	5.56	PLURAL_FORM
already	7	5.55	NOT_A_WORDNET_NOUN
nothing	7	5.55	MANUAL_BLOCK
today	5	5.55	MANUAL_BLOCK
enough	6	5.54	NOT_NOUN_DOMINANT
full	4	5.54	NOT_NOUN_DOMINANT
live	4	5.54	NOT_A_WORDNET_NOUN
read	4	5.54	NOT_NOUN_DOMINANT
told	4	5.54	NOT_A_WORDNET_NOUN
four	4	5.53	MANUAL_BLOCK
hard	4	5.53	NOT_A_WORDNET_NOUN
mean	4	5.53	NOT_NOUN_DOMINANT
once	4	5.53	NOT_A_WORDNET_NOUN
tell	4	5.53	PROPER_ONLY
seen	4	5.52	NOT_A_WORDNET_NOUN
states	6	5.52	NOT_A_WORDNET_NOUN
based	5	5.51	NOT_A_WORDNET_NOUN
believe	7	5.51	NOT_A_WORDNET_NOUN
call	4	5.51	NOT_NOUN_DOMINANT
small	5	5.51	NOT_NOUN_DOMINANT
took	4	5.51	NOT_A_WORDNET_NOUN
white	5	5.51	NOT_NOUN_DOMINANT
came	4	5.50	NOT_A_WORDNET_NOUN
though	6	5.50	NOT_A_WORDNET_NOUN
went	4	5.50	NOT_A_WORDNET_NOUN
later	5	5.49	NOT_A_WORDNET_NOUN
less	4	5.49	NOT_A_WORDNET_NOUN
party	5	5.49	TOPIC:politics
says	4	5.49	NOT_A_WORDNET_NOUN
open	4	5.48	NOT_NOUN_DOMINANT
shit	4	5.48	MANUAL_BLOCK
thank	5	5.48	NOT_A_WORDNET_NOUN
general	7	5.47	NOT_NOUN_DOMINANT
trying	6	5.47	NOT_A_WORDNET_NOUN
united	6	5.47	NOT_A_WORDNET_NOUN
using	5	5.47	VERB_FORM
black	5	5.46	NOT_NOUN_DOMINANT
makes	5	5.46	NOT_A_WORDNET_NOUN
whole	5	5.46	NOT_NOUN_DOMINANT
five	4	5.45	MANUAL_BLOCK
kind	4	5.45	NOT_NOUN_DOMINANT
maybe	5	5.45	NOT_A_WORDNET_NOUN
working	7	5.45	NOT_NOUN_DOMINANT
games	5	5.44	NOT_A_WORDNET_NOUN
least	5	5.44	NOT_NOUN_DOMINANT
means	5	5.44	PLURAL_FORM
within	6	5.44	NOT_A_WORDNET_NOUN
able	4	5.43	NOT_A_WORDNET_NOUN
early	5	5.43	NOT_A_WORDNET_NOUN
friends	7	5.43	NOT_A_WORDNET_NOUN
local	5	5.43	NOT_NOUN_DOMINANT
post	4	5.43	NOT_NOUN_DOMINANT
thanks	6	5.43	MANUAL_BLOCK
young	5	5.43	NOT_NOUN_DOMINANT
others	6	5.42	NOT_A_WORDNET_NOUN
social	6	5.42	NOT_NOUN_DOMINANT
talk	4	5.42	NOT_NOUN_DOMINANT
court	5	5.41	TOPIC:crime
given	5	5.41	NOT_NOUN_DOMINANT
guys	4	5.41	NOT_A_WORDNET_NOUN
half	4	5.41	NOT_NOUN_DOMINANT
level	5	5.41	NOT_NOUN_DOMINANT
often	5	5.41	NOT_A_WORDNET_NOUN
single	6	5.41	NOT_NOUN_DOMINANT
become	6	5.40	NOT_A_WORDNET_NOUN
coming	6	5.40	MANUAL_BLOCK
death	5	5.40	TOPIC:death
hours	5	5.40	PLURAL_FORM
true	4	5.40	NOT_NOUN_DOMINANT
almost	6	5.39	NOT_A_WORDNET_NOUN
fuck	4	5.39	TOPIC:sexual
fuck	4	5.39	MANUAL_BLOCK
known	5	5.39	NOT_A_WORDNET_NOUN
large	5	5.39	NOT_NOUN_DOMINANT
lost	4	5.39	NOT_NOUN_DOMINANT
several	7	5.39	NOT_A_WORDNET_NOUN
started	7	5.39	NOT_A_WORDNET_NOUN
taking	6	5.39	VERB_FORM
wrong	5	5.39	NOT_NOUN_DOMINANT
along	5	5.38	NOT_A_WORDNET_NOUN
anyone	6	5.38	NOT_A_WORDNET_NOUN
else	4	5.38	NOT_A_WORDNET_NOUN
john	4	5.38	NAME_OR_PLACE
pretty	6	5.38	NOT_A_WORDNET_NOUN
needs	5	5.37	NOT_A_WORDNET_NOUN
nice	4	5.37	PROPER_ONLY
saying	6	5.37	VERB_FORM
yeah	4	5.37	NOT_A_WORDNET_NOUN
close	5	5.36	NOT_NOUN_DOMINANT
comes	5	5.36	NOT_A_WORDNET_NOUN
looks	5	5.36	NOT_A_WORDNET_NOUN
wanted	6	5.36	NOT_A_WORDNET_NOUN
happy	5	5.35	NOT_A_WORDNET_NOUN
human	5	5.35	NOT_NOUN_DOMINANT
members	7	5.35	NOT_A_WORDNET_NOUN
months	6	5.35	NOT_A_WORDNET_NOUN
move	4	5.35	NOT_NOUN_DOMINANT
wait	4	5.35	NOT_NOUN_DOMINANT
late	4	5.34	NOT_A_WORDNET_NOUN
leave	5	5.34	NOT_NOUN_DOMINANT
special	7	5.34	NOT_NOUN_DOMINANT
watch	5	5.34	NOT_NOUN_DOMINANT
either	6	5.33	NOT_A_WORDNET_NOUN
fucking	7	5.33	NOT_NOUN_DOMINANT
future	6	5.33	NOT_NOUN_DOMINANT
light	5	5.33	NOT_NOUN_DOMINANT
million	7	5.33	MANUAL_BLOCK
short	5	5.33	NOT_NOUN_DOMINANT
stay	4	5.33	NOT_NOUN_DOMINANT
taken	5	5.33	NOT_A_WORDNET_NOUN
deal	4	5.32	NOT_NOUN_DOMINANT
rather	6	5.32	NOT_A_WORDNET_NOUN
soon	4	5.32	NOT_A_WORDNET_NOUN
third	5	5.32	MANUAL_BLOCK
turn	4	5.32	NOT_NOUN_DOMINANT
whether	7	5.32	NOT_A_WORDNET_NOUN
among	5	5.31	NOT_A_WORDNET_NOUN
check	5	5.31	NOT_NOUN_DOMINANT
further	7	5.31	NOT_A_WORDNET_NOUN
minutes	7	5.31	PLURAL_FORM
myself	6	5.31	NOT_A_WORDNET_NOUN
asked	5	5.30	NOT_A_WORDNET_NOUN
fire	4	5.30	NOT_NOUN_DOMINANT
living	6	5.30	NOT_NOUN_DOMINANT
major	5	5.30	NOT_NOUN_DOMINANT
media	5	5.30	NOT_A_WORDNET_NOUN
players	7	5.30	NOT_A_WORDNET_NOUN
behind	6	5.29	NOT_NOUN_DOMINANT
easy	4	5.29	NOT_A_WORDNET_NOUN
near	4	5.29	NOT_A_WORDNET_NOUN
quite	5	5.29	NOT_A_WORDNET_NOUN
talking	7	5.29	VERB_FORM
works	5	5.29	PLURAL_FORM
final	5	5.28	NOT_NOUN_DOMINANT
former	6	5.28	NOT_NOUN_DOMINANT
kids	4	5.28	NOT_A_WORDNET_NOUN
list	4	5.28	NOT_NOUN_DOMINANT
ready	5	5.28	NOT_NOUN_DOMINANT
bring	5	5.27	NOT_A_WORDNET_NOUN
heard	5	5.27	NOT_A_WORDNET_NOUN
meet	4	5.27	NOT_NOUN_DOMINANT
march	5	5.26	NOT_NOUN_DOMINANT
process	7	5.26	NOT_NOUN_DOMINANT
across	6	5.25	NOT_A_WORDNET_NOUN
clear	5	5.25	NOT_NOUN_DOMINANT
gave	4	5.25	NOT_A_WORDNET_NOUN
gets	4	5.25	NOT_A_WORDNET_NOUN
himself	7	5.25	NOT_A_WORDNET_NOUN
outside	7	5.25	NOT_NOUN_DOMINANT
words	5	5.25	PLURAL_FORM
held	4	5.24	NOT_A_WORDNET_NOUN
instead	7	5.24	NOT_A_WORDNET_NOUN
main	4	5.24	NOT_NOUN_DOMINANT
seems	5	5.24	NOT_A_WORDNET_NOUN
wants	5	5.24	NOT_A_WORDNET_NOUN
fight	5	5.23	TOPIC:violence
fine	4	5.23	NOT_NOUN_DOMINANT
hear	4	5.23	NOT_A_WORDNET_NOUN
played	6	5.23	NOT_A_WORDNET_NOUN
points	6	5.23	NOT_A_WORDNET_NOUN
rest	4	5.23	NOT_NOUN_DOMINANT
results	7	5.23	NOT_A_WORDNET_NOUN
running	7	5.23	NOT_NOUN_DOMINANT
shows	5	5.23	NOT_A_WORDNET_NOUN
goes	4	5.22	NOT_A_WORDNET_NOUN
killed	6	5.22	NOT_A_WORDNET_NOUN
miss	4	5.22	NOT_NOUN_DOMINANT
project	7	5.22	NOT_NOUN_DOMINANT
shot	4	5.22	TOPIC:weapons
strong	6	5.22	NOT_A_WORDNET_NOUN
eyes	4	5.21	PLURAL_FORM
include	7	5.21	NOT_A_WORDNET_NOUN
parents	7	5.21	NOT_A_WORDNET_NOUN
similar	7	5.21	NOT_A_WORDNET_NOUN
total	5	5.21	NOT_NOUN_DOMINANT
above	5	5.20	NOT_NOUN_DOMINANT
common	6	5.20	NOT_NOUN_DOMINANT
died	4	5.20	NOT_A_WORDNET_NOUN
knew	4	5.20	NOT_A_WORDNET_NOUN
likely	6	5.20	NOT_A_WORDNET_NOUN
perfect	7	5.20	NOT_NOUN_DOMINANT
dead	4	5.19	NOT_NOUN_DOMINANT
english	7	5.19	PROPER_ONLY
happen	6	5.19	NOT_A_WORDNET_NOUN
hold	4	5.19	NOT_NOUN_DOMINANT
inside	6	5.19	NOT_NOUN_DOMINANT
issues	6	5.19	NOT_A_WORDNET_NOUN
private	7	5.19	NOT_NOUN_DOMINANT
return	6	5.19	NOT_NOUN_DOMINANT
rights	6	5.19	NOT_A_WORDNET_NOUN
test	4	5.19	NOT_NOUN_DOMINANT
weeks	5	5.19	NOT_A_WORDNET_NOUN
break	5	5.18	NOT_NOUN_DOMINANT
higher	6	5.18	NOT_A_WORDNET_NOUN
middle	6	5.18	NOT_NOUN_DOMINANT
needed	6	5.18	NOT_A_WORDNET_NOUN
present	7	5.18	NOT_NOUN_DOMINANT
sorry	5	5.18	NOT_A_WORDNET_NOUN
takes	5	5.18	NOT_A_WORDNET_NOUN
wish	4	5.18	NOT_NOUN_DOMINANT
answer	6	5.17	NOT_NOUN_DOMINANT
finally	7	5.17	NOT_A_WORDNET_NOUN
girls	5	5.17	NOT_A_WORDNET_NOUN
gone	4	5.17	NOT_A_WORDNET_NOUN
guess	5	5.17	NOT_NOUN_DOMINANT
learn	5	5.17	NOT_A_WORDNET_NOUN
added	5	5.16	NOT_A_WORDNET_NOUN
alone	5	5.16	NOT_A_WORDNET_NOUN
average	7	5.16	NOT_NOUN_DOMINANT
brought	7	5.16	NOT_A_WORDNET_NOUN
certain	7	5.16	NOT_A_WORDNET_NOUN
church	6	5.16	TOPIC:religion
hands	5	5.16	PLURAL_FORM
longer	6	5.16	MANUAL_BLOCK
medical	7	5.16	NOT_NOUN_DOMINANT
press	5	5.16	NOT_NOUN_DOMINANT
sent	4	5.16	MANUAL_BLOCK
tried	5	5.16	NOT_A_WORDNET_NOUN
worked	6	5.16	NOT_A_WORDNET_NOUN
worth	5	5.16	NAME_OR_PLACE
areas	5	5.15	NOT_A_WORDNET_NOUN
became	6	5.15	NOT_A_WORDNET_NOUN
books	5	5.15	NOT_A_WORDNET_NOUN
cool	4	5.15	NOT_NOUN_DOMINANT
exactly	7	5.15	NOT_A_WORDNET_NOUN
giving	6	5.15	MANUAL_BLOCK
provide	7	5.15	NOT_A_WORDNET_NOUN
sound	5	5.15	NOT_NOUN_DOMINANT
usually	7	5.15	NOT_A_WORDNET_NOUN
follow	6	5.14	NOT_A_WORDNET_NOUN
lives	5	5.14	NOT_A_WORDNET_NOUN
round	5	5.14	TOPIC:weapons
save	4	5.14	NOT_NOUN_DOMINANT
blue	4	5.13	NOT_NOUN_DOMINANT
drive	5	5.13	NOT_NOUN_DOMINANT
fall	4	5.13	NOT_NOUN_DOMINANT
fast	4	5.13	NOT_NOUN_DOMINANT
federal	7	5.13	PROPER_ONLY
felt	4	5.13	NOT_NOUN_DOMINANT
green	5	5.13	NOT_NOUN_DOMINANT
central	7	5.12	NOT_NOUN_DOMINANT
changes	7	5.12	NOT_A_WORDNET_NOUN
forward	7	5.12	NOT_NOUN_DOMINANT
groups	6	5.12	NOT_A_WORDNET_NOUN
paid	4	5.12	NOT_A_WORDNET_NOUN
upon	4	5.12	NOT_A_WORDNET_NOUN
various	7	5.12	NOT_A_WORDNET_NOUN
cannot	6	5.11	NOT_A_WORDNET_NOUN
hate	4	5.11	NOT_NOUN_DOMINANT
looked	6	5.11	NOT_A_WORDNET_NOUN
lower	5	5.11	NOT_NOUN_DOMINANT
natural	7	5.11	NOT_NOUN_DOMINANT
send	4	5.11	NOT_A_WORDNET_NOUN
vote	4	5.11	TOPIC:politics
amazing	7	5.10	NOT_A_WORDNET_NOUN
august	6	5.10	PROPER_ONLY
china	5	5.10	NAME_OR_PLACE
hell	4	5.10	TOPIC:religion
itself	6	5.10	NOT_A_WORDNET_NOUN
lord	4	5.10	NAME_OR_PLACE
related	7	5.10	NOT_A_WORDNET_NOUN
serious	7	5.10	NOT_A_WORDNET_NOUN
terms	5	5.10	PLURAL_FORM
attack	6	5.09	TOPIC:violence
born	4	5.09	PROPER_ONLY
damn	4	5.09	NOT_NOUN_DOMINANT
decided	7	5.09	NOT_A_WORDNET_NOUN
enjoy	5	5.09	NOT_A_WORDNET_NOUN
entire	6	5.09	NOT_NOUN_DOMINANT
french	6	5.09	PROPER_ONLY
kill	4	5.09	NOT_NOUN_DOMINANT
perhaps	7	5.09	NOT_A_WORDNET_NOUN
poor	4	5.09	NOT_NOUN_DOMINANT
turned	6	5.09	NOT_A_WORDNET_NOUN
written	7	5.09	NOT_A_WORDNET_NOUN
cover	5	5.08	NOT_NOUN_DOMINANT
events	6	5.08	NOT_A_WORDNET_NOUN
foreign	7	5.08	NOT_A_WORDNET_NOUN
legal	5	5.08	NOT_A_WORDNET_NOUN
lose	4	5.08	NOT_A_WORDNET_NOUN
pick	4	5.08	NOT_NOUN_DOMINANT
seem	4	5.08	NOT_A_WORDNET_NOUN
seven	5	5.08	MANUAL_BLOCK
simple	6	5.08	NOT_NOUN_DOMINANT
simply	6	5.08	NOT_A_WORDNET_NOUN
super	5	5.08	NOT_NOUN_DOMINANT
walk	4	5.08	NOT_NOUN_DOMINANT
began	5	5.07	NOT_A_WORDNET_NOUN
built	5	5.07	NOT_A_WORDNET_NOUN
changed	7	5.07	NOT_A_WORDNET_NOUN
crazy	5	5.07	NOT_NOUN_DOMINANT
daily	5	5.07	NOT_NOUN_DOMINANT
knows	5	5.07	NOT_A_WORDNET_NOUN
modern	6	5.07	NOT_NOUN_DOMINANT
ones	4	5.07	NOT_A_WORDNET_NOUN
parts	5	5.07	PLURAL_FORM
popular	7	5.07	NOT_A_WORDNET_NOUN
safe	4	5.07	NOT_NOUN_DOMINANT
systems	7	5.07	NOT_A_WORDNET_NOUN
whose	5	5.07	NOT_A_WORDNET_NOUN
army	4	5.06	NAME_OR_PLACE
forget	6	5.06	NOT_A_WORDNET_NOUN
huge	4	5.06	NOT_A_WORDNET_NOUN
listen	6	5.06	NOT_A_WORDNET_NOUN
okay	4	5.06	NOT_NOUN_DOMINANT
rules	5	5.06	NOT_A_WORDNET_NOUN
towards	7	5.06	NOT_A_WORDNET_NOUN
waiting	7	5.06	VERB_FORM
ways	4	5.06	PLURAL_FORM
below	5	5.05	NOT_A_WORDNET_NOUN
created	7	5.05	NOT_A_WORDNET_NOUN
deep	4	5.05	NOT_NOUN_DOMINANT
mark	4	5.05	NOT_NOUN_DOMINANT
missing	7	5.05	NOT_A_WORDNET_NOUN
offer	5	5.05	NOT_NOUN_DOMINANT
pass	4	5.05	NOT_NOUN_DOMINANT
schools	7	5.05	NOT_A_WORDNET_NOUN
build	5	5.04	NOT_NOUN_DOMINANT
cases	5	5.04	NOT_A_WORDNET_NOUN
dark	4	5.04	NOT_NOUN_DOMINANT
recent	6	5.04	PROPER_ONLY
seeing	6	5.04	MANUAL_BLOCK
visit	5	5.04	NOT_NOUN_DOMINANT
wrote	5	5.04	NOT_A_WORDNET_NOUN
allowed	7	5.03	NOT_A_WORDNET_NOUN
boys	4	5.03	NOT_A_WORDNET_NOUN
fans	4	5.03	NOT_A_WORDNET_NOUN
gives	5	5.03	NOT_A_WORDNET_NOUN
married	7	5.03	NOT_NOUN_DOMINANT
pain	4	5.03	TOPIC:disease
places	6	5.03	NOT_A_WORDNET_NOUN
shall	5	5.03	NOT_A_WORDNET_NOUN
speak	5	5.03	NOT_A_WORDNET_NOUN
tonight	7	5.03	MANUAL_BLOCK
write	5	5.03	NOT_A_WORDNET_NOUN
charge	6	5.02	NOT_NOUN_DOMINANT
cold	4	5.02	NOT_NOUN_DOMINANT
create	6	5.02	NOT_A_WORDNET_NOUN
eight	5	5.02	NAME_OR_PLACE
eight	5	5.02	MANUAL_BLOCK
except	6	5.02	NOT_A_WORDNET_NOUN
funny	5	5.02	NOT_NOUN_DOMINANT
limited	7	5.02	NOT_NOUN_DOMINANT
moving	6	5.02	NOT_A_WORDNET_NOUN
sales	5	5.02	PLURAL_FORM
spent	5	5.02	NOT_A_WORDNET_NOUN
ahead	5	5.01	NOT_A_WORDNET_NOUN
allow	5	5.01	NOT_A_WORDNET_NOUN
beat	4	5.01	NOT_NOUN_DOMINANT
brown	5	5.01	NOT_NOUN_DOMINANT
double	6	5.01	NOT_NOUN_DOMINANT
expect	6	5.01	NOT_A_WORDNET_NOUN
moved	5	5.01	NOT_A_WORDNET_NOUN
normal	6	5.01	NOT_NOUN_DOMINANT
plans	5	5.01	NOT_A_WORDNET_NOUN
western	7	5.01	NOT_NOUN_DOMINANT
cross	5	5.00	NOT_NOUN_DOMINANT
despite	7	5.00	MANUAL_BLOCK
female	6	5.00	NOT_NOUN_DOMINANT
join	4	5.00	NOT_NOUN_DOMINANT
kept	4	5.00	NOT_A_WORDNET_NOUN
leading	7	5.00	NOT_NOUN_DOMINANT
loved	5	5.00	NOT_A_WORDNET_NOUN
message	7	5.00	NOT_NOUN_DOMINANT
miles	5	5.00	NOT_A_WORDNET_NOUN
nearly	6	5.00	NOT_A_WORDNET_NOUN
quickly	7	5.00	NOT_A_WORDNET_NOUN
travel	6	5.00	NOT_NOUN_DOMINANT
drop	4	4.99	NOT_NOUN_DOMINANT
fair	4	4.99	NOT_NOUN_DOMINANT
feet	4	4.99	NOT_A_WORDNET_NOUN
welcome	7	4.99	NOT_NOUN_DOMINANT
beyond	6	4.98	NOT_A_WORDNET_NOUN
earlier	7	4.98	NOT_A_WORDNET_NOUN
extra	5	4.98	NOT_NOUN_DOMINANT
forces	6	4.98	NOT_A_WORDNET_NOUN
jobs	4	4.98	NOT_A_WORDNET_NOUN
leaving	7	4.98	VERB_FORM
numbers	7	4.98	PLURAL_FORM
quick	5	4.98	NOT_NOUN_DOMINANT
sell	4	4.98	NOT_NOUN_DOMINANT
studies	7	4.98	NOT_A_WORDNET_NOUN
unless	6	4.98	NOT_A_WORDNET_NOUN
winning	7	4.98	NOT_NOUN_DOMINANT
agree	5	4.97	NOT_A_WORDNET_NOUN
clean	5	4.97	NOT_NOUN_DOMINANT
levels	6	4.97	NOT_A_WORDNET_NOUN
posted	6	4.97	NOT_A_WORDNET_NOUN
sold	4	4.97	NOT_A_WORDNET_NOUN
sounds	6	4.97	NOT_A_WORDNET_NOUN
spend	5	4.97	NOT_A_WORDNET_NOUN
teams	5	4.97	NOT_A_WORDNET_NOUN
asking	6	4.96	VERB_FORM
calling	7	4.96	VERB_FORM
costs	5	4.96	PLURAL_FORM
happens	7	4.96	NOT_A_WORDNET_NOUN
heavy	5	4.96	NOT_NOUN_DOMINANT
train	5	4.96	NOT_NOUN_DOMINANT
wide	4	4.96	NOT_A_WORDNET_NOUN
centre	6	4.95	BRITISH_SPELLING
fear	4	4.95	NOT_NOUN_DOMINANT
german	6	4.95	PROPER_ONLY
global	6	4.95	NOT_A_WORDNET_NOUN
goals	5	4.95	NOT_A_WORDNET_NOUN
judge	5	4.95	NOT_NOUN_DOMINANT
lady	4	4.95	NAME_OR_PLACE
lines	5	4.95	NOT_A_WORDNET_NOUN
named	5	4.95	NOT_A_WORDNET_NOUN
nobody	6	4.95	MANUAL_BLOCK
regular	7	4.95	NOT_NOUN_DOMINANT
sister	6	4.95	NAME_OR_PLACE
stories	7	4.95	NOT_A_WORDNET_NOUN
workers	7	4.95	NOT_A_WORDNET_NOUN
anymore	7	4.94	NOT_A_WORDNET_NOUN
battle	6	4.94	TOPIC:violence
growing	7	4.94	MANUAL_BLOCK
hurt	4	4.94	NOT_NOUN_DOMINANT
meant	5	4.94	NOT_A_WORDNET_NOUN
reach	5	4.94	NOT_NOUN_DOMINANT
sports	6	4.94	NOT_A_WORDNET_NOUN
stupid	6	4.94	NOT_NOUN_DOMINANT
active	6	4.93	NOT_NOUN_DOMINANT
biggest	7	4.93	NOT_A_WORDNET_NOUN
cancer	6	4.93	NAME_OR_PLACE
civil	5	4.93	NOT_A_WORDNET_NOUN
defense	7	4.93	TOPIC:violence
none	4	4.93	MANUAL_BLOCK
reasons	7	4.93	NOT_A_WORDNET_NOUN
ship	4	4.93	NOT_NOUN_DOMINANT
trump	5	4.93	NOT_NOUN_DOMINANT
worst	5	4.93	MANUAL_BLOCK
awesome	7	4.92	NOT_A_WORDNET_NOUN
cash	4	4.92	NAME_OR_PLACE
clearly	7	4.92	NOT_A_WORDNET_NOUN
ended	5	4.92	NOT_A_WORDNET_NOUN
imagine	7	4.92	NOT_A_WORDNET_NOUN
lack	4	4.92	NOT_NOUN_DOMINANT
latest	6	4.92	NOT_NOUN_DOMINANT
older	5	4.92	NOT_A_WORDNET_NOUN
passed	6	4.92	NOT_A_WORDNET_NOUN
protect	7	4.92	NOT_A_WORDNET_NOUN
secret	6	4.92	NOT_NOUN_DOMINANT
senior	6	4.92	NOT_NOUN_DOMINANT
telling	7	4.92	MANUAL_BLOCK
wear	4	4.92	NOT_NOUN_DOMINANT
address	7	4.91	NOT_NOUN_DOMINANT
anyway	6	4.91	NOT_A_WORDNET_NOUN
bought	6	4.91	NOT_A_WORDNET_NOUN
calls	5	4.91	NOT_A_WORDNET_NOUN
choose	6	4.91	NOT_A_WORDNET_NOUN
details	7	4.91	PLURAL_FORM
direct	6	4.91	NOT_A_WORDNET_NOUN
easily	6	4.91	NOT_A_WORDNET_NOUN
grand	5	4.91	NOT_NOUN_DOMINANT
names	5	4.91	PLURAL_FORM
rich	4	4.91	NOT_NOUN_DOMINANT
sweet	5	4.91	NOT_NOUN_DOMINANT
thus	4	4.91	NOT_NOUN_DOMINANT
touch	5	4.91	NOT_NOUN_DOMINANT
caught	6	4.90	NOT_A_WORDNET_NOUN
closed	6	4.90	NOT_A_WORDNET_NOUN
disease	7	4.90	TOPIC:disease
feels	5	4.90	NOT_A_WORDNET_NOUN
fish	4	4.90	NAME_OR_PLACE
glad	4	4.90	NOT_NOUN_DOMINANT
greater	7	4.90	NOT_A_WORDNET_NOUN
grow	4	4.90	NOT_A_WORDNET_NOUN
largest	7	4.90	NOT_A_WORDNET_NOUN
overall	7	4.90	MANUAL_BLOCK
records	7	4.90	NOT_A_WORDNET_NOUN
reports	7	4.90	NOT_A_WORDNET_NOUN
shown	5	4.90	NOT_A_WORDNET_NOUN
basic	5	4.89	NOT_NOUN_DOMINANT
carry	5	4.89	NOT_NOUN_DOMINANT
cars	4	4.89	NOT_A_WORDNET_NOUN
crime	5	4.89	TOPIC:crime
effects	7	4.89	PLURAL_FORM
explain	7	4.89	NOT_A_WORDNET_NOUN
fully	5	4.89	NOT_A_WORDNET_NOUN
highly	6	4.89	NOT_A_WORDNET_NOUN
japan	5	4.89	NAME_OR_PLACE
laws	4	4.89	PROPER_ONLY
male	4	4.89	NOT_NOUN_DOMINANT
parties	7	4.89	NOT_A_WORDNET_NOUN
plant	5	4.89	NOT_NOUN_DOMINANT
smith	5	4.89	NAME_OR_PLACE
texas	5	4.89	PROPER_ONLY
worse	5	4.89	NOT_NOUN_DOMINANT
block	5	4.88	NOT_NOUN_DOMINANT
broken	6	4.88	NOT_A_WORDNET_NOUN
caused	6	4.88	NOT_A_WORDNET_NOUN
helped	6	4.88	NOT_A_WORDNET_NOUN
holy	4	4.88	TOPIC:religion
killing	7	4.88	TOPIC:death
killing	7	4.88	MANUAL_BLOCK
lived	5	4.88	NOT_A_WORDNET_NOUN
lots	4	4.88	PLURAL_FORM
peter	5	4.88	PROPER_ONLY
prices	6	4.88	NOT_A_WORDNET_NOUN
primary	7	4.88	TOPIC:politics
rates	5	4.88	PLURAL_FORM
shop	4	4.88	NOT_NOUN_DOMINANT
sick	4	4.88	NOT_NOUN_DOMINANT
uses	4	4.88	NOT_A_WORDNET_NOUN
avoid	5	4.87	NOT_A_WORDNET_NOUN
catch	5	4.87	NOT_NOUN_DOMINANT
drug	4	4.87	NOT_NOUN_DOMINANT
nine	4	4.87	MANUAL_BLOCK
trial	5	4.87	TOPIC:crime
truly	5	4.87	NOT_A_WORDNET_NOUN
weather	7	4.87	NOT_NOUN_DOMINANT
claims	6	4.86	NOT_A_WORDNET_NOUN
highest	7	4.86	NOT_A_WORDNET_NOUN
located	7	4.86	NOT_A_WORDNET_NOUN
murder	6	4.86	NOT_NOUN_DOMINANT
offered	7	4.86	NOT_A_WORDNET_NOUN
putting	7	4.86	VERB_FORM
seconds	7	4.86	NOT_A_WORDNET_NOUN
showed	6	4.86	NOT_A_WORDNET_NOUN
stars	5	4.86	NOT_A_WORDNET_NOUN
walking	7	4.86	VERB_FORM
accept	6	4.85	NOT_A_WORDNET_NOUN
actual	6	4.85	NOT_A_WORDNET_NOUN
appear	6	4.85	NOT_A_WORDNET_NOUN
broke	5	4.85	NOT_A_WORDNET_NOUN
eating	6	4.85	VERB_FORM
fell	4	4.85	NOT_NOUN_DOMINANT
learned	7	4.85	NOT_A_WORDNET_NOUN
losing	6	4.85	NOT_A_WORDNET_NOUN
mobile	6	4.85	NOT_NOUN_DOMINANT
opened	6	4.85	NOT_A_WORDNET_NOUN
placed	6	4.85	NOT_A_WORDNET_NOUN
reached	7	4.85	NOT_A_WORDNET_NOUN
receive	7	4.85	NOT_A_WORDNET_NOUN
ride	4	4.85	NOT_NOUN_DOMINANT
royal	5	4.85	NOT_NOUN_DOMINANT
serve	5	4.85	NOT_NOUN_DOMINANT
signed	6	4.85	NOT_A_WORDNET_NOUN
slow	4	4.85	NOT_A_WORDNET_NOUN
species	7	4.85	PLURAL_FORM
tree	4	4.85	NOT_NOUN_DOMINANT
types	5	4.85	NOT_A_WORDNET_NOUN
wearing	7	4.85	MANUAL_BLOCK
whom	4	4.85	NOT_A_WORDNET_NOUN
agreed	6	4.84	NOT_A_WORDNET_NOUN
animals	7	4.84	NOT_A_WORDNET_NOUN
appears	7	4.84	NOT_A_WORDNET_NOUN
begin	5	4.84	PROPER_ONLY
cities	6	4.84	NOT_A_WORDNET_NOUN
demand	6	4.84	NOT_NOUN_DOMINANT
famous	6	4.84	NOT_A_WORDNET_NOUN
ideas	5	4.84	NOT_A_WORDNET_NOUN
keeping	7	4.84	MANUAL_BLOCK
notes	5	4.84	NOT_A_WORDNET_NOUN
plays	5	4.84	NOT_A_WORDNET_NOUN
raised	6	4.84	NOT_A_WORDNET_NOUN
runs	4	4.84	NOT_A_WORDNET_NOUN
songs	5	4.84	NOT_A_WORDNET_NOUN
sources	7	4.84	NOT_A_WORDNET_NOUN
square	6	4.84	NOT_NOUN_DOMINANT
stopped	7	4.84	NOT_A_WORDNET_NOUN
twice	5	4.84	NOT_A_WORDNET_NOUN
worry	5	4.84	NOT_NOUN_DOMINANT
becomes	7	4.83	NOT_A_WORDNET_NOUN
count	5	4.83	NOT_NOUN_DOMINANT
covered	7	4.83	NOT_A_WORDNET_NOUN
digital	7	4.83	NOT_A_WORDNET_NOUN
forced	6	4.83	NOT_A_WORDNET_NOUN
fresh	5	4.83	NOT_A_WORDNET_NOUN
mental	6	4.83	NOT_A_WORDNET_NOUN
missed	6	4.83	NOT_A_WORDNET_NOUN
mostly	6	4.83	NOT_A_WORDNET_NOUN
photos	6	4.83	NOT_A_WORDNET_NOUN
realize	7	4.83	NOT_A_WORDNET_NOUN
remain	6	4.83	NOT_A_WORDNET_NOUN
smart	5	4.83	NOT_NOUN_DOMINANT
starts	6	4.83	NOT_A_WORDNET_NOUN
throw	5	4.83	NOT_NOUN_DOMINANT
totally	7	4.83	NOT_A_WORDNET_NOUN
twitter	7	4.83	NAME_OR_PLACE
views	5	4.83	NOT_A_WORDNET_NOUN
acting	6	4.82	VERB_FORM
actions	7	4.82	NOT_A_WORDNET_NOUN
arms	4	4.82	PLURAL_FORM
click	5	4.82	NOT_NOUN_DOMINANT
failed	6	4.82	NOT_A_WORDNET_NOUN
faith	5	4.82	TOPIC:religion
fund	4	4.82	NOT_NOUN_DOMINANT
hearing	7	4.82	TOPIC:crime
larger	6	4.82	NOT_A_WORDNET_NOUN
louis	5	4.82	PROPER_ONLY
paris	5	4.82	PROPER_ONLY
pull	4	4.82	NOT_NOUN_DOMINANT
push	4	4.82	NOT_NOUN_DOMINANT
seemed	6	4.82	NOT_A_WORDNET_NOUN
sexual	6	4.82	NOT_A_WORDNET_NOUN
village	7	4.82	NAME_OR_PLACE
apply	5	4.81	NOT_A_WORDNET_NOUN
draw	4	4.81	NOT_NOUN_DOMINANT
enter	5	4.81	NOT_A_WORDNET_NOUN
follows	7	4.81	NOT_A_WORDNET_NOUN
gain	4	4.81	NOT_NOUN_DOMINANT
leaders	7	4.81	PLURAL_FORM
prime	5	4.81	NOT_NOUN_DOMINANT
rise	4	4.81	NOT_NOUN_DOMINANT
selling	7	4.81	VERB_FORM
served	6	4.81	NOT_A_WORDNET_NOUN
silver	6	4.81	NOT_NOUN_DOMINANT
spread	6	4.81	NOT_NOUN_DOMINANT
supply	6	4.81	NOT_NOUN_DOMINANT
waste	5	4.81	NOT_NOUN_DOMINANT
weird	5	4.81	PROPER_ONLY
healthy	7	4.80	NOT_A_WORDNET_NOUN
mike	4	4.80	MANUAL_BLOCK
nations	7	4.80	NOT_A_WORDNET_NOUN
prison	6	4.80	TOPIC:crime
remains	7	4.80	MANUAL_BLOCK
senate	6	4.80	NAME_OR_PLACE
smaller	7	4.80	NOT_A_WORDNET_NOUN
users	5	4.80	NOT_A_WORDNET_NOUN
wild	4	4.80	NOT_NOUN_DOMINANT
arrived	7	4.79	NOT_A_WORDNET_NOUN
cast	4	4.79	NOT_NOUN_DOMINANT
correct	7	4.79	NOT_A_WORDNET_NOUN
firm	4	4.79	NOT_NOUN_DOMINANT
handle	6	4.79	NOT_NOUN_DOMINANT
improve	7	4.79	NOT_A_WORDNET_NOUN
indeed	6	4.79	NOT_A_WORDNET_NOUN
leaves	6	4.79	NOT_A_WORDNET_NOUN
movies	6	4.79	NOT_A_WORDNET_NOUN
prevent	7	4.79	NOT_A_WORDNET_NOUN
removed	7	4.79	NOT_A_WORDNET_NOUN
till	4	4.79	MANUAL_BLOCK
videos	6	4.79	NOT_A_WORDNET_NOUN
apart	5	4.78	NOT_A_WORDNET_NOUN
aware	5	4.78	NOT_A_WORDNET_NOUN
decide	6	4.78	NOT_A_WORDNET_NOUN
dollars	7	4.78	NOT_A_WORDNET_NOUN
eastern	7	4.78	NOT_A_WORDNET_NOUN
fifth	5	4.78	MANUAL_BLOCK
helping	7	4.78	VERB_FORM
herself	7	4.78	NOT_A_WORDNET_NOUN
items	5	4.78	NOT_A_WORDNET_NOUN
produce	7	4.78	NOT_NOUN_DOMINANT
proud	5	4.78	NOT_A_WORDNET_NOUN
require	7	4.78	NOT_A_WORDNET_NOUN
shut	4	4.78	NOT_A_WORDNET_NOUN
tells	5	4.78	NOT_A_WORDNET_NOUN
thinks	6	4.78	NOT_A_WORDNET_NOUN
carried	7	4.77	NOT_A_WORDNET_NOUN
classes	7	4.77	NOT_A_WORDNET_NOUN
dear	4	4.77	NOT_NOUN_DOMINANT
dogs	4	4.77	NOT_A_WORDNET_NOUN
drugs	5	4.77	NOT_A_WORDNET_NOUN
efforts	7	4.77	NOT_A_WORDNET_NOUN
lucky	5	4.77	NOT_A_WORDNET_NOUN
neither	7	4.77	NOT_A_WORDNET_NOUN
onto	4	4.77	NOT_A_WORDNET_NOUN
prove	5	4.77	NOT_A_WORDNET_NOUN
rare	4	4.77	NOT_A_WORDNET_NOUN
skills	6	4.77	NOT_A_WORDNET_NOUN
tough	5	4.77	NOT_NOUN_DOMINANT
units	5	4.77	NOT_A_WORDNET_NOUN
alive	5	4.76	NOT_A_WORDNET_NOUN
bitch	5	4.76	MANUAL_BLOCK
cards	5	4.76	PLURAL_FORM
dress	5	4.76	NOT_NOUN_DOMINANT
easier	6	4.76	NOT_A_WORDNET_NOUN
knowing	7	4.76	NOT_NOUN_DOMINANT
liked	5	4.76	NOT_A_WORDNET_NOUN
managed	7	4.76	NOT_A_WORDNET_NOUN
owned	5	4.76	NOT_A_WORDNET_NOUN
request	7	4.76	NOT_NOUN_DOMINANT
stick	5	4.76	NOT_NOUN_DOMINANT
turns	5	4.76	NOT_A_WORDNET_NOUN
wake	4	4.76	NOT_NOUN_DOMINANT
billion	7	4.75	MANUAL_BLOCK
busy	4	4.75	NOT_A_WORDNET_NOUN
buying	6	4.75	VERB_FORM
cells	5	4.75	NOT_A_WORDNET_NOUN
develop	7	4.75	NOT_A_WORDNET_NOUN
ends	4	4.75	NOT_A_WORDNET_NOUN
farm	4	4.75	NOT_NOUN_DOMINANT
file	4	4.75	NOT_NOUN_DOMINANT
frank	5	4.75	NOT_NOUN_DOMINANT
images	6	4.75	NOT_A_WORDNET_NOUN
paying	6	4.75	NOT_A_WORDNET_NOUN
raise	5	4.75	NOT_NOUN_DOMINANT
roll	4	4.75	NOT_NOUN_DOMINANT
suggest	7	4.75	NOT_A_WORDNET_NOUN
treat	5	4.75	NOT_NOUN_DOMINANT
unique	6	4.75	NOT_A_WORDNET_NOUN
weapons	7	4.75	NOT_A_WORDNET_NOUN
yours	5	4.75	NOT_A_WORDNET_NOUN
bigger	6	4.74	NOT_A_WORDNET_NOUN
evil	4	4.74	NOT_NOUN_DOMINANT
excited	7	4.74	NOT_A_WORDNET_NOUN
forever	7	4.74	NOT_A_WORDNET_NOUN
funds	5	4.74	PLURAL_FORM
helps	5	4.74	NOT_A_WORDNET_NOUN
henry	5	4.74	NAME_OR_PLACE
injury	6	4.74	TOPIC:disease
lovely	6	4.74	NOT_NOUN_DOMINANT
martin	6	4.74	NAME_OR_PLACE
models	6	4.74	NOT_A_WORDNET_NOUN
offers	6	4.74	NOT_A_WORDNET_NOUN
ordered	7	4.74	NOT_A_WORDNET_NOUN
sites	5	4.74	NOT_A_WORDNET_NOUN
stated	6	4.74	NOT_A_WORDNET_NOUN
wine	4	4.74	TOPIC:alcohol
closer	6	4.73	MANUAL_BLOCK
dropped	7	4.73	NOT_A_WORDNET_NOUN
exist	5	4.73	NOT_A_WORDNET_NOUN
figures	7	4.73	NOT_A_WORDNET_NOUN
forms	5	4.73	NOT_A_WORDNET_NOUN
honest	6	4.73	NOT_A_WORDNET_NOUN
issued	6	4.73	NOT_A_WORDNET_NOUN
joined	6	4.73	NOT_A_WORDNET_NOUN
jones	5	4.73	PROPER_ONLY
lies	4	4.73	NOT_A_WORDNET_NOUN
likes	5	4.73	NOT_A_WORDNET_NOUN
nuclear	7	4.73	NOT_A_WORDNET_NOUN
orders	6	4.73	NOT_A_WORDNET_NOUN
port	4	4.73	NOT_NOUN_DOMINANT
reduce	6	4.73	NOT_A_WORDNET_NOUN
shoot	5	4.73	NOT_NOUN_DOMINANT
sides	5	4.73	NOT_A_WORDNET_NOUN
solid	5	4.73	NOT_NOUN_DOMINANT
steps	5	4.73	PLURAL_FORM
classic	7	4.72	NOT_NOUN_DOMINANT
clothes	7	4.72	PLURAL_FORM
entered	7	4.72	NOT_A_WORDNET_NOUN
facts	5	4.72	NOT_A_WORDNET_NOUN
flat	4	4.72	NOT_NOUN_DOMINANT
fuel	4	4.72	NOT_NOUN_DOMINANT
harry	5	4.72	NOT_A_WORDNET_NOUN
hello	5	4.72	MANUAL_BLOCK
houses	6	4.72	NOT_A_WORDNET_NOUN
initial	7	4.72	NOT_NOUN_DOMINANT
kick	4	4.72	NOT_NOUN_DOMINANT
links	5	4.72	PLURAL_FORM
massive	7	4.72	NOT_A_WORDNET_NOUN
matters	7	4.72	NOT_A_WORDNET_NOUN
pair	4	4.72	NOT_NOUN_DOMINANT
picked	6	4.72	NOT_A_WORDNET_NOUN
pieces	6	4.72	NOT_A_WORDNET_NOUN
proper	6	4.72	NOT_A_WORDNET_NOUN
toward	6	4.72	NOT_A_WORDNET_NOUN
upper	5	4.72	MANUAL_BLOCK
useful	6	4.72	NOT_A_WORDNET_NOUN
watched	7	4.72	NOT_A_WORDNET_NOUN
willing	7	4.72	NOT_NOUN_DOMINANT
windows	7	4.72	PROPER_ONLY
awards	6	4.71	NOT_A_WORDNET_NOUN
bear	4	4.71	NOT_NOUN_DOMINANT
cheap	5	4.71	NOT_A_WORDNET_NOUN
flying	6	4.71	NOT_NOUN_DOMINANT
hundred	7	4.71	MANUAL_BLOCK
joint	5	4.71	NOT_NOUN_DOMINANT
options	7	4.71	NOT_A_WORDNET_NOUN
plants	6	4.71	NOT_A_WORDNET_NOUN
promise	7	4.71	NOT_NOUN_DOMINANT
remove	6	4.71	NOT_NOUN_DOMINANT
signs	5	4.71	NOT_A_WORDNET_NOUN
tired	5	4.71	NOT_A_WORDNET_NOUN
treated	7	4.71	NOT_A_WORDNET_NOUN
warm	4	4.71	NOT_A_WORDNET_NOUN
afraid	6	4.70	NOT_A_WORDNET_NOUN
arts	4	4.70	PLURAL_FORM
beer	4	4.70	TOPIC:alcohol
crowd	5	4.70	NOT_NOUN_DOMINANT
dating	6	4.70	VERB_FORM
dick	4	4.70	MANUAL_BLOCK
ensure	6	4.70	NOT_A_WORDNET_NOUN
filled	6	4.70	NOT_A_WORDNET_NOUN
fixed	5	4.70	NOT_A_WORDNET_NOUN
labour	6	4.70	BRITISH_SPELLING
powers	6	4.70	NOT_A_WORDNET_NOUN
wins	4	4.70	NOT_A_WORDNET_NOUN
banks	5	4.69	PROPER_ONLY
bodies	6	4.69	NOT_A_WORDNET_NOUN
grew	4	4.69	NOT_A_WORDNET_NOUN
homes	5	4.69	NOT_A_WORDNET_NOUN
jump	4	4.69	NOT_NOUN_DOMINANT
launch	6	4.69	NOT_NOUN_DOMINANT
listed	6	4.69	NOT_A_WORDNET_NOUN
native	6	4.69	NOT_NOUN_DOMINANT
noted	5	4.69	NOT_A_WORDNET_NOUN
planned	7	4.69	NOT_A_WORDNET_NOUN
sets	4	4.69	NOT_A_WORDNET_NOUN
supreme	7	4.69	NOT_A_WORDNET_NOUN
survey	6	4.69	NOT_NOUN_DOMINANT
trees	5	4.69	NOT_A_WORDNET_NOUN
update	6	4.69	NOT_NOUN_DOMINANT
yellow	6	4.69	NOT_NOUN_DOMINANT
younger	7	4.69	NOT_A_WORDNET_NOUN
attacks	7	4.68	NOT_A_WORDNET_NOUN
charges	7	4.68	NOT_A_WORDNET_NOUN
express	7	4.68	NOT_NOUN_DOMINANT
formed	6	4.68	NOT_A_WORDNET_NOUN
illegal	7	4.68	NOT_A_WORDNET_NOUN
methods	7	4.68	NOT_A_WORDNET_NOUN
shared	6	4.68	NOT_A_WORDNET_NOUN
soft	4	4.68	NOT_A_WORDNET_NOUN
stuck	5	4.68	NOT_A_WORDNET_NOUN
taught	6	4.68	NOT_A_WORDNET_NOUN
adding	6	4.67	NOT_A_WORDNET_NOUN
affairs	7	4.67	PLURAL_FORM
allows	6	4.67	NOT_A_WORDNET_NOUN
appeal	6	4.67	NOT_NOUN_DOMINANT
applied	7	4.67	NOT_A_WORDNET_NOUN
artists	7	4.67	NOT_A_WORDNET_NOUN
boston	6	4.67	PROPER_ONLY
feed	4	4.67	NOT_NOUN_DOMINANT
golden	6	4.67	NOT_A_WORDNET_NOUN
grant	5	4.67	NOT_NOUN_DOMINANT
grown	5	4.67	NOT_A_WORDNET_NOUN
heads	5	4.67	NOT_A_WORDNET_NOUN
hoping	6	4.67	NOT_A_WORDNET_NOUN
keeps	5	4.67	NOT_A_WORDNET_NOUN
legs	4	4.67	PLURAL_FORM
lying	5	4.67	MANUAL_BLOCK
pulled	6	4.67	NOT_A_WORDNET_NOUN
route	5	4.67	NOT_NOUN_DOMINANT
saved	5	4.67	NOT_A_WORDNET_NOUN
shoes	5	4.67	PLURAL_FORM
teach	5	4.67	PROPER_ONLY
tests	5	4.67	NOT_A_WORDNET_NOUN
values	6	4.67	PLURAL_FORM
walked	6	4.67	NOT_A_WORDNET_NOUN
abuse	5	4.66	NOT_NOUN_DOMINANT
angry	5	4.66	NOT_A_WORDNET_NOUN
discuss	7	4.66	NOT_A_WORDNET_NOUN
falling	7	4.66	NOT_A_WORDNET_NOUN
guns	4	4.66	NOT_A_WORDNET_NOUN
jersey	6	4.66	NAME_OR_PLACE
letters	7	4.66	PLURAL_FORM
liberal	7	4.66	NOT_NOUN_DOMINANT
loves	5	4.66	NOT_A_WORDNET_NOUN
lunch	5	4.66	NOT_NOUN_DOMINANT
pack	4	4.66	NOT_NOUN_DOMINANT
perform	7	4.66	NOT_A_WORDNET_NOUN
storm	5	4.66	NOT_NOUN_DOMINANT
streets	7	4.66	NOT_A_WORDNET_NOUN
strike	6	4.66	NOT_NOUN_DOMINANT
weak	4	4.66	NOT_A_WORDNET_NOUN
advance	7	4.65	NOT_NOUN_DOMINANT
cook	4	4.65	NOT_NOUN_DOMINANT
cute	4	4.65	NOT_A_WORDNET_NOUN
equal	5	4.65	NOT_NOUN_DOMINANT
fake	4	4.65	NOT_NOUN_DOMINANT
focused	7	4.65	NOT_A_WORDNET_NOUN
hits	4	4.65	NOT_A_WORDNET_NOUN
journey	7	4.65	NOT_NOUN_DOMINANT
leads	5	4.65	NOT_A_WORDNET_NOUN
owners	6	4.65	NOT_A_WORDNET_NOUN
posts	5	4.65	NOT_A_WORDNET_NOUN
quiet	5	4.65	NOT_NOUN_DOMINANT
taxes	5	4.65	NOT_A_WORDNET_NOUN
twenty	6	4.65	MANUAL_BLOCK
urban	5	4.65	NOT_A_WORDNET_NOUN
acts	4	4.64	PROPER_ONLY
claimed	7	4.64	NOT_A_WORDNET_NOUN
debate	6	4.64	NOT_NOUN_DOMINANT
factors	7	4.64	NOT_A_WORDNET_NOUN
faster	6	4.64	NOT_A_WORDNET_NOUN
fill	4	4.64	NOT_NOUN_DOMINANT
films	5	4.64	NOT_A_WORDNET_NOUN
flowers	7	4.64	NOT_A_WORDNET_NOUN
ladies	6	4.64	NOT_A_WORDNET_NOUN
lights	6	4.64	NOT_A_WORDNET_NOUN
mixed	5	4.64	NOT_A_WORDNET_NOUN
pure	4	4.64	NOT_A_WORDNET_NOUN
reduced	7	4.64	NOT_A_WORDNET_NOUN
secure	6	4.64	NOT_A_WORDNET_NOUN
smile	5	4.64	NOT_NOUN_DOMINANT
strange	7	4.64	NOT_A_WORDNET_NOUN
tony	4	4.64	NOT_A_WORDNET_NOUN
troops	6	4.64	PLURAL_FORM
votes	5	4.64	NOT_A_WORDNET_NOUN
besides	7	4.63	NOT_A_WORDNET_NOUN
blame	5	4.63	NOT_NOUN_DOMINANT
causes	6	4.63	NOT_A_WORDNET_NOUN
dying	5	4.63	NOT_NOUN_DOMINANT
elected	7	4.63	NOT_A_WORDNET_NOUN
falls	5	4.63	PLURAL_FORM
false	5	4.63	NOT_A_WORDNET_NOUN
fired	5	4.63	NOT_A_WORDNET_NOUN
forgot	6	4.63	NOT_A_WORDNET_NOUN
noticed	7	4.63	NOT_A_WORDNET_NOUN
obvious	7	4.63	NOT_A_WORDNET_NOUN
scored	6	4.63	NOT_A_WORDNET_NOUN
shots	5	4.63	NOT_A_WORDNET_NOUN
slowly	6	4.63	NOT_A_WORDNET_NOUN
stores	6	4.63	NOT_A_WORDNET_NOUN
trading	7	4.63	VERB_FORM
worried	7	4.63	NOT_A_WORDNET_NOUN
zero	4	4.63	NOT_NOUN_DOMINANT
begins	6	4.62	NOT_A_WORDNET_NOUN
charged	7	4.62	NOT_A_WORDNET_NOUN
cream	5	4.62	NOT_NOUN_DOMINANT
jail	4	4.62	TOPIC:crime
mayor	5	4.62	TOPIC:politics
minor	5	4.62	NOT_NOUN_DOMINANT
moments	7	4.62	NOT_A_WORDNET_NOUN
pages	5	4.62	NOT_A_WORDNET_NOUN
suicide	7	4.62	TOPIC:death
suicide	7	4.62	MANUAL_BLOCK
talked	6	4.62	NOT_A_WORDNET_NOUN
tiny	4	4.62	NOT_A_WORDNET_NOUN
usual	5	4.62	NOT_A_WORDNET_NOUN
voted	5	4.62	NOT_A_WORDNET_NOUN
voting	6	4.62	VERB_FORM
walls	5	4.62	NOT_A_WORDNET_NOUN
alcohol	7	4.61	TOPIC:alcohol
bright	6	4.61	NOT_A_WORDNET_NOUN
brings	6	4.61	NOT_A_WORDNET_NOUN
capable	7	4.61	NOT_A_WORDNET_NOUN
chosen	6	4.61	NAME_OR_PLACE
drunk	5	4.61	TOPIC:alcohol
drunk	5	4.61	MANUAL_BLOCK
fail	4	4.61	NOT_A_WORDNET_NOUN
finds	5	4.61	NOT_A_WORDNET_NOUN
granted	7	4.61	NOT_A_WORDNET_NOUN
guilty	6	4.61	NOT_A_WORDNET_NOUN
humans	6	4.61	PLURAL_FORM
largely	7	4.61	NOT_A_WORDNET_NOUN
markets	7	4.61	NOT_A_WORDNET_NOUN
papers	6	4.61	PLURAL_FORM
seek	4	4.61	NOT_NOUN_DOMINANT
sending	7	4.61	VERB_FORM
solo	4	4.61	NOT_NOUN_DOMINANT
stands	6	4.61	NOT_A_WORDNET_NOUN
talks	5	4.61	PLURAL_FORM
unable	6	4.61	NOT_A_WORDNET_NOUN
upset	5	4.61	NOT_NOUN_DOMINANT
answers	7	4.60	NOT_A_WORDNET_NOUN
birds	5	4.60	NOT_A_WORDNET_NOUN
bomb	4	4.60	TOPIC:weapons
bomb	4	4.60	MANUAL_BLOCK
extreme	7	4.60	NOT_NOUN_DOMINANT
fields	6	4.60	PROPER_ONLY
goods	5	4.60	NOT_A_WORDNET_NOUN
hang	4	4.60	NOT_NOUN_DOMINANT
holds	5	4.60	NOT_A_WORDNET_NOUN
info	4	4.60	MANUAL_BLOCK
mainly	6	4.60	NOT_A_WORDNET_NOUN
returns	7	4.60	NOT_A_WORDNET_NOUN
salt	4	4.60	NOT_NOUN_DOMINANT
scared	6	4.60	NOT_A_WORDNET_NOUN
shares	6	4.60	NOT_A_WORDNET_NOUN
tickets	7	4.60	NOT_A_WORDNET_NOUN
wales	5	4.60	PROPER_ONLY
adults	6	4.59	NOT_A_WORDNET_NOUN
affect	6	4.59	NOT_NOUN_DOMINANT
armed	5	4.59	NOT_A_WORDNET_NOUN
aside	5	4.59	NOT_NOUN_DOMINANT
blow	4	4.59	NOT_NOUN_DOMINANT
careful	7	4.59	NOT_A_WORDNET_NOUN
deals	5	4.59	NOT_A_WORDNET_NOUN
deserve	7	4.59	NOT_A_WORDNET_NOUN
devices	7	4.59	PLURAL_FORM
dreams	6	4.59	NOT_A_WORDNET_NOUN
empty	5	4.59	NOT_NOUN_DOMINANT
enjoyed	7	4.59	NOT_A_WORDNET_NOUN
faces	5	4.59	NOT_A_WORDNET_NOUN
folks	5	4.59	PLURAL_FORM
fucked	6	4.59	NOT_A_WORDNET_NOUN
matches	7	4.59	NOT_A_WORDNET_NOUN
moves	5	4.59	NOT_A_WORDNET_NOUN
nick	4	4.59	NOT_NOUN_DOMINANT
pacific	7	4.59	PROPER_ONLY
prize	5	4.59	NOT_NOUN_DOMINANT
rural	5	4.59	NOT_A_WORDNET_NOUN
sees	4	4.59	NOT_A_WORDNET_NOUN
tools	5	4.59	NOT_A_WORDNET_NOUN
typical	7	4.59	NOT_A_WORDNET_NOUN
wars	4	4.59	NOT_A_WORDNET_NOUN
admit	5	4.58	NOT_A_WORDNET_NOUN
brazil	6	4.58	NAME_OR_PLACE
decades	7	4.58	NOT_A_WORDNET_NOUN
heaven	6	4.58	NAME_OR_PLACE
random	6	4.58	NOT_A_WORDNET_NOUN
replace	7	4.58	NOT_A_WORDNET_NOUN
reviews	7	4.58	NOT_A_WORDNET_NOUN
scenes	6	4.58	NOT_A_WORDNET_NOUN
seeking	7	4.58	MANUAL_BLOCK
senator	7	4.58	TOPIC:politics
tips	4	4.58	NOT_A_WORDNET_NOUN
trained	7	4.58	NOT_A_WORDNET_NOUN
achieve	7	4.57	NOT_A_WORDNET_NOUN
afford	6	4.57	NOT_A_WORDNET_NOUN
assume	6	4.57	NOT_A_WORDNET_NOUN
harder	6	4.57	NOT_A_WORDNET_NOUN
navy	4	4.57	NAME_OR_PLACE
prefer	6	4.57	NOT_A_WORDNET_NOUN
shift	5	4.57	NOT_NOUN_DOMINANT
stood	5	4.57	NOT_A_WORDNET_NOUN
tend	4	4.57	NOT_A_WORDNET_NOUN
tight	5	4.57	NOT_A_WORDNET_NOUN
unlike	6	4.57	NOT_A_WORDNET_NOUN
weekly	6	4.57	NOT_NOUN_DOMINANT
anybody	7	4.56	NOT_A_WORDNET_NOUN
assets	6	4.56	PLURAL_FORM
combat	6	4.56	TOPIC:violence
crying	6	4.56	NOT_NOUN_DOMINANT
defined	7	4.56	NOT_A_WORDNET_NOUN
drivers	7	4.56	NOT_A_WORDNET_NOUN
excuse	6	4.56	NOT_NOUN_DOMINANT
expert	6	4.56	NOT_NOUN_DOMINANT
laid	4	4.56	NOT_A_WORDNET_NOUN
latter	6	4.56	MANUAL_BLOCK
premier	7	4.56	NOT_NOUN_DOMINANT
promote	7	4.56	NOT_A_WORDNET_NOUN
rooms	5	4.56	PLURAL_FORM
severe	6	4.56	NOT_A_WORDNET_NOUN
suppose	7	4.56	NOT_A_WORDNET_NOUN
victim	6	4.56	MANUAL_BLOCK
victims	7	4.56	NOT_A_WORDNET_NOUN
agents	6	4.55	NOT_A_WORDNET_NOUN
amazon	6	4.55	NAME_OR_PLACE
arrest	6	4.55	NOT_NOUN_DOMINANT
attend	6	4.55	NOT_A_WORDNET_NOUN
chose	5	4.55	NOT_A_WORDNET_NOUN
concert	7	4.55	NOT_NOUN_DOMINANT
crash	5	4.55	NOT_NOUN_DOMINANT
deliver	7	4.55	NOT_A_WORDNET_NOUN
dirty	5	4.55	NOT_A_WORDNET_NOUN
doctors	7	4.55	NOT_A_WORDNET_NOUN
earned	6	4.55	NOT_A_WORDNET_NOUN
headed	6	4.55	NOT_A_WORDNET_NOUN
matt	4	4.55	MANUAL_BLOCK
nearby	6	4.55	NOT_A_WORDNET_NOUN
prepare	7	4.55	NOT_A_WORDNET_NOUN
retail	6	4.55	NOT_NOUN_DOMINANT
rice	4	4.55	NAME_OR_PLACE
roads	5	4.55	PLURAL_FORM
shame	5	4.55	NOT_NOUN_DOMINANT
ships	5	4.55	NOT_A_WORDNET_NOUN
staying	7	4.55	NOT_A_WORDNET_NOUN
surely	6	4.55	NOT_A_WORDNET_NOUN
updated	7	4.55	NOT_A_WORDNET_NOUN
writers	7	4.55	NOT_A_WORDNET_NOUN
bible	5	4.54	NAME_OR_PLACE
calm	4	4.54	NOT_NOUN_DOMINANT
checked	7	4.54	NOT_A_WORDNET_NOUN
dates	5	4.54	NOT_A_WORDNET_NOUN
degrees	7	4.54	NOT_A_WORDNET_NOUN
doors	5	4.54	NOT_A_WORDNET_NOUN
driven	6	4.54	NOT_A_WORDNET_NOUN
dumb	4	4.54	NOT_A_WORDNET_NOUN
heavily	7	4.54	NOT_A_WORDNET_NOUN
hide	4	4.54	NOT_NOUN_DOMINANT
linked	6	4.54	NOT_A_WORDNET_NOUN
manage	6	4.54	NOT_A_WORDNET_NOUN
quit	4	4.54	NOT_A_WORDNET_NOUN
refused	7	4.54	NOT_A_WORDNET_NOUN
sing	4	4.54	NOT_A_WORDNET_NOUN
soviet	6	4.54	NAME_OR_PLACE
weapon	6	4.54	TOPIC:weapons
widely	6	4.54	NOT_A_WORDNET_NOUN
ages	4	4.53	NOT_A_WORDNET_NOUN
broad	5	4.53	NOT_NOUN_DOMINANT
burn	4	4.53	NOT_NOUN_DOMINANT
causing	7	4.53	VERB_FORM
closely	7	4.53	NOT_A_WORDNET_NOUN
deaths	6	4.53	NOT_A_WORDNET_NOUN
depends	7	4.53	NOT_A_WORDNET_NOUN
drawn	5	4.53	NOT_A_WORDNET_NOUN
fees	4	4.53	NOT_A_WORDNET_NOUN
haha	4	4.53	NOT_A_WORDNET_NOUN
hardly	6	4.53	NOT_A_WORDNET_NOUN
hidden	6	4.53	NOT_A_WORDNET_NOUN
hong	4	4.53	NOT_A_WORDNET_NOUN
invited	7	4.53	NOT_A_WORDNET_NOUN
letting	7	4.53	VERB_FORM
loud	4	4.53	NOT_A_WORDNET_NOUN
marine	6	4.53	NOT_NOUN_DOMINANT
motor	5	4.53	NOT_NOUN_DOMINANT
pounds	6	4.53	NOT_A_WORDNET_NOUN
puts	4	4.53	NOT_A_WORDNET_NOUN
reform	6	4.53	NOT_NOUN_DOMINANT
regions	7	4.53	NOT_A_WORDNET_NOUN
respond	7	4.53	NOT_A_WORDNET_NOUN
seats	5	4.53	PLURAL_FORM
solar	5	4.53	NOT_A_WORDNET_NOUN
somehow	7	4.53	NOT_A_WORDNET_NOUN
stayed	6	4.53	NOT_A_WORDNET_NOUN
tries	5	4.53	NOT_A_WORDNET_NOUN
unknown	7	4.53	NOT_NOUN_DOMINANT
balls	5	4.52	NOT_A_WORDNET_NOUN
bills	5	4.52	NOT_A_WORDNET_NOUN
blind	5	4.52	NOT_NOUN_DOMINANT
brief	5	4.52	NOT_NOUN_DOMINANT
conduct	7	4.52	NOT_NOUN_DOMINANT
debut	5	4.52	NOT_NOUN_DOMINANT
destroy	7	4.52	NOT_A_WORDNET_NOUN
engaged	7	4.52	NOT_A_WORDNET_NOUN
experts	7	4.52	NOT_A_WORDNET_NOUN
grab	4	4.52	NOT_NOUN_DOMINANT
joseph	6	4.52	PROPER_ONLY
paint	5	4.52	NOT_NOUN_DOMINANT
pink	4	4.52	NOT_NOUN_DOMINANT
rising	6	4.52	NOT_NOUN_DOMINANT
seasons	7	4.52	NOT_A_WORDNET_NOUN
singer	6	4.52	NAME_OR_PLACE
smoking	7	4.52	TOPIC:tobacco
smoking	7	4.52	MANUAL_BLOCK
steam	5	4.52	NOT_NOUN_DOMINANT
survive	7	4.52	NOT_A_WORDNET_NOUN
tall	4	4.52	NOT_NOUN_DOMINANT
theatre	7	4.52	BRITISH_SPELLING
adopted	7	4.51	NOT_A_WORDNET_NOUN
chances	7	4.51	NOT_A_WORDNET_NOUN
clubs	5	4.51	NOT_A_WORDNET_NOUN
covers	6	4.51	NOT_A_WORDNET_NOUN
defence	7	4.51	BRITISH_SPELLING
exact	5	4.51	NOT_A_WORDNET_NOUN
exposed	7	4.51	NOT_A_WORDNET_NOUN
injured	7	4.51	NOT_A_WORDNET_NOUN
jordan	6	4.51	PROPER_ONLY
kinds	5	4.51	NOT_A_WORDNET_NOUN
lets	4	4.51	NOT_A_WORDNET_NOUN
loans	5	4.51	NOT_A_WORDNET_NOUN
lock	4	4.51	NOT_NOUN_DOMINANT
musical	7	4.51	NOT_NOUN_DOMINANT
objects	7	4.51	NOT_A_WORDNET_NOUN
opposed	7	4.51	NOT_A_WORDNET_NOUN
plastic	7	4.51	NOT_NOUN_DOMINANT
quote	5	4.51	NOT_NOUN_DOMINANT
semi	4	4.51	MANUAL_BLOCK
suspect	7	4.51	NOT_NOUN_DOMINANT
swear	5	4.51	NOT_A_WORDNET_NOUN
wise	4	4.51	NOT_NOUN_DOMINANT
yards	5	4.51	NOT_A_WORDNET_NOUN
aged	4	4.50	NOT_NOUN_DOMINANT
aspects	7	4.50	NOT_A_WORDNET_NOUN
contain	7	4.50	NOT_A_WORDNET_NOUN
dancing	7	4.50	VERB_FORM
eggs	4	4.50	PLURAL_FORM
facing	6	4.50	MANUAL_BLOCK
fairly	6	4.50	NOT_A_WORDNET_NOUN
fingers	7	4.50	NOT_A_WORDNET_NOUN
ford	4	4.50	NAME_OR_PLACE
founded	7	4.50	NOT_A_WORDNET_NOUN
gang	4	4.50	TOPIC:crime
greek	5	4.50	PROPER_ONLY
hanging	7	4.50	TOPIC:death
inner	5	4.50	NOT_A_WORDNET_NOUN
islands	7	4.50	NOT_A_WORDNET_NOUN
lift	4	4.50	NOT_NOUN_DOMINANT
marked	6	4.50	NOT_A_WORDNET_NOUN
miller	6	4.50	MANUAL_BLOCK
monthly	7	4.50	NOT_NOUN_DOMINANT
operate	7	4.50	NOT_A_WORDNET_NOUN
porn	4	4.50	MANUAL_BLOCK
racing	6	4.50	VERB_FORM
roman	5	4.50	NAME_OR_PLACE
sons	4	4.50	NOT_A_WORDNET_NOUN
visited	7	4.50	NOT_A_WORDNET_NOUN
visual	6	4.50	NOT_A_WORDNET_NOUN
authors	7	4.49	NOT_A_WORDNET_NOUN
barely	6	4.49	NOT_A_WORDNET_NOUN
coal	4	4.49	NOT_NOUN_DOMINANT
colour	6	4.49	BRITISH_SPELLING
faced	5	4.49	NOT_A_WORDNET_NOUN
filed	5	4.49	NOT_A_WORDNET_NOUN
fought	6	4.49	NOT_A_WORDNET_NOUN
gained	6	4.49	NOT_A_WORDNET_NOUN
hunt	4	4.49	NOT_NOUN_DOMINANT
jury	4	4.49	TOPIC:crime
marks	5	4.49	PROPER_ONLY
repeat	6	4.49	NOT_NOUN_DOMINANT
rough	5	4.49	NOT_NOUN_DOMINANT
sought	6	4.49	NOT_A_WORDNET_NOUN
speaker	7	4.49	NAME_OR_PLACE
studied	7	4.49	NOT_A_WORDNET_NOUN
vast	4	4.49	NOT_A_WORDNET_NOUN
wanting	7	4.49	NOT_A_WORDNET_NOUN
earn	4	4.48	NOT_A_WORDNET_NOUN
exists	6	4.48	NOT_A_WORDNET_NOUN
finger	6	4.48	NOT_NOUN_DOMINANT
grey	4	4.48	NOT_NOUN_DOMINANT
ignore	6	4.48	NOT_A_WORDNET_NOUN
lewis	5	4.48	PROPER_ONLY
offices	7	4.48	NOT_A_WORDNET_NOUN
pants	5	4.48	PLURAL_FORM
proved	6	4.48	NOT_A_WORDNET_NOUN
rape	4	4.48	MANUAL_BLOCK
rescue	6	4.48	NOT_NOUN_DOMINANT
rush	4	4.48	NOT_NOUN_DOMINANT
sharp	5	4.48	NOT_NOUN_DOMINANT
stable	6	4.48	NOT_NOUN_DOMINANT
tested	6	4.48	NOT_A_WORDNET_NOUN
defend	6	4.47	NOT_A_WORDNET_NOUN
divided	7	4.47	NOT_A_WORDNET_NOUN
format	6	4.47	NOT_NOUN_DOMINANT
gotten	6	4.47	NOT_A_WORDNET_NOUN
harm	4	4.47	TOPIC:disease
jews	4	4.47	NOT_A_WORDNET_NOUN
joining	7	4.47	VERB_FORM
killer	6	4.47	TOPIC:death
killer	6	4.47	MANUAL_BLOCK
limits	6	4.47	NOT_A_WORDNET_NOUN
loving	6	4.47	NOT_A_WORDNET_NOUN
mount	5	4.47	NOT_NOUN_DOMINANT
nights	6	4.47	NOT_A_WORDNET_NOUN
occur	5	4.47	NOT_A_WORDNET_NOUN
rolling	7	4.47	MANUAL_BLOCK
shortly	7	4.47	NOT_A_WORDNET_NOUN
tears	5	4.47	PLURAL_FORM
thin	4	4.47	NOT_A_WORDNET_NOUN
tied	4	4.47	NOT_A_WORDNET_NOUN
accused	7	4.46	VERB_FORM
argue	5	4.46	NOT_A_WORDNET_NOUN
awful	5	4.46	NOT_A_WORDNET_NOUN
bound	5	4.46	NOT_NOUN_DOMINANT
breaks	6	4.46	NOT_A_WORDNET_NOUN
cats	4	4.46	NOT_A_WORDNET_NOUN
choices	7	4.46	NOT_A_WORDNET_NOUN
cloud	5	4.46	NOT_NOUN_DOMINANT
colors	6	4.46	PLURAL_FORM
courses	7	4.46	NOT_A_WORDNET_NOUN
courts	6	4.46	NOT_A_WORDNET_NOUN
drew	4	4.46	PROPER_ONLY
files	5	4.46	NOT_A_WORDNET_NOUN
founder	7	4.46	NOT_NOUN_DOMINANT
hills	5	4.46	NOT_A_WORDNET_NOUN
hitting	7	4.46	VERB_FORM
loose	5	4.46	NOT_A_WORDNET_NOUN
moral	5	4.46	NOT_NOUN_DOMINANT
pointed	7	4.46	NOT_A_WORDNET_NOUN
thick	5	4.46	NOT_NOUN_DOMINANT
threw	5	4.46	NOT_A_WORDNET_NOUN
tons	4	4.46	PLURAL_FORM
violent	7	4.46	NOT_A_WORDNET_NOUN
voters	6	4.46	NOT_A_WORDNET_NOUN
wash	4	4.46	NOT_NOUN_DOMINANT
acid	4	4.45	NOT_NOUN_DOMINANT
alan	4	4.45	NOT_A_WORDNET_NOUN
angel	5	4.45	TOPIC:religion
babies	6	4.45	NOT_A_WORDNET_NOUN
bars	4	4.45	PLURAL_FORM
clients	7	4.45	NOT_A_WORDNET_NOUN
compare	7	4.45	NOT_NOUN_DOMINANT
cooking	7	4.45	VERB_FORM
curious	7	4.45	NOT_A_WORDNET_NOUN
finals	6	4.45	NOT_A_WORDNET_NOUN
formal	6	4.45	NOT_NOUN_DOMINANT
fort	4	4.45	NOT_NOUN_DOMINANT
gray	4	4.45	NOT_NOUN_DOMINANT
gross	5	4.45	NOT_NOUN_DOMINANT
horses	6	4.45	NOT_A_WORDNET_NOUN
hungry	6	4.45	NOT_A_WORDNET_NOUN
losses	6	4.45	PLURAL_FORM
minds	5	4.45	NOT_A_WORDNET_NOUN
passes	6	4.45	NOT_A_WORDNET_NOUN
penalty	7	4.45	TOPIC:crime
phones	6	4.45	NOT_A_WORDNET_NOUN
refer	5	4.45	NOT_A_WORDNET_NOUN
select	6	4.45	NOT_A_WORDNET_NOUN
silent	6	4.45	NOT_A_WORDNET_NOUN
spoken	6	4.45	NOT_A_WORDNET_NOUN
suffer	6	4.45	NOT_A_WORDNET_NOUN
temple	6	4.45	TOPIC:religion
tracks	6	4.45	NOT_A_WORDNET_NOUN
trail	5	4.45	NOT_NOUN_DOMINANT
unusual	7	4.45	NOT_A_WORDNET_NOUN
waters	6	4.45	PLURAL_FORM
woods	5	4.45	PLURAL_FORM
asks	4	4.44	NOT_A_WORDNET_NOUN
assault	7	4.44	TOPIC:violence
assault	7	4.44	MANUAL_BLOCK
badly	5	4.44	NOT_A_WORDNET_NOUN
chase	5	4.44	NOT_NOUN_DOMINANT
deeply	6	4.44	NOT_A_WORDNET_NOUN
hearts	6	4.44	PLURAL_FORM
ideal	5	4.44	NOT_NOUN_DOMINANT
jimmy	5	4.44	MANUAL_BLOCK
kelly	5	4.44	PROPER_ONLY
picking	7	4.44	MANUAL_BLOCK
pleased	7	4.44	NOT_A_WORDNET_NOUN
pushing	7	4.44	VERB_FORM
rank	4	4.44	NOT_NOUN_DOMINANT
retired	7	4.44	NOT_A_WORDNET_NOUN
roles	5	4.44	NOT_A_WORDNET_NOUN
sand	4	4.44	NAME_OR_PLACE
savings	7	4.44	PLURAL_FORM
settled	7	4.44	NOT_A_WORDNET_NOUN
singles	7	4.44	PLURAL_FORM
thread	6	4.44	NOT_NOUN_DOMINANT
wings	5	4.44	PLURAL_FORM
bags	4	4.43	NOT_A_WORDNET_NOUN
beating	7	4.43	TOPIC:violence
beating	7	4.43	MANUAL_BLOCK
blocks	6	4.43	NOT_A_WORDNET_NOUN
boring	6	4.43	MANUAL_BLOCK
charlie	7	4.43	NOT_A_WORDNET_NOUN
copies	6	4.43	NOT_A_WORDNET_NOUN
crimes	6	4.43	NOT_A_WORDNET_NOUN
denied	6	4.43	NOT_A_WORDNET_NOUN
drinks	6	4.43	NOT_A_WORDNET_NOUN
farmers	7	4.43	NOT_A_WORDNET_NOUN
grounds	7	4.43	PLURAL_FORM
helpful	7	4.43	NOT_A_WORDNET_NOUN
label	5	4.43	NOT_NOUN_DOMINANT
locked	6	4.43	NOT_A_WORDNET_NOUN
naked	5	4.43	NOT_A_WORDNET_NOUN
opens	5	4.43	NOT_A_WORDNET_NOUN
persons	7	4.43	NOT_A_WORDNET_NOUN
pitch	5	4.43	NOT_NOUN_DOMINANT
plain	5	4.43	NOT_NOUN_DOMINANT
pushed	6	4.43	NOT_A_WORDNET_NOUN
raising	7	4.43	MANUAL_BLOCK
rear	4	4.43	NOT_NOUN_DOMINANT
reveal	6	4.43	NOT_A_WORDNET_NOUN
scores	6	4.43	PLURAL_FORM
sisters	7	4.43	NOT_A_WORDNET_NOUN
speaks	6	4.43	NOT_A_WORDNET_NOUN
stages	6	4.43	NOT_A_WORDNET_NOUN
winners	7	4.43	NOT_A_WORDNET_NOUN
wire	4	4.43	NOT_NOUN_DOMINANT
alright	7	4.42	NOT_A_WORDNET_NOUN
assist	6	4.42	NOT_NOUN_DOMINANT
capture	7	4.42	NOT_NOUN_DOMINANT
centers	7	4.42	NOT_A_WORDNET_NOUN
comic	5	4.42	NOT_NOUN_DOMINANT
cops	4	4.42	NOT_A_WORDNET_NOUN
cuts	4	4.42	NOT_A_WORDNET_NOUN
dressed	7	4.42	NOT_A_WORDNET_NOUN
guests	6	4.42	NOT_A_WORDNET_NOUN
handed	6	4.42	NOT_A_WORDNET_NOUN
jane	4	4.42	NOT_A_WORDNET_NOUN
judges	6	4.42	PROPER_ONLY
maps	4	4.42	NOT_A_WORDNET_NOUN
morgan	6	4.42	PROPER_ONLY
nervous	7	4.42	NOT_A_WORDNET_NOUN
newly	5	4.42	NOT_A_WORDNET_NOUN
prayer	6	4.42	TOPIC:religion
racist	6	4.42	NOT_NOUN_DOMINANT
rarely	6	4.42	NOT_A_WORDNET_NOUN
sexy	4	4.42	NOT_A_WORDNET_NOUN
solve	5	4.42	NOT_A_WORDNET_NOUN
struck	6	4.42	NOT_A_WORDNET_NOUN
suck	4	4.42	NOT_NOUN_DOMINANT
ugly	4	4.42	NOT_A_WORDNET_NOUN
virus	5	4.42	TOPIC:disease
walker	6	4.42	MANUAL_BLOCK
whoever	7	4.42	NOT_A_WORDNET_NOUN
amounts	7	4.41	NOT_A_WORDNET_NOUN
banned	6	4.41	NOT_A_WORDNET_NOUN
boost	5	4.41	NOT_NOUN_DOMINANT
crack	5	4.41	NOT_NOUN_DOMINANT
demands	7	4.41	NOT_A_WORDNET_NOUN
dies	4	4.41	NOT_A_WORDNET_NOUN
dust	4	4.41	NOT_NOUN_DOMINANT
dutch	5	4.41	PROPER_ONLY
foods	5	4.41	NOT_A_WORDNET_NOUN
hired	5	4.41	NOT_A_WORDNET_NOUN
illness	7	4.41	TOPIC:disease
kings	5	4.41	NOT_A_WORDNET_NOUN
lately	6	4.41	NOT_A_WORDNET_NOUN
lowest	6	4.41	NOT_A_WORDNET_NOUN
rail	4	4.41	NOT_NOUN_DOMINANT
readers	7	4.41	NOT_A_WORDNET_NOUN
remote	6	4.41	NOT_NOUN_DOMINANT
repair	6	4.41	NOT_NOUN_DOMINANT
saint	5	4.41	TOPIC:religion
steal	5	4.41	NOT_NOUN_DOMINANT
stolen	6	4.41	NOT_A_WORDNET_NOUN
titles	6	4.41	NOT_A_WORDNET_NOUN
trans	5	4.41	NOT_A_WORDNET_NOUN
whereas	7	4.41	NOT_A_WORDNET_NOUN
actors	6	4.40	NOT_A_WORDNET_NOUN
buried	6	4.40	NOT_A_WORDNET_NOUN
cares	5	4.40	NOT_A_WORDNET_NOUN
confirm	7	4.40	NOT_A_WORDNET_NOUN
crap	4	4.40	MANUAL_BLOCK
decent	6	4.40	NOT_A_WORDNET_NOUN
decline	7	4.40	NOT_NOUN_DOMINANT
delay	5	4.40	NOT_NOUN_DOMINANT
desert	6	4.40	NOT_NOUN_DOMINANT
enemies	7	4.40	NOT_A_WORDNET_NOUN
forth	5	4.40	PROPER_ONLY
gods	4	4.40	NOT_A_WORDNET_NOUN
hire	4	4.40	NOT_NOUN_DOMINANT
hopes	5	4.40	NOT_A_WORDNET_NOUN
insane	6	4.40	NOT_A_WORDNET_NOUN
marry	5	4.40	NOT_A_WORDNET_NOUN
nowhere	7	4.40	MANUAL_BLOCK
nurse	5	4.40	NOT_NOUN_DOMINANT
obtain	6	4.40	NOT_A_WORDNET_NOUN
organic	7	4.40	NOT_NOUN_DOMINANT
pray	4	4.40	NOT_A_WORDNET_NOUN
printed	7	4.40	NOT_A_WORDNET_NOUN
recall	6	4.40	NOT_NOUN_DOMINANT
sake	4	4.40	TOPIC:alcohol
signing	7	4.40	VERB_FORM
smooth	6	4.40	NOT_NOUN_DOMINANT
stops	5	4.40	PLURAL_FORM
sudden	6	4.40	NOT_A_WORDNET_NOUN
thrown	6	4.40	NOT_A_WORDNET_NOUN
abroad	6	4.39	NOT_A_WORDNET_NOUN
assumed	7	4.39	NOT_A_WORDNET_NOUN
bother	6	4.39	NOT_NOUN_DOMINANT
compete	7	4.39	NOT_A_WORDNET_NOUN
critics	7	4.39	NOT_A_WORDNET_NOUN
damaged	7	4.39	NOT_A_WORDNET_NOUN
equally	7	4.39	NOT_A_WORDNET_NOUN
fallen	6	4.39	NOT_A_WORDNET_NOUN
figured	7	4.39	NOT_A_WORDNET_NOUN
idiot	5	4.39	MANUAL_BLOCK
intense	7	4.39	NOT_A_WORDNET_NOUN
keys	4	4.39	NOT_A_WORDNET_NOUN
lawyers	7	4.39	NOT_A_WORDNET_NOUN
liquid	6	4.39	NOT_NOUN_DOMINANT
narrow	6	4.39	NOT_NOUN_DOMINANT
physics	7	4.39	PLURAL_FORM
reflect	7	4.39	NOT_A_WORDNET_NOUN
refuse	6	4.39	NOT_NOUN_DOMINANT
roger	5	4.39	NOT_A_WORDNET_NOUN
serves	6	4.39	NOT_A_WORDNET_NOUN
shell	5	4.39	TOPIC:weapons
silly	5	4.39	NOT_NOUN_DOMINANT
towns	5	4.39	NOT_A_WORDNET_NOUN
visible	7	4.39	NOT_A_WORDNET_NOUN
adds	4	4.38	NOT_A_WORDNET_NOUN
angle	5	4.38	NOT_NOUN_DOMINANT
arrive	6	4.38	NOT_A_WORDNET_NOUN
belong	6	4.38	NOT_A_WORDNET_NOUN
berlin	6	4.38	NAME_OR_PLACE
bishop	6	4.38	TOPIC:religion
connect	7	4.38	NOT_A_WORDNET_NOUN
designs	7	4.38	NOT_A_WORDNET_NOUN
females	7	4.38	NOT_A_WORDNET_NOUN
firms	5	4.38	NOT_A_WORDNET_NOUN
gifts	5	4.38	NOT_A_WORDNET_NOUN
grass	5	4.38	NOT_NOUN_DOMINANT
hence	5	4.38	NOT_A_WORDNET_NOUN
kicked	6	4.38	NOT_A_WORDNET_NOUN
lessons	7	4.38	NOT_A_WORDNET_NOUN
lists	5	4.38	NOT_A_WORDNET_NOUN
mill	4	4.38	NOT_NOUN_DOMINANT
oxford	6	4.38	NAME_OR_PLACE
pope	4	4.38	NAME_OR_PLACE
races	5	4.38	NOT_A_WORDNET_NOUN
rapid	5	4.38	NOT_NOUN_DOMINANT
rocks	5	4.38	NOT_A_WORDNET_NOUN
shaped	6	4.38	NOT_A_WORDNET_NOUN
sixth	5	4.38	MANUAL_BLOCK
spin	4	4.38	NOT_NOUN_DOMINANT
styles	6	4.38	NOT_A_WORDNET_NOUN
sucks	5	4.38	NOT_A_WORDNET_NOUN
thirty	6	4.38	MANUAL_BLOCK
valid	5	4.38	NOT_A_WORDNET_NOUN
vital	5	4.38	NOT_A_WORDNET_NOUN
whilst	6	4.38	NOT_A_WORDNET_NOUN
alleged	7	4.37	NOT_A_WORDNET_NOUN
anna	4	4.37	MANUAL_BLOCK
bands	5	4.37	NOT_A_WORDNET_NOUN
collect	7	4.37	NOT_NOUN_DOMINANT
creek	5	4.37	NAME_OR_PLACE
fraud	5	4.37	TOPIC:crime
funeral	7	4.37	TOPIC:death
genuine	7	4.37	NOT_A_WORDNET_NOUN
honour	6	4.37	BRITISH_SPELLING
hook	4	4.37	NOT_NOUN_DOMINANT
lands	5	4.37	NOT_A_WORDNET_NOUN
merely	6	4.37	NOT_A_WORDNET_NOUN
regret	6	4.37	NOT_NOUN_DOMINANT
remind	6	4.37	NOT_A_WORDNET_NOUN
reverse	7	4.37	NOT_NOUN_DOMINANT
scary	5	4.37	NOT_A_WORDNET_NOUN
seed	4	4.37	NOT_NOUN_DOMINANT
settle	6	4.37	NOT_NOUN_DOMINANT
spell	5	4.37	NOT_NOUN_DOMINANT
summary	7	4.37	NOT_NOUN_DOMINANT
sword	5	4.37	TOPIC:weapons
waves	5	4.37	NOT_A_WORDNET_NOUN
argued	6	4.36	NOT_A_WORDNET_NOUN
asleep	6	4.36	NOT_A_WORDNET_NOUN
begun	5	4.36	NOT_A_WORDNET_NOUN
cents	5	4.36	NOT_A_WORDNET_NOUN
daddy	5	4.36	MANUAL_BLOCK
divorce	7	4.36	NOT_NOUN_DOMINANT
drove	5	4.36	MANUAL_BLOCK
ears	4	4.36	NOT_A_WORDNET_NOUN
engage	6	4.36	NOT_A_WORDNET_NOUN
gaming	6	4.36	VERB_FORM
meets	5	4.36	NOT_A_WORDNET_NOUN
profits	7	4.36	PLURAL_FORM
roughly	7	4.36	NOT_A_WORDNET_NOUN
scoring	7	4.36	VERB_FORM
strip	5	4.36	NOT_NOUN_DOMINANT
writes	6	4.36	NOT_A_WORDNET_NOUN
awarded	7	4.35	NOT_A_WORDNET_NOUN
breast	6	4.35	MANUAL_BLOCK
cant	4	4.35	MANUAL_BLOCK
carter	6	4.35	NAME_OR_PLACE
crossed	7	4.35	NOT_A_WORDNET_NOUN
engines	7	4.35	NOT_A_WORDNET_NOUN
epic	4	4.35	NOT_NOUN_DOMINANT
expand	6	4.35	NOT_A_WORDNET_NOUN
heroes	6	4.35	NOT_A_WORDNET_NOUN
holes	5	4.35	NOT_A_WORDNET_NOUN
inches	6	4.35	NOT_A_WORDNET_NOUN
johnny	6	4.35	PROPER_ONLY
josh	4	4.35	NOT_A_WORDNET_NOUN
knock	5	4.35	NOT_NOUN_DOMINANT
lips	4	4.35	NOT_A_WORDNET_NOUN
lyrics	6	4.35	NOT_A_WORDNET_NOUN
masters	7	4.35	PROPER_ONLY
ought	5	4.35	NOT_A_WORDNET_NOUN
painted	7	4.35	NOT_A_WORDNET_NOUN
pulling	7	4.35	VERB_FORM
ranked	6	4.35	NOT_A_WORDNET_NOUN
risks	5	4.35	NOT_A_WORDNET_NOUN
sept	4	4.35	NAME_OR_PLACE
stretch	7	4.35	NOT_NOUN_DOMINANT
tear	4	4.35	NOT_NOUN_DOMINANT
ties	4	4.35	NOT_A_WORDNET_NOUN
twelve	6	4.35	MANUAL_BLOCK
virgin	6	4.35	NOT_NOUN_DOMINANT
voices	6	4.35	NOT_A_WORDNET_NOUN
wishes	6	4.35	NOT_A_WORDNET_NOUN
asshole	7	4.34	MANUAL_BLOCK
bears	5	4.34	NOT_A_WORDNET_NOUN
blues	5	4.34	PLURAL_FORM
boxes	5	4.34	NOT_A_WORDNET_NOUN
cameras	7	4.34	NOT_A_WORDNET_NOUN
couples	7	4.34	NOT_A_WORDNET_NOUN
deny	4	4.34	NOT_A_WORDNET_NOUN
extend	6	4.34	NOT_A_WORDNET_NOUN
genetic	7	4.34	NOT_A_WORDNET_NOUN
glasses	7	4.34	PLURAL_FORM
instant	7	4.34	NOT_NOUN_DOMINANT
kills	5	4.34	NOT_A_WORDNET_NOUN
maria	5	4.34	NAME_OR_PLACE
occurs	6	4.34	NOT_A_WORDNET_NOUN
rapidly	7	4.34	NOT_A_WORDNET_NOUN
reveals	7	4.34	NOT_A_WORDNET_NOUN
roots	5	4.34	PLURAL_FORM
samples	7	4.34	NOT_A_WORDNET_NOUN
shops	5	4.34	NOT_A_WORDNET_NOUN
swing	5	4.34	NOT_NOUN_DOMINANT
texts	5	4.34	NOT_A_WORDNET_NOUN
twin	4	4.34	NOT_NOUN_DOMINANT
alert	5	4.33	NOT_NOUN_DOMINANT
billy	5	4.33	MANUAL_BLOCK
boots	5	4.33	NOT_A_WORDNET_NOUN
brave	5	4.33	NOT_NOUN_DOMINANT
commit	6	4.33	NOT_A_WORDNET_NOUN
drops	5	4.33	NOT_A_WORDNET_NOUN
ethnic	6	4.33	NOT_NOUN_DOMINANT
foster	6	4.33	PROPER_ONLY
greatly	7	4.33	NOT_A_WORDNET_NOUN
jokes	5	4.33	NOT_A_WORDNET_NOUN
parks	5	4.33	PROPER_ONLY
periods	7	4.33	NOT_A_WORDNET_NOUN
pretend	7	4.33	NOT_NOUN_DOMINANT
priest	6	4.33	TOPIC:religion
proven	6	4.33	NOT_A_WORDNET_NOUN
rings	5	4.33	PLURAL_FORM
shake	5	4.33	NOT_NOUN_DOMINANT
shore	5	4.33	NOT_NOUN_DOMINANT
spots	5	4.33	PLURAL_FORM
stats	5	4.33	NOT_A_WORDNET_NOUN
uniform	7	4.33	NOT_NOUN_DOMINANT
wooden	6	4.33	NOT_A_WORDNET_NOUN
bang	4	4.32	NOT_NOUN_DOMINANT
blast	5	4.32	NOT_NOUN_DOMINANT
bones	5	4.32	PLURAL_FORM
brands	6	4.32	NOT_A_WORDNET_NOUN
cure	4	4.32	NOT_NOUN_DOMINANT
duties	6	4.32	NOT_A_WORDNET_NOUN
frozen	6	4.32	NOT_A_WORDNET_NOUN
guards	6	4.32	NOT_A_WORDNET_NOUN
hiding	6	4.32	MANUAL_BLOCK
invest	6	4.32	NOT_A_WORDNET_NOUN
manual	6	4.32	NOT_NOUN_DOMINANT
mothers	7	4.32	NOT_A_WORDNET_NOUN
ongoing	7	4.32	NOT_A_WORDNET_NOUN
painful	7	4.32	NOT_A_WORDNET_NOUN
purple	6	4.32	NOT_NOUN_DOMINANT
rick	4	4.32	TOPIC:disease
rick	4	4.32	MANUAL_BLOCK
trends	6	4.32	NOT_A_WORDNET_NOUN
trials	6	4.32	NOT_A_WORDNET_NOUN
versus	6	4.32	NOT_A_WORDNET_NOUN
virtual	7	4.32	NOT_A_WORDNET_NOUN
walks	5	4.32	NOT_A_WORDNET_NOUN
wounded	7	4.32	VERB_FORM
amongst	7	4.31	NOT_A_WORDNET_NOUN
arsenal	7	4.31	TOPIC:weapons
bite	4	4.31	TOPIC:disease
blocked	7	4.31	NOT_A_WORDNET_NOUN
boards	6	4.31	PLURAL_FORM
burned	6	4.31	NOT_A_WORDNET_NOUN
checks	6	4.31	NOT_A_WORDNET_NOUN
dare	4	4.31	NOT_NOUN_DOMINANT
define	6	4.31	NOT_A_WORDNET_NOUN
dynamic	7	4.31	NOT_NOUN_DOMINANT
edited	6	4.31	NOT_A_WORDNET_NOUN
explore	7	4.31	NOT_A_WORDNET_NOUN
favour	6	4.31	BRITISH_SPELLING
fewer	5	4.31	NOT_A_WORDNET_NOUN
giants	6	4.31	NOT_A_WORDNET_NOUN
grave	5	4.31	NOT_NOUN_DOMINANT
mask	4	4.31	NOT_NOUN_DOMINANT
packed	6	4.31	NOT_A_WORDNET_NOUN
secrets	7	4.31	NOT_A_WORDNET_NOUN
slave	5	4.31	MANUAL_BLOCK
steady	6	4.31	NOT_NOUN_DOMINANT
stones	6	4.31	NOT_A_WORDNET_NOUN
triple	6	4.31	NOT_NOUN_DOMINANT
updates	7	4.31	NOT_A_WORDNET_NOUN
viewed	6	4.31	NOT_A_WORDNET_NOUN
deeper	6	4.30	NOT_A_WORDNET_NOUN
devil	5	4.30	TOPIC:religion
edit	4	4.30	NOT_A_WORDNET_NOUN
enable	6	4.30	NOT_A_WORDNET_NOUN
failing	7	4.30	MANUAL_BLOCK
gates	5	4.30	PROPER_ONLY
graham	6	4.30	NAME_OR_PLACE
hurts	5	4.30	NOT_A_WORDNET_NOUN
invite	6	4.30	NOT_NOUN_DOMINANT
nuts	4	4.30	NOT_A_WORDNET_NOUN
partly	6	4.30	NOT_A_WORDNET_NOUN
racial	6	4.30	NOT_A_WORDNET_NOUN
rated	5	4.30	NOT_A_WORDNET_NOUN
regime	6	4.30	TOPIC:politics
rivers	6	4.30	NOT_A_WORDNET_NOUN
rounds	6	4.30	NOT_A_WORDNET_NOUN
ruled	5	4.30	NOT_A_WORDNET_NOUN
sauce	5	4.30	NOT_NOUN_DOMINANT
touched	7	4.30	NOT_A_WORDNET_NOUN
visits	6	4.30	NOT_A_WORDNET_NOUN
awkward	7	4.29	NOT_A_WORDNET_NOUN
cited	5	4.29	NOT_A_WORDNET_NOUN
dated	5	4.29	NOT_A_WORDNET_NOUN
derived	7	4.29	NOT_A_WORDNET_NOUN
drag	4	4.29	NOT_NOUN_DOMINANT
existed	7	4.29	NOT_A_WORDNET_NOUN
fifty	5	4.29	MANUAL_BLOCK
fool	4	4.29	NOT_NOUN_DOMINANT
funded	6	4.29	NOT_A_WORDNET_NOUN
recover	7	4.29	NOT_A_WORDNET_NOUN
relax	5	4.29	NOT_A_WORDNET_NOUN
rely	4	4.29	NOT_A_WORDNET_NOUN
ruling	6	4.29	VERB_FORM
succeed	7	4.29	NOT_A_WORDNET_NOUN
tables	6	4.29	NOT_A_WORDNET_NOUN
targets	7	4.29	NOT_A_WORDNET_NOUN
wore	4	4.29	NOT_A_WORDNET_NOUN
worship	7	4.29	NOT_NOUN_DOMINANT
worthy	6	4.29	NOT_NOUN_DOMINANT
acted	5	4.28	NOT_A_WORDNET_NOUN
bloody	6	4.28	NOT_A_WORDNET_NOUN
butt	4	4.28	MANUAL_BLOCK
counts	6	4.28	NOT_A_WORDNET_NOUN
creates	7	4.28	NOT_A_WORDNET_NOUN
crucial	7	4.28	NOT_A_WORDNET_NOUN
drives	6	4.28	NOT_A_WORDNET_NOUN
dual	4	4.28	NOT_A_WORDNET_NOUN
filter	6	4.28	NOT_NOUN_DOMINANT
grades	6	4.28	NOT_A_WORDNET_NOUN
hoped	5	4.28	NOT_A_WORDNET_NOUN
involve	7	4.28	NOT_A_WORDNET_NOUN
mature	6	4.28	NOT_A_WORDNET_NOUN
nazi	4	4.28	NAME_OR_PLACE
pump	4	4.28	NOT_NOUN_DOMINANT
replied	7	4.28	NOT_A_WORDNET_NOUN
seeds	5	4.28	NOT_A_WORDNET_NOUN
signals	7	4.28	NOT_A_WORDNET_NOUN
spaces	6	4.28	NOT_A_WORDNET_NOUN
spare	5	4.28	NOT_NOUN_DOMINANT
stocks	6	4.28	PLURAL_FORM
submit	6	4.28	NOT_A_WORDNET_NOUN
threats	7	4.28	NOT_A_WORDNET_NOUN
allies	6	4.27	PLURAL_FORM
bonds	5	4.27	NOT_A_WORDNET_NOUN
corps	5	4.27	PLURAL_FORM
credits	7	4.27	PLURAL_FORM
editing	7	4.27	VERB_FORM
firing	6	4.27	MANUAL_BLOCK
fits	4	4.27	NOT_A_WORDNET_NOUN
gardens	7	4.27	NOT_A_WORDNET_NOUN
ignored	7	4.27	NOT_A_WORDNET_NOUN
mars	4	4.27	PROPER_ONLY
opera	5	4.27	NAME_OR_PLACE
quest	5	4.27	NOT_NOUN_DOMINANT
shocked	7	4.27	NOT_A_WORDNET_NOUN
sized	5	4.27	NOT_A_WORDNET_NOUN
tanks	5	4.27	NOT_A_WORDNET_NOUN
topics	6	4.27	NOT_A_WORDNET_NOUN
trains	6	4.27	NOT_A_WORDNET_NOUN
weed	4	4.27	TOPIC:drugs
angels	6	4.26	NOT_A_WORDNET_NOUN
backed	6	4.26	NOT_A_WORDNET_NOUN
bold	4	4.26	NOT_NOUN_DOMINANT
borders	7	4.26	NOT_A_WORDNET_NOUN
breathe	7	4.26	NOT_A_WORDNET_NOUN
coaches	7	4.26	NOT_A_WORDNET_NOUN
coins	5	4.26	NOT_A_WORDNET_NOUN
cooper	6	4.26	NAME_OR_PLACE
fails	5	4.26	NOT_A_WORDNET_NOUN
fiscal	6	4.26	NOT_A_WORDNET_NOUN
jerry	5	4.26	PROPER_ONLY
mounted	7	4.26	NOT_A_WORDNET_NOUN
mutual	6	4.26	NOT_A_WORDNET_NOUN
nope	4	4.26	NOT_A_WORDNET_NOUN
oral	4	4.26	NOT_NOUN_DOMINANT
pays	4	4.26	NOT_A_WORDNET_NOUN
peoples	7	4.26	PLURAL_FORM
pursue	6	4.26	NOT_A_WORDNET_NOUN
realise	7	4.26	NOT_A_WORDNET_NOUN
ruined	6	4.26	NOT_A_WORDNET_NOUN
stays	5	4.26	PLURAL_FORM
terror	6	4.26	MANUAL_BLOCK
waited	6	4.26	NOT_A_WORDNET_NOUN
warren	6	4.26	MANUAL_BLOCK
worn	4	4.26	NOT_A_WORDNET_NOUN
aids	4	4.25	NOT_A_WORDNET_NOUN
aimed	5	4.25	NOT_A_WORDNET_NOUN
arguing	7	4.25	VERB_FORM
beliefs	7	4.25	NOT_A_WORDNET_NOUN
boats	5	4.25	NOT_A_WORDNET_NOUN
errors	6	4.25	NOT_A_WORDNET_NOUN
forgive	7	4.25	NOT_A_WORDNET_NOUN
gains	5	4.25	NOT_A_WORDNET_NOUN
handled	7	4.25	NOT_A_WORDNET_NOUN
hosted	6	4.25	NOT_A_WORDNET_NOUN
jumped	6	4.25	NOT_A_WORDNET_NOUN
khan	4	4.25	MANUAL_BLOCK
lion	4	4.25	NAME_OR_PLACE
loaded	6	4.25	NOT_A_WORDNET_NOUN
lonely	6	4.25	NOT_A_WORDNET_NOUN
outer	5	4.25	NOT_A_WORDNET_NOUN
pissed	6	4.25	NOT_A_WORDNET_NOUN
powered	7	4.25	NOT_A_WORDNET_NOUN
quotes	6	4.25	NOT_A_WORDNET_NOUN
racism	6	4.25	MANUAL_BLOCK
ratings	7	4.25	NOT_A_WORDNET_NOUN
reads	5	4.25	NOT_A_WORDNET_NOUN
refers	6	4.25	NOT_A_WORDNET_NOUN
rude	4	4.25	NOT_A_WORDNET_NOUN
seventh	7	4.25	MANUAL_BLOCK
sooner	6	4.25	PROPER_ONLY
strikes	7	4.25	NOT_A_WORDNET_NOUN
suits	5	4.25	NOT_A_WORDNET_NOUN
toys	4	4.25	NOT_A_WORDNET_NOUN
vary	4	4.25	NOT_A_WORDNET_NOUN
wages	5	4.25	PLURAL_FORM
wells	5	4.25	PROPER_ONLY
wheels	6	4.25	NOT_A_WORDNET_NOUN
belongs	7	4.24	NOT_A_WORDNET_NOUN
beneath	7	4.24	NOT_A_WORDNET_NOUN
bullet	6	4.24	TOPIC:weapons
burns	5	4.24	PROPER_ONLY
carl	4	4.24	NOT_A_WORDNET_NOUN
diverse	7	4.24	NOT_A_WORDNET_NOUN
divine	6	4.24	NOT_NOUN_DOMINANT
export	6	4.24	NOT_NOUN_DOMINANT
fastest	7	4.24	NOT_A_WORDNET_NOUN
gather	6	4.24	NOT_NOUN_DOMINANT
jealous	7	4.24	NOT_A_WORDNET_NOUN
knocked	7	4.24	NOT_A_WORDNET_NOUN
landed	6	4.24	NOT_A_WORDNET_NOUN
laughed	7	4.24	NOT_A_WORDNET_NOUN
laura	5	4.24	NOT_A_WORDNET_NOUN
lazy	4	4.24	NOT_A_WORDNET_NOUN
mama	4	4.24	NAME_OR_PLACE
naval	5	4.24	NOT_A_WORDNET_NOUN
nelson	6	4.24	NAME_OR_PLACE
neutral	7	4.24	NOT_NOUN_DOMINANT
noble	5	4.24	NOT_NOUN_DOMINANT
oldest	6	4.24	NOT_A_WORDNET_NOUN
picks	5	4.24	NOT_A_WORDNET_NOUN
pussy	5	4.24	MANUAL_BLOCK
relate	6	4.24	NOT_A_WORDNET_NOUN
sacred	6	4.24	NOT_A_WORDNET_NOUN
springs	7	4.24	NOT_A_WORDNET_NOUN
terry	5	4.24	NAME_OR_PLACE
toxic	5	4.24	NOT_A_WORDNET_NOUN
unions	6	4.24	NOT_A_WORDNET_NOUN
warrant	7	4.24	TOPIC:crime
wider	5	4.24	NOT_A_WORDNET_NOUN
wound	5	4.24	TOPIC:disease
applies	7	4.23	NOT_A_WORDNET_NOUN
blessed	7	4.23	PROPER_ONLY
carries	7	4.23	NOT_A_WORDNET_NOUN
casual	6	4.23	NOT_A_WORDNET_NOUN
charter	7	4.23	NOT_NOUN_DOMINANT
cock	4	4.23	MANUAL_BLOCK
earning	7	4.23	NOT_A_WORDNET_NOUN
graphic	7	4.23	NOT_NOUN_DOMINANT
healing	7	4.23	VERB_FORM
hiring	6	4.23	NOT_A_WORDNET_NOUN
hosts	5	4.23	NOT_A_WORDNET_NOUN
jumping	7	4.23	MANUAL_BLOCK
maker	5	4.23	NAME_OR_PLACE
outdoor	7	4.23	NOT_A_WORDNET_NOUN
parker	6	4.23	PROPER_ONLY
rangers	7	4.23	NOT_A_WORDNET_NOUN
ranks	5	4.23	NOT_A_WORDNET_NOUN
rolls	5	4.23	NOT_A_WORDNET_NOUN
secured	7	4.23	NOT_A_WORDNET_NOUN
serial	6	4.23	NOT_NOUN_DOMINANT
shed	4	4.23	NOT_NOUN_DOMINANT
strict	6	4.23	NOT_A_WORDNET_NOUN
tasks	5	4.23	NOT_A_WORDNET_NOUN
trips	5	4.23	NOT_A_WORDNET_NOUN
ultra	5	4.23	NOT_A_WORDNET_NOUN
worlds	6	4.23	NOT_A_WORDNET_NOUN
appeals	7	4.22	NOT_A_WORDNET_NOUN
batman	6	4.22	MANUAL_BLOCK
beats	5	4.22	PLURAL_FORM
bobby	5	4.22	MANUAL_BLOCK
briefly	7	4.22	NOT_A_WORDNET_NOUN
cheaper	7	4.22	NOT_A_WORDNET_NOUN
climb	5	4.22	NOT_NOUN_DOMINANT
cruise	6	4.22	NOT_NOUN_DOMINANT
custody	7	4.22	TOPIC:crime
delete	6	4.22	NOT_A_WORDNET_NOUN
eagles	6	4.22	NOT_A_WORDNET_NOUN
fever	5	4.22	TOPIC:disease
fluid	5	4.22	NOT_NOUN_DOMINANT
hotels	6	4.22	NOT_A_WORDNET_NOUN
loads	5	4.22	PLURAL_FORM
longest	7	4.22	NOT_A_WORDNET_NOUN
magical	7	4.22	NOT_A_WORDNET_NOUN
mills	5	4.22	PROPER_ONLY
nasty	5	4.22	NOT_A_WORDNET_NOUN
perry	5	4.22	NAME_OR_PLACE
plates	6	4.22	NOT_A_WORDNET_NOUN
reminds	7	4.22	NOT_A_WORDNET_NOUN
safely	6	4.22	NOT_A_WORDNET_NOUN
shirts	6	4.22	NOT_A_WORDNET_NOUN
shorter	7	4.22	NOT_A_WORDNET_NOUN
slight	6	4.22	NOT_NOUN_DOMINANT
useless	7	4.22	NOT_A_WORDNET_NOUN
viewers	7	4.22	PLURAL_FORM
winds	5	4.22	NOT_A_WORDNET_NOUN
woke	4	4.22	NOT_A_WORDNET_NOUN
aims	4	4.21	NOT_A_WORDNET_NOUN
beaten	6	4.21	NOT_A_WORDNET_NOUN
bitter	6	4.21	NOT_NOUN_DOMINANT
blown	5	4.21	NOT_A_WORDNET_NOUN
chips	5	4.21	PLURAL_FORM
clever	6	4.21	NOT_A_WORDNET_NOUN
closest	7	4.21	NOT_A_WORDNET_NOUN
creator	7	4.21	NAME_OR_PLACE
fence	5	4.21	NOT_NOUN_DOMINANT
flights	7	4.21	NOT_A_WORDNET_NOUN
forcing	7	4.21	NOT_A_WORDNET_NOUN
forming	7	4.21	NOT_A_WORDNET_NOUN
habits	6	4.21	NOT_A_WORDNET_NOUN
hood	4	4.21	TOPIC:crime
hung	4	4.21	NOT_A_WORDNET_NOUN
legally	7	4.21	NOT_A_WORDNET_NOUN
lied	4	4.21	VERB_FORM
males	5	4.21	NOT_A_WORDNET_NOUN
meters	6	4.21	NOT_A_WORDNET_NOUN
nail	4	4.21	NOT_NOUN_DOMINANT
owns	4	4.21	NOT_A_WORDNET_NOUN
phoenix	7	4.21	NAME_OR_PLACE
quoted	6	4.21	NOT_A_WORDNET_NOUN
rolled	6	4.21	NOT_A_WORDNET_NOUN
sink	4	4.21	NOT_NOUN_DOMINANT
skip	4	4.21	NOT_NOUN_DOMINANT
slavery	7	4.21	MANUAL_BLOCK
sorts	5	4.21	NOT_A_WORDNET_NOUN
souls	5	4.21	NOT_A_WORDNET_NOUN
stole	5	4.21	MANUAL_BLOCK
swim	4	4.21	NOT_NOUN_DOMINANT
swiss	5	4.21	PROPER_ONLY
wealthy	7	4.21	NOT_A_WORDNET_NOUN
attract	7	4.20	NOT_A_WORDNET_NOUN
beta	4	4.20	NOT_NOUN_DOMINANT
blowing	7	4.20	VERB_FORM
bored	5	4.20	NOT_A_WORDNET_NOUN
bronze	6	4.20	NOT_NOUN_DOMINANT
caring	6	4.20	VERB_FORM
cave	4	4.20	NOT_NOUN_DOMINANT
chronic	7	4.20	NOT_A_WORDNET_NOUN
cleared	7	4.20	NOT_A_WORDNET_NOUN
dealt	5	4.20	NOT_A_WORDNET_NOUN
delayed	7	4.20	NOT_A_WORDNET_NOUN
depend	6	4.20	NOT_A_WORDNET_NOUN
eighth	6	4.20	MANUAL_BLOCK
flip	4	4.20	NOT_NOUN_DOMINANT
forty	5	4.20	MANUAL_BLOCK
germans	7	4.20	NOT_A_WORDNET_NOUN
hated	5	4.20	NOT_A_WORDNET_NOUN
kidding	7	4.20	NOT_A_WORDNET_NOUN
loyal	5	4.20	NOT_A_WORDNET_NOUN
punk	4	4.20	TOPIC:crime
regards	7	4.20	NOT_A_WORDNET_NOUN
resist	6	4.20	NOT_A_WORDNET_NOUN
solely	6	4.20	NOT_A_WORDNET_NOUN
stepped	7	4.20	NOT_A_WORDNET_NOUN
transit	7	4.20	NOT_NOUN_DOMINANT
trucks	6	4.20	NOT_A_WORDNET_NOUN
trusted	7	4.20	NOT_A_WORDNET_NOUN
vessels	7	4.20	NOT_A_WORDNET_NOUN
volumes	7	4.20	NOT_A_WORDNET_NOUN
wrap	4	4.20	NOT_NOUN_DOMINANT
wright	6	4.20	NAME_OR_PLACE
adopt	5	4.19	NOT_A_WORDNET_NOUN
alaska	6	4.19	PROPER_ONLY
albums	6	4.19	NOT_A_WORDNET_NOUN
anytime	7	4.19	NOT_A_WORDNET_NOUN
beings	6	4.19	NOT_A_WORDNET_NOUN
beside	6	4.19	NOT_A_WORDNET_NOUN
bottles	7	4.19	NOT_A_WORDNET_NOUN
bucks	5	4.19	NOT_A_WORDNET_NOUN
camps	5	4.19	NOT_A_WORDNET_NOUN
coastal	7	4.19	NOT_A_WORDNET_NOUN
coin	4	4.19	NOT_NOUN_DOMINANT
colored	7	4.19	NOT_NOUN_DOMINANT
cried	5	4.19	NOT_A_WORDNET_NOUN
customs	7	4.19	PLURAL_FORM
deemed	6	4.19	NOT_A_WORDNET_NOUN
distant	7	4.19	NOT_A_WORDNET_NOUN
ethics	6	4.19	PLURAL_FORM
fights	6	4.19	NOT_A_WORDNET_NOUN
filming	7	4.19	VERB_FORM
meals	5	4.19	NOT_A_WORDNET_NOUN
qualify	7	4.19	NOT_A_WORDNET_NOUN
raid	4	4.19	NOT_NOUN_DOMINANT
ranging	7	4.19	NOT_A_WORDNET_NOUN
ranking	7	4.19	VERB_FORM
routes	6	4.19	NOT_A_WORDNET_NOUN
sandy	5	4.19	NOT_A_WORDNET_NOUN
slaves	6	4.19	NOT_A_WORDNET_NOUN
spotted	7	4.19	NOT_A_WORDNET_NOUN
taxi	4	4.19	NOT_NOUN_DOMINANT
themes	6	4.19	NOT_A_WORDNET_NOUN
tobacco	7	4.19	TOPIC:tobacco
trace	5	4.19	NOT_NOUN_DOMINANT
trapped	7	4.19	NOT_A_WORDNET_NOUN
turner	6	4.19	MANUAL_BLOCK
wasted	6	4.19	NOT_A_WORDNET_NOUN
advised	7	4.18	NOT_A_WORDNET_NOUN
bare	4	4.18	NOT_A_WORDNET_NOUN
bases	5	4.18	NOT_A_WORDNET_NOUN
battles	7	4.18	NOT_A_WORDNET_NOUN
bias	4	4.18	NOT_NOUN_DOMINANT
bits	4	4.18	NOT_A_WORDNET_NOUN
cancel	6	4.18	NOT_NOUN_DOMINANT
carpet	6	4.18	NOT_NOUN_DOMINANT
codes	5	4.18	NOT_A_WORDNET_NOUN
cole	4	4.18	MANUAL_BLOCK
deleted	7	4.18	NOT_A_WORDNET_NOUN
devoted	7	4.18	NOT_A_WORDNET_NOUN
endless	7	4.18	NOT_A_WORDNET_NOUN
escaped	7	4.18	NOT_A_WORDNET_NOUN
examine	7	4.18	NOT_A_WORDNET_NOUN
gospel	6	4.18	TOPIC:religion
grows	5	4.18	NOT_A_WORDNET_NOUN
knees	5	4.18	NOT_A_WORDNET_NOUN
lions	5	4.18	NOT_A_WORDNET_NOUN
mines	5	4.18	NOT_A_WORDNET_NOUN
patent	6	4.18	NOT_NOUN_DOMINANT
proceed	7	4.18	NOT_A_WORDNET_NOUN
pupils	6	4.18	NOT_A_WORDNET_NOUN
restore	7	4.18	NOT_A_WORDNET_NOUN
rifle	5	4.18	NOT_NOUN_DOMINANT
rival	5	4.18	NOT_NOUN_DOMINANT
runner	6	4.18	TOPIC:crime
sadly	5	4.18	NOT_A_WORDNET_NOUN
sits	4	4.18	NOT_A_WORDNET_NOUN
sizes	5	4.18	NOT_A_WORDNET_NOUN
slept	5	4.18	NOT_A_WORDNET_NOUN
stored	6	4.18	NOT_A_WORDNET_NOUN
vintage	7	4.18	TOPIC:alcohol
warned	6	4.18	NOT_A_WORDNET_NOUN
acres	5	4.17	PLURAL_FORM
adapted	7	4.17	NOT_A_WORDNET_NOUN
beds	4	4.17	NOT_A_WORDNET_NOUN
beloved	7	4.17	MANUAL_BLOCK
bless	5	4.17	NOT_A_WORDNET_NOUN
chuck	5	4.17	NOT_NOUN_DOMINANT
comics	6	4.17	NOT_A_WORDNET_NOUN
crush	5	4.17	NOT_NOUN_DOMINANT
fears	5	4.17	NOT_A_WORDNET_NOUN
fires	5	4.17	NOT_A_WORDNET_NOUN
gentle	6	4.17	NOT_A_WORDNET_NOUN
jake	4	4.17	NOT_A_WORDNET_NOUN
kent	4	4.17	PROPER_ONLY
layers	6	4.17	NOT_A_WORDNET_NOUN
lease	5	4.17	NOT_NOUN_DOMINANT
metres	6	4.17	NOT_A_WORDNET_NOUN
partial	7	4.17	NOT_NOUN_DOMINANT
piss	4	4.17	MANUAL_BLOCK
placing	7	4.17	NOT_A_WORDNET_NOUN
resolve	7	4.17	NOT_NOUN_DOMINANT
shine	5	4.17	NOT_NOUN_DOMINANT
tactics	7	4.17	PLURAL_FORM
tweet	5	4.17	NOT_NOUN_DOMINANT
unfair	6	4.17	NOT_A_WORDNET_NOUN
affects	7	4.16	NOT_A_WORDNET_NOUN
bubble	6	4.16	NOT_NOUN_DOMINANT
buyers	6	4.16	NOT_A_WORDNET_NOUN
casino	6	4.16	TOPIC:gambling
charts	6	4.16	NOT_A_WORDNET_NOUN
clouds	6	4.16	NOT_A_WORDNET_NOUN
deadly	6	4.16	NOT_A_WORDNET_NOUN
decides	7	4.16	NOT_A_WORDNET_NOUN
desired	7	4.16	NOT_A_WORDNET_NOUN
emerged	7	4.16	NOT_A_WORDNET_NOUN
exhibit	7	4.16	NOT_NOUN_DOMINANT
flew	4	4.16	NOT_A_WORDNET_NOUN
hosting	7	4.16	NOT_A_WORDNET_NOUN
imposed	7	4.16	NOT_A_WORDNET_NOUN
inter	5	4.16	NOT_A_WORDNET_NOUN
kicking	7	4.16	MANUAL_BLOCK
laying	6	4.16	VERB_FORM
makers	6	4.16	NOT_A_WORDNET_NOUN
marvel	6	4.16	NOT_NOUN_DOMINANT
ours	4	4.16	NOT_A_WORDNET_NOUN
pics	4	4.16	NOT_A_WORDNET_NOUN
planes	6	4.16	NOT_A_WORDNET_NOUN
reaches	7	4.16	NOT_A_WORDNET_NOUN
react	5	4.16	NOT_A_WORDNET_NOUN
remarks	7	4.16	NOT_A_WORDNET_NOUN
retain	6	4.16	NOT_A_WORDNET_NOUN
rocky	5	4.16	NOT_A_WORDNET_NOUN
saints	6	4.16	NOT_A_WORDNET_NOUN
scratch	7	4.16	TOPIC:disease
sheets	6	4.16	NOT_A_WORDNET_NOUN
spirits	7	4.16	PLURAL_FORM
teens	5	4.16	PLURAL_FORM
thou	4	4.16	MANUAL_BLOCK
tommy	5	4.16	NOT_A_WORDNET_NOUN
vocal	5	4.16	NOT_NOUN_DOMINANT
worries	7	4.16	NOT_A_WORDNET_NOUN
yield	5	4.16	NOT_NOUN_DOMINANT
bacon	5	4.15	NAME_OR_PLACE
blacks	6	4.15	NOT_A_WORDNET_NOUN
bombs	5	4.15	NOT_A_WORDNET_NOUN
burst	5	4.15	NOT_NOUN_DOMINANT
caps	4	4.15	NOT_A_WORDNET_NOUN
collins	7	4.15	NAME_OR_PLACE
colours	7	4.15	PLURAL_FORM
costa	5	4.15	MANUAL_BLOCK
elderly	7	4.15	MANUAL_BLOCK
farmer	6	4.15	NAME_OR_PLACE
finest	6	4.15	NOT_A_WORDNET_NOUN
grants	6	4.15	NOT_A_WORDNET_NOUN
harbor	6	4.15	NOT_NOUN_DOMINANT
hates	5	4.15	NOT_A_WORDNET_NOUN
inform	6	4.15	NOT_A_WORDNET_NOUN
lesbian	7	4.15	NAME_OR_PLACE
lovers	6	4.15	NOT_A_WORDNET_NOUN
minded	6	4.15	NOT_A_WORDNET_NOUN
morris	6	4.15	PROPER_ONLY
quietly	7	4.15	NOT_A_WORDNET_NOUN
sends	5	4.15	NOT_A_WORDNET_NOUN
smiling	7	4.15	VERB_FORM
stating	7	4.15	NOT_A_WORDNET_NOUN
swift	5	4.15	NAME_OR_PLACE
tigers	6	4.15	PROPER_ONLY
torture	7	4.15	MANUAL_BLOCK
traded	6	4.15	NOT_A_WORDNET_NOUN
tricks	6	4.15	NOT_A_WORDNET_NOUN
twins	5	4.15	PLURAL_FORM
urgent	6	4.15	NOT_A_WORDNET_NOUN
welsh	5	4.15	PROPER_ONLY
wrapped	7	4.15	NOT_A_WORDNET_NOUN
aboard	6	4.14	NOT_A_WORDNET_NOUN
awake	5	4.14	NOT_A_WORDNET_NOUN
beans	5	4.14	NOT_A_WORDNET_NOUN
blank	5	4.14	NOT_NOUN_DOMINANT
commons	7	4.14	PLURAL_FORM
corrupt	7	4.14	NOT_A_WORDNET_NOUN
dining	6	4.14	VERB_FORM
farms	5	4.14	NOT_A_WORDNET_NOUN
fifteen	7	4.14	MANUAL_BLOCK
flows	5	4.14	NOT_A_WORDNET_NOUN
genes	5	4.14	NOT_A_WORDNET_NOUN
harsh	5	4.14	NOT_A_WORDNET_NOUN
heights	7	4.14	PLURAL_FORM
immune	6	4.14	NOT_NOUN_DOMINANT
install	7	4.14	NOT_A_WORDNET_NOUN
justify	7	4.14	NOT_A_WORDNET_NOUN
lakes	5	4.14	NOT_A_WORDNET_NOUN
lean	4	4.14	NOT_NOUN_DOMINANT
logical	7	4.14	NOT_A_WORDNET_NOUN
mason	5	4.14	NAME_OR_PLACE
missile	7	4.14	TOPIC:weapons
muscles	7	4.14	NOT_A_WORDNET_NOUN
nancy	5	4.14	PROPER_ONLY
nurses	6	4.14	NOT_A_WORDNET_NOUN
revised	7	4.14	NOT_A_WORDNET_NOUN
stairs	6	4.14	PLURAL_FORM
staring	7	4.14	NOT_A_WORDNET_NOUN
sticks	6	4.14	NOT_A_WORDNET_NOUN
teenage	7	4.14	NOT_A_WORDNET_NOUN
thunder	7	4.14	NOT_NOUN_DOMINANT
tours	5	4.14	PROPER_ONLY
trauma	6	4.14	TOPIC:disease
acquire	7	4.13	NOT_A_WORDNET_NOUN
alike	5	4.13	NOT_A_WORDNET_NOUN
bend	4	4.13	NOT_NOUN_DOMINANT
cheers	6	4.13	NOT_A_WORDNET_NOUN
circles	7	4.13	NOT_A_WORDNET_NOUN
combine	7	4.13	NOT_NOUN_DOMINANT
damages	7	4.13	PLURAL_FORM
dishes	6	4.13	NOT_A_WORDNET_NOUN
dozens	6	4.13	PLURAL_FORM
eaten	5	4.13	NOT_A_WORDNET_NOUN
fitted	6	4.13	NOT_A_WORDNET_NOUN
gaining	7	4.13	NOT_A_WORDNET_NOUN
iconic	6	4.13	NOT_A_WORDNET_NOUN
keen	4	4.13	NOT_NOUN_DOMINANT
lesser	6	4.13	NOT_A_WORDNET_NOUN
mere	4	4.13	NOT_NOUN_DOMINANT
murphy	6	4.13	MANUAL_BLOCK
precise	7	4.13	NOT_A_WORDNET_NOUN
seeks	5	4.13	NOT_A_WORDNET_NOUN
skilled	7	4.13	NOT_A_WORDNET_NOUN
theft	5	4.13	TOPIC:crime
visa	4	4.13	NOT_NOUN_DOMINANT
blew	4	4.12	NOT_A_WORDNET_NOUN
brad	4	4.12	MANUAL_BLOCK
chasing	7	4.12	NOT_A_WORDNET_NOUN
cookies	7	4.12	NOT_A_WORDNET_NOUN
cruel	5	4.12	NOT_A_WORDNET_NOUN
divide	6	4.12	NOT_NOUN_DOMINANT
easter	6	4.12	NAME_OR_PLACE
eleven	6	4.12	MANUAL_BLOCK
heal	4	4.12	NOT_A_WORDNET_NOUN
linear	6	4.12	NOT_A_WORDNET_NOUN
pilots	6	4.12	NOT_A_WORDNET_NOUN
prayers	7	4.12	NOT_A_WORDNET_NOUN
pressed	7	4.12	NOT_A_WORDNET_NOUN
prof	4	4.12	MANUAL_BLOCK
resume	6	4.12	NOT_NOUN_DOMINANT
sealed	6	4.12	NOT_A_WORDNET_NOUN
sounded	7	4.12	NOT_A_WORDNET_NOUN
streams	7	4.12	NOT_A_WORDNET_NOUN
tends	5	4.12	NOT_A_WORDNET_NOUN
zones	5	4.12	NOT_A_WORDNET_NOUN
arrives	7	4.11	NOT_A_WORDNET_NOUN
babe	4	4.11	MANUAL_BLOCK
cared	5	4.11	NOT_A_WORDNET_NOUN
chains	6	4.11	PLURAL_FORM
convert	7	4.11	NOT_NOUN_DOMINANT
cooked	6	4.11	NOT_A_WORDNET_NOUN
cups	4	4.11	NOT_A_WORDNET_NOUN
dental	6	4.11	NOT_NOUN_DOMINANT
enabled	7	4.11	NOT_A_WORDNET_NOUN
eternal	7	4.11	NOT_A_WORDNET_NOUN
freeze	6	4.11	NOT_NOUN_DOMINANT
generic	7	4.11	NOT_NOUN_DOMINANT
happily	7	4.11	NOT_A_WORDNET_NOUN
humble	6	4.11	NOT_A_WORDNET_NOUN
hurting	7	4.11	VERB_FORM
lasting	7	4.11	NOT_A_WORDNET_NOUN
locally	7	4.11	NOT_A_WORDNET_NOUN
loses	5	4.11	NOT_A_WORDNET_NOUN
mild	4	4.11	NOT_A_WORDNET_NOUN
minimal	7	4.11	NOT_A_WORDNET_NOUN
mixing	6	4.11	VERB_FORM
nearest	7	4.11	NOT_A_WORDNET_NOUN
openly	6	4.11	NOT_A_WORDNET_NOUN
pairs	5	4.11	NOT_A_WORDNET_NOUN
parish	6	4.11	TOPIC:religion
poems	5	4.11	NOT_A_WORDNET_NOUN
potter	6	4.11	NOT_NOUN_DOMINANT
selfish	7	4.11	NOT_A_WORDNET_NOUN
urge	4	4.11	NOT_NOUN_DOMINANT
voter	5	4.11	TOPIC:politics
warner	6	4.11	NAME_OR_PLACE
wasting	7	4.11	TOPIC:disease
wasting	7	4.11	MANUAL_BLOCK
backs	5	4.10	NOT_A_WORDNET_NOUN
bridges	7	4.10	PROPER_ONLY
brutal	6	4.10	NOT_A_WORDNET_NOUN
centres	7	4.10	NOT_A_WORDNET_NOUN
cycling	7	4.10	VERB_FORM
dragons	7	4.10	NOT_A_WORDNET_NOUN
draws	5	4.10	NOT_A_WORDNET_NOUN
fatal	5	4.10	NOT_A_WORDNET_NOUN
hardest	7	4.10	NOT_A_WORDNET_NOUN
holland	7	4.10	PROPER_ONLY
honored	7	4.10	NOT_A_WORDNET_NOUN
hunger	6	4.10	NOT_NOUN_DOMINANT
lifted	6	4.10	NOT_A_WORDNET_NOUN
mighty	6	4.10	NOT_A_WORDNET_NOUN
novels	6	4.10	NOT_A_WORDNET_NOUN
polls	5	4.10	PLURAL_FORM
poorly	6	4.10	NOT_A_WORDNET_NOUN
pose	4	4.10	NOT_NOUN_DOMINANT
pour	4	4.10	NOT_A_WORDNET_NOUN
publish	7	4.10	NOT_A_WORDNET_NOUN
purely	6	4.10	NOT_A_WORDNET_NOUN
ralph	5	4.10	NOT_A_WORDNET_NOUN
rewards	7	4.10	NOT_A_WORDNET_NOUN
sang	4	4.10	MANUAL_BLOCK
studios	7	4.10	NOT_A_WORDNET_NOUN
tales	5	4.10	NOT_A_WORDNET_NOUN
titled	6	4.10	NOT_A_WORDNET_NOUN
washed	6	4.10	NOT_A_WORDNET_NOUN
watches	7	4.10	NOT_A_WORDNET_NOUN
advise	6	4.09	NOT_A_WORDNET_NOUN
anxious	7	4.09	NOT_A_WORDNET_NOUN
bombing	7	4.09	MANUAL_BLOCK
colin	5	4.09	NOT_A_WORDNET_NOUN
cult	4	4.09	TOPIC:religion
darling	7	4.09	NAME_OR_PLACE
drill	5	4.09	NOT_NOUN_DOMINANT
edges	5	4.09	NOT_A_WORDNET_NOUN
entries	7	4.09	NOT_A_WORDNET_NOUN
evolved	7	4.09	NOT_A_WORDNET_NOUN
exports	7	4.09	NOT_A_WORDNET_NOUN
flags	5	4.09	NOT_A_WORDNET_NOUN
flies	5	4.09	PLURAL_FORM
heated	6	4.09	NOT_A_WORDNET_NOUN
indoor	6	4.09	NOT_A_WORDNET_NOUN
intend	6	4.09	NOT_A_WORDNET_NOUN
jeans	5	4.09	PLURAL_FORM
jets	4	4.09	NOT_A_WORDNET_NOUN
lasted	6	4.09	NOT_A_WORDNET_NOUN
lawsuit	7	4.09	TOPIC:crime
mice	4	4.09	NOT_A_WORDNET_NOUN
riot	4	4.09	TOPIC:violence
rogers	6	4.09	PROPER_ONLY
safer	5	4.09	NOT_A_WORDNET_NOUN
sells	5	4.09	NOT_A_WORDNET_NOUN
smash	5	4.09	NOT_NOUN_DOMINANT
tender	6	4.09	NOT_NOUN_DOMINANT
tweeted	7	4.09	NOT_A_WORDNET_NOUN
wont	4	4.09	MANUAL_BLOCK
agrees	6	4.08	NOT_A_WORDNET_NOUN
approve	7	4.08	NOT_A_WORDNET_NOUN
breed	5	4.08	NOT_NOUN_DOMINANT
bride	5	4.08	NAME_OR_PLACE
bros	4	4.08	NOT_A_WORDNET_NOUN
butler	6	4.08	NAME_OR_PLACE
careers	7	4.08	NOT_A_WORDNET_NOUN
coke	4	4.08	NAME_OR_PLACE
dump	4	4.08	NOT_NOUN_DOMINANT
essays	6	4.08	NOT_A_WORDNET_NOUN
fairy	5	4.08	TOPIC:religion
fathers	7	4.08	NOT_A_WORDNET_NOUN
focuses	7	4.08	NOT_A_WORDNET_NOUN
freak	5	4.08	MANUAL_BLOCK
gently	6	4.08	NOT_A_WORDNET_NOUN
labels	6	4.08	NOT_A_WORDNET_NOUN
lacking	7	4.08	NOT_A_WORDNET_NOUN
laughs	6	4.08	NOT_A_WORDNET_NOUN
lined	5	4.08	NOT_A_WORDNET_NOUN
lords	5	4.08	NOT_A_WORDNET_NOUN
micro	5	4.08	NOT_A_WORDNET_NOUN
pale	4	4.08	NOT_NOUN_DOMINANT
pastor	6	4.08	NAME_OR_PLACE
pets	4	4.08	NOT_A_WORDNET_NOUN
pockets	7	4.08	NOT_A_WORDNET_NOUN
poison	6	4.08	NOT_NOUN_DOMINANT
predict	7	4.08	NOT_A_WORDNET_NOUN
prints	6	4.08	NOT_A_WORDNET_NOUN
raped	5	4.08	NOT_A_WORDNET_NOUN
rebel	5	4.08	NAME_OR_PLACE
repairs	7	4.08	NOT_A_WORDNET_NOUN
shaking	7	4.08	MANUAL_BLOCK
shaw	4	4.08	PROPER_ONLY
solved	6	4.08	NOT_A_WORDNET_NOUN
subtle	6	4.08	NOT_A_WORDNET_NOUN
tastes	6	4.08	NOT_A_WORDNET_NOUN
throws	6	4.08	NOT_A_WORDNET_NOUN
torn	4	4.08	NOT_A_WORDNET_NOUN
tragic	6	4.08	NOT_A_WORDNET_NOUN
viral	5	4.08	NOT_A_WORDNET_NOUN
wears	5	4.08	NOT_A_WORDNET_NOUN
wives	5	4.08	NOT_A_WORDNET_NOUN
adjust	6	4.07	NOT_A_WORDNET_NOUN
allied	6	4.07	PROPER_ONLY
assess	6	4.07	NOT_A_WORDNET_NOUN
assured	7	4.07	NOT_A_WORDNET_NOUN
avoided	7	4.07	NOT_A_WORDNET_NOUN
brains	6	4.07	NOT_A_WORDNET_NOUN
burger	6	4.07	NAME_OR_PLACE
chiefs	6	4.07	NOT_A_WORDNET_NOUN
curse	5	4.07	TOPIC:profanity
ethical	7	4.07	NOT_A_WORDNET_NOUN
flame	5	4.07	NOT_NOUN_DOMINANT
forests	7	4.07	NOT_A_WORDNET_NOUN
freely	6	4.07	NOT_A_WORDNET_NOUN
fruits	6	4.07	NOT_A_WORDNET_NOUN
grabbed	7	4.07	NOT_A_WORDNET_NOUN
hostile	7	4.07	NOT_NOUN_DOMINANT
kicks	5	4.07	NOT_A_WORDNET_NOUN
legends	7	4.07	NOT_A_WORDNET_NOUN
nicely	6	4.07	NOT_A_WORDNET_NOUN
ninth	5	4.07	MANUAL_BLOCK
notable	7	4.07	NOT_NOUN_DOMINANT
optical	7	4.07	NOT_A_WORDNET_NOUN
petty	5	4.07	NOT_NOUN_DOMINANT
ports	5	4.07	NOT_A_WORDNET_NOUN
rebels	6	4.07	NOT_A_WORDNET_NOUN
rises	5	4.07	NOT_A_WORDNET_NOUN
saves	5	4.07	NOT_A_WORDNET_NOUN
scan	4	4.07	NOT_NOUN_DOMINANT
sectors	7	4.07	NOT_A_WORDNET_NOUN
shorts	6	4.07	PLURAL_FORM
spencer	7	4.07	PROPER_ONLY
sunny	5	4.07	NOT_A_WORDNET_NOUN
tops	4	4.07	NOT_A_WORDNET_NOUN
valued	6	4.07	NOT_A_WORDNET_NOUN
wounds	6	4.07	NOT_A_WORDNET_NOUN
ashamed	7	4.06	NOT_A_WORDNET_NOUN
assure	6	4.06	NOT_A_WORDNET_NOUN
bailey	6	4.06	NAME_OR_PLACE
ballot	6	4.06	TOPIC:politics
cheer	5	4.06	NOT_NOUN_DOMINANT
chile	5	4.06	NAME_OR_PLACE
compact	7	4.06	NOT_NOUN_DOMINANT
corners	7	4.06	NOT_A_WORDNET_NOUN
demon	5	4.06	TOPIC:religion
donated	7	4.06	NOT_A_WORDNET_NOUN
filmed	6	4.06	NOT_A_WORDNET_NOUN
fried	5	4.06	NOT_A_WORDNET_NOUN
guided	6	4.06	NOT_A_WORDNET_NOUN
guinea	6	4.06	NAME_OR_PLACE
halfway	7	4.06	NOT_A_WORDNET_NOUN
happier	7	4.06	NOT_A_WORDNET_NOUN
heels	5	4.06	NOT_A_WORDNET_NOUN
lifting	7	4.06	NOT_A_WORDNET_NOUN
martial	7	4.06	PROPER_ONLY
observe	7	4.06	NOT_A_WORDNET_NOUN
panels	6	4.06	NOT_A_WORDNET_NOUN
proves	6	4.06	NOT_A_WORDNET_NOUN
queens	6	4.06	PROPER_ONLY
reforms	7	4.06	NOT_A_WORDNET_NOUN
rides	5	4.06	NOT_A_WORDNET_NOUN
ripped	6	4.06	NOT_A_WORDNET_NOUN
shadows	7	4.06	NOT_A_WORDNET_NOUN
shout	5	4.06	NOT_NOUN_DOMINANT
sierra	6	4.06	MANUAL_BLOCK
treats	6	4.06	NOT_A_WORDNET_NOUN
unhappy	7	4.06	NOT_A_WORDNET_NOUN
whites	6	4.06	NOT_A_WORDNET_NOUN
alter	5	4.05	NOT_A_WORDNET_NOUN
booked	6	4.05	NOT_A_WORDNET_NOUN
buzz	4	4.05	NOT_NOUN_DOMINANT
crops	5	4.05	NOT_A_WORDNET_NOUN
declare	7	4.05	NOT_A_WORDNET_NOUN
detect	6	4.05	NOT_A_WORDNET_NOUN
diesel	6	4.05	NAME_OR_PLACE
dresses	7	4.05	NOT_A_WORDNET_NOUN
fled	4	4.05	NOT_A_WORDNET_NOUN
foul	4	4.05	NOT_NOUN_DOMINANT
frankly	7	4.05	NOT_A_WORDNET_NOUN
judging	7	4.05	VERB_FORM
knights	7	4.05	NOT_A_WORDNET_NOUN
median	6	4.05	NOT_NOUN_DOMINANT
murders	7	4.05	NOT_A_WORDNET_NOUN
penis	5	4.05	MANUAL_BLOCK
pills	5	4.05	NOT_A_WORDNET_NOUN
planets	7	4.05	NOT_A_WORDNET_NOUN
raises	6	4.05	NOT_A_WORDNET_NOUN
ranges	6	4.05	NOT_A_WORDNET_NOUN
rats	4	4.05	NOT_A_WORDNET_NOUN
retire	6	4.05	NOT_A_WORDNET_NOUN
ruth	4	4.05	NAME_OR_PLACE
savage	6	4.05	NOT_NOUN_DOMINANT
servers	7	4.05	NOT_A_WORDNET_NOUN
shook	5	4.05	MANUAL_BLOCK
shooter	7	4.05	TOPIC:weapons
slim	4	4.05	NOT_A_WORDNET_NOUN
someday	7	4.05	NOT_A_WORDNET_NOUN
speeds	6	4.05	NOT_A_WORDNET_NOUN
static	6	4.05	NOT_NOUN_DOMINANT
symbols	7	4.05	NOT_A_WORDNET_NOUN
travels	7	4.05	NOT_A_WORDNET_NOUN
warfare	7	4.05	TOPIC:violence
anyways	7	4.04	NOT_A_WORDNET_NOUN
argues	6	4.04	NOT_A_WORDNET_NOUN
blows	5	4.04	NOT_A_WORDNET_NOUN
bolt	4	4.04	NOT_NOUN_DOMINANT
brooks	6	4.04	PROPER_ONLY
bugs	4	4.04	NOT_A_WORDNET_NOUN
bust	4	4.04	NOT_NOUN_DOMINANT
clips	5	4.04	NOT_A_WORDNET_NOUN
comply	6	4.04	NOT_A_WORDNET_NOUN
cope	4	4.04	MANUAL_BLOCK
counted	7	4.04	NOT_A_WORDNET_NOUN
crashed	7	4.04	NOT_A_WORDNET_NOUN
creepy	6	4.04	NOT_A_WORDNET_NOUN
donate	6	4.04	NOT_A_WORDNET_NOUN
dried	5	4.04	NOT_A_WORDNET_NOUN
editors	7	4.04	NOT_A_WORDNET_NOUN
enhance	7	4.04	NOT_A_WORDNET_NOUN
floors	6	4.04	NOT_A_WORDNET_NOUN
gloves	6	4.04	NOT_A_WORDNET_NOUN
harper	6	4.04	MANUAL_BLOCK
hart	4	4.04	NAME_OR_PLACE
induced	7	4.04	NOT_A_WORDNET_NOUN
jesse	5	4.04	NOT_A_WORDNET_NOUN
joins	5	4.04	NOT_A_WORDNET_NOUN
joking	6	4.04	NOT_A_WORDNET_NOUN
logan	5	4.04	PROPER_ONLY
nails	5	4.04	NOT_A_WORDNET_NOUN
newest	6	4.04	NOT_A_WORDNET_NOUN
origins	7	4.04	NOT_A_WORDNET_NOUN
planted	7	4.04	NOT_A_WORDNET_NOUN
pricing	7	4.04	VERB_FORM
renewed	7	4.04	NOT_A_WORDNET_NOUN
shallow	7	4.04	NOT_NOUN_DOMINANT
shitty	6	4.04	NOT_A_WORDNET_NOUN
sins	4	4.04	NOT_A_WORDNET_NOUN
smells	6	4.04	NOT_A_WORDNET_NOUN
sponsor	7	4.04	NOT_NOUN_DOMINANT
strings	7	4.04	PLURAL_FORM
thee	4	4.04	NOT_A_WORDNET_NOUN
thermal	7	4.04	NOT_NOUN_DOMINANT
trades	6	4.04	NOT_A_WORDNET_NOUN
yelling	7	4.04	VERB_FORM
aliens	6	4.03	NOT_A_WORDNET_NOUN
arabic	6	4.03	PROPER_ONLY
arctic	6	4.03	NAME_OR_PLACE
assists	7	4.03	NOT_A_WORDNET_NOUN
bristol	7	4.03	PROPER_ONLY
burnt	5	4.03	NOT_A_WORDNET_NOUN
cease	5	4.03	NOT_NOUN_DOMINANT
chapel	6	4.03	TOPIC:religion
cowboys	7	4.03	NOT_A_WORDNET_NOUN
crushed	7	4.03	NOT_A_WORDNET_NOUN
differ	6	4.03	NOT_A_WORDNET_NOUN
eager	5	4.03	MANUAL_BLOCK
elect	5	4.03	NOT_NOUN_DOMINANT
flames	6	4.03	NOT_A_WORDNET_NOUN
impacts	7	4.03	NOT_A_WORDNET_NOUN
insist	6	4.03	NOT_A_WORDNET_NOUN
marc	4	4.03	TOPIC:alcohol
marc	4	4.03	MANUAL_BLOCK
mineral	7	4.03	NOT_NOUN_DOMINANT
modest	6	4.03	NOT_A_WORDNET_NOUN
motors	6	4.03	NOT_A_WORDNET_NOUN
passive	7	4.03	NOT_NOUN_DOMINANT
rays	4	4.03	NOT_A_WORDNET_NOUN
reject	6	4.03	NOT_NOUN_DOMINANT
schemes	7	4.03	NOT_A_WORDNET_NOUN
screens	7	4.03	NOT_A_WORDNET_NOUN
seized	6	4.03	NOT_A_WORDNET_NOUN
shipped	7	4.03	NOT_A_WORDNET_NOUN
socks	5	4.03	NOT_A_WORDNET_NOUN
suited	6	4.03	NOT_A_WORDNET_NOUN
thereby	7	4.03	NOT_A_WORDNET_NOUN
tires	5	4.03	NOT_A_WORDNET_NOUN
tribal	6	4.03	NOT_A_WORDNET_NOUN
tribes	6	4.03	NOT_A_WORDNET_NOUN
vampire	7	4.03	TOPIC:religion
varied	6	4.03	NOT_A_WORDNET_NOUN
verdict	7	4.03	TOPIC:crime
abandon	7	4.02	NOT_NOUN_DOMINANT
altered	7	4.02	NOT_A_WORDNET_NOUN
bizarre	7	4.02	NOT_A_WORDNET_NOUN
bounce	6	4.02	NOT_NOUN_DOMINANT
bullets	7	4.02	NOT_A_WORDNET_NOUN
buses	5	4.02	NOT_A_WORDNET_NOUN
cannon	6	4.02	TOPIC:weapons
chairs	6	4.02	NOT_A_WORDNET_NOUN
cleaned	7	4.02	NOT_A_WORDNET_NOUN
extract	7	4.02	NOT_NOUN_DOMINANT
ferry	5	4.02	NOT_NOUN_DOMINANT
fisher	6	4.02	MANUAL_BLOCK
flowing	7	4.02	VERB_FORM
gauge	5	4.02	NOT_NOUN_DOMINANT
goat	4	4.02	NAME_OR_PLACE
heck	4	4.02	NOT_A_WORDNET_NOUN
holders	7	4.02	NOT_A_WORDNET_NOUN
idiots	6	4.02	NOT_A_WORDNET_NOUN
innings	7	4.02	PLURAL_FORM
insects	7	4.02	NOT_A_WORDNET_NOUN
liar	4	4.02	TOPIC:crime
liar	4	4.02	MANUAL_BLOCK
mercury	7	4.02	NAME_OR_PLACE
namely	6	4.02	NOT_A_WORDNET_NOUN
needing	7	4.02	NOT_A_WORDNET_NOUN
nerves	6	4.02	PLURAL_FORM
palmer	6	4.02	PROPER_ONLY
paths	5	4.02	NOT_A_WORDNET_NOUN
peers	5	4.02	NOT_A_WORDNET_NOUN
pending	7	4.02	NOT_A_WORDNET_NOUN
possess	7	4.02	NOT_A_WORDNET_NOUN
praised	7	4.02	NOT_A_WORDNET_NOUN
refuses	7	4.02	NOT_A_WORDNET_NOUN
ruins	5	4.02	NOT_A_WORDNET_NOUN
stakes	6	4.02	PLURAL_FORM
tire	4	4.02	NOT_NOUN_DOMINANT
towers	6	4.02	NOT_A_WORDNET_NOUN
utterly	7	4.02	NOT_A_WORDNET_NOUN
warn	4	4.02	NOT_A_WORDNET_NOUN
bail	4	4.01	NOT_NOUN_DOMINANT
broader	7	4.01	NOT_A_WORDNET_NOUN
dealers	7	4.01	NOT_A_WORDNET_NOUN
desires	7	4.01	NOT_A_WORDNET_NOUN
enters	6	4.01	NOT_A_WORDNET_NOUN
frames	6	4.01	NOT_A_WORDNET_NOUN
goddess	7	4.01	TOPIC:religion
hats	4	4.01	NOT_A_WORDNET_NOUN
legit	5	4.01	NOT_A_WORDNET_NOUN
liquor	6	4.01	TOPIC:alcohol
loser	5	4.01	MANUAL_BLOCK
massage	7	4.01	NOT_NOUN_DOMINANT
matched	7	4.01	NOT_A_WORDNET_NOUN
messed	6	4.01	NOT_A_WORDNET_NOUN
notably	7	4.01	NOT_A_WORDNET_NOUN
priests	7	4.01	NOT_A_WORDNET_NOUN
prizes	6	4.01	NOT_A_WORDNET_NOUN
pulls	5	4.01	NOT_A_WORDNET_NOUN
relaxed	7	4.01	NOT_A_WORDNET_NOUN
roses	5	4.01	NOT_A_WORDNET_NOUN
rumors	6	4.01	NOT_A_WORDNET_NOUN
sail	4	4.01	NOT_NOUN_DOMINANT
sheer	5	4.01	NOT_A_WORDNET_NOUN
shifts	6	4.01	NOT_A_WORDNET_NOUN
stark	5	4.01	NOT_A_WORDNET_NOUN
tweets	6	4.01	NOT_A_WORDNET_NOUN
urged	5	4.01	NOT_A_WORDNET_NOUN
void	4	4.01	NOT_NOUN_DOMINANT
whip	4	4.01	NOT_NOUN_DOMINANT
wolves	6	4.01	NOT_A_WORDNET_NOUN
abused	6	4.00	NOT_A_WORDNET_NOUN
acute	5	4.00	NOT_NOUN_DOMINANT
arrange	7	4.00	NOT_A_WORDNET_NOUN
behave	6	4.00	NOT_A_WORDNET_NOUN
betting	7	4.00	NOT_A_WORDNET_NOUN
borrow	6	4.00	NOT_A_WORDNET_NOUN
camping	7	4.00	VERB_FORM
capitol	7	4.00	NAME_OR_PLACE
chin	4	4.00	NAME_OR_PLACE
civic	5	4.00	NOT_A_WORDNET_NOUN
coup	4	4.00	TOPIC:politics
crude	5	4.00	NOT_NOUN_DOMINANT
demons	6	4.00	NOT_A_WORDNET_NOUN
dragged	7	4.00	NOT_A_WORDNET_NOUN
exams	5	4.00	NOT_A_WORDNET_NOUN
firmly	6	4.00	NOT_A_WORDNET_NOUN
flour	5	4.00	NOT_NOUN_DOMINANT
geneva	6	4.00	NAME_OR_PLACE
inspire	7	4.00	NOT_A_WORDNET_NOUN
java	4	4.00	NAME_OR_PLACE
jerk	4	4.00	MANUAL_BLOCK
kindly	6	4.00	NOT_A_WORDNET_NOUN
leaked	6	4.00	NOT_A_WORDNET_NOUN
locals	6	4.00	NOT_A_WORDNET_NOUN
lottery	7	4.00	TOPIC:gambling
minus	5	4.00	NOT_NOUN_DOMINANT
noting	6	4.00	NOT_A_WORDNET_NOUN
nude	4	4.00	MANUAL_BLOCK
organs	6	4.00	PLURAL_FORM
outlets	7	4.00	NOT_A_WORDNET_NOUN
pledge	6	4.00	NOT_NOUN_DOMINANT
proving	7	4.00	NOT_A_WORDNET_NOUN
screwed	7	4.00	NOT_A_WORDNET_NOUN
shades	6	4.00	PLURAL_FORM
spurs	5	4.00	NOT_A_WORDNET_NOUN
surveys	7	4.00	NOT_A_WORDNET_NOUN
tits	4	4.00	NOT_A_WORDNET_NOUN
wished	6	4.00	NOT_A_WORDNET_NOUN
wonders	7	4.00	NOT_A_WORDNET_NOUN
bent	4	3.99	MANUAL_BLOCK
cluster	7	3.99	NOT_NOUN_DOMINANT
cracked	7	3.99	NOT_A_WORDNET_NOUN
deaf	4	3.99	NOT_NOUN_DOMINANT
debts	5	3.99	NOT_A_WORDNET_NOUN
digging	7	3.99	VERB_FORM
evident	7	3.99	NOT_A_WORDNET_NOUN
extends	7	3.99	NOT_A_WORDNET_NOUN
goddamn	7	3.99	NOT_A_WORDNET_NOUN
guides	6	3.99	NOT_A_WORDNET_NOUN
liking	6	3.99	VERB_FORM
mates	5	3.99	PLURAL_FORM
neat	4	3.99	NOT_A_WORDNET_NOUN
pigs	4	3.99	NOT_A_WORDNET_NOUN
pirates	7	3.99	NOT_A_WORDNET_NOUN
posters	7	3.99	NOT_A_WORDNET_NOUN
praying	7	3.99	NOT_A_WORDNET_NOUN
propose	7	3.99	NOT_A_WORDNET_NOUN
recipes	7	3.99	NOT_A_WORDNET_NOUN
remix	5	3.99	NOT_A_WORDNET_NOUN
riders	6	3.99	NOT_A_WORDNET_NOUN
robots	6	3.99	NOT_A_WORDNET_NOUN
rockets	7	3.99	NOT_A_WORDNET_NOUN
shapes	6	3.99	NOT_A_WORDNET_NOUN
skinny	6	3.99	NOT_NOUN_DOMINANT
slipped	7	3.99	NOT_A_WORDNET_NOUN
sneak	5	3.99	NOT_NOUN_DOMINANT
solving	7	3.99	VERB_FORM
sore	4	3.99	NOT_NOUN_DOMINANT
steep	5	3.99	NOT_NOUN_DOMINANT
upload	6	3.99	NOT_A_WORDNET_NOUN
weigh	5	3.99	NOT_A_WORDNET_NOUN
wicked	6	3.99	NOT_A_WORDNET_NOUN
absent	6	3.98	NOT_A_WORDNET_NOUN
adapt	5	3.98	NOT_A_WORDNET_NOUN
atomic	6	3.98	NOT_A_WORDNET_NOUN
bump	4	3.98	NOT_NOUN_DOMINANT
buttons	7	3.98	NOT_A_WORDNET_NOUN
cocaine	7	3.98	TOPIC:drugs
cocaine	7	3.98	MANUAL_BLOCK
crowded	7	3.98	NOT_A_WORDNET_NOUN
dale	4	3.98	MANUAL_BLOCK
debates	7	3.98	NOT_A_WORDNET_NOUN
delays	6	3.98	NOT_A_WORDNET_NOUN
dense	5	3.98	NOT_A_WORDNET_NOUN
expose	6	3.98	NOT_NOUN_DOMINANT
furious	7	3.98	NOT_A_WORDNET_NOUN
harbour	7	3.98	NOT_NOUN_DOMINANT
implies	7	3.98	NOT_A_WORDNET_NOUN
intact	6	3.98	NOT_A_WORDNET_NOUN
kitty	5	3.98	TOPIC:gambling
kitty	5	3.98	MANUAL_BLOCK
medals	6	3.98	NOT_A_WORDNET_NOUN
olds	4	3.98	NOT_A_WORDNET_NOUN
porter	6	3.98	MANUAL_BLOCK
prophet	7	3.98	TOPIC:religion
reduces	7	3.98	NOT_A_WORDNET_NOUN
rounded	7	3.98	NOT_A_WORDNET_NOUN
rushed	6	3.98	NOT_A_WORDNET_NOUN
sanders	7	3.98	NOT_A_WORDNET_NOUN
satisfy	7	3.98	NOT_A_WORDNET_NOUN
scales	6	3.98	NOT_A_WORDNET_NOUN
shifted	7	3.98	NOT_A_WORDNET_NOUN
shining	7	3.98	NOT_NOUN_DOMINANT
slower	6	3.98	NOT_A_WORDNET_NOUN
touches	7	3.98	NOT_A_WORDNET_NOUN
twisted	7	3.98	NOT_A_WORDNET_NOUN
wade	4	3.98	PROPER_ONLY
admire	6	3.97	NOT_A_WORDNET_NOUN
autism	6	3.97	TOPIC:disease
autism	6	3.97	MANUAL_BLOCK
berry	5	3.97	NAME_OR_PLACE
bulls	5	3.97	NOT_A_WORDNET_NOUN
columns	7	3.97	NOT_A_WORDNET_NOUN
coupled	7	3.97	NOT_A_WORDNET_NOUN
delight	7	3.97	NOT_NOUN_DOMINANT
handy	5	3.97	PROPER_ONLY
harmful	7	3.97	NOT_A_WORDNET_NOUN
hers	4	3.97	NOT_A_WORDNET_NOUN
kissing	7	3.97	VERB_FORM
lanes	5	3.97	NOT_A_WORDNET_NOUN
licence	7	3.97	BRITISH_SPELLING
lungs	5	3.97	NOT_A_WORDNET_NOUN
poker	5	3.97	TOPIC:gambling
priced	6	3.97	NOT_A_WORDNET_NOUN
resign	6	3.97	NOT_A_WORDNET_NOUN
robbery	7	3.97	TOPIC:crime
runners	7	3.97	NOT_A_WORDNET_NOUN
sally	5	3.97	MANUAL_BLOCK
slap	4	3.97	NOT_NOUN_DOMINANT
sweep	5	3.97	NOT_NOUN_DOMINANT
talents	7	3.97	NOT_A_WORDNET_NOUN
tumor	5	3.97	TOPIC:disease
tumor	5	3.97	MANUAL_BLOCK
varying	7	3.97	NOT_A_WORDNET_NOUN
apples	6	3.96	NOT_A_WORDNET_NOUN
beaches	7	3.96	NOT_A_WORDNET_NOUN
bees	4	3.96	NOT_A_WORDNET_NOUN
closes	6	3.96	NOT_A_WORDNET_NOUN
curry	5	3.96	NOT_NOUN_DOMINANT
drake	5	3.96	NAME_OR_PLACE
employ	6	3.96	NOT_NOUN_DOMINANT
enforce	7	3.96	NOT_A_WORDNET_NOUN
eyed	4	3.96	NOT_A_WORDNET_NOUN
judged	6	3.96	NOT_A_WORDNET_NOUN
lightly	7	3.96	NOT_A_WORDNET_NOUN
linking	7	3.96	NOT_A_WORDNET_NOUN
melt	4	3.96	NOT_NOUN_DOMINANT
modes	5	3.96	NOT_A_WORDNET_NOUN
nominee	7	3.96	TOPIC:politics
oath	4	3.96	TOPIC:profanity
offence	7	3.96	BRITISH_SPELLING
pirate	6	3.96	TOPIC:crime
polar	5	3.96	NOT_A_WORDNET_NOUN
sharks	6	3.96	NOT_A_WORDNET_NOUN
shoots	6	3.96	NOT_A_WORDNET_NOUN
stir	4	3.96	NOT_NOUN_DOMINANT
stuffed	7	3.96	NOT_A_WORDNET_NOUN
suburbs	7	3.96	NOT_A_WORDNET_NOUN
superb	6	3.96	NOT_A_WORDNET_NOUN
theirs	6	3.96	NOT_A_WORDNET_NOUN
toes	4	3.96	NOT_A_WORDNET_NOUN
traits	6	3.96	NOT_A_WORDNET_NOUN
tricky	6	3.96	NOT_A_WORDNET_NOUN
triumph	7	3.96	NOT_NOUN_DOMINANT
unto	4	3.96	NOT_A_WORDNET_NOUN
viable	6	3.96	NOT_A_WORDNET_NOUN
absurd	6	3.95	NOT_NOUN_DOMINANT
amid	4	3.95	NOT_A_WORDNET_NOUN
annoyed	7	3.95	NOT_A_WORDNET_NOUN
builds	6	3.95	NOT_A_WORDNET_NOUN
cough	5	3.95	TOPIC:disease
cousins	7	3.95	NOT_A_WORDNET_NOUN
denying	7	3.95	NOT_A_WORDNET_NOUN
doubts	6	3.95	NOT_A_WORDNET_NOUN
drank	5	3.95	NOT_A_WORDNET_NOUN
dudes	5	3.95	NOT_A_WORDNET_NOUN
eats	4	3.95	VERB_FORM
elegant	7	3.95	NOT_A_WORDNET_NOUN
excuses	7	3.95	NOT_A_WORDNET_NOUN
execute	7	3.95	NOT_A_WORDNET_NOUN
frost	5	3.95	NOT_NOUN_DOMINANT
herald	6	3.95	NOT_NOUN_DOMINANT
hollow	6	3.95	NOT_NOUN_DOMINANT
kane	4	3.95	NOT_A_WORDNET_NOUN
kissed	6	3.95	NOT_A_WORDNET_NOUN
lame	4	3.95	NOT_NOUN_DOMINANT
metals	6	3.95	NOT_A_WORDNET_NOUN
pipes	5	3.95	NOT_A_WORDNET_NOUN
punish	6	3.95	NOT_A_WORDNET_NOUN
replies	7	3.95	NOT_A_WORDNET_NOUN
rivals	6	3.95	NOT_A_WORDNET_NOUN
rushing	7	3.95	MANUAL_BLOCK
secular	7	3.95	NOT_NOUN_DOMINANT
sixteen	7	3.95	MANUAL_BLOCK
spends	6	3.95	NOT_A_WORDNET_NOUN
stat	4	3.95	NOT_A_WORDNET_NOUN
teaches	7	3.95	NOT_A_WORDNET_NOUN
tense	5	3.95	NOT_NOUN_DOMINANT
tracked	7	3.95	NOT_A_WORDNET_NOUN
traders	7	3.95	NOT_A_WORDNET_NOUN
troy	4	3.95	NAME_OR_PLACE
waking	6	3.95	VERB_FORM
admits	6	3.94	NOT_A_WORDNET_NOUN
anal	4	3.94	NOT_A_WORDNET_NOUN
breasts	7	3.94	NOT_A_WORDNET_NOUN
citing	6	3.94	NOT_A_WORDNET_NOUN
consist	7	3.94	NOT_A_WORDNET_NOUN
dull	4	3.94	NOT_A_WORDNET_NOUN
enables	7	3.94	NOT_A_WORDNET_NOUN
feared	6	3.94	NOT_A_WORDNET_NOUN
float	5	3.94	NOT_NOUN_DOMINANT
grind	5	3.94	NOT_NOUN_DOMINANT
hunters	7	3.94	NOT_A_WORDNET_NOUN
lance	5	3.94	TOPIC:weapons
locate	6	3.94	NOT_A_WORDNET_NOUN
locks	5	3.94	NOT_A_WORDNET_NOUN
lynch	5	3.94	NOT_A_WORDNET_NOUN
manages	7	3.94	NOT_A_WORDNET_NOUN
masses	6	3.94	PLURAL_FORM
nazis	5	3.94	NOT_A_WORDNET_NOUN
newer	5	3.94	NOT_A_WORDNET_NOUN
newton	6	3.94	NAME_OR_PLACE
oppose	6	3.94	NOT_A_WORDNET_NOUN
optimal	7	3.94	NOT_A_WORDNET_NOUN
packs	5	3.94	NOT_A_WORDNET_NOUN
permits	7	3.94	NOT_A_WORDNET_NOUN
pops	4	3.94	NOT_A_WORDNET_NOUN
postal	6	3.94	NOT_A_WORDNET_NOUN
prep	4	3.94	MANUAL_BLOCK
rescued	7	3.94	NOT_A_WORDNET_NOUN
risky	5	3.94	NOT_A_WORDNET_NOUN
robust	6	3.94	NOT_A_WORDNET_NOUN
scam	4	3.94	TOPIC:crime
sided	5	3.94	NOT_A_WORDNET_NOUN
sober	5	3.94	NOT_A_WORDNET_NOUN
squeeze	7	3.94	NOT_NOUN_DOMINANT
storms	6	3.94	NOT_A_WORDNET_NOUN
swap	4	3.94	NOT_NOUN_DOMINANT
swept	5	3.94	NOT_A_WORDNET_NOUN
themed	6	3.94	NOT_A_WORDNET_NOUN
tubes	5	3.94	NOT_A_WORDNET_NOUN
varies	6	3.94	NOT_A_WORDNET_NOUN
wishing	7	3.94	VERB_FORM
zombie	6	3.94	TOPIC:death
acre	4	3.93	NAME_OR_PLACE
amen	4	3.93	PROPER_ONLY
arise	5	3.93	NOT_A_WORDNET_NOUN
ashes	5	3.93	NOT_A_WORDNET_NOUN
begging	7	3.93	VERB_FORM
bundle	6	3.93	NOT_NOUN_DOMINANT
buys	4	3.93	NOT_A_WORDNET_NOUN
catches	7	3.93	NOT_A_WORDNET_NOUN
chad	4	3.93	NAME_OR_PLACE
costly	6	3.93	NOT_A_WORDNET_NOUN
cows	4	3.93	PLURAL_FORM
cries	5	3.93	NOT_A_WORDNET_NOUN
cycles	6	3.93	NOT_A_WORDNET_NOUN
darker	6	3.93	NOT_A_WORDNET_NOUN
davies	6	3.93	NOT_A_WORDNET_NOUN
downs	5	3.93	NOT_A_WORDNET_NOUN
drums	5	3.93	NOT_A_WORDNET_NOUN
enjoys	6	3.93	NOT_A_WORDNET_NOUN
halt	4	3.93	NOT_NOUN_DOMINANT
implied	7	3.93	NOT_A_WORDNET_NOUN
impress	7	3.93	NOT_NOUN_DOMINANT
miners	6	3.93	NOT_A_WORDNET_NOUN
monk	4	3.93	NAME_OR_PLACE
occupy	6	3.93	NOT_A_WORDNET_NOUN
pierce	6	3.93	PROPER_ONLY
pistol	6	3.93	TOPIC:weapons
prone	5	3.93	NOT_A_WORDNET_NOUN
raiders	7	3.93	NOT_A_WORDNET_NOUN
readily	7	3.93	NOT_A_WORDNET_NOUN
seas	4	3.93	NOT_A_WORDNET_NOUN
sensors	7	3.93	NOT_A_WORDNET_NOUN
shells	6	3.93	NOT_A_WORDNET_NOUN
siege	5	3.93	TOPIC:violence
sixty	5	3.93	MANUAL_BLOCK
sonic	5	3.93	NOT_A_WORDNET_NOUN
sustain	7	3.93	NOT_A_WORDNET_NOUN
unclear	7	3.93	NOT_A_WORDNET_NOUN
baked	5	3.92	NOT_A_WORDNET_NOUN
crane	5	3.92	NAME_OR_PLACE
easiest	7	3.92	NOT_A_WORDNET_NOUN
educate	7	3.92	NOT_A_WORDNET_NOUN
exceed	6	3.92	NOT_A_WORDNET_NOUN
fierce	6	3.92	NOT_A_WORDNET_NOUN
hail	4	3.92	NOT_NOUN_DOMINANT
heroin	6	3.92	TOPIC:drugs
heroin	6	3.92	MANUAL_BLOCK
honda	5	3.92	NOT_A_WORDNET_NOUN
hooked	6	3.92	NOT_A_WORDNET_NOUN
impose	6	3.92	NOT_A_WORDNET_NOUN
joey	4	3.92	NOT_A_WORDNET_NOUN
lend	4	3.92	NOT_A_WORDNET_NOUN
lengths	7	3.92	NOT_A_WORDNET_NOUN
luckily	7	3.92	NOT_A_WORDNET_NOUN
marines	7	3.92	PROPER_ONLY
polite	6	3.92	NOT_A_WORDNET_NOUN
quicker	7	3.92	NOT_A_WORDNET_NOUN
randy	5	3.92	NOT_A_WORDNET_NOUN
romans	6	3.92	PROPER_ONLY
senses	6	3.92	NOT_A_WORDNET_NOUN
smoked	6	3.92	NOT_A_WORDNET_NOUN
tenth	5	3.92	MANUAL_BLOCK
topped	6	3.92	NOT_A_WORDNET_NOUN
trails	6	3.92	NOT_A_WORDNET_NOUN
venues	6	3.92	NOT_A_WORDNET_NOUN
albeit	6	3.91	NOT_A_WORDNET_NOUN
amazed	6	3.91	NOT_A_WORDNET_NOUN
bake	4	3.91	NOT_A_WORDNET_NOUN
danish	6	3.91	NAME_OR_PLACE
drafted	7	3.91	NOT_A_WORDNET_NOUN
exotic	6	3.91	NOT_A_WORDNET_NOUN
glance	6	3.91	NOT_NOUN_DOMINANT
killers	7	3.91	NOT_A_WORDNET_NOUN
labeled	7	3.91	NOT_A_WORDNET_NOUN
lone	4	3.91	NOT_A_WORDNET_NOUN
parked	6	3.91	NOT_A_WORDNET_NOUN
pioneer	7	3.91	NOT_NOUN_DOMINANT
reds	4	3.91	NOT_A_WORDNET_NOUN
rode	4	3.91	NOT_A_WORDNET_NOUN
skies	5	3.91	NOT_A_WORDNET_NOUN
smarter	7	3.91	NOT_A_WORDNET_NOUN
smiles	6	3.91	NOT_A_WORDNET_NOUN
stamps	6	3.91	NOT_A_WORDNET_NOUN
stare	5	3.91	NOT_NOUN_DOMINANT
sung	4	3.91	PROPER_ONLY
tablets	7	3.91	NOT_A_WORDNET_NOUN
thirds	6	3.91	NOT_A_WORDNET_NOUN
toss	4	3.91	NOT_NOUN_DOMINANT
verbal	6	3.91	NOT_A_WORDNET_NOUN
vocals	6	3.91	NOT_A_WORDNET_NOUN
yang	4	3.91	MANUAL_BLOCK
angles	6	3.90	NOT_A_WORDNET_NOUN
armies	6	3.90	NOT_A_WORDNET_NOUN
beers	5	3.90	NOT_A_WORDNET_NOUN
bells	5	3.90	NOT_A_WORDNET_NOUN
blamed	6	3.90	NOT_A_WORDNET_NOUN
blunt	5	3.90	NOT_A_WORDNET_NOUN
boobs	5	3.90	NOT_A_WORDNET_NOUN
bosses	6	3.90	NOT_A_WORDNET_NOUN
brakes	6	3.90	PLURAL_FORM
burial	6	3.90	TOPIC:death
champ	5	3.90	NOT_NOUN_DOMINANT
cheated	7	3.90	NOT_A_WORDNET_NOUN
chrome	6	3.90	NOT_NOUN_DOMINANT
cracks	6	3.90	NOT_A_WORDNET_NOUN
dancers	7	3.90	NOT_A_WORDNET_NOUN
ditch	5	3.90	NOT_NOUN_DOMINANT
dope	4	3.90	TOPIC:drugs
dope	4	3.90	MANUAL_BLOCK
ducks	5	3.90	NOT_A_WORDNET_NOUN
dumped	6	3.90	NOT_A_WORDNET_NOUN
framed	6	3.90	NOT_A_WORDNET_NOUN
fucks	5	3.90	NOT_A_WORDNET_NOUN
gibson	6	3.90	PROPER_ONLY
gilbert	7	3.90	NAME_OR_PLACE
gosh	4	3.90	NOT_A_WORDNET_NOUN
griffin	7	3.90	MANUAL_BLOCK
hostage	7	3.90	TOPIC:crime
hostage	7	3.90	MANUAL_BLOCK
hottest	7	3.90	NOT_A_WORDNET_NOUN
lakers	6	3.90	NOT_A_WORDNET_NOUN
lasts	5	3.90	NOT_A_WORDNET_NOUN
leagues	7	3.90	NOT_A_WORDNET_NOUN
notices	7	3.90	NOT_A_WORDNET_NOUN
rack	4	3.90	NOT_NOUN_DOMINANT
rebuild	7	3.90	NOT_A_WORDNET_NOUN
riley	5	3.90	PROPER_ONLY
stabbed	7	3.90	NOT_A_WORDNET_NOUN
stern	5	3.90	NOT_NOUN_DOMINANT
stiff	5	3.90	NOT_NOUN_DOMINANT
sued	4	3.90	NOT_A_WORDNET_NOUN
sums	4	3.90	NOT_A_WORDNET_NOUN
sworn	5	3.90	NOT_A_WORDNET_NOUN
theres	6	3.90	NOT_A_WORDNET_NOUN
titans	6	3.90	NOT_A_WORDNET_NOUN
tory	4	3.90	PROPER_ONLY
trinity	7	3.90	NAME_OR_PLACE
unite	5	3.90	NOT_A_WORDNET_NOUN
unlock	6	3.90	NOT_A_WORDNET_NOUN
vault	5	3.90	TOPIC:death
adverse	7	3.89	NOT_A_WORDNET_NOUN
aiming	6	3.89	NOT_A_WORDNET_NOUN
alumni	6	3.89	NOT_A_WORDNET_NOUN
awhile	6	3.89	NOT_A_WORDNET_NOUN
bastard	7	3.89	MANUAL_BLOCK
bikes	5	3.89	NOT_A_WORDNET_NOUN
bury	4	3.89	NOT_A_WORDNET_NOUN
crews	5	3.89	NOT_A_WORDNET_NOUN
cubs	4	3.89	NOT_A_WORDNET_NOUN
dangers	7	3.89	NOT_A_WORDNET_NOUN
doubled	7	3.89	NOT_A_WORDNET_NOUN
doubles	7	3.89	PLURAL_FORM
emerge	6	3.89	NOT_A_WORDNET_NOUN
expects	7	3.89	NOT_A_WORDNET_NOUN
feeds	5	3.89	NOT_A_WORDNET_NOUN
fond	4	3.89	NOT_A_WORDNET_NOUN
foolish	7	3.89	NOT_A_WORDNET_NOUN
gifted	6	3.89	NOT_A_WORDNET_NOUN
hacking	7	3.89	NOT_A_WORDNET_NOUN
hawks	5	3.89	NOT_A_WORDNET_NOUN
homer	5	3.89	MANUAL_BLOCK
jenny	5	3.89	NAME_OR_PLACE
lacks	5	3.89	NOT_A_WORDNET_NOUN
leaning	7	3.89	MANUAL_BLOCK
liable	6	3.89	NOT_A_WORDNET_NOUN
midst	5	3.89	MANUAL_BLOCK
mommy	5	3.89	MANUAL_BLOCK
mosque	6	3.89	TOPIC:religion
museums	7	3.89	NOT_A_WORDNET_NOUN
phrases	7	3.89	NOT_A_WORDNET_NOUN
plague	6	3.89	TOPIC:disease
plains	6	3.89	NOT_A_WORDNET_NOUN
pursued	7	3.89	VERB_FORM
raids	5	3.89	NOT_A_WORDNET_NOUN
recruit	7	3.89	NOT_NOUN_DOMINANT
resting	7	3.89	NOT_A_WORDNET_NOUN
seated	6	3.89	NOT_A_WORDNET_NOUN
sharply	7	3.89	NOT_A_WORDNET_NOUN
showers	7	3.89	NOT_A_WORDNET_NOUN
sings	5	3.89	NOT_A_WORDNET_NOUN
tens	4	3.89	NOT_A_WORDNET_NOUN
tomb	4	3.89	TOPIC:death
touring	7	3.89	NOT_A_WORDNET_NOUN
traces	6	3.89	NOT_A_WORDNET_NOUN
trim	4	3.89	NOT_NOUN_DOMINANT
weaker	6	3.89	NOT_A_WORDNET_NOUN
yields	6	3.89	NOT_A_WORDNET_NOUN
abbey	5	3.88	TOPIC:religion
accepts	7	3.88	NOT_A_WORDNET_NOUN
blah	4	3.88	MANUAL_BLOCK
blaming	7	3.88	NOT_A_WORDNET_NOUN
bomber	6	3.88	MANUAL_BLOCK
carved	6	3.88	NOT_A_WORDNET_NOUN
consume	7	3.88	NOT_A_WORDNET_NOUN
estates	7	3.88	NOT_A_WORDNET_NOUN
filters	7	3.88	NOT_A_WORDNET_NOUN
fools	5	3.88	NOT_A_WORDNET_NOUN
ghosts	6	3.88	NOT_A_WORDNET_NOUN
holly	5	3.88	NAME_OR_PLACE
immense	7	3.88	NOT_A_WORDNET_NOUN
imports	7	3.88	NOT_A_WORDNET_NOUN
leaks	5	3.88	NOT_A_WORDNET_NOUN
manila	6	3.88	NAME_OR_PLACE
masks	5	3.88	NOT_A_WORDNET_NOUN
militia	7	3.88	TOPIC:violence
naming	6	3.88	MANUAL_BLOCK
poles	5	3.88	NOT_A_WORDNET_NOUN
ranger	6	3.88	NAME_OR_PLACE
rented	6	3.88	NOT_A_WORDNET_NOUN
robbed	6	3.88	NOT_A_WORDNET_NOUN
seniors	7	3.88	NOT_A_WORDNET_NOUN
shiny	5	3.88	NOT_A_WORDNET_NOUN
sour	4	3.88	NOT_NOUN_DOMINANT
sucking	7	3.88	VERB_FORM
tenants	7	3.88	NOT_A_WORDNET_NOUN
thief	5	3.88	TOPIC:crime
verify	6	3.88	NOT_A_WORDNET_NOUN
whats	5	3.88	NOT_A_WORDNET_NOUN
whistle	7	3.88	NOT_NOUN_DOMINANT
yearly	6	3.88	NOT_NOUN_DOMINANT
abusive	7	3.87	NOT_A_WORDNET_NOUN
beth	4	3.87	MANUAL_BLOCK
bids	4	3.87	NOT_A_WORDNET_NOUN
blades	6	3.87	NOT_A_WORDNET_NOUN
bully	5	3.87	NOT_NOUN_DOMINANT
burke	5	3.87	PROPER_ONLY
cables	6	3.87	NOT_A_WORDNET_NOUN
chicks	6	3.87	NOT_A_WORDNET_NOUN
consult	7	3.87	NOT_A_WORDNET_NOUN
crashes	7	3.87	NOT_A_WORDNET_NOUN
crowds	6	3.87	NOT_A_WORDNET_NOUN
cunt	4	3.87	MANUAL_BLOCK
damned	6	3.87	NOT_NOUN_DOMINANT
graves	6	3.87	PROPER_ONLY
haunted	7	3.87	NOT_A_WORDNET_NOUN
heather	7	3.87	MANUAL_BLOCK
hiking	6	3.87	VERB_FORM
learnt	6	3.87	NOT_A_WORDNET_NOUN
lending	7	3.87	VERB_FORM
marsh	5	3.87	NAME_OR_PLACE
marshal	7	3.87	NOT_NOUN_DOMINANT
maya	4	3.87	PROPER_ONLY
messy	5	3.87	NOT_A_WORDNET_NOUN
molly	5	3.87	MANUAL_BLOCK
peaks	5	3.87	NOT_A_WORDNET_NOUN
pools	5	3.87	NOT_A_WORDNET_NOUN
pros	4	3.87	NOT_A_WORDNET_NOUN
riots	5	3.87	NOT_A_WORDNET_NOUN
roast	5	3.87	NOT_NOUN_DOMINANT
shields	7	3.87	NOT_A_WORDNET_NOUN
sliding	7	3.87	NOT_A_WORDNET_NOUN
swallow	7	3.87	NOT_NOUN_DOMINANT
tuned	5	3.87	NOT_A_WORDNET_NOUN
unaware	7	3.87	NOT_A_WORDNET_NOUN
unified	7	3.87	NOT_A_WORDNET_NOUN
vague	5	3.87	NOT_A_WORDNET_NOUN
antique	7	3.86	NOT_NOUN_DOMINANT
baptist	7	3.86	PROPER_ONLY
browns	6	3.86	NOT_A_WORDNET_NOUN
crosses	7	3.86	NOT_A_WORDNET_NOUN
curves	6	3.86	NOT_A_WORDNET_NOUN
defines	7	3.86	NOT_A_WORDNET_NOUN
dodgers	7	3.86	NOT_A_WORDNET_NOUN
fade	4	3.86	NOT_NOUN_DOMINANT
fragile	7	3.86	NOT_A_WORDNET_NOUN
fulfill	7	3.86	NOT_A_WORDNET_NOUN
gaps	4	3.86	NOT_A_WORDNET_NOUN
greens	6	3.86	PLURAL_FORM
hardy	5	3.86	PROPER_ONLY
honors	6	3.86	NOT_A_WORDNET_NOUN
jumps	5	3.86	NOT_A_WORDNET_NOUN
lads	4	3.86	NOT_A_WORDNET_NOUN
lethal	6	3.86	NOT_A_WORDNET_NOUN
lively	6	3.86	NOT_A_WORDNET_NOUN
lowered	7	3.86	NOT_A_WORDNET_NOUN
manning	7	3.86	NOT_A_WORDNET_NOUN
mickey	6	3.86	PROPER_ONLY
moms	4	3.86	NOT_A_WORDNET_NOUN
monkeys	7	3.86	NOT_A_WORDNET_NOUN
mortal	6	3.86	NOT_NOUN_DOMINANT
oils	4	3.86	NOT_A_WORDNET_NOUN
outs	4	3.86	NOT_A_WORDNET_NOUN
owed	4	3.86	NOT_A_WORDNET_NOUN
panama	6	3.86	PROPER_ONLY
patches	7	3.86	NOT_A_WORDNET_NOUN
pouring	7	3.86	NOT_A_WORDNET_NOUN
prompt	6	3.86	NOT_NOUN_DOMINANT
risen	5	3.86	NOT_A_WORDNET_NOUN
rows	4	3.86	NOT_A_WORDNET_NOUN
smiled	6	3.86	NOT_A_WORDNET_NOUN
snacks	6	3.86	NOT_A_WORDNET_NOUN
snakes	6	3.86	NOT_A_WORDNET_NOUN
strips	6	3.86	NOT_A_WORDNET_NOUN
stunt	5	3.86	NOT_NOUN_DOMINANT
sucked	6	3.86	NOT_A_WORDNET_NOUN
surf	4	3.86	NOT_NOUN_DOMINANT
sync	4	3.86	NOT_A_WORDNET_NOUN
tempted	7	3.86	NOT_A_WORDNET_NOUN
thrust	6	3.86	NOT_NOUN_DOMINANT
weights	7	3.86	NOT_A_WORDNET_NOUN
whore	5	3.86	NOT_NOUN_DOMINANT
wiped	5	3.86	NOT_A_WORDNET_NOUN
yahoo	5	3.86	NAME_OR_PLACE
acids	5	3.85	NOT_A_WORDNET_NOUN
aired	5	3.85	NOT_A_WORDNET_NOUN
bait	4	3.85	NOT_NOUN_DOMINANT
bark	4	3.85	NOT_NOUN_DOMINANT
bets	4	3.85	NOT_A_WORDNET_NOUN
cakes	5	3.85	NOT_A_WORDNET_NOUN
clarify	7	3.85	NOT_A_WORDNET_NOUN
climbed	7	3.85	NOT_A_WORDNET_NOUN
comp	4	3.85	MANUAL_BLOCK
dismiss	7	3.85	NOT_A_WORDNET_NOUN
erected	7	3.85	NOT_A_WORDNET_NOUN
farther	7	3.85	NOT_A_WORDNET_NOUN
flaws	5	3.85	NOT_A_WORDNET_NOUN
forums	6	3.85	NOT_A_WORDNET_NOUN
freed	5	3.85	NOT_A_WORDNET_NOUN
genesis	7	3.85	NAME_OR_PLACE
halls	5	3.85	NOT_A_WORDNET_NOUN
handles	7	3.85	NOT_A_WORDNET_NOUN
heavier	7	3.85	NOT_A_WORDNET_NOUN
hints	5	3.85	NOT_A_WORDNET_NOUN
kerry	5	3.85	NOT_A_WORDNET_NOUN
kirk	4	3.85	TOPIC:religion
kirk	4	3.85	MANUAL_BLOCK
lang	4	3.85	NOT_A_WORDNET_NOUN
lengthy	7	3.85	NOT_A_WORDNET_NOUN
misses	6	3.85	NOT_A_WORDNET_NOUN
mock	4	3.85	NOT_NOUN_DOMINANT
obscure	7	3.85	NOT_A_WORDNET_NOUN
para	4	3.85	MANUAL_BLOCK
popped	6	3.85	NOT_A_WORDNET_NOUN
seals	5	3.85	NOT_A_WORDNET_NOUN
splash	6	3.85	NOT_NOUN_DOMINANT
threads	7	3.85	PLURAL_FORM
timely	6	3.85	NOT_A_WORDNET_NOUN
utter	5	3.85	NOT_A_WORDNET_NOUN
wires	5	3.85	NOT_A_WORDNET_NOUN
analyze	7	3.84	NOT_A_WORDNET_NOUN
bangkok	7	3.84	PROPER_ONLY
bitches	7	3.84	NOT_A_WORDNET_NOUN
branded	7	3.84	NOT_A_WORDNET_NOUN
cardiac	7	3.84	NOT_A_WORDNET_NOUN
devon	5	3.84	PROPER_ONLY
donna	5	3.84	MANUAL_BLOCK
futures	7	3.84	NOT_A_WORDNET_NOUN
hating	6	3.84	NOT_A_WORDNET_NOUN
heroic	6	3.84	NOT_NOUN_DOMINANT
inmates	7	3.84	NOT_A_WORDNET_NOUN
johns	5	3.84	PROPER_ONLY
knives	6	3.84	NOT_A_WORDNET_NOUN
margins	7	3.84	NOT_A_WORDNET_NOUN
owning	6	3.84	NOT_A_WORDNET_NOUN
pains	5	3.84	PLURAL_FORM
pitched	7	3.84	NOT_A_WORDNET_NOUN
poets	5	3.84	NOT_A_WORDNET_NOUN
rains	5	3.84	NOT_A_WORDNET_NOUN
rifles	6	3.84	NOT_A_WORDNET_NOUN
screams	7	3.84	NOT_A_WORDNET_NOUN
sellers	7	3.84	PROPER_ONLY
sights	6	3.84	PLURAL_FORM
sincere	7	3.84	NOT_A_WORDNET_NOUN
skating	7	3.84	VERB_FORM
skiing	6	3.84	VERB_FORM
smashed	7	3.84	NOT_A_WORDNET_NOUN
sperm	5	3.84	MANUAL_BLOCK
spill	5	3.84	NOT_NOUN_DOMINANT
swan	4	3.84	NOT_NOUN_DOMINANT
tasty	5	3.84	NOT_A_WORDNET_NOUN
tattoos	7	3.84	NOT_A_WORDNET_NOUN
testify	7	3.84	NOT_A_WORDNET_NOUN
treason	7	3.84	TOPIC:crime
treason	7	3.84	MANUAL_BLOCK
typing	6	3.84	VERB_FORM
urine	5	3.84	MANUAL_BLOCK
afghan	6	3.83	NAME_OR_PLACE
bald	4	3.83	NOT_A_WORDNET_NOUN
barrels	7	3.83	PLURAL_FORM
boil	4	3.83	NOT_NOUN_DOMINANT
calif	5	3.83	MANUAL_BLOCK
chooses	7	3.83	NOT_A_WORDNET_NOUN
convey	6	3.83	NOT_A_WORDNET_NOUN
curved	6	3.83	NOT_A_WORDNET_NOUN
donors	6	3.83	NOT_A_WORDNET_NOUN
exploit	7	3.83	NOT_NOUN_DOMINANT
flown	5	3.83	NOT_A_WORDNET_NOUN
freeman	7	3.83	MANUAL_BLOCK
humour	6	3.83	BRITISH_SPELLING
imply	5	3.83	NOT_A_WORDNET_NOUN
inland	6	3.83	NOT_A_WORDNET_NOUN
mafia	5	3.83	NAME_OR_PLACE
manners	7	3.83	PLURAL_FORM
merry	5	3.83	NOT_A_WORDNET_NOUN
mick	4	3.83	PROPER_ONLY
naughty	7	3.83	NOT_A_WORDNET_NOUN
obey	4	3.83	NOT_A_WORDNET_NOUN
outfits	7	3.83	NOT_A_WORDNET_NOUN
overly	6	3.83	NOT_A_WORDNET_NOUN
phases	6	3.83	NOT_A_WORDNET_NOUN
polling	7	3.83	NOT_A_WORDNET_NOUN
popping	7	3.83	VERB_FORM
prisons	7	3.83	NOT_A_WORDNET_NOUN
pumps	5	3.83	NOT_A_WORDNET_NOUN
punched	7	3.83	NOT_A_WORDNET_NOUN
ramp	4	3.83	NOT_NOUN_DOMINANT
rand	4	3.83	NAME_OR_PLACE
reef	4	3.83	NOT_NOUN_DOMINANT
refined	7	3.83	NOT_A_WORDNET_NOUN
reset	5	3.83	NOT_NOUN_DOMINANT
shave	5	3.83	NOT_NOUN_DOMINANT
simpler	7	3.83	NOT_A_WORDNET_NOUN
sinking	7	3.83	MANUAL_BLOCK
slots	5	3.83	NOT_A_WORDNET_NOUN
sorted	6	3.83	NOT_A_WORDNET_NOUN
staged	6	3.83	NOT_A_WORDNET_NOUN
stems	5	3.83	NOT_A_WORDNET_NOUN
suffers	7	3.83	NOT_A_WORDNET_NOUN
thieves	7	3.83	NOT_A_WORDNET_NOUN
thru	4	3.83	NOT_A_WORDNET_NOUN
tissues	7	3.83	NOT_A_WORDNET_NOUN
vicious	7	3.83	NOT_A_WORDNET_NOUN
vikings	7	3.83	NOT_A_WORDNET_NOUN
vodka	5	3.83	TOPIC:alcohol
wholly	6	3.83	NOT_A_WORDNET_NOUN
zoom	4	3.83	NOT_NOUN_DOMINANT
apollo	6	3.82	PROPER_ONLY
basics	6	3.82	PLURAL_FORM
bats	4	3.82	NOT_A_WORDNET_NOUN
broadly	7	3.82	NOT_A_WORDNET_NOUN
candles	7	3.82	NOT_A_WORDNET_NOUN
capita	6	3.82	NOT_A_WORDNET_NOUN
cheeks	6	3.82	NOT_A_WORDNET_NOUN
clues	5	3.82	NOT_A_WORDNET_NOUN
confess	7	3.82	NOT_A_WORDNET_NOUN
decree	6	3.82	NOT_NOUN_DOMINANT
drift	5	3.82	NOT_NOUN_DOMINANT
endure	6	3.82	NOT_A_WORDNET_NOUN
fellows	7	3.82	NOT_A_WORDNET_NOUN
fuels	5	3.82	NOT_A_WORDNET_NOUN
grams	5	3.82	NOT_A_WORDNET_NOUN
guru	4	3.82	NAME_OR_PLACE
hacked	6	3.82	NOT_A_WORDNET_NOUN
hatch	5	3.82	NOT_NOUN_DOMINANT
joints	6	3.82	NOT_A_WORDNET_NOUN
labs	4	3.82	NOT_A_WORDNET_NOUN
lace	4	3.82	NOT_NOUN_DOMINANT
losers	6	3.82	NOT_A_WORDNET_NOUN
louder	6	3.82	NOT_A_WORDNET_NOUN
messing	7	3.82	NOT_A_WORDNET_NOUN
poured	6	3.82	NOT_A_WORDNET_NOUN
premise	7	3.82	NOT_NOUN_DOMINANT
relates	7	3.82	NOT_A_WORDNET_NOUN
relied	6	3.82	NOT_A_WORDNET_NOUN
replay	6	3.82	NOT_NOUN_DOMINANT
rooted	6	3.82	NOT_A_WORDNET_NOUN
spells	6	3.82	NOT_A_WORDNET_NOUN
surge	5	3.82	NOT_NOUN_DOMINANT
tagged	6	3.82	NOT_A_WORDNET_NOUN
tags	4	3.82	NOT_A_WORDNET_NOUN
tapes	5	3.82	NOT_A_WORDNET_NOUN
timothy	7	3.82	NAME_OR_PLACE
tunes	5	3.82	NOT_A_WORDNET_NOUN
tunnels	7	3.82	NOT_A_WORDNET_NOUN
vagina	6	3.82	MANUAL_BLOCK
verses	6	3.82	NOT_A_WORDNET_NOUN
whoa	4	3.82	NOT_A_WORDNET_NOUN
woody	5	3.82	NOT_A_WORDNET_NOUN
absorb	6	3.81	NOT_A_WORDNET_NOUN
archer	6	3.81	NAME_OR_PLACE
barber	6	3.81	NAME_OR_PLACE
bricks	6	3.81	NOT_A_WORDNET_NOUN
buddies	7	3.81	NOT_A_WORDNET_NOUN
ceased	6	3.81	NOT_A_WORDNET_NOUN
coding	6	3.81	VERB_FORM
dolls	5	3.81	NOT_A_WORDNET_NOUN
doom	4	3.81	NOT_NOUN_DOMINANT
dubbed	6	3.81	NOT_A_WORDNET_NOUN
eclipse	7	3.81	NOT_NOUN_DOMINANT
exhaust	7	3.81	NOT_NOUN_DOMINANT
expired	7	3.81	NOT_A_WORDNET_NOUN
flee	4	3.81	NOT_A_WORDNET_NOUN
fries	5	3.81	PLURAL_FORM
jackets	7	3.81	NOT_A_WORDNET_NOUN
jill	4	3.81	NOT_A_WORDNET_NOUN
kindle	6	3.81	NOT_A_WORDNET_NOUN
logs	4	3.81	NOT_A_WORDNET_NOUN
mirrors	7	3.81	NOT_A_WORDNET_NOUN
nets	4	3.81	NOT_A_WORDNET_NOUN
obesity	7	3.81	MANUAL_BLOCK
posed	5	3.81	NOT_A_WORDNET_NOUN
pumping	7	3.81	NOT_A_WORDNET_NOUN
relies	6	3.81	NOT_A_WORDNET_NOUN
relying	7	3.81	NOT_A_WORDNET_NOUN
rotten	6	3.81	NOT_A_WORDNET_NOUN
sands	5	3.81	PLURAL_FORM
shah	4	3.81	PROPER_ONLY
shawn	5	3.81	PROPER_ONLY
shotgun	7	3.81	TOPIC:weapons
shotgun	7	3.81	MANUAL_BLOCK
singers	7	3.81	NOT_A_WORDNET_NOUN
snapped	7	3.81	NOT_A_WORDNET_NOUN
spoil	5	3.81	NOT_NOUN_DOMINANT
spoiled	7	3.81	NOT_A_WORDNET_NOUN
temper	6	3.81	NOT_NOUN_DOMINANT
undergo	7	3.81	NOT_A_WORDNET_NOUN
weighed	7	3.81	NOT_A_WORDNET_NOUN
aligned	7	3.80	NOT_A_WORDNET_NOUN
altar	5	3.80	TOPIC:religion
arrows	6	3.80	NOT_A_WORDNET_NOUN
banning	7	3.80	VERB_FORM
bishops	7	3.80	NOT_A_WORDNET_NOUN
broncos	7	3.80	NOT_A_WORDNET_NOUN
burton	6	3.80	PROPER_ONLY
caesar	6	3.80	PROPER_ONLY
cans	4	3.80	NOT_A_WORDNET_NOUN
coffin	6	3.80	TOPIC:death
evolve	6	3.80	NOT_A_WORDNET_NOUN
explode	7	3.80	NOT_A_WORDNET_NOUN
fatty	5	3.80	MANUAL_BLOCK
filthy	6	3.80	NOT_A_WORDNET_NOUN
flush	5	3.80	NOT_NOUN_DOMINANT
glue	4	3.80	NOT_NOUN_DOMINANT
hairy	5	3.80	NOT_A_WORDNET_NOUN
horns	5	3.80	NOT_A_WORDNET_NOUN
ironic	6	3.80	NOT_A_WORDNET_NOUN
lacked	6	3.80	NOT_A_WORDNET_NOUN
melting	7	3.80	VERB_FORM
modi	4	3.80	NOT_A_WORDNET_NOUN
morocco	7	3.80	NAME_OR_PLACE
peel	4	3.80	NOT_NOUN_DOMINANT
pins	4	3.80	NOT_A_WORDNET_NOUN
psychic	7	3.80	NOT_NOUN_DOMINANT
ribs	4	3.80	NOT_A_WORDNET_NOUN
seize	5	3.80	NOT_A_WORDNET_NOUN
spicy	5	3.80	NOT_A_WORDNET_NOUN
sticky	6	3.80	NOT_A_WORDNET_NOUN
sting	5	3.80	TOPIC:disease
thrones	7	3.80	NOT_A_WORDNET_NOUN
traced	6	3.80	NOT_A_WORDNET_NOUN
trusts	6	3.80	NOT_A_WORDNET_NOUN
vacant	6	3.80	NOT_A_WORDNET_NOUN
wines	5	3.80	NOT_A_WORDNET_NOUN
wired	5	3.80	NOT_A_WORDNET_NOUN
asses	5	3.79	NOT_A_WORDNET_NOUN
belle	5	3.79	MANUAL_BLOCK
bites	5	3.79	NOT_A_WORDNET_NOUN
bombers	7	3.79	NOT_A_WORDNET_NOUN
bonuses	7	3.79	NOT_A_WORDNET_NOUN
bred	4	3.79	NOT_A_WORDNET_NOUN
bubbles	7	3.79	NOT_A_WORDNET_NOUN
clinics	7	3.79	NOT_A_WORDNET_NOUN
copied	6	3.79	NOT_A_WORDNET_NOUN
dances	6	3.79	NOT_A_WORDNET_NOUN
deeds	5	3.79	PLURAL_FORM
devils	6	3.79	NOT_A_WORDNET_NOUN
dong	4	3.79	MANUAL_BLOCK
fascist	7	3.79	MANUAL_BLOCK
flooded	7	3.79	NOT_A_WORDNET_NOUN
fuller	6	3.79	NAME_OR_PLACE
gamble	6	3.79	TOPIC:gambling
hips	4	3.79	NOT_A_WORDNET_NOUN
hopeful	7	3.79	NOT_NOUN_DOMINANT
horny	5	3.79	NOT_A_WORDNET_NOUN
latino	6	3.79	PROPER_ONLY
loudly	6	3.79	NOT_A_WORDNET_NOUN
modify	6	3.79	NOT_A_WORDNET_NOUN
poses	5	3.79	NOT_A_WORDNET_NOUN
pumped	6	3.79	NOT_A_WORDNET_NOUN
rails	5	3.79	PLURAL_FORM
raven	5	3.79	NOT_NOUN_DOMINANT
rehab	5	3.79	NOT_A_WORDNET_NOUN
skins	5	3.79	NOT_A_WORDNET_NOUN
slopes	6	3.79	NOT_A_WORDNET_NOUN
spelled	7	3.79	NOT_A_WORDNET_NOUN
stained	7	3.79	NOT_A_WORDNET_NOUN
tearing	7	3.79	VERB_FORM
tucker	6	3.79	NAME_OR_PLACE
watts	5	3.79	PROPER_ONLY
amended	7	3.78	NOT_A_WORDNET_NOUN
assumes	7	3.78	NOT_A_WORDNET_NOUN
bodily	6	3.78	NOT_A_WORDNET_NOUN
chapman	7	3.78	NAME_OR_PLACE
chopped	7	3.78	NOT_A_WORDNET_NOUN
cosmic	6	3.78	NOT_A_WORDNET_NOUN
depths	6	3.78	PLURAL_FORM
doses	5	3.78	NOT_A_WORDNET_NOUN
drones	6	3.78	NOT_A_WORDNET_NOUN
euros	5	3.78	NOT_A_WORDNET_NOUN
exclude	7	3.78	NOT_A_WORDNET_NOUN
exempt	6	3.78	NOT_A_WORDNET_NOUN
faint	5	3.78	NOT_NOUN_DOMINANT
fines	5	3.78	NOT_A_WORDNET_NOUN
floods	6	3.78	NOT_A_WORDNET_NOUN
folded	6	3.78	NOT_A_WORDNET_NOUN
forge	5	3.78	NOT_NOUN_DOMINANT
hears	5	3.78	NOT_A_WORDNET_NOUN
ideals	6	3.78	NOT_A_WORDNET_NOUN
invalid	7	3.78	NOT_NOUN_DOMINANT
jointly	7	3.78	NOT_A_WORDNET_NOUN
kits	4	3.78	NOT_A_WORDNET_NOUN
melted	6	3.78	NOT_A_WORDNET_NOUN
newborn	7	3.78	NOT_NOUN_DOMINANT
nodes	5	3.78	NOT_A_WORDNET_NOUN
onions	6	3.78	NOT_A_WORDNET_NOUN
packers	7	3.78	NOT_A_WORDNET_NOUN
paired	6	3.78	NOT_A_WORDNET_NOUN
parole	6	3.78	TOPIC:crime
phantom	7	3.78	TOPIC:religion
python	6	3.78	NAME_OR_PLACE
regrets	7	3.78	PLURAL_FORM
render	6	3.78	NOT_NOUN_DOMINANT
seventy	7	3.78	MANUAL_BLOCK
shouted	7	3.78	NOT_A_WORDNET_NOUN
sims	4	3.78	NOT_A_WORDNET_NOUN
slides	6	3.78	NOT_A_WORDNET_NOUN
specify	7	3.78	NOT_A_WORDNET_NOUN
stab	4	3.78	TOPIC:violence
wherein	7	3.78	NOT_A_WORDNET_NOUN
whiskey	7	3.78	TOPIC:alcohol
worms	5	3.78	NOT_A_WORDNET_NOUN
bankers	7	3.77	NOT_A_WORDNET_NOUN
biting	6	3.77	NOT_A_WORDNET_NOUN
bravo	5	3.77	TOPIC:crime
busted	6	3.77	NOT_A_WORDNET_NOUN
chop	4	3.77	NOT_NOUN_DOMINANT
conquer	7	3.77	NOT_A_WORDNET_NOUN
crawl	5	3.77	NOT_NOUN_DOMINANT
cursed	6	3.77	NOT_A_WORDNET_NOUN
deepest	7	3.77	NOT_A_WORDNET_NOUN
defects	7	3.77	NOT_A_WORDNET_NOUN
doomed	6	3.77	NOT_NOUN_DOMINANT
favored	7	3.77	NOT_A_WORDNET_NOUN
felony	6	3.77	TOPIC:crime
felony	6	3.77	MANUAL_BLOCK
flats	5	3.77	PLURAL_FORM
flint	5	3.77	NAME_OR_PLACE
floral	6	3.77	NOT_A_WORDNET_NOUN
guts	4	3.77	PLURAL_FORM
hairs	5	3.77	NOT_A_WORDNET_NOUN
handing	7	3.77	NOT_A_WORDNET_NOUN
hearted	7	3.77	NOT_A_WORDNET_NOUN
lenses	6	3.77	NOT_A_WORDNET_NOUN
lick	4	3.77	NOT_NOUN_DOMINANT
literal	7	3.77	NOT_NOUN_DOMINANT
lunar	5	3.77	NOT_A_WORDNET_NOUN
maxwell	7	3.77	NAME_OR_PLACE
nailed	6	3.77	NOT_A_WORDNET_NOUN
obliged	7	3.77	NOT_A_WORDNET_NOUN
pads	4	3.77	NOT_A_WORDNET_NOUN
patents	7	3.77	NOT_A_WORDNET_NOUN
plots	5	3.77	NOT_A_WORDNET_NOUN
polo	4	3.77	NAME_OR_PLACE
relieve	7	3.77	NOT_A_WORDNET_NOUN
scar	4	3.77	TOPIC:disease
scouts	6	3.77	NOT_A_WORDNET_NOUN
seating	7	3.77	MANUAL_BLOCK
shores	6	3.77	NOT_A_WORDNET_NOUN
silva	5	3.77	MANUAL_BLOCK
softly	6	3.77	NOT_A_WORDNET_NOUN
surrey	6	3.77	NAME_OR_PLACE
tesla	5	3.77	NAME_OR_PLACE
velvet	6	3.77	NOT_NOUN_DOMINANT
vendors	7	3.77	NOT_A_WORDNET_NOUN
whales	6	3.77	NOT_A_WORDNET_NOUN
wheeler	7	3.77	MANUAL_BLOCK
zombies	7	3.77	NOT_A_WORDNET_NOUN
amusing	7	3.76	NOT_A_WORDNET_NOUN
beams	5	3.76	NOT_A_WORDNET_NOUN
behold	6	3.76	NOT_A_WORDNET_NOUN
biased	6	3.76	NOT_A_WORDNET_NOUN
brewing	7	3.76	VERB_FORM
cons	4	3.76	NOT_A_WORDNET_NOUN
corpse	6	3.76	TOPIC:death
corpse	6	3.76	MANUAL_BLOCK
cruelty	7	3.76	TOPIC:violence
dice	4	3.76	NOT_NOUN_DOMINANT
dots	4	3.76	NOT_A_WORDNET_NOUN
elders	6	3.76	NOT_A_WORDNET_NOUN
formats	7	3.76	NOT_A_WORDNET_NOUN
gram	4	3.76	NAME_OR_PLACE
infants	7	3.76	NOT_A_WORDNET_NOUN
issuing	7	3.76	VERB_FORM
lifts	5	3.76	NOT_A_WORDNET_NOUN
locking	7	3.76	VERB_FORM
logging	7	3.76	VERB_FORM
metre	5	3.76	BRITISH_SPELLING
neural	6	3.76	NOT_A_WORDNET_NOUN
norms	5	3.76	NOT_A_WORDNET_NOUN
oceans	6	3.76	NOT_A_WORDNET_NOUN
ping	4	3.76	NOT_NOUN_DOMINANT
pots	4	3.76	NOT_A_WORDNET_NOUN
pushes	6	3.76	NOT_A_WORDNET_NOUN
queer	5	3.76	NOT_NOUN_DOMINANT
reckon	6	3.76	NOT_A_WORDNET_NOUN
resumed	7	3.76	NOT_A_WORDNET_NOUN
scars	5	3.76	NOT_A_WORDNET_NOUN
shelves	7	3.76	NOT_A_WORDNET_NOUN
slut	4	3.76	MANUAL_BLOCK
sparks	6	3.76	NOT_A_WORDNET_NOUN
spatial	7	3.76	NOT_A_WORDNET_NOUN
stellar	7	3.76	NOT_A_WORDNET_NOUN
stripes	7	3.76	PLURAL_FORM
swords	6	3.76	NOT_A_WORDNET_NOUN
tackles	7	3.76	NOT_A_WORDNET_NOUN
tapping	7	3.76	VERB_FORM
tightly	7	3.76	NOT_A_WORDNET_NOUN
tones	5	3.76	NOT_A_WORDNET_NOUN
tories	6	3.76	NOT_A_WORDNET_NOUN
traps	5	3.76	NOT_A_WORDNET_NOUN
twitch	6	3.76	NOT_NOUN_DOMINANT
veins	5	3.76	NOT_A_WORDNET_NOUN
visions	7	3.76	NOT_A_WORDNET_NOUN
voiced	6	3.76	NOT_A_WORDNET_NOUN
warmer	6	3.76	MANUAL_BLOCK
webster	7	3.76	PROPER_ONLY
yelled	6	3.76	NOT_A_WORDNET_NOUN
armour	6	3.75	BRITISH_SPELLING
atoms	5	3.75	NOT_A_WORDNET_NOUN
attach	6	3.75	NOT_A_WORDNET_NOUN
bind	4	3.75	NOT_NOUN_DOMINANT
boiling	7	3.75	MANUAL_BLOCK
bowls	5	3.75	PLURAL_FORM
congo	5	3.75	NAME_OR_PLACE
dreamed	7	3.75	NOT_A_WORDNET_NOUN
eighty	6	3.75	MANUAL_BLOCK
enacted	7	3.75	NOT_A_WORDNET_NOUN
finite	6	3.75	NOT_A_WORDNET_NOUN
gems	4	3.75	NOT_A_WORDNET_NOUN
glowing	7	3.75	VERB_FORM
gore	4	3.75	MANUAL_BLOCK
greedy	6	3.75	NOT_A_WORDNET_NOUN
ideally	7	3.75	NOT_A_WORDNET_NOUN
kashmir	7	3.75	PROPER_ONLY
lateral	7	3.75	NOT_NOUN_DOMINANT
lent	4	3.75	PROPER_ONLY
majors	6	3.75	PLURAL_FORM
marched	7	3.75	NOT_A_WORDNET_NOUN
maths	5	3.75	PLURAL_FORM
merge	5	3.75	NOT_A_WORDNET_NOUN
migrant	7	3.75	MANUAL_BLOCK
moron	5	3.75	NAME_OR_PLACE
mortar	6	3.75	TOPIC:weapons
myths	5	3.75	NOT_A_WORDNET_NOUN
naive	5	3.75	NOT_A_WORDNET_NOUN
noises	6	3.75	NOT_A_WORDNET_NOUN
opted	5	3.75	NOT_A_WORDNET_NOUN
pedro	5	3.75	NOT_A_WORDNET_NOUN
pens	4	3.75	NOT_A_WORDNET_NOUN
pyramid	7	3.75	NOT_NOUN_DOMINANT
resorts	7	3.75	NOT_A_WORDNET_NOUN
rigid	5	3.75	NOT_A_WORDNET_NOUN
sailors	7	3.75	NOT_A_WORDNET_NOUN
spiders	7	3.75	NOT_A_WORDNET_NOUN
strokes	7	3.75	NOT_A_WORDNET_NOUN
summers	7	3.75	NOT_A_WORDNET_NOUN
temp	4	3.75	MANUAL_BLOCK
tended	6	3.75	NOT_A_WORDNET_NOUN
tossed	6	3.75	NOT_A_WORDNET_NOUN
unsure	6	3.75	NOT_A_WORDNET_NOUN
upwards	7	3.75	NOT_A_WORDNET_NOUN
utilize	7	3.75	NOT_A_WORDNET_NOUN
violate	7	3.75	NOT_A_WORDNET_NOUN
vivid	5	3.75	NOT_A_WORDNET_NOUN
waving	6	3.75	VERB_FORM
aided	5	3.74	NOT_A_WORDNET_NOUN
arrests	7	3.74	NOT_A_WORDNET_NOUN
belts	5	3.74	NOT_A_WORDNET_NOUN
budgets	7	3.74	NOT_A_WORDNET_NOUN
chased	6	3.74	VERB_FORM
clergy	6	3.74	TOPIC:religion
coats	5	3.74	NOT_A_WORDNET_NOUN
cola	4	3.74	NAME_OR_PLACE
coma	4	3.74	TOPIC:disease
cured	5	3.74	NOT_A_WORDNET_NOUN
drowned	7	3.74	NOT_A_WORDNET_NOUN
drying	6	3.74	NOT_A_WORDNET_NOUN
equals	6	3.74	NOT_A_WORDNET_NOUN
erotic	6	3.74	MANUAL_BLOCK
favors	6	3.74	NOT_A_WORDNET_NOUN
hedge	5	3.74	NOT_NOUN_DOMINANT
icons	5	3.74	NOT_A_WORDNET_NOUN
invaded	7	3.74	NOT_A_WORDNET_NOUN
kisses	6	3.74	NOT_A_WORDNET_NOUN
laden	5	3.74	NOT_A_WORDNET_NOUN
learns	6	3.74	NOT_A_WORDNET_NOUN
limbs	5	3.74	NOT_A_WORDNET_NOUN
meta	4	3.74	NOT_A_WORDNET_NOUN
offs	4	3.74	NOT_A_WORDNET_NOUN
potent	6	3.74	NOT_A_WORDNET_NOUN
psycho	6	3.74	MANUAL_BLOCK
rainy	5	3.74	NOT_A_WORDNET_NOUN
rams	4	3.74	NOT_A_WORDNET_NOUN
ranged	6	3.74	NOT_A_WORDNET_NOUN
salty	5	3.74	NOT_A_WORDNET_NOUN
scots	5	3.74	PROPER_ONLY
seizure	7	3.74	MANUAL_BLOCK
stray	5	3.74	NOT_NOUN_DOMINANT
stud	4	3.74	MANUAL_BLOCK
sunk	4	3.74	NOT_A_WORDNET_NOUN
thereof	7	3.74	NOT_A_WORDNET_NOUN
thirsty	7	3.74	NOT_A_WORDNET_NOUN
turbo	5	3.74	NOT_A_WORDNET_NOUN
upright	7	3.74	NOT_NOUN_DOMINANT
vain	4	3.74	NOT_A_WORDNET_NOUN
whereby	7	3.74	NOT_A_WORDNET_NOUN
arose	5	3.73	NOT_A_WORDNET_NOUN
asthma	6	3.73	TOPIC:disease
aurora	6	3.73	NAME_OR_PLACE
blink	5	3.73	NOT_NOUN_DOMINANT
chang	5	3.73	PROPER_ONLY
clearer	7	3.73	NOT_A_WORDNET_NOUN
crafts	6	3.73	NOT_A_WORDNET_NOUN
denies	6	3.73	NOT_A_WORDNET_NOUN
employs	7	3.73	NOT_A_WORDNET_NOUN
excel	5	3.73	NOT_A_WORDNET_NOUN
faded	5	3.73	NOT_A_WORDNET_NOUN
firstly	7	3.73	NOT_A_WORDNET_NOUN
flavour	7	3.73	BRITISH_SPELLING
flex	4	3.73	NOT_NOUN_DOMINANT
fluids	6	3.73	NOT_A_WORDNET_NOUN
gangs	5	3.73	NOT_A_WORDNET_NOUN
gases	5	3.73	NOT_A_WORDNET_NOUN
genus	5	3.73	PLURAL_FORM
gloria	6	3.73	NOT_A_WORDNET_NOUN
grabs	5	3.73	NOT_A_WORDNET_NOUN
grapes	6	3.73	NOT_A_WORDNET_NOUN
greet	5	3.73	NOT_A_WORDNET_NOUN
hank	4	3.73	MANUAL_BLOCK
lambert	7	3.73	NAME_OR_PLACE
lamps	5	3.73	NOT_A_WORDNET_NOUN
madonna	7	3.73	PROPER_ONLY
motives	7	3.73	NOT_A_WORDNET_NOUN
notify	6	3.73	NOT_A_WORDNET_NOUN
null	4	3.73	MANUAL_BLOCK
oops	4	3.73	NOT_A_WORDNET_NOUN
owing	5	3.73	NOT_A_WORDNET_NOUN
regain	6	3.73	NOT_A_WORDNET_NOUN
renew	5	3.73	NOT_A_WORDNET_NOUN
revolt	6	3.73	NOT_NOUN_DOMINANT
rightly	7	3.73	NOT_A_WORDNET_NOUN
roasted	7	3.73	NOT_A_WORDNET_NOUN
ruining	7	3.73	VERB_FORM
sacked	6	3.73	NOT_A_WORDNET_NOUN
shrine	6	3.73	TOPIC:religion
shrink	6	3.73	NOT_NOUN_DOMINANT
sniper	6	3.73	TOPIC:weapons
squares	7	3.73	NOT_A_WORDNET_NOUN
stoke	5	3.73	NOT_A_WORDNET_NOUN
taller	6	3.73	NOT_A_WORDNET_NOUN
thrive	6	3.73	NOT_A_WORDNET_NOUN
troll	5	3.73	NOT_NOUN_DOMINANT
unpaid	6	3.73	NOT_A_WORDNET_NOUN
vest	4	3.73	NOT_NOUN_DOMINANT
viruses	7	3.73	NOT_A_WORDNET_NOUN
warns	5	3.73	NOT_A_WORDNET_NOUN
admired	7	3.72	NOT_A_WORDNET_NOUN
airways	7	3.72	NOT_A_WORDNET_NOUN
ants	4	3.72	NOT_A_WORDNET_NOUN
arising	7	3.72	NOT_A_WORDNET_NOUN
auburn	6	3.72	NOT_A_WORDNET_NOUN
bleed	5	3.72	NOT_A_WORDNET_NOUN
burgers	7	3.72	NOT_A_WORDNET_NOUN
choke	5	3.72	NOT_NOUN_DOMINANT
classy	6	3.72	NOT_A_WORDNET_NOUN
clicks	6	3.72	NOT_A_WORDNET_NOUN
condemn	7	3.72	NOT_A_WORDNET_NOUN
deluxe	6	3.72	NOT_A_WORDNET_NOUN
domains	7	3.72	NOT_A_WORDNET_NOUN
flawed	6	3.72	NOT_A_WORDNET_NOUN
forged	6	3.72	NOT_A_WORDNET_NOUN
genres	6	3.72	NOT_A_WORDNET_NOUN
goats	5	3.72	NOT_A_WORDNET_NOUN
guessed	7	3.72	NOT_A_WORDNET_NOUN
heavens	7	3.72	PLURAL_FORM
indies	6	3.72	NOT_A_WORDNET_NOUN
jeep	4	3.72	MANUAL_BLOCK
lust	4	3.72	MANUAL_BLOCK
markers	7	3.72	NOT_A_WORDNET_NOUN
mayo	4	3.72	MANUAL_BLOCK
monks	5	3.72	NOT_A_WORDNET_NOUN
mouths	6	3.72	NOT_A_WORDNET_NOUN
natives	7	3.72	NOT_A_WORDNET_NOUN
owes	4	3.72	NOT_A_WORDNET_NOUN
pits	4	3.72	NOT_A_WORDNET_NOUN
props	5	3.72	PLURAL_FORM
quoting	7	3.72	NOT_A_WORDNET_NOUN
raining	7	3.72	NOT_A_WORDNET_NOUN
rang	4	3.72	NOT_A_WORDNET_NOUN
removes	7	3.72	NOT_A_WORDNET_NOUN
rocking	7	3.72	NOT_A_WORDNET_NOUN
royals	6	3.72	NOT_A_WORDNET_NOUN
shaping	7	3.72	MANUAL_BLOCK
steals	6	3.72	NOT_A_WORDNET_NOUN
steer	5	3.72	NOT_NOUN_DOMINANT
strains	7	3.72	NOT_A_WORDNET_NOUN
strive	6	3.72	NOT_A_WORDNET_NOUN
surfing	7	3.72	VERB_FORM
tate	4	3.72	PROPER_ONLY
thrill	6	3.72	NOT_NOUN_DOMINANT
tonnes	6	3.72	NOT_A_WORDNET_NOUN
turtles	7	3.72	NOT_A_WORDNET_NOUN
unarmed	7	3.72	NOT_A_WORDNET_NOUN
accuse	6	3.71	NOT_A_WORDNET_NOUN
ample	5	3.71	NOT_A_WORDNET_NOUN
badass	6	3.71	TOPIC:profanity
barred	6	3.71	NOT_A_WORDNET_NOUN
beck	4	3.71	MANUAL_BLOCK
bingo	5	3.71	TOPIC:gambling
boulder	7	3.71	NAME_OR_PLACE
brock	5	3.71	NOT_A_WORDNET_NOUN
coating	7	3.71	MANUAL_BLOCK
cubic	5	3.71	NOT_A_WORDNET_NOUN
cyprus	6	3.71	PROPER_ONLY
defeats	7	3.71	NOT_A_WORDNET_NOUN
digest	6	3.71	NOT_NOUN_DOMINANT
fills	5	3.71	NOT_A_WORDNET_NOUN
funk	4	3.71	NAME_OR_PLACE
grilled	7	3.71	NOT_A_WORDNET_NOUN
guiding	7	3.71	NOT_A_WORDNET_NOUN
hackers	7	3.71	NOT_A_WORDNET_NOUN
hooker	6	3.71	TOPIC:sexual
hourly	6	3.71	NOT_A_WORDNET_NOUN
insists	7	3.71	NOT_A_WORDNET_NOUN
invites	7	3.71	NOT_A_WORDNET_NOUN
neurons	7	3.71	NOT_A_WORDNET_NOUN
posing	6	3.71	VERB_FORM
proudly	7	3.71	NOT_A_WORDNET_NOUN
richer	6	3.71	NOT_A_WORDNET_NOUN
romeo	5	3.71	PROPER_ONLY
rubbing	7	3.71	MANUAL_BLOCK
sailed	6	3.71	NOT_A_WORDNET_NOUN
salute	6	3.71	NOT_NOUN_DOMINANT
scripts	7	3.71	NOT_A_WORDNET_NOUN
scum	4	3.71	MANUAL_BLOCK
shady	5	3.71	NOT_A_WORDNET_NOUN
slack	5	3.71	NOT_NOUN_DOMINANT
sleeps	6	3.71	NOT_A_WORDNET_NOUN
slick	5	3.71	NOT_NOUN_DOMINANT
slowed	6	3.71	NOT_A_WORDNET_NOUN
slowing	7	3.71	VERB_FORM
starred	7	3.71	NOT_A_WORDNET_NOUN
tiles	5	3.71	NOT_A_WORDNET_NOUN
tore	4	3.71	MANUAL_BLOCK
upward	6	3.71	NOT_A_WORDNET_NOUN
vera	4	3.71	NOT_A_WORDNET_NOUN
wildly	6	3.71	NOT_A_WORDNET_NOUN
winding	7	3.71	NOT_NOUN_DOMINANT
adore	5	3.70	NOT_A_WORDNET_NOUN
akin	4	3.70	NOT_A_WORDNET_NOUN
appoint	7	3.70	NOT_A_WORDNET_NOUN
bananas	7	3.70	NOT_A_WORDNET_NOUN
beasts	6	3.70	NOT_A_WORDNET_NOUN
beware	6	3.70	NOT_A_WORDNET_NOUN
bikini	6	3.70	NAME_OR_PLACE
captive	7	3.70	TOPIC:crime
carr	4	3.70	NOT_A_WORDNET_NOUN
coping	6	3.70	VERB_FORM
creed	5	3.70	TOPIC:religion
crisp	5	3.70	NOT_NOUN_DOMINANT
deploy	6	3.70	NOT_A_WORDNET_NOUN
dietary	7	3.70	MANUAL_BLOCK
fined	5	3.70	NOT_A_WORDNET_NOUN
folding	7	3.70	MANUAL_BLOCK
gamma	5	3.70	NAME_OR_PLACE
gays	4	3.70	NOT_A_WORDNET_NOUN
grains	6	3.70	NOT_A_WORDNET_NOUN
gravel	6	3.70	NOT_NOUN_DOMINANT
haired	6	3.70	NOT_A_WORDNET_NOUN
hangs	5	3.70	NOT_A_WORDNET_NOUN
hugs	4	3.70	NOT_A_WORDNET_NOUN
hustle	6	3.70	NOT_NOUN_DOMINANT
idle	4	3.70	NOT_NOUN_DOMINANT
juicy	5	3.70	NOT_A_WORDNET_NOUN
leaking	7	3.70	NOT_A_WORDNET_NOUN
mack	4	3.70	MANUAL_BLOCK
mammals	7	3.70	NOT_A_WORDNET_NOUN
modules	7	3.70	NOT_A_WORDNET_NOUN
moody	5	3.70	PROPER_ONLY
needles	7	3.70	NOT_A_WORDNET_NOUN
noodles	7	3.70	NOT_A_WORDNET_NOUN
patrons	7	3.70	NOT_A_WORDNET_NOUN
peters	6	3.70	NOT_A_WORDNET_NOUN
quad	4	3.70	MANUAL_BLOCK
richest	7	3.70	NOT_A_WORDNET_NOUN
roar	4	3.70	NOT_NOUN_DOMINANT
rulers	6	3.70	NOT_A_WORDNET_NOUN
sank	4	3.70	NOT_A_WORDNET_NOUN
santos	6	3.70	PROPER_ONLY
sleeves	7	3.70	NOT_A_WORDNET_NOUN
spear	5	3.70	TOPIC:weapons
spies	5	3.70	NOT_A_WORDNET_NOUN
stella	6	3.70	PROPER_ONLY
stylish	7	3.70	NOT_A_WORDNET_NOUN
subs	4	3.70	NOT_A_WORDNET_NOUN
tasted	6	3.70	NOT_A_WORDNET_NOUN
temples	7	3.70	NOT_A_WORDNET_NOUN
tidal	5	3.70	NOT_A_WORDNET_NOUN
trench	6	3.70	NOT_NOUN_DOMINANT
vows	4	3.70	NOT_A_WORDNET_NOUN
whipped	7	3.70	NOT_A_WORDNET_NOUN
yuan	4	3.70	NAME_OR_PLACE
abuses	6	3.69	NOT_A_WORDNET_NOUN
bans	4	3.69	NOT_A_WORDNET_NOUN
beads	5	3.69	PLURAL_FORM
bullied	7	3.69	NOT_A_WORDNET_NOUN
caves	5	3.69	NOT_A_WORDNET_NOUN
coated	6	3.69	NOT_A_WORDNET_NOUN
costing	7	3.69	VERB_FORM
drained	7	3.69	NOT_A_WORDNET_NOUN
exodus	6	3.69	NAME_OR_PLACE
feather	7	3.69	NOT_NOUN_DOMINANT
firearm	7	3.69	TOPIC:weapons
firearm	7	3.69	MANUAL_BLOCK
flyers	6	3.69	NOT_A_WORDNET_NOUN
grim	4	3.69	NOT_A_WORDNET_NOUN
hides	5	3.69	NOT_A_WORDNET_NOUN
housed	6	3.69	NOT_A_WORDNET_NOUN
hyper	5	3.69	NOT_A_WORDNET_NOUN
insured	7	3.69	VERB_FORM
intends	7	3.69	NOT_A_WORDNET_NOUN
lastly	6	3.69	NOT_A_WORDNET_NOUN
midway	6	3.69	NOT_NOUN_DOMINANT
minors	6	3.69	PLURAL_FORM
moist	5	3.69	NOT_A_WORDNET_NOUN
monte	5	3.69	TOPIC:gambling
poetic	6	3.69	NOT_A_WORDNET_NOUN
preach	6	3.69	NOT_A_WORDNET_NOUN
princes	7	3.69	NOT_A_WORDNET_NOUN
rabbi	5	3.69	NAME_OR_PLACE
scotch	6	3.69	NOT_NOUN_DOMINANT
scrub	5	3.69	NOT_NOUN_DOMINANT
spreads	7	3.69	NOT_A_WORDNET_NOUN
tapped	6	3.69	NOT_A_WORDNET_NOUN
thumbs	6	3.69	NOT_A_WORDNET_NOUN
titan	5	3.69	NAME_OR_PLACE
traitor	7	3.69	TOPIC:crime
traitor	7	3.69	MANUAL_BLOCK
truths	6	3.69	NOT_A_WORDNET_NOUN
urges	5	3.69	NOT_A_WORDNET_NOUN
watt	4	3.69	NAME_OR_PLACE
weighs	6	3.69	NOT_A_WORDNET_NOUN
addict	6	3.68	TOPIC:drugs
banging	7	3.68	MANUAL_BLOCK
bathing	7	3.68	MANUAL_BLOCK
bending	7	3.68	MANUAL_BLOCK
boiled	6	3.68	NOT_A_WORDNET_NOUN
bonding	7	3.68	MANUAL_BLOCK
bounds	6	3.68	PLURAL_FORM
breeds	6	3.68	NOT_A_WORDNET_NOUN
copying	7	3.68	VERB_FORM
danced	6	3.68	NOT_A_WORDNET_NOUN
drown	5	3.68	NOT_A_WORDNET_NOUN
durable	7	3.68	NOT_A_WORDNET_NOUN
faults	6	3.68	NOT_A_WORDNET_NOUN
incomes	7	3.68	NOT_A_WORDNET_NOUN
mans	4	3.68	NOT_A_WORDNET_NOUN
obese	5	3.68	NOT_A_WORDNET_NOUN
piper	5	3.68	NAME_OR_PLACE
rabbits	7	3.68	NOT_A_WORDNET_NOUN
ransom	6	3.68	TOPIC:crime
refs	4	3.68	NOT_A_WORDNET_NOUN
restart	7	3.68	NOT_A_WORDNET_NOUN
revive	6	3.68	NOT_A_WORDNET_NOUN
ringing	7	3.68	MANUAL_BLOCK
scarf	5	3.68	NOT_NOUN_DOMINANT
sensory	7	3.68	NOT_A_WORDNET_NOUN
sleepy	6	3.68	NOT_A_WORDNET_NOUN
stunned	7	3.68	NOT_A_WORDNET_NOUN
suspend	7	3.68	NOT_A_WORDNET_NOUN
tails	5	3.68	PLURAL_FORM
waits	5	3.68	NOT_A_WORDNET_NOUN
wakes	5	3.68	NOT_A_WORDNET_NOUN
advent	6	3.67	NAME_OR_PLACE
alas	4	3.67	NOT_A_WORDNET_NOUN
baths	5	3.67	NOT_A_WORDNET_NOUN
borne	5	3.67	NOT_A_WORDNET_NOUN
brokers	7	3.67	NOT_A_WORDNET_NOUN
capped	6	3.67	NOT_A_WORDNET_NOUN
chaotic	7	3.67	NOT_A_WORDNET_NOUN
cite	4	3.67	NOT_NOUN_DOMINANT
confuse	7	3.67	NOT_A_WORDNET_NOUN
coward	6	3.67	NAME_OR_PLACE
dell	4	3.67	MANUAL_BLOCK
depart	6	3.67	NOT_A_WORDNET_NOUN
dumping	7	3.67	VERB_FORM
dusty	5	3.67	NOT_A_WORDNET_NOUN
fibre	5	3.67	BRITISH_SPELLING
focal	5	3.67	NOT_A_WORDNET_NOUN
fucker	6	3.67	TOPIC:profanity
gears	5	3.67	NOT_A_WORDNET_NOUN
gladly	6	3.67	NOT_A_WORDNET_NOUN
govern	6	3.67	NOT_A_WORDNET_NOUN
gradual	7	3.67	NOT_NOUN_DOMINANT
harness	7	3.67	NOT_NOUN_DOMINANT
holt	4	3.67	NOT_A_WORDNET_NOUN
intern	6	3.67	NOT_NOUN_DOMINANT
lays	4	3.67	NOT_A_WORDNET_NOUN
lenders	7	3.67	NOT_A_WORDNET_NOUN
merged	6	3.67	NOT_A_WORDNET_NOUN
merits	6	3.67	NOT_A_WORDNET_NOUN
mist	4	3.67	NOT_NOUN_DOMINANT
noisy	5	3.67	NOT_A_WORDNET_NOUN
orgasm	6	3.67	TOPIC:sexual
otto	4	3.67	NOT_A_WORDNET_NOUN
panties	7	3.67	NOT_A_WORDNET_NOUN
prayed	6	3.67	NOT_A_WORDNET_NOUN
prefers	7	3.67	NOT_A_WORDNET_NOUN
puppies	7	3.67	NOT_A_WORDNET_NOUN
rash	4	3.67	TOPIC:disease
recalls	7	3.67	NOT_A_WORDNET_NOUN
rejects	7	3.67	NOT_A_WORDNET_NOUN
reside	6	3.67	NOT_A_WORDNET_NOUN
ripe	4	3.67	NOT_A_WORDNET_NOUN
rituals	7	3.67	NOT_A_WORDNET_NOUN
sane	4	3.67	NOT_A_WORDNET_NOUN
savior	6	3.67	NAME_OR_PLACE
scenic	6	3.67	NOT_A_WORDNET_NOUN
slapped	7	3.67	NOT_A_WORDNET_NOUN
spun	4	3.67	NOT_A_WORDNET_NOUN
thighs	6	3.67	NOT_A_WORDNET_NOUN
tipped	6	3.67	NOT_A_WORDNET_NOUN
toby	4	3.67	MANUAL_BLOCK
toilets	7	3.67	NOT_A_WORDNET_NOUN
tuning	6	3.67	VERB_FORM
tutor	5	3.67	NOT_NOUN_DOMINANT
unsafe	6	3.67	NOT_A_WORDNET_NOUN
vibrant	7	3.67	NOT_A_WORDNET_NOUN
wander	6	3.67	NOT_A_WORDNET_NOUN
acne	4	3.66	TOPIC:disease
assign	6	3.66	NOT_A_WORDNET_NOUN
bonnie	6	3.66	NOT_A_WORDNET_NOUN
brewery	7	3.66	TOPIC:alcohol
cliffs	6	3.66	NOT_A_WORDNET_NOUN
crunch	6	3.66	NOT_NOUN_DOMINANT
demise	6	3.66	TOPIC:death
diets	5	3.66	NOT_A_WORDNET_NOUN
differs	7	3.66	NOT_A_WORDNET_NOUN
digits	6	3.66	NOT_A_WORDNET_NOUN
dire	4	3.66	NOT_A_WORDNET_NOUN
drunken	7	3.66	NOT_A_WORDNET_NOUN
earnest	7	3.66	NOT_NOUN_DOMINANT
erase	5	3.66	NOT_A_WORDNET_NOUN
extinct	7	3.66	NOT_A_WORDNET_NOUN
forbid	6	3.66	NOT_A_WORDNET_NOUN
greeted	7	3.66	NOT_A_WORDNET_NOUN
healed	6	3.66	NOT_A_WORDNET_NOUN
herein	6	3.66	NOT_A_WORDNET_NOUN
jess	4	3.66	NOT_A_WORDNET_NOUN
laps	4	3.66	NOT_A_WORDNET_NOUN
manly	5	3.66	NOT_A_WORDNET_NOUN
mute	4	3.66	NOT_NOUN_DOMINANT
paints	6	3.66	NOT_A_WORDNET_NOUN
pence	5	3.66	NOT_A_WORDNET_NOUN
peppers	7	3.66	NOT_A_WORDNET_NOUN
pinned	6	3.66	NOT_A_WORDNET_NOUN
pleaded	7	3.66	NOT_A_WORDNET_NOUN
poop	4	3.66	MANUAL_BLOCK
punches	7	3.66	NOT_A_WORDNET_NOUN
ravens	6	3.66	NOT_A_WORDNET_NOUN
repay	5	3.66	NOT_A_WORDNET_NOUN
ropes	5	3.66	NOT_A_WORDNET_NOUN
rumours	7	3.66	NOT_A_WORDNET_NOUN
scares	6	3.66	NOT_A_WORDNET_NOUN
shaved	6	3.66	NOT_A_WORDNET_NOUN
shove	5	3.66	NOT_NOUN_DOMINANT
skipped	7	3.66	NOT_A_WORDNET_NOUN
snaps	5	3.66	NOT_A_WORDNET_NOUN
soaked	6	3.66	NOT_A_WORDNET_NOUN
spears	6	3.66	NOT_A_WORDNET_NOUN
swings	6	3.66	NOT_A_WORDNET_NOUN
tougher	7	3.66	NOT_A_WORDNET_NOUN
trivial	7	3.66	NOT_A_WORDNET_NOUN
turks	5	3.66	NOT_A_WORDNET_NOUN
warsaw	6	3.66	PROPER_ONLY
alec	4	3.65	NOT_A_WORDNET_NOUN
basil	5	3.65	NAME_OR_PLACE
booze	5	3.65	TOPIC:alcohol
buzzing	7	3.65	NOT_A_WORDNET_NOUN
cooks	5	3.65	NOT_A_WORDNET_NOUN
crafted	7	3.65	NOT_A_WORDNET_NOUN
crowned	7	3.65	NOT_A_WORDNET_NOUN
dang	4	3.65	NOT_A_WORDNET_NOUN
duel	4	3.65	TOPIC:violence
evenly	6	3.65	NOT_A_WORDNET_NOUN
fetch	5	3.65	NOT_NOUN_DOMINANT
flipped	7	3.65	NOT_A_WORDNET_NOUN
fuzzy	5	3.65	NOT_A_WORDNET_NOUN
gothic	6	3.65	PROPER_ONLY
grenade	7	3.65	TOPIC:weapons
guitars	7	3.65	NOT_A_WORDNET_NOUN
hamlet	6	3.65	NAME_OR_PLACE
herbs	5	3.65	NOT_A_WORDNET_NOUN
honours	7	3.65	PLURAL_FORM
hooks	5	3.65	PLURAL_FORM
hugely	6	3.65	NOT_A_WORDNET_NOUN
jerseys	7	3.65	NOT_A_WORDNET_NOUN
kris	4	3.65	TOPIC:weapons
kris	4	3.65	MANUAL_BLOCK
logged	6	3.65	NOT_A_WORDNET_NOUN
loops	5	3.65	NOT_A_WORDNET_NOUN
malaria	7	3.65	TOPIC:disease
masked	6	3.65	NOT_A_WORDNET_NOUN
morals	6	3.65	PLURAL_FORM
nicer	5	3.65	NOT_A_WORDNET_NOUN
optic	5	3.65	NOT_NOUN_DOMINANT
peas	4	3.65	NOT_A_WORDNET_NOUN
raging	6	3.65	NOT_A_WORDNET_NOUN
refresh	7	3.65	NOT_A_WORDNET_NOUN
saul	4	3.65	PROPER_ONLY
shakes	6	3.65	NOT_A_WORDNET_NOUN
slash	5	3.65	NOT_NOUN_DOMINANT
speedy	6	3.65	NOT_A_WORDNET_NOUN
statues	7	3.65	NOT_A_WORDNET_NOUN
stein	5	3.65	NAME_OR_PLACE
sway	4	3.65	NOT_NOUN_DOMINANT
towels	6	3.65	NOT_A_WORDNET_NOUN
veto	4	3.65	TOPIC:politics
wickets	7	3.65	NOT_A_WORDNET_NOUN
ballots	7	3.64	NOT_A_WORDNET_NOUN
bates	5	3.64	NOT_A_WORDNET_NOUN
births	6	3.64	NOT_A_WORDNET_NOUN
brew	4	3.64	NOT_NOUN_DOMINANT
chefs	5	3.64	NOT_A_WORDNET_NOUN
coca	4	3.64	NAME_OR_PLACE
cooled	6	3.64	NOT_A_WORDNET_NOUN
coupons	7	3.64	NOT_A_WORDNET_NOUN
cozy	4	3.64	NOT_NOUN_DOMINANT
dread	5	3.64	NOT_NOUN_DOMINANT
fibers	6	3.64	NOT_A_WORDNET_NOUN
fleeing	7	3.64	NOT_A_WORDNET_NOUN
gallons	7	3.64	NOT_A_WORDNET_NOUN
gamers	6	3.64	NOT_A_WORDNET_NOUN
hazards	7	3.64	NOT_A_WORDNET_NOUN
pedal	5	3.64	NOT_NOUN_DOMINANT
pest	4	3.64	TOPIC:disease
pitches	7	3.64	NOT_A_WORDNET_NOUN
pledged	7	3.64	NOT_A_WORDNET_NOUN
poly	4	3.64	NOT_A_WORDNET_NOUN
rallies	7	3.64	NOT_A_WORDNET_NOUN
rapids	6	3.64	NOT_A_WORDNET_NOUN
reacted	7	3.64	NOT_A_WORDNET_NOUN
rests	5	3.64	NOT_A_WORDNET_NOUN
retains	7	3.64	NOT_A_WORDNET_NOUN
revived	7	3.64	NOT_A_WORDNET_NOUN
screws	6	3.64	NOT_A_WORDNET_NOUN
shits	5	3.64	NOT_A_WORDNET_NOUN
spared	6	3.64	NOT_A_WORDNET_NOUN
swell	5	3.64	NOT_NOUN_DOMINANT
symptom	7	3.64	TOPIC:disease
thanked	7	3.64	NOT_A_WORDNET_NOUN
unused	6	3.64	NOT_A_WORDNET_NOUN
valleys	7	3.64	NOT_A_WORDNET_NOUN
wards	5	3.64	NOT_A_WORDNET_NOUN
align	5	3.63	NOT_A_WORDNET_NOUN
atop	4	3.63	NOT_A_WORDNET_NOUN
await	5	3.63	NOT_A_WORDNET_NOUN
buds	4	3.63	NOT_A_WORDNET_NOUN
carmen	6	3.63	NOT_A_WORDNET_NOUN
carrots	7	3.63	NOT_A_WORDNET_NOUN
chewing	7	3.63	VERB_FORM
comfy	5	3.63	NOT_A_WORDNET_NOUN
crooked	7	3.63	NOT_A_WORDNET_NOUN
dads	4	3.63	NOT_A_WORDNET_NOUN
dicks	5	3.63	NOT_A_WORDNET_NOUN
ding	4	3.63	MANUAL_BLOCK
divers	6	3.63	NOT_A_WORDNET_NOUN
drastic	7	3.63	NOT_A_WORDNET_NOUN
endorse	7	3.63	NOT_A_WORDNET_NOUN
flick	5	3.63	NOT_NOUN_DOMINANT
fowler	6	3.63	NAME_OR_PLACE
funky	5	3.63	NOT_A_WORDNET_NOUN
guarded	7	3.63	NOT_A_WORDNET_NOUN
hash	4	3.63	TOPIC:drugs
hogan	5	3.63	NAME_OR_PLACE
holden	6	3.63	NOT_A_WORDNET_NOUN
hydro	5	3.63	NOT_A_WORDNET_NOUN
inputs	6	3.63	NOT_A_WORDNET_NOUN
inspect	7	3.63	NOT_A_WORDNET_NOUN
knots	5	3.63	NOT_A_WORDNET_NOUN
laurel	6	3.63	NAME_OR_PLACE
leftist	7	3.63	TOPIC:politics
lyric	5	3.63	NOT_NOUN_DOMINANT
morally	7	3.63	NOT_A_WORDNET_NOUN
noel	4	3.63	PROPER_ONLY
plead	5	3.63	NOT_A_WORDNET_NOUN
portray	7	3.63	NOT_A_WORDNET_NOUN
puck	4	3.63	NAME_OR_PLACE
ratios	6	3.63	NOT_A_WORDNET_NOUN
refrain	7	3.63	NOT_NOUN_DOMINANT
rigged	6	3.63	NOT_A_WORDNET_NOUN
rite	4	3.63	TOPIC:religion
seldom	6	3.63	NOT_A_WORDNET_NOUN
slams	5	3.63	NOT_A_WORDNET_NOUN
slices	6	3.63	NOT_A_WORDNET_NOUN
spilled	7	3.63	NOT_A_WORDNET_NOUN
stacked	7	3.63	NOT_A_WORDNET_NOUN
styled	6	3.63	NOT_A_WORDNET_NOUN
tariffs	7	3.63	NOT_A_WORDNET_NOUN
unlucky	7	3.63	NOT_A_WORDNET_NOUN
whisky	6	3.63	BRITISH_SPELLING
winters	7	3.63	NOT_A_WORDNET_NOUN
abusing	7	3.62	NOT_A_WORDNET_NOUN
alpine	6	3.62	PROPER_ONLY
ambient	7	3.62	NOT_A_WORDNET_NOUN
aquatic	7	3.62	NOT_NOUN_DOMINANT
armored	7	3.62	NOT_A_WORDNET_NOUN
assert	6	3.62	NOT_A_WORDNET_NOUN
atheist	7	3.62	TOPIC:religion
bipolar	7	3.62	NOT_A_WORDNET_NOUN
bolts	5	3.62	NOT_A_WORDNET_NOUN
bombed	6	3.62	NOT_A_WORDNET_NOUN
canned	6	3.62	NOT_A_WORDNET_NOUN
coolest	7	3.62	NOT_A_WORDNET_NOUN
damp	4	3.62	NOT_NOUN_DOMINANT
elites	6	3.62	NOT_A_WORDNET_NOUN
enzymes	7	3.62	NOT_A_WORDNET_NOUN
faulty	6	3.62	NOT_A_WORDNET_NOUN
fertile	7	3.62	NOT_A_WORDNET_NOUN
feud	4	3.62	TOPIC:violence
fuse	4	3.62	NOT_NOUN_DOMINANT
gamer	5	3.62	NOT_A_WORDNET_NOUN
goodman	7	3.62	PROPER_ONLY
hamburg	7	3.62	PROPER_ONLY
hath	4	3.62	NOT_A_WORDNET_NOUN
humane	6	3.62	NOT_A_WORDNET_NOUN
lawful	6	3.62	NOT_A_WORDNET_NOUN
leased	6	3.62	NOT_A_WORDNET_NOUN
loosely	7	3.62	NOT_A_WORDNET_NOUN
lotus	5	3.62	NAME_OR_PLACE
luna	4	3.62	PROPER_ONLY
mails	5	3.62	NOT_A_WORDNET_NOUN
meth	4	3.62	MANUAL_BLOCK
ottoman	7	3.62	NAME_OR_PLACE
paddy	5	3.62	NAME_OR_PLACE
paved	5	3.62	NOT_A_WORDNET_NOUN
perks	5	3.62	NOT_A_WORDNET_NOUN
pillars	7	3.62	NOT_A_WORDNET_NOUN
presume	7	3.62	NOT_A_WORDNET_NOUN
rapist	6	3.62	TOPIC:crime
rebuilt	7	3.62	NOT_A_WORDNET_NOUN
renting	7	3.62	VERB_FORM
ridden	6	3.62	NOT_A_WORDNET_NOUN
scans	5	3.62	NOT_A_WORDNET_NOUN
seekers	7	3.62	NOT_A_WORDNET_NOUN
slammed	7	3.62	NOT_A_WORDNET_NOUN
sweets	6	3.62	NOT_A_WORDNET_NOUN
tally	5	3.62	NOT_NOUN_DOMINANT
termed	6	3.62	NOT_A_WORDNET_NOUN
timed	5	3.62	NOT_A_WORDNET_NOUN
trolls	6	3.62	NOT_A_WORDNET_NOUN
tucked	6	3.62	NOT_A_WORDNET_NOUN
tumors	6	3.62	NOT_A_WORDNET_NOUN
vastly	6	3.62	NOT_A_WORDNET_NOUN
vile	4	3.62	NOT_A_WORDNET_NOUN
wisely	6	3.62	NOT_A_WORDNET_NOUN
wizards	7	3.62	NOT_A_WORDNET_NOUN
wrecked	7	3.62	NOT_A_WORDNET_NOUN
arises	6	3.61	NOT_A_WORDNET_NOUN
bale	4	3.61	NAME_OR_PLACE
boasts	6	3.61	NOT_A_WORDNET_NOUN
cites	5	3.61	NOT_A_WORDNET_NOUN
colts	5	3.61	NOT_A_WORDNET_NOUN
crank	5	3.61	NOT_NOUN_DOMINANT
darn	4	3.61	MANUAL_BLOCK
decks	5	3.61	NOT_A_WORDNET_NOUN
diaries	7	3.61	NOT_A_WORDNET_NOUN
disgust	7	3.61	NOT_NOUN_DOMINANT
emerges	7	3.61	NOT_A_WORDNET_NOUN
factual	7	3.61	NOT_A_WORDNET_NOUN
fading	6	3.61	VERB_FORM
falsely	7	3.61	NOT_A_WORDNET_NOUN
fares	5	3.61	NOT_A_WORDNET_NOUN
flavors	7	3.61	NOT_A_WORDNET_NOUN
freshly	7	3.61	NOT_A_WORDNET_NOUN
homo	4	3.61	MANUAL_BLOCK
hymn	4	3.61	NOT_NOUN_DOMINANT
invade	6	3.61	NOT_A_WORDNET_NOUN
oaks	4	3.61	NOT_A_WORDNET_NOUN
onwards	7	3.61	NOT_A_WORDNET_NOUN
pseudo	6	3.61	TOPIC:crime
regina	6	3.61	PROPER_ONLY
reps	4	3.61	NOT_A_WORDNET_NOUN
rusty	5	3.61	NOT_A_WORDNET_NOUN
scarce	6	3.61	NOT_A_WORDNET_NOUN
slips	5	3.61	NOT_A_WORDNET_NOUN
soak	4	3.61	NOT_NOUN_DOMINANT
storey	6	3.61	BRITISH_SPELLING
tabs	4	3.61	NOT_A_WORDNET_NOUN
tailor	6	3.61	NOT_NOUN_DOMINANT
unseen	6	3.61	NOT_NOUN_DOMINANT
utmost	6	3.61	NOT_NOUN_DOMINANT
weary	5	3.61	NOT_A_WORDNET_NOUN
wills	5	3.61	NOT_A_WORDNET_NOUN
willy	5	3.61	NOT_A_WORDNET_NOUN
witches	7	3.61	NOT_A_WORDNET_NOUN
youths	6	3.61	NOT_A_WORDNET_NOUN
attain	6	3.60	NOT_A_WORDNET_NOUN
banners	7	3.60	NOT_A_WORDNET_NOUN
benny	5	3.60	NAME_OR_PLACE
bloc	4	3.60	TOPIC:politics
bourbon	7	3.60	NAME_OR_PLACE
bumps	5	3.60	NOT_A_WORDNET_NOUN
cancers	7	3.60	NOT_A_WORDNET_NOUN
champs	6	3.60	NOT_A_WORDNET_NOUN
chant	5	3.60	NOT_NOUN_DOMINANT
crimson	7	3.60	NOT_NOUN_DOMINANT
crypto	6	3.60	NOT_A_WORDNET_NOUN
curly	5	3.60	NOT_A_WORDNET_NOUN
debated	7	3.60	NOT_A_WORDNET_NOUN
dexter	6	3.60	NOT_A_WORDNET_NOUN
discs	5	3.60	NOT_A_WORDNET_NOUN
ensures	7	3.60	NOT_A_WORDNET_NOUN
extras	6	3.60	NOT_A_WORDNET_NOUN
famed	5	3.60	NOT_A_WORDNET_NOUN
fences	6	3.60	NOT_A_WORDNET_NOUN
fooled	6	3.60	NOT_A_WORDNET_NOUN
gigs	4	3.60	NOT_A_WORDNET_NOUN
grad	4	3.60	MANUAL_BLOCK
hale	4	3.60	PROPER_ONLY
helmets	7	3.60	NOT_A_WORDNET_NOUN
hereby	6	3.60	NOT_A_WORDNET_NOUN
hotter	6	3.60	NOT_A_WORDNET_NOUN
ignores	7	3.60	NOT_A_WORDNET_NOUN
indoors	7	3.60	NOT_A_WORDNET_NOUN
isolate	7	3.60	NOT_A_WORDNET_NOUN
knocks	6	3.60	NOT_A_WORDNET_NOUN
listens	7	3.60	NOT_A_WORDNET_NOUN
meadows	7	3.60	NOT_A_WORDNET_NOUN
muddy	5	3.60	NOT_A_WORDNET_NOUN
mystic	6	3.60	NOT_NOUN_DOMINANT
ness	4	3.60	MANUAL_BLOCK
nominal	7	3.60	NOT_NOUN_DOMINANT
pairing	7	3.60	TOPIC:sexual
parsons	7	3.60	PROPER_ONLY
poke	4	3.60	MANUAL_BLOCK
poorer	6	3.60	NOT_A_WORDNET_NOUN
prick	5	3.60	NOT_NOUN_DOMINANT
rugged	6	3.60	NOT_A_WORDNET_NOUN
shaken	6	3.60	NOT_A_WORDNET_NOUN
shines	6	3.60	NOT_A_WORDNET_NOUN
stared	6	3.60	NOT_A_WORDNET_NOUN
teamed	6	3.60	NOT_A_WORDNET_NOUN
tents	5	3.60	NOT_A_WORDNET_NOUN
thicker	7	3.60	NOT_A_WORDNET_NOUN
viking	6	3.60	PROPER_ONLY
weber	5	3.60	NAME_OR_PLACE
abide	5	3.59	NOT_A_WORDNET_NOUN
avail	5	3.59	NOT_NOUN_DOMINANT
behaved	7	3.59	NOT_A_WORDNET_NOUN
billed	6	3.59	NOT_A_WORDNET_NOUN
billing	7	3.59	VERB_FORM
brit	4	3.59	NAME_OR_PLACE
browse	6	3.59	NOT_NOUN_DOMINANT
buff	4	3.59	MANUAL_BLOCK
calorie	7	3.59	NAME_OR_PLACE
crusade	7	3.59	NOT_NOUN_DOMINANT
cynical	7	3.59	NOT_A_WORDNET_NOUN
devised	7	3.59	NOT_A_WORDNET_NOUN
disrupt	7	3.59	NOT_A_WORDNET_NOUN
drills	6	3.59	NOT_A_WORDNET_NOUN
echoes	6	3.59	NOT_A_WORDNET_NOUN
exceeds	7	3.59	NOT_A_WORDNET_NOUN
fart	4	3.59	MANUAL_BLOCK
fearing	7	3.59	NOT_A_WORDNET_NOUN
fixes	5	3.59	NOT_A_WORDNET_NOUN
fluffy	6	3.59	NOT_A_WORDNET_NOUN
gadgets	7	3.59	NOT_A_WORDNET_NOUN
gaga	4	3.59	NOT_A_WORDNET_NOUN
highs	5	3.59	NOT_A_WORDNET_NOUN
insults	7	3.59	NOT_A_WORDNET_NOUN
jailed	6	3.59	NOT_A_WORDNET_NOUN
jewels	6	3.59	NOT_A_WORDNET_NOUN
marital	7	3.59	NOT_A_WORDNET_NOUN
muse	4	3.59	NAME_OR_PLACE
nipples	7	3.59	NOT_A_WORDNET_NOUN
orbital	7	3.59	NOT_A_WORDNET_NOUN
piles	5	3.59	PLURAL_FORM
raced	5	3.59	NOT_A_WORDNET_NOUN
rested	6	3.59	NOT_A_WORDNET_NOUN
rods	4	3.59	NOT_A_WORDNET_NOUN
sacks	5	3.59	NOT_A_WORDNET_NOUN
shes	4	3.59	NOT_A_WORDNET_NOUN
slender	7	3.59	NOT_A_WORDNET_NOUN
sloppy	6	3.59	NOT_A_WORDNET_NOUN
soviets	7	3.59	PROPER_ONLY
spec	4	3.59	MANUAL_BLOCK
sponge	6	3.59	NOT_NOUN_DOMINANT
suns	4	3.59	NOT_A_WORDNET_NOUN
surreal	7	3.59	NOT_A_WORDNET_NOUN
tease	5	3.59	NOT_NOUN_DOMINANT
tiffany	7	3.59	PROPER_ONLY
titanic	7	3.59	NOT_A_WORDNET_NOUN
unreal	6	3.59	NOT_A_WORDNET_NOUN
upheld	6	3.59	NOT_A_WORDNET_NOUN
valves	6	3.59	NOT_A_WORDNET_NOUN
weakest	7	3.59	NOT_A_WORDNET_NOUN
awaited	7	3.58	NOT_A_WORDNET_NOUN
begged	6	3.58	NOT_A_WORDNET_NOUN
bluff	5	3.58	NOT_NOUN_DOMINANT
brushes	7	3.58	NOT_A_WORDNET_NOUN
bushes	6	3.58	NOT_A_WORDNET_NOUN
casts	5	3.58	NOT_A_WORDNET_NOUN
cheesy	6	3.58	NOT_A_WORDNET_NOUN
clad	4	3.58	NOT_A_WORDNET_NOUN
clocks	6	3.58	PLURAL_FORM
coached	7	3.58	NOT_A_WORDNET_NOUN
coded	5	3.58	NOT_A_WORDNET_NOUN
darkest	7	3.58	NOT_A_WORDNET_NOUN
dictate	7	3.58	NOT_NOUN_DOMINANT
directs	7	3.58	NOT_A_WORDNET_NOUN
drafts	6	3.58	NOT_A_WORDNET_NOUN
electro	7	3.58	NOT_A_WORDNET_NOUN
endured	7	3.58	NOT_A_WORDNET_NOUN
expands	7	3.58	NOT_A_WORDNET_NOUN
fabrics	7	3.58	NOT_A_WORDNET_NOUN
falcons	7	3.58	NOT_A_WORDNET_NOUN
fascism	7	3.58	TOPIC:politics
fats	4	3.58	NOT_A_WORDNET_NOUN
fearful	7	3.58	NOT_A_WORDNET_NOUN
festive	7	3.58	NOT_A_WORDNET_NOUN
geared	6	3.58	NOT_A_WORDNET_NOUN
hunted	6	3.58	NOT_A_WORDNET_NOUN
isles	5	3.58	NOT_A_WORDNET_NOUN
larvae	6	3.58	NOT_A_WORDNET_NOUN
lima	4	3.58	PROPER_ONLY
memoirs	7	3.58	NOT_A_WORDNET_NOUN
needy	5	3.58	NOT_NOUN_DOMINANT
optics	6	3.58	PLURAL_FORM
pies	4	3.58	NOT_A_WORDNET_NOUN
pissing	7	3.58	VERB_FORM
rents	5	3.58	NOT_A_WORDNET_NOUN
roofs	5	3.58	NOT_A_WORDNET_NOUN
rotate	6	3.58	NOT_A_WORDNET_NOUN
sans	4	3.58	NOT_A_WORDNET_NOUN
shri	4	3.58	NOT_A_WORDNET_NOUN
stamped	7	3.58	NOT_A_WORDNET_NOUN
swipe	5	3.58	NOT_NOUN_DOMINANT
tighter	7	3.58	NOT_A_WORDNET_NOUN
trumpet	7	3.58	NOT_NOUN_DOMINANT
accents	7	3.57	NOT_A_WORDNET_NOUN
adhere	6	3.57	NOT_A_WORDNET_NOUN
alarms	6	3.57	NOT_A_WORDNET_NOUN
alma	4	3.57	NOT_A_WORDNET_NOUN
arse	4	3.57	TOPIC:profanity
berries	7	3.57	NOT_A_WORDNET_NOUN
bruins	6	3.57	NOT_A_WORDNET_NOUN
brushed	7	3.57	NOT_A_WORDNET_NOUN
cigar	5	3.57	TOPIC:tobacco
circa	5	3.57	NOT_A_WORDNET_NOUN
cloak	5	3.57	NOT_NOUN_DOMINANT
cologne	7	3.57	NAME_OR_PLACE
colt	4	3.57	NAME_OR_PLACE
condoms	7	3.57	NOT_A_WORDNET_NOUN
crises	6	3.57	NOT_A_WORDNET_NOUN
dwell	5	3.57	NOT_A_WORDNET_NOUN
fasting	7	3.57	VERB_FORM
fiery	5	3.57	NOT_A_WORDNET_NOUN
fueled	6	3.57	NOT_A_WORDNET_NOUN
gimme	5	3.57	NOT_A_WORDNET_NOUN
goofy	5	3.57	PROPER_ONLY
hector	6	3.57	PROPER_ONLY
hicks	5	3.57	NOT_A_WORDNET_NOUN
hobbies	7	3.57	NOT_A_WORDNET_NOUN
invent	6	3.57	NOT_A_WORDNET_NOUN
jockey	6	3.57	NOT_NOUN_DOMINANT
jolly	5	3.57	NOT_NOUN_DOMINANT
mats	4	3.57	NOT_A_WORDNET_NOUN
offend	6	3.57	NOT_A_WORDNET_NOUN
purge	5	3.57	NOT_NOUN_DOMINANT
reacts	6	3.57	NOT_A_WORDNET_NOUN
riches	6	3.57	PLURAL_FORM
ripping	7	3.57	NOT_A_WORDNET_NOUN
rubbed	6	3.57	NOT_A_WORDNET_NOUN
seeded	6	3.57	NOT_A_WORDNET_NOUN
skirts	6	3.57	NOT_A_WORDNET_NOUN
sliced	6	3.57	NOT_A_WORDNET_NOUN
soils	5	3.57	NOT_A_WORDNET_NOUN
staples	7	3.57	NOT_A_WORDNET_NOUN
stokes	6	3.57	NOT_A_WORDNET_NOUN
storing	7	3.57	NOT_A_WORDNET_NOUN
summed	6	3.57	NOT_A_WORDNET_NOUN
swollen	7	3.57	NOT_A_WORDNET_NOUN
undo	4	3.57	NOT_A_WORDNET_NOUN
unnamed	7	3.57	NOT_A_WORDNET_NOUN
vans	4	3.57	NOT_A_WORDNET_NOUN
vines	5	3.57	NOT_A_WORDNET_NOUN
visuals	7	3.57	NOT_A_WORDNET_NOUN
wary	4	3.57	NOT_A_WORDNET_NOUN
windy	5	3.57	NOT_A_WORDNET_NOUN
wraps	5	3.57	NOT_A_WORDNET_NOUN
alerts	6	3.56	NOT_A_WORDNET_NOUN
alps	4	3.56	PROPER_ONLY
amidst	6	3.56	NOT_A_WORDNET_NOUN
batter	6	3.56	NOT_NOUN_DOMINANT
braves	6	3.56	NOT_A_WORDNET_NOUN
calmly	6	3.56	NOT_A_WORDNET_NOUN
cinemas	7	3.56	NOT_A_WORDNET_NOUN
claws	5	3.56	NOT_A_WORDNET_NOUN
clears	6	3.56	NOT_A_WORDNET_NOUN
clicked	7	3.56	NOT_A_WORDNET_NOUN
commute	7	3.56	NOT_NOUN_DOMINANT
contend	7	3.56	NOT_A_WORDNET_NOUN
convict	7	3.56	TOPIC:crime
craving	7	3.56	VERB_FORM
disturb	7	3.56	NOT_A_WORDNET_NOUN
docks	5	3.56	NOT_A_WORDNET_NOUN
earns	5	3.56	NOT_A_WORDNET_NOUN
eminent	7	3.56	NOT_A_WORDNET_NOUN
escapes	7	3.56	NOT_A_WORDNET_NOUN
flashes	7	3.56	NOT_A_WORDNET_NOUN
flop	4	3.56	NOT_NOUN_DOMINANT
freaks	6	3.56	NOT_A_WORDNET_NOUN
frogs	5	3.56	NOT_A_WORDNET_NOUN
fronts	6	3.56	NOT_A_WORDNET_NOUN
furry	5	3.56	NOT_A_WORDNET_NOUN
hanged	6	3.56	NOT_A_WORDNET_NOUN
induce	6	3.56	NOT_A_WORDNET_NOUN
jaws	4	3.56	NOT_A_WORDNET_NOUN
leafs	5	3.56	NOT_A_WORDNET_NOUN
lowe	4	3.56	NOT_A_WORDNET_NOUN
mister	6	3.56	PROPER_ONLY
oddly	5	3.56	NOT_A_WORDNET_NOUN
ouch	4	3.56	NOT_A_WORDNET_NOUN
overs	5	3.56	NOT_A_WORDNET_NOUN
paced	5	3.56	NOT_A_WORDNET_NOUN
pals	4	3.56	NOT_A_WORDNET_NOUN
psalm	5	3.56	NAME_OR_PLACE
pubs	4	3.56	NOT_A_WORDNET_NOUN
safest	6	3.56	NOT_A_WORDNET_NOUN
sheila	6	3.56	NOT_A_WORDNET_NOUN
sweaty	6	3.56	NOT_A_WORDNET_NOUN
tame	4	3.56	NOT_A_WORDNET_NOUN
taps	4	3.56	PLURAL_FORM
thugs	5	3.56	NOT_A_WORDNET_NOUN
tipping	7	3.56	NOT_A_WORDNET_NOUN
topping	7	3.56	VERB_FORM
witty	5	3.56	NOT_A_WORDNET_NOUN
woven	5	3.56	NOT_A_WORDNET_NOUN
ambush	6	3.55	NOT_NOUN_DOMINANT
amend	5	3.55	NOT_A_WORDNET_NOUN
awaits	6	3.55	NOT_A_WORDNET_NOUN
baptism	7	3.55	TOPIC:religion
blames	6	3.55	NOT_A_WORDNET_NOUN
blur	4	3.55	NOT_NOUN_DOMINANT
bothers	7	3.55	NOT_A_WORDNET_NOUN
bulbs	5	3.55	NOT_A_WORDNET_NOUN
canton	6	3.55	NOT_NOUN_DOMINANT
cater	5	3.55	NOT_A_WORDNET_NOUN
cloudy	6	3.55	NOT_A_WORDNET_NOUN
comrade	7	3.55	NAME_OR_PLACE
cory	4	3.55	NOT_A_WORDNET_NOUN
crater	6	3.55	NAME_OR_PLACE
deity	5	3.55	TOPIC:religion
drains	6	3.55	NOT_A_WORDNET_NOUN
dramas	6	3.55	NOT_A_WORDNET_NOUN
edged	5	3.55	NOT_A_WORDNET_NOUN
faux	4	3.55	NOT_A_WORDNET_NOUN
fulfil	6	3.55	NOT_A_WORDNET_NOUN
garner	6	3.55	NOT_NOUN_DOMINANT
graphs	6	3.55	NOT_A_WORDNET_NOUN
gypsy	5	3.55	NAME_OR_PLACE
leasing	7	3.55	NOT_A_WORDNET_NOUN
lush	4	3.55	NOT_NOUN_DOMINANT
mash	4	3.55	NOT_NOUN_DOMINANT
messiah	7	3.55	NAME_OR_PLACE
mocking	7	3.55	NOT_A_WORDNET_NOUN
motions	7	3.55	NOT_A_WORDNET_NOUN
odyssey	7	3.55	NAME_OR_PLACE
onboard	7	3.55	NOT_A_WORDNET_NOUN
oneself	7	3.55	NOT_A_WORDNET_NOUN
palms	5	3.55	NOT_A_WORDNET_NOUN
plural	6	3.55	NOT_NOUN_DOMINANT
prevail	7	3.55	NOT_A_WORDNET_NOUN
puff	4	3.55	NOT_NOUN_DOMINANT
puzzles	7	3.55	NOT_A_WORDNET_NOUN
rampant	7	3.55	NOT_A_WORDNET_NOUN
repeats	7	3.55	NOT_A_WORDNET_NOUN
risking	7	3.55	NOT_A_WORDNET_NOUN
rooting	7	3.55	VERB_FORM
routing	7	3.55	NOT_A_WORDNET_NOUN
scaled	6	3.55	NOT_A_WORDNET_NOUN
slang	5	3.55	NOT_NOUN_DOMINANT
slid	4	3.55	NOT_A_WORDNET_NOUN
sparked	7	3.55	NOT_A_WORDNET_NOUN
spices	6	3.55	NOT_A_WORDNET_NOUN
spoiler	7	3.55	TOPIC:politics
summon	6	3.55	NOT_A_WORDNET_NOUN
tavern	6	3.55	TOPIC:alcohol
ulster	6	3.55	NAME_OR_PLACE
uneven	6	3.55	NOT_A_WORDNET_NOUN
vibes	5	3.55	PLURAL_FORM
whining	7	3.55	NOT_A_WORDNET_NOUN
wording	7	3.55	VERB_FORM
apache	6	3.54	NAME_OR_PLACE
ariel	5	3.54	NOT_A_WORDNET_NOUN
brits	5	3.54	PROPER_ONLY
cain	4	3.54	PROPER_ONLY
casa	4	3.54	NOT_A_WORDNET_NOUN
charms	6	3.54	NOT_A_WORDNET_NOUN
chores	6	3.54	NOT_A_WORDNET_NOUN
clap	4	3.54	NOT_NOUN_DOMINANT
colder	6	3.54	NOT_A_WORDNET_NOUN
dagger	6	3.54	TOPIC:weapons
dipped	6	3.54	NOT_A_WORDNET_NOUN
dunk	4	3.54	NOT_NOUN_DOMINANT
endings	7	3.54	NOT_A_WORDNET_NOUN
ensuing	7	3.54	NOT_A_WORDNET_NOUN
ensured	7	3.54	NOT_A_WORDNET_NOUN
expire	6	3.54	NOT_A_WORDNET_NOUN
fossils	7	3.54	NOT_A_WORDNET_NOUN
haunt	5	3.54	NOT_NOUN_DOMINANT
hurdles	7	3.54	PLURAL_FORM
hyped	5	3.54	NOT_A_WORDNET_NOUN
indulge	7	3.54	NOT_A_WORDNET_NOUN
kaiser	6	3.54	PROPER_ONLY
laptops	7	3.54	NOT_A_WORDNET_NOUN
lasers	6	3.54	NOT_A_WORDNET_NOUN
lest	4	3.54	NOT_A_WORDNET_NOUN
menace	6	3.54	NOT_NOUN_DOMINANT
misuse	6	3.54	NOT_NOUN_DOMINANT
nana	4	3.54	NOT_A_WORDNET_NOUN
nausea	6	3.54	TOPIC:disease
ounces	6	3.54	NOT_A_WORDNET_NOUN
pearls	6	3.54	NOT_A_WORDNET_NOUN
raping	6	3.54	NOT_A_WORDNET_NOUN
reboot	6	3.54	NOT_A_WORDNET_NOUN
renamed	7	3.54	NOT_A_WORDNET_NOUN
resides	7	3.54	NOT_A_WORDNET_NOUN
robotic	7	3.54	NOT_A_WORDNET_NOUN
sect	4	3.54	TOPIC:religion
seismic	7	3.54	NOT_A_WORDNET_NOUN
shouts	6	3.54	NOT_A_WORDNET_NOUN
sighted	7	3.54	NOT_A_WORDNET_NOUN
skinned	7	3.54	NOT_A_WORDNET_NOUN
softer	6	3.54	NOT_A_WORDNET_NOUN
specs	5	3.54	PLURAL_FORM
squads	6	3.54	NOT_A_WORDNET_NOUN
striped	7	3.54	NOT_A_WORDNET_NOUN
swiftly	7	3.54	NOT_A_WORDNET_NOUN
viola	5	3.54	NAME_OR_PLACE
waved	5	3.54	NOT_A_WORDNET_NOUN
weaving	7	3.54	VERB_FORM
welding	7	3.54	VERB_FORM
yummy	5	3.54	NOT_A_WORDNET_NOUN
amused	6	3.53	NOT_A_WORDNET_NOUN
bach	4	3.53	PROPER_ONLY
beetle	6	3.53	NOT_NOUN_DOMINANT
bolivia	7	3.53	NAME_OR_PLACE
bottoms	7	3.53	NOT_A_WORDNET_NOUN
burgess	7	3.53	NAME_OR_PLACE
butts	5	3.53	NOT_A_WORDNET_NOUN
chevy	5	3.53	NOT_A_WORDNET_NOUN
choked	6	3.53	NOT_A_WORDNET_NOUN
clashes	7	3.53	NOT_A_WORDNET_NOUN
conform	7	3.53	NOT_A_WORDNET_NOUN
cues	4	3.53	NOT_A_WORDNET_NOUN
dalton	6	3.53	PROPER_ONLY
debuted	7	3.53	NOT_A_WORDNET_NOUN
depicts	7	3.53	NOT_A_WORDNET_NOUN
devote	6	3.53	NOT_A_WORDNET_NOUN
dinners	7	3.53	NOT_A_WORDNET_NOUN
dispose	7	3.53	NOT_A_WORDNET_NOUN
exits	5	3.53	NOT_A_WORDNET_NOUN
hoax	4	3.53	TOPIC:crime
lite	4	3.53	NOT_A_WORDNET_NOUN
logos	5	3.53	PROPER_ONLY
lurking	7	3.53	NOT_A_WORDNET_NOUN
madden	6	3.53	NOT_A_WORDNET_NOUN
mono	4	3.53	TOPIC:disease
numb	4	3.53	NOT_A_WORDNET_NOUN
omitted	7	3.53	NOT_A_WORDNET_NOUN
persist	7	3.53	NOT_A_WORDNET_NOUN
plaster	7	3.53	NOT_NOUN_DOMINANT
playful	7	3.53	NOT_A_WORDNET_NOUN
quirky	6	3.53	NOT_A_WORDNET_NOUN
reap	4	3.53	NOT_A_WORDNET_NOUN
redeem	6	3.53	NOT_A_WORDNET_NOUN
regimes	7	3.53	NOT_A_WORDNET_NOUN
rocked	6	3.53	NOT_A_WORDNET_NOUN
scanned	7	3.53	NOT_A_WORDNET_NOUN
severed	7	3.53	NOT_A_WORDNET_NOUN
shocks	6	3.53	NOT_A_WORDNET_NOUN
spikes	6	3.53	NOT_A_WORDNET_NOUN
spooky	6	3.53	NOT_A_WORDNET_NOUN
swore	5	3.53	NOT_A_WORDNET_NOUN
tasked	6	3.53	NOT_A_WORDNET_NOUN
thyroid	7	3.53	NOT_NOUN_DOMINANT
tidy	4	3.53	NOT_NOUN_DOMINANT
tokens	6	3.53	NOT_A_WORDNET_NOUN
usable	6	3.53	NOT_A_WORDNET_NOUN
vulgar	6	3.53	NOT_A_WORDNET_NOUN
weave	5	3.53	NOT_NOUN_DOMINANT
ashore	6	3.52	NOT_A_WORDNET_NOUN
aura	4	3.52	TOPIC:disease
bonded	6	3.52	NOT_A_WORDNET_NOUN
brewers	7	3.52	NOT_A_WORDNET_NOUN
bundles	7	3.52	NOT_A_WORDNET_NOUN
cherish	7	3.52	NOT_A_WORDNET_NOUN
conceal	7	3.52	NOT_A_WORDNET_NOUN
cores	5	3.52	NOT_A_WORDNET_NOUN
curl	4	3.52	NOT_NOUN_DOMINANT
dams	4	3.52	NOT_A_WORDNET_NOUN
dared	5	3.52	NOT_A_WORDNET_NOUN
dart	4	3.52	TOPIC:weapons
defends	7	3.52	NOT_A_WORDNET_NOUN
dickens	7	3.52	NAME_OR_PLACE
disable	7	3.52	NOT_A_WORDNET_NOUN
erect	5	3.52	NOT_A_WORDNET_NOUN
expires	7	3.52	NOT_A_WORDNET_NOUN
feds	4	3.52	NOT_A_WORDNET_NOUN
finely	6	3.52	NOT_A_WORDNET_NOUN
fluent	6	3.52	NOT_A_WORDNET_NOUN
fore	4	3.52	NOT_NOUN_DOMINANT
freaked	7	3.52	NOT_A_WORDNET_NOUN
grouped	7	3.52	NOT_A_WORDNET_NOUN
halted	6	3.52	NOT_A_WORDNET_NOUN
harden	6	3.52	NOT_A_WORDNET_NOUN
hateful	7	3.52	NOT_A_WORDNET_NOUN
horrors	7	3.52	NOT_A_WORDNET_NOUN
howe	4	3.52	PROPER_ONLY
inherit	7	3.52	NOT_A_WORDNET_NOUN
ions	4	3.52	NOT_A_WORDNET_NOUN
mixes	5	3.52	NOT_A_WORDNET_NOUN
morons	6	3.52	NOT_A_WORDNET_NOUN
morse	5	3.52	PROPER_ONLY
mounts	6	3.52	NOT_A_WORDNET_NOUN
nicest	6	3.52	NOT_A_WORDNET_NOUN
nordic	6	3.52	PROPER_ONLY
notions	7	3.52	NOT_A_WORDNET_NOUN
oranges	7	3.52	NOT_A_WORDNET_NOUN
outward	7	3.52	NOT_A_WORDNET_NOUN
packets	7	3.52	NOT_A_WORDNET_NOUN
peanuts	7	3.52	PLURAL_FORM
piracy	6	3.52	TOPIC:crime
presses	7	3.52	NOT_A_WORDNET_NOUN
rave	4	3.52	NOT_NOUN_DOMINANT
reeves	6	3.52	NOT_A_WORDNET_NOUN
reigns	6	3.52	NOT_A_WORDNET_NOUN
sails	5	3.52	NOT_A_WORDNET_NOUN
smokers	7	3.52	NOT_A_WORDNET_NOUN
sneaky	6	3.52	NOT_A_WORDNET_NOUN
spouses	7	3.52	NOT_A_WORDNET_NOUN
starve	6	3.52	NOT_A_WORDNET_NOUN
taxed	5	3.52	NOT_A_WORDNET_NOUN
toledo	6	3.52	PROPER_ONLY
tread	5	3.52	NOT_NOUN_DOMINANT
typed	5	3.52	NOT_A_WORDNET_NOUN
tyres	5	3.52	NOT_A_WORDNET_NOUN
unfit	5	3.52	NOT_A_WORDNET_NOUN
uphold	6	3.52	NOT_A_WORDNET_NOUN
vita	4	3.52	NOT_A_WORDNET_NOUN
weeds	5	3.52	PLURAL_FORM
zoning	6	3.52	VERB_FORM
airs	4	3.51	PLURAL_FORM
aloud	5	3.51	NOT_A_WORDNET_NOUN
angular	7	3.51	NOT_A_WORDNET_NOUN
barking	7	3.51	NOT_A_WORDNET_NOUN
benign	6	3.51	NOT_A_WORDNET_NOUN
boast	5	3.51	NOT_NOUN_DOMINANT
brandy	6	3.51	TOPIC:alcohol
cheeky	6	3.51	NOT_A_WORDNET_NOUN
cuff	4	3.51	NOT_NOUN_DOMINANT
curling	7	3.51	VERB_FORM
derive	6	3.51	NOT_A_WORDNET_NOUN
descend	7	3.51	NOT_A_WORDNET_NOUN
drilled	7	3.51	NOT_A_WORDNET_NOUN
empower	7	3.51	NOT_A_WORDNET_NOUN
heirs	5	3.51	NOT_A_WORDNET_NOUN
informs	7	3.51	NOT_A_WORDNET_NOUN
metrics	7	3.51	PLURAL_FORM
modular	7	3.51	NOT_A_WORDNET_NOUN
outlaw	6	3.51	NOT_NOUN_DOMINANT
oversee	7	3.51	NOT_A_WORDNET_NOUN
piers	5	3.51	NOT_A_WORDNET_NOUN
pleas	5	3.51	NOT_A_WORDNET_NOUN
praises	7	3.51	NOT_A_WORDNET_NOUN
rappers	7	3.51	NOT_A_WORDNET_NOUN
sourced	7	3.51	NOT_A_WORDNET_NOUN
spins	5	3.51	NOT_A_WORDNET_NOUN
stalls	6	3.51	PLURAL_FORM
tighten	7	3.51	NOT_A_WORDNET_NOUN
tyre	4	3.51	NAME_OR_PLACE
usher	5	3.51	NAME_OR_PLACE
vets	4	3.51	NOT_A_WORDNET_NOUN
yielded	7	3.51	NOT_A_WORDNET_NOUN
addicts	7	3.50	NOT_A_WORDNET_NOUN
ankles	6	3.50	NOT_A_WORDNET_NOUN
annex	5	3.50	NOT_NOUN_DOMINANT
annexed	7	3.50	NOT_A_WORDNET_NOUN
avenues	7	3.50	NOT_A_WORDNET_NOUN
avid	4	3.50	NOT_A_WORDNET_NOUN
avoids	6	3.50	NOT_A_WORDNET_NOUN
badges	6	3.50	NOT_A_WORDNET_NOUN
barge	5	3.50	NOT_NOUN_DOMINANT
bland	5	3.50	NOT_A_WORDNET_NOUN
blended	7	3.50	NOT_A_WORDNET_NOUN
bong	4	3.50	TOPIC:drugs
bounded	7	3.50	NOT_A_WORDNET_NOUN
bows	4	3.50	NOT_A_WORDNET_NOUN
bridal	6	3.50	NOT_NOUN_DOMINANT
buckets	7	3.50	NOT_A_WORDNET_NOUN
buckle	6	3.50	NOT_NOUN_DOMINANT
bursts	6	3.50	NOT_A_WORDNET_NOUN
centred	7	3.50	NOT_A_WORDNET_NOUN
chilly	6	3.50	NOT_NOUN_DOMINANT
chords	6	3.50	NOT_A_WORDNET_NOUN
clowns	6	3.50	NOT_A_WORDNET_NOUN
cobb	4	3.50	NOT_A_WORDNET_NOUN
corpses	7	3.50	NOT_A_WORDNET_NOUN
cradle	6	3.50	NOT_NOUN_DOMINANT
crappy	6	3.50	NOT_A_WORDNET_NOUN
despise	7	3.50	NOT_A_WORDNET_NOUN
docs	4	3.50	NOT_A_WORDNET_NOUN
equip	5	3.50	NOT_A_WORDNET_NOUN
fellas	6	3.50	NOT_A_WORDNET_NOUN
growers	7	3.50	NOT_A_WORDNET_NOUN
haters	6	3.50	NOT_A_WORDNET_NOUN
humid	5	3.50	NOT_A_WORDNET_NOUN
imam	4	3.50	TOPIC:religion
jackpot	7	3.50	TOPIC:gambling
legged	6	3.50	NOT_A_WORDNET_NOUN
litre	5	3.50	BRITISH_SPELLING
longing	7	3.50	VERB_FORM
mailed	6	3.50	NOT_A_WORDNET_NOUN
mapped	6	3.50	NOT_A_WORDNET_NOUN
mating	6	3.50	VERB_FORM
mesa	4	3.50	NAME_OR_PLACE
milky	5	3.50	NOT_A_WORDNET_NOUN
modeled	7	3.50	NOT_A_WORDNET_NOUN
nuggets	7	3.50	NOT_A_WORDNET_NOUN
overdue	7	3.50	NOT_A_WORDNET_NOUN
peaches	7	3.50	NOT_A_WORDNET_NOUN
peaked	6	3.50	NOT_A_WORDNET_NOUN
pillows	7	3.50	NOT_A_WORDNET_NOUN
pivotal	7	3.50	NOT_A_WORDNET_NOUN
provoke	7	3.50	NOT_A_WORDNET_NOUN
roaming	7	3.50	NOT_A_WORDNET_NOUN
sabbath	7	3.50	PROPER_ONLY
skinner	7	3.50	NAME_OR_PLACE
smelled	7	3.50	NOT_A_WORDNET_NOUN
splits	6	3.50	NOT_A_WORDNET_NOUN
suing	5	3.50	NOT_A_WORDNET_NOUN
tallest	7	3.50	NOT_A_WORDNET_NOUN
taped	5	3.50	NOT_A_WORDNET_NOUN
tedious	7	3.50	NOT_A_WORDNET_NOUN
toxins	6	3.50	NOT_A_WORDNET_NOUN
twists	6	3.50	NOT_A_WORDNET_NOUN
walkers	7	3.50	NOT_A_WORDNET_NOUN
wink	4	3.50	NOT_NOUN_DOMINANT
attends	7	3.49	NOT_A_WORDNET_NOUN
bitten	6	3.49	NOT_A_WORDNET_NOUN
blasted	7	3.49	NOT_A_WORDNET_NOUN
blasts	6	3.49	NOT_A_WORDNET_NOUN
bottled	7	3.49	NOT_A_WORDNET_NOUN
braces	6	3.49	PLURAL_FORM
brag	4	3.49	NOT_NOUN_DOMINANT
bumped	6	3.49	NOT_A_WORDNET_NOUN
catchy	6	3.49	NOT_A_WORDNET_NOUN
cheque	6	3.49	BRITISH_SPELLING
chilled	7	3.49	NOT_A_WORDNET_NOUN
cling	5	3.49	NOT_NOUN_DOMINANT
commits	7	3.49	NOT_A_WORDNET_NOUN
dine	4	3.49	NOT_A_WORDNET_NOUN
dubious	7	3.49	NOT_A_WORDNET_NOUN
eagerly	7	3.49	NOT_A_WORDNET_NOUN
erased	6	3.49	NOT_A_WORDNET_NOUN
flap	4	3.49	NOT_NOUN_DOMINANT
hailed	6	3.49	NOT_A_WORDNET_NOUN
idols	5	3.49	NOT_A_WORDNET_NOUN
kidneys	7	3.49	NOT_A_WORDNET_NOUN
lapse	5	3.49	NOT_NOUN_DOMINANT
lodged	6	3.49	NOT_A_WORDNET_NOUN
mimic	5	3.49	NOT_NOUN_DOMINANT
mindful	7	3.49	NOT_A_WORDNET_NOUN
neatly	6	3.49	NOT_A_WORDNET_NOUN
nuns	4	3.49	NOT_A_WORDNET_NOUN
paddle	6	3.49	NOT_NOUN_DOMINANT
pixels	6	3.49	NOT_A_WORDNET_NOUN
plunge	6	3.49	NOT_NOUN_DOMINANT
quasi	5	3.49	NOT_A_WORDNET_NOUN
radiant	7	3.49	NOT_A_WORDNET_NOUN
revoked	7	3.49	NOT_A_WORDNET_NOUN
rhymes	6	3.49	NOT_A_WORDNET_NOUN
scotia	6	3.49	NOT_A_WORDNET_NOUN
sears	5	3.49	NOT_A_WORDNET_NOUN
shuffle	7	3.49	NOT_NOUN_DOMINANT
shuts	5	3.49	NOT_A_WORDNET_NOUN
sprayed	7	3.49	NOT_A_WORDNET_NOUN
stacks	6	3.49	PLURAL_FORM
suites	6	3.49	NOT_A_WORDNET_NOUN
weaken	6	3.49	NOT_A_WORDNET_NOUN
abolish	7	3.48	NOT_A_WORDNET_NOUN
alarmed	7	3.48	NOT_A_WORDNET_NOUN
ammo	4	3.48	TOPIC:weapons
anyhow	6	3.48	NOT_A_WORDNET_NOUN
badger	6	3.48	NOT_NOUN_DOMINANT
blazing	7	3.48	NOT_NOUN_DOMINANT
bodied	6	3.48	NOT_A_WORDNET_NOUN
boosted	7	3.48	NOT_A_WORDNET_NOUN
canals	6	3.48	NOT_A_WORDNET_NOUN
chunks	6	3.48	NOT_A_WORDNET_NOUN
concede	7	3.48	NOT_A_WORDNET_NOUN
dearly	6	3.48	NOT_A_WORDNET_NOUN
deter	5	3.48	NOT_A_WORDNET_NOUN
dipping	7	3.48	NOT_A_WORDNET_NOUN
faggot	6	3.48	NOT_NOUN_DOMINANT
francs	6	3.48	NOT_A_WORDNET_NOUN
frontal	7	3.48	NOT_NOUN_DOMINANT
fullest	7	3.48	NOT_A_WORDNET_NOUN
fungi	5	3.48	PROPER_ONLY
harmed	6	3.48	NOT_A_WORDNET_NOUN
hires	5	3.48	NOT_A_WORDNET_NOUN
hugging	7	3.48	VERB_FORM
implant	7	3.48	NOT_NOUN_DOMINANT
innate	6	3.48	NOT_A_WORDNET_NOUN
jays	4	3.48	NOT_A_WORDNET_NOUN
kidnap	6	3.48	NOT_A_WORDNET_NOUN
lama	4	3.48	NAME_OR_PLACE
liquids	7	3.48	NOT_A_WORDNET_NOUN
meats	5	3.48	NOT_A_WORDNET_NOUN
nightly	7	3.48	NOT_A_WORDNET_NOUN
noir	4	3.48	NOT_A_WORDNET_NOUN
orphans	7	3.48	NOT_A_WORDNET_NOUN
pans	4	3.48	NOT_A_WORDNET_NOUN
patrols	7	3.48	NOT_A_WORDNET_NOUN
pickles	7	3.48	NOT_A_WORDNET_NOUN
pisses	6	3.48	NOT_A_WORDNET_NOUN
psych	5	3.48	NOT_A_WORDNET_NOUN
raptors	7	3.48	NOT_A_WORDNET_NOUN
revise	6	3.48	NOT_NOUN_DOMINANT
robbins	7	3.48	PROPER_ONLY
scalp	5	3.48	NOT_NOUN_DOMINANT
sealing	7	3.48	VERB_FORM
sheds	5	3.48	NOT_A_WORDNET_NOUN
spans	5	3.48	NOT_A_WORDNET_NOUN
squat	5	3.48	NOT_NOUN_DOMINANT
stew	4	3.48	NOT_NOUN_DOMINANT
stoned	6	3.48	NOT_A_WORDNET_NOUN
styling	7	3.48	NOT_A_WORDNET_NOUN
sublime	7	3.48	NOT_A_WORDNET_NOUN
tequila	7	3.48	TOPIC:alcohol
thug	4	3.48	TOPIC:crime
toned	5	3.48	NOT_A_WORDNET_NOUN
totals	6	3.48	NOT_A_WORDNET_NOUN
uncover	7	3.48	NOT_A_WORDNET_NOUN
upfront	7	3.48	NOT_A_WORDNET_NOUN
virtues	7	3.48	NOT_A_WORDNET_NOUN
waived	6	3.48	NOT_A_WORDNET_NOUN
wharf	5	3.48	NOT_NOUN_DOMINANT
wiser	5	3.48	NOT_A_WORDNET_NOUN
wrestle	7	3.48	NOT_NOUN_DOMINANT
analyse	7	3.47	NOT_A_WORDNET_NOUN
aspire	6	3.47	NOT_A_WORDNET_NOUN
benches	7	3.47	NOT_A_WORDNET_NOUN
blinded	7	3.47	NOT_A_WORDNET_NOUN
blurred	7	3.47	NOT_A_WORDNET_NOUN
boarded	7	3.47	NOT_A_WORDNET_NOUN
bullies	7	3.47	NOT_A_WORDNET_NOUN
casinos	7	3.47	NOT_A_WORDNET_NOUN
cleanse	7	3.47	NOT_A_WORDNET_NOUN
concord	7	3.47	NOT_NOUN_DOMINANT
crave	5	3.47	NOT_A_WORDNET_NOUN
crows	5	3.47	NOT_A_WORDNET_NOUN
diluted	7	3.47	NOT_A_WORDNET_NOUN
doping	6	3.47	NOT_A_WORDNET_NOUN
eddy	4	3.47	NAME_OR_PLACE
elusive	7	3.47	NOT_A_WORDNET_NOUN
grips	5	3.47	NOT_A_WORDNET_NOUN
grumpy	6	3.47	NOT_A_WORDNET_NOUN
halves	6	3.47	NOT_A_WORDNET_NOUN
hush	4	3.47	NOT_NOUN_DOMINANT
kittens	7	3.47	NOT_A_WORDNET_NOUN
manned	6	3.47	NOT_A_WORDNET_NOUN
mercer	6	3.47	NAME_OR_PLACE
onstage	7	3.47	NOT_A_WORDNET_NOUN
piston	6	3.47	NAME_OR_PLACE
plugs	5	3.47	NOT_A_WORDNET_NOUN
raided	6	3.47	NOT_A_WORDNET_NOUN
rewrite	7	3.47	NOT_NOUN_DOMINANT
sinks	5	3.47	NOT_A_WORDNET_NOUN
sobbing	7	3.47	VERB_FORM
starved	7	3.47	NOT_A_WORDNET_NOUN
stirred	7	3.47	NOT_A_WORDNET_NOUN
swung	5	3.47	NOT_A_WORDNET_NOUN
taboo	5	3.47	NOT_NOUN_DOMINANT
tides	5	3.47	NOT_A_WORDNET_NOUN
trendy	6	3.47	NOT_A_WORDNET_NOUN
trimmed	7	3.47	NOT_A_WORDNET_NOUN
trumps	6	3.47	NOT_A_WORDNET_NOUN
vaguely	7	3.47	NOT_A_WORDNET_NOUN
veggies	7	3.47	NOT_A_WORDNET_NOUN
visas	5	3.47	NOT_A_WORDNET_NOUN
warmed	6	3.47	NOT_A_WORDNET_NOUN
advert	6	3.46	NOT_NOUN_DOMINANT
annoy	5	3.46	NOT_A_WORDNET_NOUN
apostle	7	3.46	NAME_OR_PLACE
applaud	7	3.46	NOT_A_WORDNET_NOUN
billie	6	3.46	NOT_A_WORDNET_NOUN
bounced	7	3.46	NOT_A_WORDNET_NOUN
castles	7	3.46	NOT_A_WORDNET_NOUN
cocks	5	3.46	NOT_A_WORDNET_NOUN
compose	7	3.46	NOT_A_WORDNET_NOUN
concise	7	3.46	NOT_A_WORDNET_NOUN
crowns	6	3.46	NOT_A_WORDNET_NOUN
floats	6	3.46	NOT_A_WORDNET_NOUN
garland	7	3.46	NAME_OR_PLACE
iced	4	3.46	NOT_A_WORDNET_NOUN
immoral	7	3.46	NOT_A_WORDNET_NOUN
jeez	4	3.46	NOT_A_WORDNET_NOUN
jurors	6	3.46	NOT_A_WORDNET_NOUN
keepers	7	3.46	NOT_A_WORDNET_NOUN
liars	5	3.46	NOT_A_WORDNET_NOUN
looting	7	3.46	VERB_FORM
obscene	7	3.46	NOT_A_WORDNET_NOUN
onward	6	3.46	NOT_A_WORDNET_NOUN
opium	5	3.46	TOPIC:drugs
ovarian	7	3.46	NOT_A_WORDNET_NOUN
penal	5	3.46	NOT_A_WORDNET_NOUN
petals	6	3.46	NOT_A_WORDNET_NOUN
pierced	7	3.46	NOT_A_WORDNET_NOUN
pistols	7	3.46	NOT_A_WORDNET_NOUN
plank	5	3.46	NOT_NOUN_DOMINANT
ponds	5	3.46	NOT_A_WORDNET_NOUN
rejoice	7	3.46	NOT_A_WORDNET_NOUN
relics	6	3.46	NOT_A_WORDNET_NOUN
roam	4	3.46	NOT_A_WORDNET_NOUN
sandals	7	3.46	NOT_A_WORDNET_NOUN
shoved	6	3.46	NOT_A_WORDNET_NOUN
snowy	5	3.46	NOT_A_WORDNET_NOUN
stains	6	3.46	NOT_A_WORDNET_NOUN
stink	5	3.46	NOT_NOUN_DOMINANT
stormy	6	3.46	NOT_A_WORDNET_NOUN
suffice	7	3.46	NOT_A_WORDNET_NOUN
swat	4	3.46	NOT_NOUN_DOMINANT
tangled	7	3.46	NOT_A_WORDNET_NOUN
vectors	7	3.46	NOT_A_WORDNET_NOUN
wrongly	7	3.46	NOT_A_WORDNET_NOUN
abiding	7	3.45	NOT_A_WORDNET_NOUN
apes	4	3.45	NOT_A_WORDNET_NOUN
arches	6	3.45	NOT_A_WORDNET_NOUN
bangs	5	3.45	NOT_A_WORDNET_NOUN
bashing	7	3.45	NOT_A_WORDNET_NOUN
baskets	7	3.45	NOT_A_WORDNET_NOUN
beep	4	3.45	NOT_NOUN_DOMINANT
blatant	7	3.45	NOT_A_WORDNET_NOUN
candid	6	3.45	NOT_A_WORDNET_NOUN
carts	5	3.45	NOT_A_WORDNET_NOUN
clamp	5	3.45	NOT_NOUN_DOMINANT
clans	5	3.45	NOT_A_WORDNET_NOUN
cunning	7	3.45	NOT_NOUN_DOMINANT
divides	7	3.45	NOT_A_WORDNET_NOUN
donuts	6	3.45	NOT_A_WORDNET_NOUN
dorsal	6	3.45	NOT_A_WORDNET_NOUN
enroll	6	3.45	NOT_A_WORDNET_NOUN
forks	5	3.45	NOT_A_WORDNET_NOUN
genital	7	3.45	NOT_A_WORDNET_NOUN
graded	6	3.45	NOT_A_WORDNET_NOUN
graders	7	3.45	NOT_A_WORDNET_NOUN
greasy	6	3.45	NOT_A_WORDNET_NOUN
hacks	5	3.45	NOT_A_WORDNET_NOUN
hideous	7	3.45	NOT_A_WORDNET_NOUN
hoops	5	3.45	PLURAL_FORM
jars	4	3.45	NOT_A_WORDNET_NOUN
layered	7	3.45	NOT_A_WORDNET_NOUN
lows	4	3.45	NOT_A_WORDNET_NOUN
mains	5	3.45	NOT_A_WORDNET_NOUN
marquis	7	3.45	NAME_OR_PLACE
mayhem	6	3.45	TOPIC:crime
mould	5	3.45	BRITISH_SPELLING
noses	5	3.45	NOT_A_WORDNET_NOUN
plagued	7	3.45	NOT_A_WORDNET_NOUN
plated	6	3.45	NOT_A_WORDNET_NOUN
pods	4	3.45	NOT_A_WORDNET_NOUN
poorest	7	3.45	NOT_A_WORDNET_NOUN
prosper	7	3.45	NOT_A_WORDNET_NOUN
quake	5	3.45	NOT_NOUN_DOMINANT
queries	7	3.45	NOT_A_WORDNET_NOUN
radial	6	3.45	NOT_NOUN_DOMINANT
realms	6	3.45	NOT_A_WORDNET_NOUN
resumes	7	3.45	NOT_A_WORDNET_NOUN
rovers	6	3.45	NOT_A_WORDNET_NOUN
shaky	5	3.45	NOT_A_WORDNET_NOUN
sham	4	3.45	NOT_NOUN_DOMINANT
slayer	6	3.45	TOPIC:death
smokes	6	3.45	NOT_A_WORDNET_NOUN
spawned	7	3.45	NOT_A_WORDNET_NOUN
stout	5	3.45	NOT_NOUN_DOMINANT
tongues	7	3.45	NOT_A_WORDNET_NOUN
topical	7	3.45	NOT_A_WORDNET_NOUN
uneasy	6	3.45	NOT_A_WORDNET_NOUN
unfold	6	3.45	NOT_A_WORDNET_NOUN
vested	6	3.45	NOT_A_WORDNET_NOUN
wagons	6	3.45	NOT_A_WORDNET_NOUN
yells	5	3.45	NOT_A_WORDNET_NOUN
aiding	6	3.44	NOT_A_WORDNET_NOUN
barring	7	3.44	VERB_FORM
busting	7	3.44	NOT_A_WORDNET_NOUN
cannons	7	3.44	NOT_A_WORDNET_NOUN
cheats	6	3.44	NOT_A_WORDNET_NOUN
clauses	7	3.44	NOT_A_WORDNET_NOUN
clumsy	6	3.44	NOT_A_WORDNET_NOUN
curated	7	3.44	NOT_A_WORDNET_NOUN
daft	4	3.44	NOT_A_WORDNET_NOUN
doubted	7	3.44	NOT_A_WORDNET_NOUN
downing	7	3.44	PROPER_ONLY
duly	4	3.44	NOT_A_WORDNET_NOUN
edits	5	3.44	NOT_A_WORDNET_NOUN
faking	6	3.44	NOT_A_WORDNET_NOUN
fuckers	7	3.44	NOT_A_WORDNET_NOUN
inject	6	3.44	NOT_A_WORDNET_NOUN
jams	4	3.44	NOT_A_WORDNET_NOUN
kinetic	7	3.44	NOT_A_WORDNET_NOUN
lashes	6	3.44	NOT_A_WORDNET_NOUN
malls	5	3.44	NOT_A_WORDNET_NOUN
menus	5	3.44	NOT_A_WORDNET_NOUN
orient	6	3.44	NOT_NOUN_DOMINANT
parted	6	3.44	NOT_A_WORDNET_NOUN
pines	5	3.44	NOT_A_WORDNET_NOUN
plugged	7	3.44	NOT_A_WORDNET_NOUN
reclaim	7	3.44	NOT_A_WORDNET_NOUN
renal	5	3.44	NOT_A_WORDNET_NOUN
rhythms	7	3.44	NOT_A_WORDNET_NOUN
riddle	6	3.44	NOT_NOUN_DOMINANT
rites	5	3.44	NOT_A_WORDNET_NOUN
sniff	5	3.44	NOT_NOUN_DOMINANT
soaring	7	3.44	NOT_NOUN_DOMINANT
soluble	7	3.44	NOT_A_WORDNET_NOUN
spaced	6	3.44	NOT_A_WORDNET_NOUN
stocked	7	3.44	NOT_A_WORDNET_NOUN
stoked	6	3.44	NOT_A_WORDNET_NOUN
sturdy	6	3.44	NOT_A_WORDNET_NOUN
taxis	5	3.44	PLURAL_FORM
terra	5	3.44	PROPER_ONLY
torpedo	7	3.44	TOPIC:crime
vaginal	7	3.44	NOT_A_WORDNET_NOUN
verbs	5	3.44	NOT_A_WORDNET_NOUN
villas	6	3.44	NOT_A_WORDNET_NOUN
winged	6	3.44	NOT_A_WORDNET_NOUN
wiping	6	3.44	NOT_A_WORDNET_NOUN
wrought	7	3.44	NOT_A_WORDNET_NOUN
yikes	5	3.44	NOT_A_WORDNET_NOUN
ache	4	3.43	NOT_NOUN_DOMINANT
advises	7	3.43	NOT_A_WORDNET_NOUN
anchors	7	3.43	NOT_A_WORDNET_NOUN
bins	4	3.43	NOT_A_WORDNET_NOUN
bleak	5	3.43	NOT_A_WORDNET_NOUN
bogus	5	3.43	NOT_A_WORDNET_NOUN
booming	7	3.43	NOT_A_WORDNET_NOUN
bruises	7	3.43	NOT_A_WORDNET_NOUN
cages	5	3.43	NOT_A_WORDNET_NOUN
centric	7	3.43	NOT_A_WORDNET_NOUN
chaired	7	3.43	NOT_A_WORDNET_NOUN
chow	4	3.43	NAME_OR_PLACE
chubby	6	3.43	NOT_A_WORDNET_NOUN
clement	7	3.43	NOT_A_WORDNET_NOUN
creamy	6	3.43	NOT_A_WORDNET_NOUN
cubes	5	3.43	NOT_A_WORDNET_NOUN
diapers	7	3.43	NOT_A_WORDNET_NOUN
dirk	4	3.43	TOPIC:weapons
dizzy	5	3.43	NOT_A_WORDNET_NOUN
dyed	4	3.43	NOT_A_WORDNET_NOUN
enact	5	3.43	NOT_A_WORDNET_NOUN
fiddle	6	3.43	NOT_NOUN_DOMINANT
fists	5	3.43	NOT_A_WORDNET_NOUN
flaming	7	3.43	NOT_NOUN_DOMINANT
foes	4	3.43	NOT_A_WORDNET_NOUN
folds	5	3.43	NOT_A_WORDNET_NOUN
glossy	6	3.43	NOT_NOUN_DOMINANT
hauled	6	3.43	NOT_A_WORDNET_NOUN
hopping	7	3.43	NOT_A_WORDNET_NOUN
hugged	6	3.43	NOT_A_WORDNET_NOUN
illicit	7	3.43	NOT_A_WORDNET_NOUN
juniors	7	3.43	NOT_A_WORDNET_NOUN
kemp	4	3.43	NOT_A_WORDNET_NOUN
lesions	7	3.43	NOT_A_WORDNET_NOUN
limp	4	3.43	NOT_NOUN_DOMINANT
lucifer	7	3.43	NAME_OR_PLACE
lyrical	7	3.43	NOT_A_WORDNET_NOUN
mead	4	3.43	NAME_OR_PLACE
mergers	7	3.43	NOT_A_WORDNET_NOUN
migrate	7	3.43	NOT_A_WORDNET_NOUN
mildly	6	3.43	NOT_A_WORDNET_NOUN
moaning	7	3.43	NOT_A_WORDNET_NOUN
mocked	6	3.43	NOT_A_WORDNET_NOUN
mourn	5	3.43	NOT_A_WORDNET_NOUN
mundane	7	3.43	NOT_A_WORDNET_NOUN
nests	5	3.43	NOT_A_WORDNET_NOUN
paws	4	3.43	NOT_A_WORDNET_NOUN
pimp	4	3.43	TOPIC:crime
poised	6	3.43	NOT_A_WORDNET_NOUN
probes	6	3.43	NOT_A_WORDNET_NOUN
racists	7	3.43	NOT_A_WORDNET_NOUN
saloon	6	3.43	TOPIC:alcohol
sexes	5	3.43	NOT_A_WORDNET_NOUN
shack	5	3.43	NOT_NOUN_DOMINANT
sinners	7	3.43	NOT_A_WORDNET_NOUN
slated	6	3.43	NOT_A_WORDNET_NOUN
stale	5	3.43	NOT_A_WORDNET_NOUN
sterile	7	3.43	NOT_A_WORDNET_NOUN
tacos	5	3.43	NOT_A_WORDNET_NOUN
tripped	7	3.43	NOT_A_WORDNET_NOUN
trunks	6	3.43	PLURAL_FORM
unjust	6	3.43	NOT_A_WORDNET_NOUN
wager	5	3.43	TOPIC:gambling
walled	6	3.43	NOT_A_WORDNET_NOUN
whoops	6	3.43	NOT_A_WORDNET_NOUN
accuses	7	3.42	NOT_A_WORDNET_NOUN
banged	6	3.42	NOT_A_WORDNET_NOUN
betray	6	3.42	NOT_A_WORDNET_NOUN
boomers	7	3.42	NOT_A_WORDNET_NOUN
bots	4	3.42	NOT_A_WORDNET_NOUN
brute	5	3.42	TOPIC:crime
buffy	5	3.42	NOT_A_WORDNET_NOUN
busiest	7	3.42	NOT_A_WORDNET_NOUN
chiefly	7	3.42	NOT_A_WORDNET_NOUN
chills	6	3.42	NOT_A_WORDNET_NOUN
corona	6	3.42	TOPIC:disease
cruises	7	3.42	NOT_A_WORDNET_NOUN
curls	5	3.42	NOT_A_WORDNET_NOUN
decker	6	3.42	NAME_OR_PLACE
defy	4	3.42	NOT_A_WORDNET_NOUN
denotes	7	3.42	NOT_A_WORDNET_NOUN
densely	7	3.42	NOT_A_WORDNET_NOUN
derives	7	3.42	NOT_A_WORDNET_NOUN
devoid	6	3.42	NOT_A_WORDNET_NOUN
divert	6	3.42	NOT_A_WORDNET_NOUN
drawers	7	3.42	PLURAL_FORM
escorts	7	3.42	NOT_A_WORDNET_NOUN
exposes	7	3.42	NOT_A_WORDNET_NOUN
fishes	6	3.42	NOT_A_WORDNET_NOUN
foxes	5	3.42	NOT_A_WORDNET_NOUN
fritz	5	3.42	NOT_A_WORDNET_NOUN
froze	5	3.42	NOT_A_WORDNET_NOUN
frying	6	3.42	VERB_FORM
goodies	7	3.42	NOT_A_WORDNET_NOUN
inverse	7	3.42	NOT_NOUN_DOMINANT
juices	6	3.42	NOT_A_WORDNET_NOUN
lavish	6	3.42	NOT_A_WORDNET_NOUN
marches	7	3.42	PROPER_ONLY
merlin	6	3.42	NAME_OR_PLACE
midland	7	3.42	NAME_OR_PLACE
mutants	7	3.42	NOT_A_WORDNET_NOUN
muted	5	3.42	NOT_A_WORDNET_NOUN
psyche	6	3.42	NAME_OR_PLACE
rentals	7	3.42	NOT_A_WORDNET_NOUN
reopen	6	3.42	NOT_A_WORDNET_NOUN
seeming	7	3.42	NOT_A_WORDNET_NOUN
selves	6	3.42	NOT_A_WORDNET_NOUN
straps	6	3.42	NOT_A_WORDNET_NOUN
stumble	7	3.42	NOT_NOUN_DOMINANT
therein	7	3.42	NOT_A_WORDNET_NOUN
tricked	7	3.42	NOT_A_WORDNET_NOUN
wigan	5	3.42	NOT_A_WORDNET_NOUN
wilder	6	3.42	PROPER_ONLY
abbas	5	3.41	NOT_A_WORDNET_NOUN
agile	5	3.41	NOT_A_WORDNET_NOUN
aides	5	3.41	PROPER_ONLY
awfully	7	3.41	NOT_A_WORDNET_NOUN
axes	4	3.41	NOT_A_WORDNET_NOUN
biking	6	3.41	NOT_A_WORDNET_NOUN
boosts	6	3.41	NOT_A_WORDNET_NOUN
boxers	6	3.41	PLURAL_FORM
carve	5	3.41	NOT_A_WORDNET_NOUN
climbs	6	3.41	NOT_A_WORDNET_NOUN
coarse	6	3.41	NOT_A_WORDNET_NOUN
compute	7	3.41	NOT_A_WORDNET_NOUN
crook	5	3.41	TOPIC:crime
darts	5	3.41	PLURAL_FORM
depict	6	3.41	NOT_A_WORDNET_NOUN
dormant	7	3.41	NOT_A_WORDNET_NOUN
dotted	6	3.41	NOT_A_WORDNET_NOUN
drifted	7	3.41	NOT_A_WORDNET_NOUN
emulate	7	3.41	NOT_A_WORDNET_NOUN
endowed	7	3.41	NOT_A_WORDNET_NOUN
fades	5	3.41	NOT_A_WORDNET_NOUN
figs	4	3.41	NOT_A_WORDNET_NOUN
floated	7	3.41	NOT_A_WORDNET_NOUN
forgets	7	3.41	NOT_A_WORDNET_NOUN
funnier	7	3.41	NOT_A_WORDNET_NOUN
genie	5	3.41	TOPIC:religion
glued	5	3.41	NOT_A_WORDNET_NOUN
heats	5	3.41	NOT_A_WORDNET_NOUN
indices	7	3.41	NOT_A_WORDNET_NOUN
jacks	5	3.41	PLURAL_FORM
leaned	6	3.41	NOT_A_WORDNET_NOUN
leases	6	3.41	NOT_A_WORDNET_NOUN
levin	5	3.41	NOT_A_WORDNET_NOUN
lunches	7	3.41	NOT_A_WORDNET_NOUN
malt	4	3.41	NOT_NOUN_DOMINANT
mayors	6	3.41	NOT_A_WORDNET_NOUN
melts	5	3.41	NOT_A_WORDNET_NOUN
mined	5	3.41	NOT_A_WORDNET_NOUN
natal	5	3.41	PROPER_ONLY
nodded	6	3.41	NOT_A_WORDNET_NOUN
owls	4	3.41	NOT_A_WORDNET_NOUN
pests	5	3.41	NOT_A_WORDNET_NOUN
piled	5	3.41	NOT_A_WORDNET_NOUN
poking	6	3.41	VERB_FORM
postwar	7	3.41	NOT_A_WORDNET_NOUN
prudent	7	3.41	NOT_A_WORDNET_NOUN
radios	6	3.41	NOT_A_WORDNET_NOUN
reliant	7	3.41	NOT_A_WORDNET_NOUN
robbers	7	3.41	NOT_A_WORDNET_NOUN
salts	5	3.41	NOT_A_WORDNET_NOUN
sampled	7	3.41	NOT_A_WORDNET_NOUN
scrolls	7	3.41	NOT_A_WORDNET_NOUN
sirens	6	3.41	NOT_A_WORDNET_NOUN
solemn	6	3.41	NOT_A_WORDNET_NOUN
spheres	7	3.41	NOT_A_WORDNET_NOUN
sprung	6	3.41	NOT_A_WORDNET_NOUN
sugars	6	3.41	NOT_A_WORDNET_NOUN
taxing	6	3.41	NOT_A_WORDNET_NOUN
torah	5	3.41	PROPER_ONLY
tumble	6	3.41	NOT_NOUN_DOMINANT
unleash	7	3.41	NOT_A_WORDNET_NOUN
untrue	6	3.41	NOT_A_WORDNET_NOUN
weeping	7	3.41	NOT_NOUN_DOMINANT
barren	6	3.40	NOT_NOUN_DOMINANT
basal	5	3.40	NOT_A_WORDNET_NOUN
braking	7	3.40	NOT_A_WORDNET_NOUN
bribery	7	3.40	TOPIC:crime
chants	6	3.40	NOT_A_WORDNET_NOUN
clones	6	3.40	NOT_A_WORDNET_NOUN
crabs	5	3.40	PLURAL_FORM
cuddle	6	3.40	NOT_NOUN_DOMINANT
culprit	7	3.40	TOPIC:crime
demos	5	3.40	NOT_A_WORDNET_NOUN
echoed	6	3.40	NOT_A_WORDNET_NOUN
elbows	6	3.40	NOT_A_WORDNET_NOUN
embark	6	3.40	NOT_A_WORDNET_NOUN
empires	7	3.40	NOT_A_WORDNET_NOUN
fetal	5	3.40	NOT_A_WORDNET_NOUN
finer	5	3.40	NOT_A_WORDNET_NOUN
freeing	7	3.40	VERB_FORM
fused	5	3.40	NOT_A_WORDNET_NOUN
groves	6	3.40	PROPER_ONLY
gutted	6	3.40	NOT_A_WORDNET_NOUN
hinted	6	3.40	NOT_A_WORDNET_NOUN
hoodie	6	3.40	NOT_A_WORDNET_NOUN
hubs	4	3.40	NOT_A_WORDNET_NOUN
insure	6	3.40	NOT_A_WORDNET_NOUN
joyful	6	3.40	NOT_A_WORDNET_NOUN
lars	4	3.40	NOT_A_WORDNET_NOUN
martyrs	7	3.40	NOT_A_WORDNET_NOUN
mosques	7	3.40	NOT_A_WORDNET_NOUN
necks	5	3.40	NOT_A_WORDNET_NOUN
nobles	6	3.40	NOT_A_WORDNET_NOUN
oats	4	3.40	NOT_A_WORDNET_NOUN
ominous	7	3.40	NOT_A_WORDNET_NOUN
pandora	7	3.40	PROPER_ONLY
papal	5	3.40	NOT_A_WORDNET_NOUN
plunged	7	3.40	NOT_A_WORDNET_NOUN
pores	5	3.40	NOT_A_WORDNET_NOUN
posh	4	3.40	NOT_A_WORDNET_NOUN
puppets	7	3.40	NOT_A_WORDNET_NOUN
riff	4	3.40	NOT_NOUN_DOMINANT
scrape	6	3.40	NOT_NOUN_DOMINANT
shear	5	3.40	NOT_NOUN_DOMINANT
sherry	6	3.40	TOPIC:alcohol
stables	7	3.40	NOT_A_WORDNET_NOUN
strands	7	3.40	NOT_A_WORDNET_NOUN
toured	6	3.40	NOT_A_WORDNET_NOUN
wipes	5	3.40	NOT_A_WORDNET_NOUN
wrists	6	3.40	NOT_A_WORDNET_NOUN
aces	4	3.39	NOT_A_WORDNET_NOUN
babes	5	3.39	NOT_A_WORDNET_NOUN
bandits	7	3.39	NOT_A_WORDNET_NOUN
bruised	7	3.39	NOT_A_WORDNET_NOUN
buns	4	3.39	PLURAL_FORM
cabins	6	3.39	NOT_A_WORDNET_NOUN
cocky	5	3.39	NOT_A_WORDNET_NOUN
coined	6	3.39	NOT_A_WORDNET_NOUN
cones	5	3.39	NOT_A_WORDNET_NOUN
debuts	6	3.39	NOT_A_WORDNET_NOUN
desks	5	3.39	NOT_A_WORDNET_NOUN
disks	5	3.39	NOT_A_WORDNET_NOUN
edgy	4	3.39	NOT_A_WORDNET_NOUN
engages	7	3.39	NOT_A_WORDNET_NOUN
erupted	7	3.39	NOT_A_WORDNET_NOUN
evade	5	3.39	NOT_A_WORDNET_NOUN
fairs	5	3.39	NOT_A_WORDNET_NOUN
freaky	6	3.39	NOT_A_WORDNET_NOUN
futile	6	3.39	NOT_A_WORDNET_NOUN
genera	6	3.39	NOT_A_WORDNET_NOUN
germs	5	3.39	NOT_A_WORDNET_NOUN
glacial	7	3.39	NOT_A_WORDNET_NOUN
glands	6	3.39	NOT_A_WORDNET_NOUN
gloomy	6	3.39	NOT_A_WORDNET_NOUN
gritty	6	3.39	NOT_A_WORDNET_NOUN
heist	5	3.39	TOPIC:crime
hinder	6	3.39	NOT_A_WORDNET_NOUN
joys	4	3.39	NOT_A_WORDNET_NOUN
kremlin	7	3.39	NAME_OR_PLACE
langley	7	3.39	NAME_OR_PLACE
liners	6	3.39	NOT_A_WORDNET_NOUN
martian	7	3.39	PROPER_ONLY
mashed	6	3.39	NOT_A_WORDNET_NOUN
maxim	5	3.39	NAME_OR_PLACE
misty	5	3.39	NOT_A_WORDNET_NOUN
nearing	7	3.39	NOT_A_WORDNET_NOUN
nesting	7	3.39	NOT_A_WORDNET_NOUN
oceanic	7	3.39	PROPER_ONLY
outputs	7	3.39	NOT_A_WORDNET_NOUN
pascal	6	3.39	NAME_OR_PLACE
peep	4	3.39	NOT_NOUN_DOMINANT
pencils	7	3.39	NOT_A_WORDNET_NOUN
pledges	7	3.39	NOT_A_WORDNET_NOUN
quits	5	3.39	NOT_A_WORDNET_NOUN
reborn	6	3.39	NOT_A_WORDNET_NOUN
reddish	7	3.39	NOT_A_WORDNET_NOUN
robber	6	3.39	TOPIC:crime
robes	5	3.39	NOT_A_WORDNET_NOUN
rowing	6	3.39	VERB_FORM
rulings	7	3.39	NOT_A_WORDNET_NOUN
rumored	7	3.39	NOT_A_WORDNET_NOUN
rupees	6	3.39	NOT_A_WORDNET_NOUN
scatter	7	3.39	NOT_NOUN_DOMINANT
scraps	6	3.39	PLURAL_FORM
settles	7	3.39	NOT_A_WORDNET_NOUN
sharif	6	3.39	NOT_A_WORDNET_NOUN
sinner	6	3.39	TOPIC:crime
skulls	6	3.39	NOT_A_WORDNET_NOUN
slows	5	3.39	NOT_A_WORDNET_NOUN
soar	4	3.39	NOT_NOUN_DOMINANT
spruce	6	3.39	NOT_NOUN_DOMINANT
squared	7	3.39	NOT_A_WORDNET_NOUN
stimuli	7	3.39	NOT_A_WORDNET_NOUN
tonic	5	3.39	NOT_NOUN_DOMINANT
tossing	7	3.39	NOT_A_WORDNET_NOUN
tumour	6	3.39	BRITISH_SPELLING
utopia	6	3.39	NAME_OR_PLACE
vanish	6	3.39	NOT_A_WORDNET_NOUN
visibly	7	3.39	NOT_A_WORDNET_NOUN
vowed	5	3.39	NOT_A_WORDNET_NOUN
abigail	7	3.38	NOT_A_WORDNET_NOUN
abrupt	6	3.38	NOT_A_WORDNET_NOUN
antics	6	3.38	NOT_A_WORDNET_NOUN
asserts	7	3.38	NOT_A_WORDNET_NOUN
begs	4	3.38	NOT_A_WORDNET_NOUN
binds	5	3.38	NOT_A_WORDNET_NOUN
bras	4	3.38	NOT_A_WORDNET_NOUN
bulldog	7	3.38	NOT_NOUN_DOMINANT
chatter	7	3.38	NOT_NOUN_DOMINANT
cheered	7	3.38	NOT_A_WORDNET_NOUN
chops	5	3.38	NOT_A_WORDNET_NOUN
cleric	6	3.38	TOPIC:religion
comedic	7	3.38	NOT_A_WORDNET_NOUN
compile	7	3.38	NOT_A_WORDNET_NOUN
conn	4	3.38	NOT_A_WORDNET_NOUN
creeps	6	3.38	PLURAL_FORM
deceive	7	3.38	NOT_A_WORDNET_NOUN
digs	4	3.38	PLURAL_FORM
dues	4	3.38	NOT_A_WORDNET_NOUN
dumbest	7	3.38	NOT_A_WORDNET_NOUN
elevate	7	3.38	NOT_A_WORDNET_NOUN
exited	6	3.38	NOT_A_WORDNET_NOUN
flakes	6	3.38	NOT_A_WORDNET_NOUN
geez	4	3.38	NOT_A_WORDNET_NOUN
hearty	6	3.38	NOT_A_WORDNET_NOUN
infused	7	3.38	NOT_A_WORDNET_NOUN
inquire	7	3.38	NOT_A_WORDNET_NOUN
jogging	7	3.38	VERB_FORM
jumbo	5	3.38	NOT_A_WORDNET_NOUN
lash	4	3.38	NOT_NOUN_DOMINANT
louie	5	3.38	NOT_A_WORDNET_NOUN
madras	6	3.38	NAME_OR_PLACE
magnets	7	3.38	NOT_A_WORDNET_NOUN
manuals	7	3.38	NOT_A_WORDNET_NOUN
mecca	5	3.38	NAME_OR_PLACE
midi	4	3.38	PROPER_ONLY
moons	5	3.38	NOT_A_WORDNET_NOUN
nearer	6	3.38	NOT_A_WORDNET_NOUN
paused	6	3.38	NOT_A_WORDNET_NOUN
penned	6	3.38	NOT_A_WORDNET_NOUN
phoebe	6	3.38	NAME_OR_PLACE
pilgrim	7	3.38	NAME_OR_PLACE
plainly	7	3.38	NOT_A_WORDNET_NOUN
rake	4	3.38	NOT_NOUN_DOMINANT
resent	6	3.38	NOT_A_WORDNET_NOUN
robbing	7	3.38	NOT_A_WORDNET_NOUN
rumour	6	3.38	BRITISH_SPELLING
savages	7	3.38	NOT_A_WORDNET_NOUN
shea	4	3.38	NOT_A_WORDNET_NOUN
shorten	7	3.38	NOT_A_WORDNET_NOUN
sighs	5	3.38	NOT_A_WORDNET_NOUN
sparkle	7	3.38	NOT_NOUN_DOMINANT
spawn	5	3.38	NOT_NOUN_DOMINANT
tainted	7	3.38	NOT_A_WORDNET_NOUN
ticks	5	3.38	NOT_A_WORDNET_NOUN
towed	5	3.38	NOT_A_WORDNET_NOUN
uphill	6	3.38	NOT_NOUN_DOMINANT
wooded	6	3.38	NOT_A_WORDNET_NOUN
adorned	7	3.37	NOT_A_WORDNET_NOUN
arid	4	3.37	NOT_A_WORDNET_NOUN
bandit	6	3.37	TOPIC:crime
brides	6	3.37	NOT_A_WORDNET_NOUN
carpets	7	3.37	NOT_A_WORDNET_NOUN
chained	7	3.37	NOT_A_WORDNET_NOUN
chats	5	3.37	NOT_A_WORDNET_NOUN
cigars	6	3.37	NOT_A_WORDNET_NOUN
coasts	6	3.37	NOT_A_WORDNET_NOUN
crispy	6	3.37	NOT_A_WORDNET_NOUN
cropped	7	3.37	NOT_A_WORDNET_NOUN
dunes	5	3.37	NOT_A_WORDNET_NOUN
echoing	7	3.37	NOT_A_WORDNET_NOUN
ejected	7	3.37	NOT_A_WORDNET_NOUN
endemic	7	3.37	NOT_NOUN_DOMINANT
enlist	6	3.37	NOT_A_WORDNET_NOUN
entails	7	3.37	NOT_A_WORDNET_NOUN
exiled	6	3.37	NOT_A_WORDNET_NOUN
fulham	6	3.37	NOT_A_WORDNET_NOUN
gearing	7	3.37	VERB_FORM
hauling	7	3.37	VERB_FORM
hybrids	7	3.37	NOT_A_WORDNET_NOUN
inward	6	3.37	NOT_A_WORDNET_NOUN
itching	7	3.37	VERB_FORM
judas	5	3.37	NAME_OR_PLACE
kinky	5	3.37	NOT_A_WORDNET_NOUN
lessen	6	3.37	NOT_A_WORDNET_NOUN
loosen	6	3.37	NOT_A_WORDNET_NOUN
matured	7	3.37	NOT_A_WORDNET_NOUN
moods	5	3.37	NOT_A_WORDNET_NOUN
nonstop	7	3.37	NOT_NOUN_DOMINANT
opaque	6	3.37	NOT_A_WORDNET_NOUN
pelvic	6	3.37	NOT_A_WORDNET_NOUN
porous	6	3.37	NOT_A_WORDNET_NOUN
proofs	6	3.37	NOT_A_WORDNET_NOUN
pulses	6	3.37	NOT_A_WORDNET_NOUN
racks	5	3.37	NOT_A_WORDNET_NOUN
refunds	7	3.37	NOT_A_WORDNET_NOUN
rein	4	3.37	NOT_NOUN_DOMINANT
retard	6	3.37	NOT_NOUN_DOMINANT
reunite	7	3.37	NOT_A_WORDNET_NOUN
reuse	5	3.37	NOT_A_WORDNET_NOUN
risked	6	3.37	NOT_A_WORDNET_NOUN
rustic	6	3.37	NOT_NOUN_DOMINANT
scams	5	3.37	NOT_A_WORDNET_NOUN
shaming	7	3.37	NOT_A_WORDNET_NOUN
shrubs	6	3.37	NOT_A_WORDNET_NOUN
sizable	7	3.37	NOT_A_WORDNET_NOUN
smoker	6	3.37	TOPIC:tobacco
spartan	7	3.37	PROPER_ONLY
stalled	7	3.37	NOT_A_WORDNET_NOUN
straits	7	3.37	PLURAL_FORM
stun	4	3.37	NOT_A_WORDNET_NOUN
subdued	7	3.37	NOT_A_WORDNET_NOUN
surpass	7	3.37	NOT_A_WORDNET_NOUN
swapped	7	3.37	NOT_A_WORDNET_NOUN
tagging	7	3.37	NOT_A_WORDNET_NOUN
throats	7	3.37	NOT_A_WORDNET_NOUN
ting	4	3.37	NOT_NOUN_DOMINANT
tiring	6	3.37	NOT_A_WORDNET_NOUN
totaled	7	3.37	NOT_A_WORDNET_NOUN
unborn	6	3.37	NOT_A_WORDNET_NOUN
undone	6	3.37	NOT_A_WORDNET_NOUN
unheard	7	3.37	NOT_A_WORDNET_NOUN
vending	7	3.37	VERB_FORM
vicar	5	3.37	TOPIC:religion
wallets	7	3.37	NOT_A_WORDNET_NOUN
weep	4	3.37	NOT_A_WORDNET_NOUN
welch	5	3.37	NOT_A_WORDNET_NOUN
woes	4	3.37	NOT_A_WORDNET_NOUN
woken	5	3.37	NOT_A_WORDNET_NOUN
wrench	6	3.37	NOT_NOUN_DOMINANT
archaic	7	3.36	NOT_A_WORDNET_NOUN
avant	5	3.36	NOT_A_WORDNET_NOUN
baffled	7	3.36	VERB_FORM
barlow	6	3.36	NOT_A_WORDNET_NOUN
carbs	5	3.36	NOT_A_WORDNET_NOUN
coils	5	3.36	NOT_A_WORDNET_NOUN
exert	5	3.36	NOT_A_WORDNET_NOUN
feudal	6	3.36	NOT_A_WORDNET_NOUN
fins	4	3.36	NOT_A_WORDNET_NOUN
fumble	6	3.36	NOT_NOUN_DOMINANT
giggles	7	3.36	NOT_A_WORDNET_NOUN
harming	7	3.36	NOT_A_WORDNET_NOUN
hayward	7	3.36	NOT_A_WORDNET_NOUN
hefty	5	3.36	NOT_A_WORDNET_NOUN
hops	4	3.36	PLURAL_FORM
hump	4	3.36	NOT_NOUN_DOMINANT
idiotic	7	3.36	NOT_A_WORDNET_NOUN
incest	6	3.36	TOPIC:sexual
infect	6	3.36	NOT_A_WORDNET_NOUN
itch	4	3.36	NOT_NOUN_DOMINANT
leaps	5	3.36	NOT_A_WORDNET_NOUN
lends	5	3.36	NOT_A_WORDNET_NOUN
lowers	6	3.36	NOT_A_WORDNET_NOUN
mums	4	3.36	NOT_A_WORDNET_NOUN
nerds	5	3.36	NOT_A_WORDNET_NOUN
opposes	7	3.36	NOT_A_WORDNET_NOUN
overrun	7	3.36	NOT_NOUN_DOMINANT
parcels	7	3.36	NOT_A_WORDNET_NOUN
payload	7	3.36	TOPIC:weapons
payout	6	3.36	NOT_A_WORDNET_NOUN
pigeons	7	3.36	NOT_A_WORDNET_NOUN
rapes	5	3.36	NOT_A_WORDNET_NOUN
reefs	5	3.36	NOT_A_WORDNET_NOUN
revisit	7	3.36	NOT_A_WORDNET_NOUN
ribbons	7	3.36	NOT_A_WORDNET_NOUN
santo	5	3.36	NOT_A_WORDNET_NOUN
sensual	7	3.36	NOT_A_WORDNET_NOUN
sixties	7	3.36	PLURAL_FORM
slump	5	3.36	NOT_NOUN_DOMINANT
soften	6	3.36	NOT_A_WORDNET_NOUN
sparse	6	3.36	NOT_A_WORDNET_NOUN
tailed	6	3.36	NOT_A_WORDNET_NOUN
topless	7	3.36	NOT_A_WORDNET_NOUN
torment	7	3.36	TOPIC:disease
wastes	6	3.36	NOT_A_WORDNET_NOUN
wheeled	7	3.36	NOT_A_WORDNET_NOUN
widows	6	3.36	NOT_A_WORDNET_NOUN
afar	4	3.35	NOT_A_WORDNET_NOUN
aroused	7	3.35	NOT_A_WORDNET_NOUN
awaken	6	3.35	NOT_A_WORDNET_NOUN
azure	5	3.35	NOT_NOUN_DOMINANT
blowjob	7	3.35	TOPIC:sexual
boilers	7	3.35	NOT_A_WORDNET_NOUN
burying	7	3.35	VERB_FORM
calming	7	3.35	VERB_FORM
cords	5	3.35	PLURAL_FORM
dreaded	7	3.35	NOT_A_WORDNET_NOUN
dumps	5	3.35	PLURAL_FORM
evicted	7	3.35	NOT_A_WORDNET_NOUN
evils	5	3.35	NOT_A_WORDNET_NOUN
faked	5	3.35	NOT_A_WORDNET_NOUN
fetched	7	3.35	NOT_A_WORDNET_NOUN
flashed	7	3.35	NOT_A_WORDNET_NOUN
geese	5	3.35	NOT_A_WORDNET_NOUN
goggles	7	3.35	VERB_FORM
handgun	7	3.35	TOPIC:weapons
herpes	6	3.35	TOPIC:disease
hunts	5	3.35	NOT_A_WORDNET_NOUN
ignite	6	3.35	NOT_A_WORDNET_NOUN
interns	7	3.35	NOT_A_WORDNET_NOUN
lighten	7	3.35	NOT_A_WORDNET_NOUN
masonry	7	3.35	NAME_OR_PLACE
moor	4	3.35	NOT_NOUN_DOMINANT
oily	4	3.35	NOT_A_WORDNET_NOUN
olives	6	3.35	NOT_A_WORDNET_NOUN
pennies	7	3.35	NOT_A_WORDNET_NOUN
phony	5	3.35	TOPIC:crime
ponder	6	3.35	NOT_A_WORDNET_NOUN
recycle	7	3.35	NOT_A_WORDNET_NOUN
repent	6	3.35	NOT_A_WORDNET_NOUN
revert	6	3.35	NOT_A_WORDNET_NOUN
ridges	6	3.35	NOT_A_WORDNET_NOUN
sermons	7	3.35	NOT_A_WORDNET_NOUN
slay	4	3.35	NOT_A_WORDNET_NOUN
spence	6	3.35	NOT_A_WORDNET_NOUN
spills	6	3.35	NOT_A_WORDNET_NOUN
staffed	7	3.35	NOT_A_WORDNET_NOUN
stunts	6	3.35	NOT_A_WORDNET_NOUN
synth	5	3.35	NOT_A_WORDNET_NOUN
tackled	7	3.35	NOT_A_WORDNET_NOUN
taxable	7	3.35	NOT_A_WORDNET_NOUN
warped	6	3.35	NOT_A_WORDNET_NOUN
whores	6	3.35	NOT_A_WORDNET_NOUN
widened	7	3.35	NOT_A_WORDNET_NOUN
acidic	6	3.34	NOT_A_WORDNET_NOUN
angrily	7	3.34	NOT_A_WORDNET_NOUN
bearded	7	3.34	NOT_A_WORDNET_NOUN
beetles	7	3.34	NOT_A_WORDNET_NOUN
bends	5	3.34	PLURAL_FORM
blazers	7	3.34	NOT_A_WORDNET_NOUN
blends	6	3.34	NOT_A_WORDNET_NOUN
blooded	7	3.34	NOT_A_WORDNET_NOUN
boxed	5	3.34	NOT_A_WORDNET_NOUN
brows	5	3.34	NOT_A_WORDNET_NOUN
burglar	7	3.34	TOPIC:crime
cams	4	3.34	NOT_A_WORDNET_NOUN
coveted	7	3.34	NOT_A_WORDNET_NOUN
crumbs	6	3.34	NOT_A_WORDNET_NOUN
cures	5	3.34	NOT_A_WORDNET_NOUN
curled	6	3.34	NOT_A_WORDNET_NOUN
deem	4	3.34	NOT_A_WORDNET_NOUN
devout	6	3.34	NOT_A_WORDNET_NOUN
ensued	6	3.34	NOT_A_WORDNET_NOUN
erratic	7	3.34	NOT_A_WORDNET_NOUN
exiting	7	3.34	NOT_A_WORDNET_NOUN
fumes	5	3.34	PLURAL_FORM
glazed	6	3.34	NOT_A_WORDNET_NOUN
hikes	5	3.34	NOT_A_WORDNET_NOUN
hinges	6	3.34	NOT_A_WORDNET_NOUN
hymns	5	3.34	NOT_A_WORDNET_NOUN
inflict	7	3.34	NOT_A_WORDNET_NOUN
inhibit	7	3.34	NOT_A_WORDNET_NOUN
itchy	5	3.34	NOT_A_WORDNET_NOUN
jammed	6	3.34	NOT_A_WORDNET_NOUN
loaned	6	3.34	NOT_A_WORDNET_NOUN
lofty	5	3.34	NOT_A_WORDNET_NOUN
loom	4	3.34	NOT_NOUN_DOMINANT
milling	7	3.34	VERB_FORM
mods	4	3.34	PLURAL_FORM
nemesis	7	3.34	NAME_OR_PLACE
orioles	7	3.34	NOT_A_WORDNET_NOUN
oysters	7	3.34	NOT_A_WORDNET_NOUN
peeled	6	3.34	NOT_A_WORDNET_NOUN
picky	5	3.34	NOT_A_WORDNET_NOUN
pistons	7	3.34	NOT_A_WORDNET_NOUN
pizzas	6	3.34	NOT_A_WORDNET_NOUN
pricey	6	3.34	NOT_A_WORDNET_NOUN
prima	5	3.34	PROPER_ONLY
prized	6	3.34	NOT_A_WORDNET_NOUN
prompts	7	3.34	NOT_A_WORDNET_NOUN
quieter	7	3.34	NOT_A_WORDNET_NOUN
rapists	7	3.34	NOT_A_WORDNET_NOUN
rector	6	3.34	TOPIC:religion
regal	5	3.34	NOT_A_WORDNET_NOUN
revered	7	3.34	NOT_A_WORDNET_NOUN
rotting	7	3.34	VERB_FORM
shalt	5	3.34	NOT_A_WORDNET_NOUN
sinful	6	3.34	NOT_A_WORDNET_NOUN
sleek	5	3.34	NOT_A_WORDNET_NOUN
slew	4	3.34	NOT_NOUN_DOMINANT
sling	5	3.34	TOPIC:alcohol
steamed	7	3.34	NOT_A_WORDNET_NOUN
studs	5	3.34	NOT_A_WORDNET_NOUN
swam	4	3.34	NOT_A_WORDNET_NOUN
sweeps	6	3.34	NOT_A_WORDNET_NOUN
teaming	7	3.34	NOT_A_WORDNET_NOUN
textual	7	3.34	NOT_A_WORDNET_NOUN
tombs	5	3.34	NOT_A_WORDNET_NOUN
uncles	6	3.34	NOT_A_WORDNET_NOUN
upstate	7	3.34	NOT_A_WORDNET_NOUN
watered	7	3.34	NOT_A_WORDNET_NOUN
worldly	7	3.34	NOT_A_WORDNET_NOUN
aero	4	3.33	NOT_A_WORDNET_NOUN
afloat	6	3.33	NOT_A_WORDNET_NOUN
alba	4	3.33	NOT_A_WORDNET_NOUN
anon	4	3.33	NOT_A_WORDNET_NOUN
ante	4	3.33	TOPIC:gambling
bailed	6	3.33	NOT_A_WORDNET_NOUN
bidders	7	3.33	NOT_A_WORDNET_NOUN
bloated	7	3.33	NOT_A_WORDNET_NOUN
blooms	6	3.33	NOT_A_WORDNET_NOUN
boating	7	3.33	VERB_FORM
bowed	5	3.33	NOT_A_WORDNET_NOUN
cafes	5	3.33	NOT_A_WORDNET_NOUN
carb	4	3.33	NOT_A_WORDNET_NOUN
causal	6	3.33	NOT_A_WORDNET_NOUN
christy	7	3.33	NOT_A_WORDNET_NOUN
cowards	7	3.33	NOT_A_WORDNET_NOUN
cranes	6	3.33	NOT_A_WORDNET_NOUN
cunts	5	3.33	NOT_A_WORDNET_NOUN
cutest	6	3.33	NOT_A_WORDNET_NOUN
demonic	7	3.33	NOT_A_WORDNET_NOUN
dreamt	6	3.33	NOT_A_WORDNET_NOUN
eerie	5	3.33	NOT_A_WORDNET_NOUN
enraged	7	3.33	NOT_A_WORDNET_NOUN
eroded	6	3.33	NOT_A_WORDNET_NOUN
fatally	7	3.33	NOT_A_WORDNET_NOUN
fling	5	3.33	NOT_NOUN_DOMINANT
flowed	6	3.33	NOT_A_WORDNET_NOUN
flung	5	3.33	NOT_A_WORDNET_NOUN
frantic	7	3.33	NOT_A_WORDNET_NOUN
fudge	5	3.33	NOT_NOUN_DOMINANT
glover	6	3.33	NOT_A_WORDNET_NOUN
grieve	6	3.33	NOT_A_WORDNET_NOUN
grimes	6	3.33	NOT_A_WORDNET_NOUN
grossly	7	3.33	NOT_A_WORDNET_NOUN
grudge	6	3.33	NOT_NOUN_DOMINANT
hectic	6	3.33	NOT_A_WORDNET_NOUN
hooper	6	3.33	NOT_A_WORDNET_NOUN
inhabit	7	3.33	NOT_A_WORDNET_NOUN
invoke	6	3.33	NOT_A_WORDNET_NOUN
invoked	7	3.33	NOT_A_WORDNET_NOUN
joyous	6	3.33	NOT_A_WORDNET_NOUN
latinos	7	3.33	NOT_A_WORDNET_NOUN
measles	7	3.33	TOPIC:disease
molten	6	3.33	NOT_A_WORDNET_NOUN
morales	7	3.33	NOT_A_WORDNET_NOUN
opioid	6	3.33	NOT_A_WORDNET_NOUN
pastors	7	3.33	NOT_A_WORDNET_NOUN
phased	6	3.33	NOT_A_WORDNET_NOUN
quotas	6	3.33	NOT_A_WORDNET_NOUN
rags	4	3.33	NOT_A_WORDNET_NOUN
resided	7	3.33	NOT_A_WORDNET_NOUN
rotated	7	3.33	NOT_A_WORDNET_NOUN
saviour	7	3.33	NAME_OR_PLACE
shiva	5	3.33	NAME_OR_PLACE
siemens	7	3.33	NAME_OR_PLACE
slogans	7	3.33	NOT_A_WORDNET_NOUN
smoky	5	3.33	NOT_A_WORDNET_NOUN
solids	6	3.33	NOT_A_WORDNET_NOUN
solos	5	3.33	NOT_A_WORDNET_NOUN
spoils	6	3.33	NOT_A_WORDNET_NOUN
swans	5	3.33	NOT_A_WORDNET_NOUN
temps	5	3.33	NOT_A_WORDNET_NOUN
tilted	6	3.33	NOT_A_WORDNET_NOUN
treble	6	3.33	NOT_NOUN_DOMINANT
uncanny	7	3.33	NOT_A_WORDNET_NOUN
weld	4	3.33	NAME_OR_PLACE
adored	6	3.32	NOT_A_WORDNET_NOUN
alerted	7	3.32	NOT_A_WORDNET_NOUN
alleges	7	3.32	NOT_A_WORDNET_NOUN
annoys	6	3.32	NOT_A_WORDNET_NOUN
baroque	7	3.32	NOT_NOUN_DOMINANT
bays	4	3.32	NOT_A_WORDNET_NOUN
berg	4	3.32	NAME_OR_PLACE
biases	6	3.32	NOT_A_WORDNET_NOUN
blindly	7	3.32	NOT_A_WORDNET_NOUN
buggy	5	3.32	NOT_NOUN_DOMINANT
bundled	7	3.32	NOT_A_WORDNET_NOUN
calves	6	3.32	NOT_A_WORDNET_NOUN
cramps	6	3.32	NOT_A_WORDNET_NOUN
cutie	5	3.32	NOT_A_WORDNET_NOUN
deserts	7	3.32	NOT_A_WORDNET_NOUN
dodgy	5	3.32	NOT_A_WORDNET_NOUN
earthly	7	3.32	NOT_A_WORDNET_NOUN
eaters	6	3.32	NOT_A_WORDNET_NOUN
emitted	7	3.32	NOT_A_WORDNET_NOUN
eureka	6	3.32	PROPER_ONLY
exec	4	3.32	NOT_A_WORDNET_NOUN
favours	7	3.32	NOT_A_WORDNET_NOUN
forging	7	3.32	VERB_FORM
gunman	6	3.32	TOPIC:crime
heals	5	3.32	NOT_A_WORDNET_NOUN
hurley	6	3.32	NOT_A_WORDNET_NOUN
indexes	7	3.32	NOT_A_WORDNET_NOUN
irons	5	3.32	PLURAL_FORM
jumpers	7	3.32	NOT_A_WORDNET_NOUN
manic	5	3.32	NOT_A_WORDNET_NOUN
medina	6	3.32	NAME_OR_PLACE
meek	4	3.32	NOT_A_WORDNET_NOUN
mellow	6	3.32	NOT_A_WORDNET_NOUN
oilers	6	3.32	NOT_A_WORDNET_NOUN
pats	4	3.32	NOT_A_WORDNET_NOUN
perish	6	3.32	NOT_A_WORDNET_NOUN
pervert	7	3.32	NOT_NOUN_DOMINANT
pharaoh	7	3.32	PROPER_ONLY
primal	6	3.32	NOT_A_WORDNET_NOUN
psalms	6	3.32	PROPER_ONLY
pups	4	3.32	NOT_A_WORDNET_NOUN
relapse	7	3.32	NOT_NOUN_DOMINANT
rodents	7	3.32	NOT_A_WORDNET_NOUN
seams	5	3.32	NOT_A_WORDNET_NOUN
sensed	6	3.32	NOT_A_WORDNET_NOUN
stares	6	3.32	NOT_A_WORDNET_NOUN
sweeter	7	3.32	NOT_A_WORDNET_NOUN
teased	6	3.32	NOT_A_WORDNET_NOUN
tees	4	3.32	NOT_A_WORDNET_NOUN
thorpe	6	3.32	PROPER_ONLY
towing	6	3.32	NOT_A_WORDNET_NOUN
untold	6	3.32	NOT_A_WORDNET_NOUN
upsets	6	3.32	NOT_A_WORDNET_NOUN
vents	5	3.32	NOT_A_WORDNET_NOUN
wingers	7	3.32	NOT_A_WORDNET_NOUN
wits	4	3.32	PLURAL_FORM
wrongs	6	3.32	NOT_A_WORDNET_NOUN
bolster	7	3.31	NOT_NOUN_DOMINANT
bray	4	3.31	NOT_NOUN_DOMINANT
briefs	6	3.31	PLURAL_FORM
canning	7	3.31	NOT_A_WORDNET_NOUN
chunky	6	3.31	NOT_A_WORDNET_NOUN
classed	7	3.31	NOT_A_WORDNET_NOUN
clerks	6	3.31	NOT_A_WORDNET_NOUN
contra	6	3.31	PROPER_ONLY
cosy	4	3.31	NOT_NOUN_DOMINANT
coyotes	7	3.31	NOT_A_WORDNET_NOUN
crease	6	3.31	NOT_NOUN_DOMINANT
cursing	7	3.31	NOT_A_WORDNET_NOUN
docking	7	3.31	VERB_FORM
embargo	7	3.31	NOT_NOUN_DOMINANT
emptied	7	3.31	NOT_A_WORDNET_NOUN
encoded	7	3.31	NOT_A_WORDNET_NOUN
fairies	7	3.31	NOT_A_WORDNET_NOUN
flagged	7	3.31	NOT_A_WORDNET_NOUN
fleets	6	3.31	NOT_A_WORDNET_NOUN
fooling	7	3.31	NOT_A_WORDNET_NOUN
fungal	6	3.31	NOT_A_WORDNET_NOUN
garth	5	3.31	NOT_A_WORDNET_NOUN
glaring	7	3.31	NOT_A_WORDNET_NOUN
goblin	6	3.31	TOPIC:religion
hammers	7	3.31	NOT_A_WORDNET_NOUN
heaps	5	3.31	PLURAL_FORM
hooking	7	3.31	VERB_FORM
hopped	6	3.31	NOT_A_WORDNET_NOUN
hydra	5	3.31	NAME_OR_PLACE
jamming	7	3.31	VERB_FORM
kyrie	5	3.31	NOT_A_WORDNET_NOUN
linger	6	3.31	NOT_A_WORDNET_NOUN
lousy	5	3.31	NOT_A_WORDNET_NOUN
midtown	7	3.31	NOT_A_WORDNET_NOUN
nurture	7	3.31	NOT_NOUN_DOMINANT
overt	5	3.31	NOT_A_WORDNET_NOUN
pacers	6	3.31	NOT_A_WORDNET_NOUN
pajamas	7	3.31	NOT_A_WORDNET_NOUN
perjury	7	3.31	TOPIC:crime
pious	5	3.31	NOT_A_WORDNET_NOUN
plotted	7	3.31	NOT_A_WORDNET_NOUN
raider	6	3.31	TOPIC:crime
rained	6	3.31	NOT_A_WORDNET_NOUN
raja	4	3.31	NAME_OR_PLACE
rebate	6	3.31	NOT_NOUN_DOMINANT
reins	5	3.31	NOT_A_WORDNET_NOUN
rollers	7	3.31	NOT_A_WORDNET_NOUN
routed	6	3.31	NOT_A_WORDNET_NOUN
rushes	6	3.31	NOT_A_WORDNET_NOUN
salads	6	3.31	NOT_A_WORDNET_NOUN
selects	7	3.31	NOT_A_WORDNET_NOUN
sequels	7	3.31	NOT_A_WORDNET_NOUN
shelly	6	3.31	NOT_A_WORDNET_NOUN
slug	4	3.31	TOPIC:weapons
smug	4	3.31	NOT_A_WORDNET_NOUN
steaks	6	3.31	NOT_A_WORDNET_NOUN
streaks	7	3.31	NOT_A_WORDNET_NOUN
strides	7	3.31	NOT_A_WORDNET_NOUN
strung	6	3.31	NOT_A_WORDNET_NOUN
thine	5	3.31	NOT_A_WORDNET_NOUN
uptown	6	3.31	NOT_NOUN_DOMINANT
urinary	7	3.31	NOT_A_WORDNET_NOUN
valiant	7	3.31	NOT_A_WORDNET_NOUN
blinds	6	3.30	NOT_A_WORDNET_NOUN
bribes	6	3.30	NOT_A_WORDNET_NOUN
broaden	7	3.30	NOT_A_WORDNET_NOUN
bulky	5	3.30	NOT_A_WORDNET_NOUN
burdens	7	3.30	NOT_A_WORDNET_NOUN
cadets	6	3.30	NOT_A_WORDNET_NOUN
camels	6	3.30	NOT_A_WORDNET_NOUN
carnage	7	3.30	TOPIC:death
dips	4	3.30	NOT_A_WORDNET_NOUN
dives	5	3.30	NOT_A_WORDNET_NOUN
downed	6	3.30	NOT_A_WORDNET_NOUN
enrich	6	3.30	NOT_A_WORDNET_NOUN
errands	7	3.30	NOT_A_WORDNET_NOUN
flares	6	3.30	NOT_A_WORDNET_NOUN
flops	5	3.30	NOT_A_WORDNET_NOUN
footed	6	3.30	NOT_A_WORDNET_NOUN
gall	4	3.30	TOPIC:disease
gastric	7	3.30	NOT_A_WORDNET_NOUN
gilded	6	3.30	NOT_A_WORDNET_NOUN
hastily	7	3.30	NOT_A_WORDNET_NOUN
hurtful	7	3.30	NOT_A_WORDNET_NOUN
incur	5	3.30	NOT_A_WORDNET_NOUN
inferno	7	3.30	NAME_OR_PLACE
kinder	6	3.30	NOT_A_WORDNET_NOUN
leafy	5	3.30	NOT_A_WORDNET_NOUN
nods	4	3.30	NOT_A_WORDNET_NOUN
orbits	6	3.30	NOT_A_WORDNET_NOUN
piling	6	3.30	VERB_FORM
portals	7	3.30	NOT_A_WORDNET_NOUN
prepaid	7	3.30	NOT_A_WORDNET_NOUN
reaper	6	3.30	NAME_OR_PLACE
renders	7	3.30	NOT_A_WORDNET_NOUN
satanic	7	3.30	PROPER_ONLY
scented	7	3.30	NOT_A_WORDNET_NOUN
singled	7	3.30	NOT_A_WORDNET_NOUN
sipping	7	3.30	NOT_A_WORDNET_NOUN
spat	4	3.30	NOT_NOUN_DOMINANT
stony	5	3.30	NOT_A_WORDNET_NOUN
stormed	7	3.30	NOT_A_WORDNET_NOUN
subtly	6	3.30	NOT_A_WORDNET_NOUN
tolls	5	3.30	NOT_A_WORDNET_NOUN
turk	4	3.30	PROPER_ONLY
unequal	7	3.30	NOT_A_WORDNET_NOUN
vacated	7	3.30	NOT_A_WORDNET_NOUN
washes	6	3.30	NOT_A_WORDNET_NOUN
wasps	5	3.30	NOT_A_WORDNET_NOUN
acclaim	7	3.29	NOT_NOUN_DOMINANT
aching	6	3.29	VERB_FORM
angered	7	3.29	NOT_A_WORDNET_NOUN
archers	7	3.29	NOT_A_WORDNET_NOUN
arrays	6	3.29	NOT_A_WORDNET_NOUN
audits	6	3.29	NOT_A_WORDNET_NOUN
beards	6	3.29	NOT_A_WORDNET_NOUN
boils	5	3.29	NOT_A_WORDNET_NOUN
breaths	7	3.29	NOT_A_WORDNET_NOUN
bumping	7	3.29	NOT_A_WORDNET_NOUN
burrows	7	3.29	NOT_A_WORDNET_NOUN
cairns	6	3.29	NOT_A_WORDNET_NOUN
cheddar	7	3.29	NAME_OR_PLACE
cholera	7	3.29	TOPIC:disease
clinch	6	3.29	NOT_NOUN_DOMINANT
clipped	7	3.29	NOT_A_WORDNET_NOUN
collide	7	3.29	NOT_A_WORDNET_NOUN
crumble	7	3.29	NOT_A_WORDNET_NOUN
denote	6	3.29	NOT_A_WORDNET_NOUN
dyes	4	3.29	NOT_A_WORDNET_NOUN
embryos	7	3.29	NOT_A_WORDNET_NOUN
excite	6	3.29	NOT_A_WORDNET_NOUN
feral	5	3.29	NOT_A_WORDNET_NOUN
flips	5	3.29	NOT_A_WORDNET_NOUN
freezes	7	3.29	NOT_A_WORDNET_NOUN
greats	6	3.29	NOT_A_WORDNET_NOUN
harms	5	3.29	NOT_A_WORDNET_NOUN
hasty	5	3.29	NOT_A_WORDNET_NOUN
husky	5	3.29	NOT_NOUN_DOMINANT
imitate	7	3.29	NOT_A_WORDNET_NOUN
jaguars	7	3.29	NOT_A_WORDNET_NOUN
kart	4	3.29	NOT_A_WORDNET_NOUN
kelvin	6	3.29	NAME_OR_PLACE
keyword	7	3.29	NOT_A_WORDNET_NOUN
laced	5	3.29	NOT_A_WORDNET_NOUN
lemons	6	3.29	NOT_A_WORDNET_NOUN
looming	7	3.29	NOT_A_WORDNET_NOUN
mana	4	3.29	NOT_A_WORDNET_NOUN
mentors	7	3.29	NOT_A_WORDNET_NOUN
minions	7	3.29	NOT_A_WORDNET_NOUN
nuke	4	3.29	NOT_NOUN_DOMINANT
occult	6	3.29	NOT_NOUN_DOMINANT
opting	6	3.29	NOT_A_WORDNET_NOUN
palaces	7	3.29	NOT_A_WORDNET_NOUN
parades	7	3.29	NOT_A_WORDNET_NOUN
pleases	7	3.29	NOT_A_WORDNET_NOUN
ponies	6	3.29	NOT_A_WORDNET_NOUN
pooh	4	3.29	NOT_A_WORDNET_NOUN
repaid	6	3.29	NOT_A_WORDNET_NOUN
retires	7	3.29	NOT_A_WORDNET_NOUN
shafts	6	3.29	NOT_A_WORDNET_NOUN
skates	6	3.29	NOT_A_WORDNET_NOUN
smelly	6	3.29	NOT_A_WORDNET_NOUN
solves	6	3.29	NOT_A_WORDNET_NOUN
sykes	5	3.29	NOT_A_WORDNET_NOUN
tending	7	3.29	VERB_FORM
tripoli	7	3.29	NAME_OR_PLACE
tubing	6	3.29	VERB_FORM
undue	5	3.29	NOT_A_WORDNET_NOUN
upscale	7	3.29	NOT_A_WORDNET_NOUN
wacky	5	3.29	NOT_A_WORDNET_NOUN
aches	5	3.28	NOT_A_WORDNET_NOUN
almonds	7	3.28	NOT_A_WORDNET_NOUN
ardent	6	3.28	NOT_A_WORDNET_NOUN
arenas	6	3.28	NOT_A_WORDNET_NOUN
axel	4	3.28	NOT_A_WORDNET_NOUN
boldly	6	3.28	NOT_A_WORDNET_NOUN
booths	6	3.28	NOT_A_WORDNET_NOUN
brittle	7	3.28	NOT_NOUN_DOMINANT
budding	7	3.28	VERB_FORM
cheaply	7	3.28	NOT_A_WORDNET_NOUN
clogged	7	3.28	NOT_A_WORDNET_NOUN
compel	6	3.28	NOT_A_WORDNET_NOUN
cramped	7	3.28	NOT_A_WORDNET_NOUN
crates	6	3.28	NOT_A_WORDNET_NOUN
crawled	7	3.28	NOT_A_WORDNET_NOUN
cutters	7	3.28	NOT_A_WORDNET_NOUN
dashed	6	3.28	NOT_A_WORDNET_NOUN
defunct	7	3.28	NOT_A_WORDNET_NOUN
degrade	7	3.28	NOT_A_WORDNET_NOUN
diffuse	7	3.28	NOT_A_WORDNET_NOUN
excused	7	3.28	NOT_A_WORDNET_NOUN
fishy	5	3.28	NOT_A_WORDNET_NOUN
frail	5	3.28	NOT_NOUN_DOMINANT
fray	4	3.28	NOT_NOUN_DOMINANT
gathers	7	3.28	NOT_A_WORDNET_NOUN
glaze	5	3.28	NOT_NOUN_DOMINANT
gunners	7	3.28	NOT_A_WORDNET_NOUN
harass	6	3.28	NOT_A_WORDNET_NOUN
hooded	6	3.28	NOT_A_WORDNET_NOUN
horrid	6	3.28	NOT_A_WORDNET_NOUN
indexed	7	3.28	NOT_A_WORDNET_NOUN
jacked	6	3.28	NOT_A_WORDNET_NOUN
jerks	5	3.28	NOT_A_WORDNET_NOUN
joked	5	3.28	NOT_A_WORDNET_NOUN
lawless	7	3.28	NOT_A_WORDNET_NOUN
legions	7	3.28	NOT_A_WORDNET_NOUN
leveled	7	3.28	NOT_A_WORDNET_NOUN
marries	7	3.28	NOT_A_WORDNET_NOUN
mayoral	7	3.28	NOT_A_WORDNET_NOUN
misled	6	3.28	NOT_A_WORDNET_NOUN
phoned	6	3.28	NOT_A_WORDNET_NOUN
puzzled	7	3.28	NOT_A_WORDNET_NOUN
ramps	5	3.28	NOT_A_WORDNET_NOUN
recite	6	3.28	NOT_A_WORDNET_NOUN
refine	6	3.28	NOT_A_WORDNET_NOUN
regents	7	3.28	NOT_A_WORDNET_NOUN
retake	6	3.28	NOT_NOUN_DOMINANT
rips	4	3.28	NOT_A_WORDNET_NOUN
rosy	4	3.28	NOT_A_WORDNET_NOUN
rupture	7	3.28	TOPIC:disease
salted	6	3.28	NOT_A_WORDNET_NOUN
scot	4	3.28	PROPER_ONLY
shabby	6	3.28	NOT_A_WORDNET_NOUN
skid	4	3.28	NOT_NOUN_DOMINANT
spoons	6	3.28	NOT_A_WORDNET_NOUN
squats	6	3.28	NOT_A_WORDNET_NOUN
stills	6	3.28	NOT_A_WORDNET_NOUN
stoner	6	3.28	TOPIC:crime
stung	5	3.28	NOT_A_WORDNET_NOUN
tenders	7	3.28	NOT_A_WORDNET_NOUN
timers	6	3.28	NOT_A_WORDNET_NOUN
virgins	7	3.28	NOT_A_WORDNET_NOUN
whine	5	3.28	NOT_NOUN_DOMINANT
abort	5	3.27	NOT_NOUN_DOMINANT
abound	6	3.27	NOT_A_WORDNET_NOUN
agendas	7	3.27	NOT_A_WORDNET_NOUN
angled	6	3.27	NOT_A_WORDNET_NOUN
barbed	6	3.27	NOT_A_WORDNET_NOUN
battled	7	3.27	NOT_A_WORDNET_NOUN
blurry	6	3.27	NOT_A_WORDNET_NOUN
bravely	7	3.27	NOT_A_WORDNET_NOUN
camped	6	3.27	NOT_A_WORDNET_NOUN
dashing	7	3.27	NOT_A_WORDNET_NOUN
deposed	7	3.27	NOT_A_WORDNET_NOUN
dharma	6	3.27	PROPER_ONLY
distal	6	3.27	NOT_A_WORDNET_NOUN
ditched	7	3.27	NOT_A_WORDNET_NOUN
evoke	5	3.27	NOT_A_WORDNET_NOUN
flanked	7	3.27	NOT_A_WORDNET_NOUN
flatter	7	3.27	NOT_A_WORDNET_NOUN
flushed	7	3.27	NOT_A_WORDNET_NOUN
fret	4	3.27	NOT_NOUN_DOMINANT
geeks	5	3.27	NOT_A_WORDNET_NOUN
genders	7	3.27	NOT_A_WORDNET_NOUN
grasses	7	3.27	NOT_A_WORDNET_NOUN
guineas	7	3.27	NOT_A_WORDNET_NOUN
harshly	7	3.27	NOT_A_WORDNET_NOUN
hedges	6	3.27	NOT_A_WORDNET_NOUN
huts	4	3.27	NOT_A_WORDNET_NOUN
inhuman	7	3.27	NOT_A_WORDNET_NOUN
injure	6	3.27	NOT_A_WORDNET_NOUN
lacey	5	3.27	NOT_A_WORDNET_NOUN
latent	6	3.27	NOT_A_WORDNET_NOUN
leans	5	3.27	NOT_A_WORDNET_NOUN
lowly	5	3.27	NOT_A_WORDNET_NOUN
lucid	5	3.27	NOT_A_WORDNET_NOUN
martini	7	3.27	TOPIC:alcohol
mutiny	6	3.27	TOPIC:violence
nagging	7	3.27	NOT_A_WORDNET_NOUN
nephews	7	3.27	NOT_A_WORDNET_NOUN
petit	5	3.27	NOT_A_WORDNET_NOUN
polio	5	3.27	TOPIC:disease
quaint	6	3.27	NOT_A_WORDNET_NOUN
raiding	7	3.27	NOT_A_WORDNET_NOUN
rallied	7	3.27	NOT_A_WORDNET_NOUN
richly	6	3.27	NOT_A_WORDNET_NOUN
rioting	7	3.27	VERB_FORM
rookies	7	3.27	NOT_A_WORDNET_NOUN
scarred	7	3.27	NOT_A_WORDNET_NOUN
seminal	7	3.27	NOT_A_WORDNET_NOUN
serene	6	3.27	NOT_A_WORDNET_NOUN
shaded	6	3.27	NOT_A_WORDNET_NOUN
smokey	6	3.27	NOT_A_WORDNET_NOUN
snuck	5	3.27	NOT_A_WORDNET_NOUN
thinly	6	3.27	NOT_A_WORDNET_NOUN
tinted	6	3.27	NOT_A_WORDNET_NOUN
trident	7	3.27	TOPIC:weapons
tweak	5	3.27	NOT_NOUN_DOMINANT
undead	6	3.27	NOT_A_WORDNET_NOUN
uplift	6	3.27	NOT_NOUN_DOMINANT
adopts	6	3.26	NOT_A_WORDNET_NOUN
adverts	7	3.26	NOT_A_WORDNET_NOUN
arcs	4	3.26	NOT_A_WORDNET_NOUN
basins	6	3.26	NOT_A_WORDNET_NOUN
bios	4	3.26	NOT_A_WORDNET_NOUN
blacked	7	3.26	NOT_A_WORDNET_NOUN
blanks	6	3.26	NOT_A_WORDNET_NOUN
bytes	5	3.26	NOT_A_WORDNET_NOUN
calmed	6	3.26	NOT_A_WORDNET_NOUN
casket	6	3.26	TOPIC:death
charley	7	3.26	NOT_A_WORDNET_NOUN
clothed	7	3.26	NOT_A_WORDNET_NOUN
convex	6	3.26	NOT_A_WORDNET_NOUN
crouch	6	3.26	NOT_NOUN_DOMINANT
curing	6	3.26	VERB_FORM
dank	4	3.26	NOT_A_WORDNET_NOUN
daphne	6	3.26	NAME_OR_PLACE
dismal	6	3.26	NOT_A_WORDNET_NOUN
dodger	6	3.26	TOPIC:crime
etched	6	3.26	NOT_A_WORDNET_NOUN
excise	6	3.26	NOT_NOUN_DOMINANT
expel	5	3.26	NOT_A_WORDNET_NOUN
facets	6	3.26	NOT_A_WORDNET_NOUN
fledged	7	3.26	NOT_A_WORDNET_NOUN
fruity	6	3.26	NOT_A_WORDNET_NOUN
gals	4	3.26	NOT_A_WORDNET_NOUN
godly	5	3.26	NOT_A_WORDNET_NOUN
golfers	7	3.26	NOT_A_WORDNET_NOUN
hatched	7	3.26	NOT_A_WORDNET_NOUN
helix	5	3.26	NAME_OR_PLACE
hornets	7	3.26	NOT_A_WORDNET_NOUN
hover	5	3.26	NOT_A_WORDNET_NOUN
howling	7	3.26	VERB_FORM
humbled	7	3.26	NOT_A_WORDNET_NOUN
khalifa	7	3.26	NOT_A_WORDNET_NOUN
kosher	6	3.26	NOT_NOUN_DOMINANT
licked	6	3.26	NOT_A_WORDNET_NOUN
lured	5	3.26	NOT_A_WORDNET_NOUN
matilda	7	3.26	NOT_A_WORDNET_NOUN
morbid	6	3.26	NOT_A_WORDNET_NOUN
motifs	6	3.26	NOT_A_WORDNET_NOUN
nouns	5	3.26	NOT_A_WORDNET_NOUN
nuanced	7	3.26	NOT_A_WORDNET_NOUN
pellets	7	3.26	NOT_A_WORDNET_NOUN
potty	5	3.26	NOT_NOUN_DOMINANT
puddle	6	3.26	NOT_NOUN_DOMINANT
reload	6	3.26	NOT_A_WORDNET_NOUN
reputed	7	3.26	NOT_A_WORDNET_NOUN
revoke	6	3.26	NOT_NOUN_DOMINANT
riviera	7	3.26	PROPER_ONLY
shorty	6	3.26	NOT_A_WORDNET_NOUN
silky	5	3.26	NOT_A_WORDNET_NOUN
slaying	7	3.26	VERB_FORM
snails	6	3.26	NOT_A_WORDNET_NOUN
snoring	7	3.26	VERB_FORM
sped	4	3.26	NOT_A_WORDNET_NOUN
spores	6	3.26	NOT_A_WORDNET_NOUN
spurred	7	3.26	NOT_A_WORDNET_NOUN
sunken	6	3.26	NOT_A_WORDNET_NOUN
toasted	7	3.26	NOT_A_WORDNET_NOUN
veiled	6	3.26	NOT_A_WORDNET_NOUN
vividly	7	3.26	NOT_A_WORDNET_NOUN
welded	6	3.26	NOT_A_WORDNET_NOUN
whaling	7	3.26	NOT_A_WORDNET_NOUN
abusers	7	3.25	NOT_A_WORDNET_NOUN
attest	6	3.25	NOT_A_WORDNET_NOUN
avenge	6	3.25	NOT_A_WORDNET_NOUN
badgers	7	3.25	NOT_A_WORDNET_NOUN
behaves	7	3.25	NOT_A_WORDNET_NOUN
bikers	6	3.25	PLURAL_FORM
bologna	7	3.25	NAME_OR_PLACE
bolted	6	3.25	NOT_A_WORDNET_NOUN
bony	4	3.25	NOT_A_WORDNET_NOUN
brood	5	3.25	NOT_NOUN_DOMINANT
campers	7	3.25	NOT_A_WORDNET_NOUN
ceases	6	3.25	NOT_A_WORDNET_NOUN
charmed	7	3.25	NOT_A_WORDNET_NOUN
chemo	5	3.25	NOT_A_WORDNET_NOUN
chipped	7	3.25	NOT_A_WORDNET_NOUN
commend	7	3.25	NOT_A_WORDNET_NOUN
crochet	7	3.25	NOT_NOUN_DOMINANT
eased	5	3.25	NOT_A_WORDNET_NOUN
emit	4	3.25	NOT_A_WORDNET_NOUN
extant	6	3.25	NOT_A_WORDNET_NOUN
farmed	6	3.25	NOT_A_WORDNET_NOUN
flashy	6	3.25	NOT_A_WORDNET_NOUN
gospels	7	3.25	PROPER_ONLY
gowns	5	3.25	NOT_A_WORDNET_NOUN
grooves	7	3.25	NOT_A_WORDNET_NOUN
heinous	7	3.25	NOT_A_WORDNET_NOUN
hens	4	3.25	NOT_A_WORDNET_NOUN
inbound	7	3.25	NOT_A_WORDNET_NOUN
inhale	6	3.25	NOT_A_WORDNET_NOUN
kilos	5	3.25	NOT_A_WORDNET_NOUN
leach	5	3.25	NOT_NOUN_DOMINANT
mach	4	3.25	PROPER_ONLY
maids	5	3.25	NOT_A_WORDNET_NOUN
oversaw	7	3.25	NOT_A_WORDNET_NOUN
pastel	6	3.25	NOT_NOUN_DOMINANT
pounded	7	3.25	NOT_A_WORDNET_NOUN
prod	4	3.25	NOT_NOUN_DOMINANT
pundits	7	3.25	NOT_A_WORDNET_NOUN
quilt	5	3.25	NOT_NOUN_DOMINANT
rapping	7	3.25	NOT_A_WORDNET_NOUN
rees	4	3.25	NOT_A_WORDNET_NOUN
regency	7	3.25	NAME_OR_PLACE
rescues	7	3.25	NOT_A_WORDNET_NOUN
scaring	7	3.25	NOT_A_WORDNET_NOUN
sharper	7	3.25	TOPIC:crime
snipers	7	3.25	NOT_A_WORDNET_NOUN
spectra	7	3.25	NOT_A_WORDNET_NOUN
spines	6	3.25	NOT_A_WORDNET_NOUN
stag	4	3.25	NOT_NOUN_DOMINANT
strata	6	3.25	NOT_A_WORDNET_NOUN
straws	6	3.25	NOT_A_WORDNET_NOUN
studded	7	3.25	NOT_A_WORDNET_NOUN
swedes	6	3.25	NOT_A_WORDNET_NOUN
thorns	6	3.25	NOT_A_WORDNET_NOUN
tiers	5	3.25	NOT_A_WORDNET_NOUN
timid	5	3.25	NOT_NOUN_DOMINANT
tracts	6	3.25	NOT_A_WORDNET_NOUN
uncut	5	3.25	NOT_A_WORDNET_NOUN
widen	5	3.25	NOT_A_WORDNET_NOUN
widest	6	3.25	NOT_A_WORDNET_NOUN
wigs	4	3.25	NOT_A_WORDNET_NOUN
yachts	6	3.25	NOT_A_WORDNET_NOUN
amassed	7	3.24	NOT_A_WORDNET_NOUN
apiece	6	3.24	NOT_A_WORDNET_NOUN
arched	6	3.24	NOT_A_WORDNET_NOUN
ascend	6	3.24	NOT_A_WORDNET_NOUN
bandage	7	3.24	NOT_NOUN_DOMINANT
braid	5	3.24	NOT_NOUN_DOMINANT
bulge	5	3.24	NOT_NOUN_DOMINANT
chewed	6	3.24	NOT_A_WORDNET_NOUN
cleans	6	3.24	NOT_A_WORDNET_NOUN
cuffs	5	3.24	NOT_A_WORDNET_NOUN
drags	5	3.24	NOT_A_WORDNET_NOUN
drugged	7	3.24	NOT_A_WORDNET_NOUN
fonts	5	3.24	NOT_A_WORDNET_NOUN
fours	5	3.24	NOT_A_WORDNET_NOUN
frowned	7	3.24	NOT_A_WORDNET_NOUN
gibbons	7	3.24	NOT_A_WORDNET_NOUN
grassy	6	3.24	NOT_A_WORDNET_NOUN
greener	7	3.24	NOT_A_WORDNET_NOUN
hawking	7	3.24	VERB_FORM
hitters	7	3.24	NOT_A_WORDNET_NOUN
ladders	7	3.24	NOT_A_WORDNET_NOUN
lizards	7	3.24	NOT_A_WORDNET_NOUN
marlins	7	3.24	NOT_A_WORDNET_NOUN
melodic	7	3.24	NOT_A_WORDNET_NOUN
muffins	7	3.24	NOT_A_WORDNET_NOUN
mugs	4	3.24	NOT_A_WORDNET_NOUN
nigh	4	3.24	NOT_A_WORDNET_NOUN
nudes	5	3.24	NOT_A_WORDNET_NOUN
offside	7	3.24	NOT_NOUN_DOMINANT
peeing	6	3.24	VERB_FORM
peeling	7	3.24	VERB_FORM
perched	7	3.24	NOT_A_WORDNET_NOUN
pitiful	7	3.24	NOT_A_WORDNET_NOUN
rabies	6	3.24	TOPIC:disease
rations	7	3.24	NOT_A_WORDNET_NOUN
recon	5	3.24	NOT_A_WORDNET_NOUN
recount	7	3.24	NOT_NOUN_DOMINANT
relive	6	3.24	NOT_A_WORDNET_NOUN
revolve	7	3.24	NOT_A_WORDNET_NOUN
rewind	6	3.24	NOT_A_WORDNET_NOUN
rigs	4	3.24	NOT_A_WORDNET_NOUN
ritz	4	3.24	NAME_OR_PLACE
rolf	4	3.24	PROPER_ONLY
rubs	4	3.24	NOT_A_WORDNET_NOUN
saddest	7	3.24	NOT_A_WORDNET_NOUN
seduce	6	3.24	NOT_A_WORDNET_NOUN
shadowy	7	3.24	NOT_A_WORDNET_NOUN
shun	4	3.24	NOT_A_WORDNET_NOUN
skewed	6	3.24	NOT_A_WORDNET_NOUN
spectre	7	3.24	BRITISH_SPELLING
taping	6	3.24	VERB_FORM
tickle	6	3.24	NOT_NOUN_DOMINANT
titties	7	3.24	NOT_A_WORDNET_NOUN
toro	4	3.24	NOT_A_WORDNET_NOUN
trays	5	3.24	NOT_A_WORDNET_NOUN
tubular	7	3.24	NOT_A_WORDNET_NOUN
turkeys	7	3.24	NOT_A_WORDNET_NOUN
unload	6	3.24	NOT_A_WORDNET_NOUN
voicing	7	3.24	VERB_FORM
volley	6	3.24	NOT_NOUN_DOMINANT
voyages	7	3.24	NOT_A_WORDNET_NOUN
waive	5	3.24	NOT_A_WORDNET_NOUN
warmly	6	3.24	NOT_A_WORDNET_NOUN
wavy	4	3.24	NOT_A_WORDNET_NOUN
wept	4	3.24	NOT_A_WORDNET_NOUN
whew	4	3.24	NOT_A_WORDNET_NOUN
wildest	7	3.24	NOT_A_WORDNET_NOUN
assigns	7	3.23	NOT_A_WORDNET_NOUN
assures	7	3.23	NOT_A_WORDNET_NOUN
backers	7	3.23	NOT_A_WORDNET_NOUN
basing	6	3.23	NOT_A_WORDNET_NOUN
batches	7	3.23	NOT_A_WORDNET_NOUN
beggars	7	3.23	NOT_A_WORDNET_NOUN
bowled	6	3.23	NOT_A_WORDNET_NOUN
budge	5	3.23	PROPER_ONLY
cheater	7	3.23	TOPIC:crime
cheeses	7	3.23	NOT_A_WORDNET_NOUN
cloning	7	3.23	VERB_FORM
comical	7	3.23	NOT_A_WORDNET_NOUN
corny	5	3.23	NOT_A_WORDNET_NOUN
cryptic	7	3.23	NOT_A_WORDNET_NOUN
curses	6	3.23	NOT_A_WORDNET_NOUN
deities	7	3.23	NOT_A_WORDNET_NOUN
discern	7	3.23	NOT_A_WORDNET_NOUN
dreamy	6	3.23	NOT_A_WORDNET_NOUN
dukes	5	3.23	NOT_A_WORDNET_NOUN
dummies	7	3.23	NOT_A_WORDNET_NOUN
dung	4	3.23	NOT_NOUN_DOMINANT
earners	7	3.23	NOT_A_WORDNET_NOUN
fakes	5	3.23	NOT_A_WORDNET_NOUN
feats	5	3.23	NOT_A_WORDNET_NOUN
forts	5	3.23	NOT_A_WORDNET_NOUN
franks	6	3.23	NOT_A_WORDNET_NOUN
gated	5	3.23	NOT_A_WORDNET_NOUN
girly	5	3.23	NOT_A_WORDNET_NOUN
gunmen	6	3.23	NOT_A_WORDNET_NOUN
hoard	5	3.23	NOT_NOUN_DOMINANT
ignited	7	3.23	NOT_A_WORDNET_NOUN
lacy	4	3.23	NOT_A_WORDNET_NOUN
lambs	5	3.23	NOT_A_WORDNET_NOUN
leaping	7	3.23	VERB_FORM
looms	5	3.23	NOT_A_WORDNET_NOUN
lovable	7	3.23	NOT_A_WORDNET_NOUN
messes	6	3.23	NOT_A_WORDNET_NOUN
molded	6	3.23	NOT_A_WORDNET_NOUN
moot	4	3.23	NOT_NOUN_DOMINANT
nitro	5	3.23	NOT_A_WORDNET_NOUN
partake	7	3.23	NOT_A_WORDNET_NOUN
pedals	6	3.23	NOT_A_WORDNET_NOUN
pesos	5	3.23	NOT_A_WORDNET_NOUN
poked	5	3.23	NOT_A_WORDNET_NOUN
polled	6	3.23	NOT_A_WORDNET_NOUN
pollock	7	3.23	NAME_OR_PLACE
pueblo	6	3.23	NAME_OR_PLACE
pussies	7	3.23	NOT_A_WORDNET_NOUN
ripper	6	3.23	TOPIC:crime
shaker	6	3.23	NAME_OR_PLACE
shone	5	3.23	NOT_A_WORDNET_NOUN
sorrows	7	3.23	NOT_A_WORDNET_NOUN
spiked	6	3.23	NOT_A_WORDNET_NOUN
sprouts	7	3.23	NOT_A_WORDNET_NOUN
staffs	6	3.23	NOT_A_WORDNET_NOUN
stiles	6	3.23	NOT_A_WORDNET_NOUN
tong	4	3.23	NOT_A_WORDNET_NOUN
waffles	7	3.23	NOT_A_WORDNET_NOUN
waiters	7	3.23	NOT_A_WORDNET_NOUN
waivers	7	3.23	NOT_A_WORDNET_NOUN
wight	5	3.23	NAME_OR_PLACE
worded	6	3.23	NOT_A_WORDNET_NOUN
awakens	7	3.22	NOT_A_WORDNET_NOUN
bathe	5	3.22	NOT_NOUN_DOMINANT
boasted	7	3.22	NOT_A_WORDNET_NOUN
chases	6	3.22	NOT_A_WORDNET_NOUN
coldest	7	3.22	NOT_A_WORDNET_NOUN
creams	6	3.22	NOT_A_WORDNET_NOUN
cripple	7	3.22	NOT_NOUN_DOMINANT
crooks	6	3.22	NOT_A_WORDNET_NOUN
crunchy	7	3.22	NOT_A_WORDNET_NOUN
dares	5	3.22	NOT_A_WORDNET_NOUN
envious	7	3.22	NOT_A_WORDNET_NOUN
filings	7	3.22	NOT_A_WORDNET_NOUN
folders	7	3.22	NOT_A_WORDNET_NOUN
fuji	4	3.22	NAME_OR_PLACE
gage	4	3.22	TOPIC:drugs
gators	6	3.22	NOT_A_WORDNET_NOUN
giddy	5	3.22	NOT_A_WORDNET_NOUN
hanks	5	3.22	PROPER_ONLY
haunts	6	3.22	NOT_A_WORDNET_NOUN
inserts	7	3.22	NOT_A_WORDNET_NOUN
jesuit	6	3.22	PROPER_ONLY
kiddo	5	3.22	NOT_A_WORDNET_NOUN
knuckle	7	3.22	NOT_NOUN_DOMINANT
lear	4	3.22	PROPER_ONLY
levied	6	3.22	NOT_A_WORDNET_NOUN
litres	6	3.22	NOT_A_WORDNET_NOUN
lodges	6	3.22	NOT_A_WORDNET_NOUN
mislead	7	3.22	NOT_A_WORDNET_NOUN
mounds	6	3.22	NOT_A_WORDNET_NOUN
nudge	5	3.22	NOT_NOUN_DOMINANT
ovens	5	3.22	NOT_A_WORDNET_NOUN
padded	6	3.22	NOT_A_WORDNET_NOUN
padres	6	3.22	NOT_A_WORDNET_NOUN
pints	5	3.22	NOT_A_WORDNET_NOUN
pours	5	3.22	NOT_A_WORDNET_NOUN
racers	6	3.22	NOT_A_WORDNET_NOUN
rims	4	3.22	NOT_A_WORDNET_NOUN
sabine	6	3.22	PROPER_ONLY
scrubs	6	3.22	PLURAL_FORM
sevens	6	3.22	PLURAL_FORM
sewers	6	3.22	NOT_A_WORDNET_NOUN
sexiest	7	3.22	NOT_A_WORDNET_NOUN
shaman	6	3.22	TOPIC:religion
shatter	7	3.22	NOT_A_WORDNET_NOUN
shoving	7	3.22	NOT_A_WORDNET_NOUN
signify	7	3.22	NOT_A_WORDNET_NOUN
sketchy	7	3.22	NOT_A_WORDNET_NOUN
takers	6	3.22	NOT_A_WORDNET_NOUN
tempt	5	3.22	NOT_A_WORDNET_NOUN
versed	6	3.22	PROPER_ONLY
weiner	6	3.22	NOT_A_WORDNET_NOUN
whiff	5	3.22	NOT_NOUN_DOMINANT
wilt	4	3.22	TOPIC:disease
aunts	5	3.21	NOT_A_WORDNET_NOUN
bled	4	3.21	NOT_A_WORDNET_NOUN
botched	7	3.21	NOT_A_WORDNET_NOUN
bouts	5	3.21	NOT_A_WORDNET_NOUN
brownie	7	3.21	NAME_OR_PLACE
bunnies	7	3.21	NOT_A_WORDNET_NOUN
calibre	7	3.21	BRITISH_SPELLING
chico	5	3.21	PROPER_ONLY
crafty	6	3.21	NOT_A_WORDNET_NOUN
defiant	7	3.21	NOT_A_WORDNET_NOUN
detain	6	3.21	NOT_A_WORDNET_NOUN
disarm	6	3.21	NOT_A_WORDNET_NOUN
entail	6	3.21	NOT_NOUN_DOMINANT
eras	4	3.21	NOT_A_WORDNET_NOUN
feeble	6	3.21	NOT_A_WORDNET_NOUN
fend	4	3.21	NOT_A_WORDNET_NOUN
fifties	7	3.21	PLURAL_FORM
gallant	7	3.21	NOT_NOUN_DOMINANT
gazing	6	3.21	NOT_A_WORDNET_NOUN
golfing	7	3.21	VERB_FORM
goons	5	3.21	NOT_A_WORDNET_NOUN
guesses	7	3.21	NOT_A_WORDNET_NOUN
gums	4	3.21	NOT_A_WORDNET_NOUN
herds	5	3.21	NOT_A_WORDNET_NOUN
hookers	7	3.21	NOT_A_WORDNET_NOUN
ionic	5	3.21	PROPER_ONLY
jerking	7	3.21	VERB_FORM
kink	4	3.21	TOPIC:disease
lagging	7	3.21	VERB_FORM
lawns	5	3.21	NOT_A_WORDNET_NOUN
levant	6	3.21	PROPER_ONLY
lice	4	3.21	NOT_A_WORDNET_NOUN
loco	4	3.21	NOT_A_WORDNET_NOUN
looted	6	3.21	NOT_A_WORDNET_NOUN
loudest	7	3.21	NOT_A_WORDNET_NOUN
medial	6	3.21	NOT_A_WORDNET_NOUN
mingle	6	3.21	NOT_A_WORDNET_NOUN
moths	5	3.21	NOT_A_WORDNET_NOUN
movers	6	3.21	NOT_A_WORDNET_NOUN
outcry	6	3.21	NOT_NOUN_DOMINANT
pauses	6	3.21	NOT_A_WORDNET_NOUN
plow	4	3.21	NOT_NOUN_DOMINANT
probing	7	3.21	NOT_A_WORDNET_NOUN
prolong	7	3.21	NOT_A_WORDNET_NOUN
purest	6	3.21	NOT_A_WORDNET_NOUN
queues	6	3.21	NOT_A_WORDNET_NOUN
rowdy	5	3.21	TOPIC:crime
sassy	5	3.21	NOT_A_WORDNET_NOUN
seeding	7	3.21	NOT_A_WORDNET_NOUN
seneca	6	3.21	PROPER_ONLY
septic	6	3.21	NOT_A_WORDNET_NOUN
shamed	6	3.21	NOT_A_WORDNET_NOUN
skiers	6	3.21	NOT_A_WORDNET_NOUN
smacked	7	3.21	NOT_A_WORDNET_NOUN
smiths	6	3.21	NOT_A_WORDNET_NOUN
soma	4	3.21	NAME_OR_PLACE
stalked	7	3.21	NOT_A_WORDNET_NOUN
stemmed	7	3.21	NOT_A_WORDNET_NOUN
surfers	7	3.21	NOT_A_WORDNET_NOUN
theses	6	3.21	NOT_A_WORDNET_NOUN
timeout	7	3.21	NOT_A_WORDNET_NOUN
trashed	7	3.21	NOT_A_WORDNET_NOUN
vowels	6	3.21	NOT_A_WORDNET_NOUN
wield	5	3.21	NOT_A_WORDNET_NOUN
affirm	6	3.20	NOT_A_WORDNET_NOUN
airy	4	3.20	NOT_A_WORDNET_NOUN
alloys	6	3.20	NOT_A_WORDNET_NOUN
anew	4	3.20	NOT_A_WORDNET_NOUN
appease	7	3.20	NOT_A_WORDNET_NOUN
arisen	6	3.20	NOT_A_WORDNET_NOUN
bespoke	7	3.20	NOT_A_WORDNET_NOUN
booted	6	3.20	NOT_A_WORDNET_NOUN
brisk	5	3.20	NOT_A_WORDNET_NOUN
bubbly	6	3.20	NOT_NOUN_DOMINANT
cereals	7	3.20	NOT_A_WORDNET_NOUN
consort	7	3.20	NOT_NOUN_DOMINANT
cougars	7	3.20	NOT_A_WORDNET_NOUN
cupid	5	3.20	NAME_OR_PLACE
damning	7	3.20	NOT_A_WORDNET_NOUN
defer	5	3.20	NOT_A_WORDNET_NOUN
docked	6	3.20	NOT_A_WORDNET_NOUN
dries	5	3.20	NOT_A_WORDNET_NOUN
enlarge	7	3.20	NOT_A_WORDNET_NOUN
equate	6	3.20	NOT_A_WORDNET_NOUN
faiths	6	3.20	NOT_A_WORDNET_NOUN
flaps	5	3.20	PLURAL_FORM
fondly	6	3.20	NOT_A_WORDNET_NOUN
frosty	6	3.20	NOT_A_WORDNET_NOUN
gnome	5	3.20	TOPIC:religion
hades	5	3.20	PROPER_ONLY
haute	5	3.20	NOT_A_WORDNET_NOUN
huskies	7	3.20	NOT_A_WORDNET_NOUN
imposes	7	3.20	NOT_A_WORDNET_NOUN
jails	5	3.20	NOT_A_WORDNET_NOUN
lupus	5	3.20	NAME_OR_PLACE
operas	6	3.20	NOT_A_WORDNET_NOUN
palsy	5	3.20	TOPIC:disease
payers	6	3.20	NOT_A_WORDNET_NOUN
rancho	6	3.20	NOT_A_WORDNET_NOUN
repel	5	3.20	NOT_A_WORDNET_NOUN
resigns	7	3.20	NOT_A_WORDNET_NOUN
revamp	6	3.20	NOT_A_WORDNET_NOUN
scraped	7	3.20	NOT_A_WORDNET_NOUN
seaman	6	3.20	NAME_OR_PLACE
sizing	6	3.20	VERB_FORM
slabs	5	3.20	NOT_A_WORDNET_NOUN
slums	5	3.20	NOT_A_WORDNET_NOUN
sockets	7	3.20	NOT_A_WORDNET_NOUN
sprays	6	3.20	NOT_A_WORDNET_NOUN
staunch	7	3.20	NOT_A_WORDNET_NOUN
swayed	6	3.20	NOT_A_WORDNET_NOUN
unveil	6	3.20	NOT_A_WORDNET_NOUN
vaults	6	3.20	NOT_A_WORDNET_NOUN
volts	5	3.20	NOT_A_WORDNET_NOUN
waged	5	3.20	NOT_A_WORDNET_NOUN
warmest	7	3.20	NOT_A_WORDNET_NOUN
whoop	5	3.20	NOT_NOUN_DOMINANT
aerobic	7	3.19	NOT_A_WORDNET_NOUN
amaze	5	3.19	NOT_A_WORDNET_NOUN
augment	7	3.19	NOT_A_WORDNET_NOUN
baseman	7	3.19	NOT_A_WORDNET_NOUN
batted	6	3.19	NOT_A_WORDNET_NOUN
briefed	7	3.19	NOT_A_WORDNET_NOUN
cabs	4	3.19	NOT_A_WORDNET_NOUN
celeste	7	3.19	NOT_A_WORDNET_NOUN
chests	6	3.19	NOT_A_WORDNET_NOUN
clot	4	3.19	NOT_NOUN_DOMINANT
comets	6	3.19	NOT_A_WORDNET_NOUN
confer	6	3.19	NOT_A_WORDNET_NOUN
crammed	7	3.19	NOT_A_WORDNET_NOUN
deepen	6	3.19	NOT_A_WORDNET_NOUN
deprive	7	3.19	NOT_A_WORDNET_NOUN
derry	5	3.19	NOT_A_WORDNET_NOUN
devise	6	3.19	NOT_NOUN_DOMINANT
farts	5	3.19	NOT_A_WORDNET_NOUN
fated	5	3.19	NOT_A_WORDNET_NOUN
femme	5	3.19	NOT_A_WORDNET_NOUN
fibres	6	3.19	NOT_A_WORDNET_NOUN
foggy	5	3.19	NOT_A_WORDNET_NOUN
gaping	6	3.19	NOT_A_WORDNET_NOUN
hays	4	3.19	PROPER_ONLY
hounds	6	3.19	NOT_A_WORDNET_NOUN
lewd	4	3.19	NOT_A_WORDNET_NOUN
liters	6	3.19	NOT_A_WORDNET_NOUN
liturgy	7	3.19	NAME_OR_PLACE
lumps	5	3.19	NOT_A_WORDNET_NOUN
marbles	7	3.19	PLURAL_FORM
milking	7	3.19	NOT_A_WORDNET_NOUN
mortals	7	3.19	NOT_A_WORDNET_NOUN
nodding	7	3.19	NOT_A_WORDNET_NOUN
nuclei	6	3.19	NOT_A_WORDNET_NOUN
nutty	5	3.19	NOT_A_WORDNET_NOUN
orgasms	7	3.19	NOT_A_WORDNET_NOUN
ornate	6	3.19	NOT_A_WORDNET_NOUN
ousted	6	3.19	NOT_A_WORDNET_NOUN
patched	7	3.19	NOT_A_WORDNET_NOUN
photons	7	3.19	NOT_A_WORDNET_NOUN
plume	5	3.19	NOT_NOUN_DOMINANT
plump	5	3.19	NOT_NOUN_DOMINANT
prequel	7	3.19	NOT_A_WORDNET_NOUN
raffle	6	3.19	TOPIC:gambling
ragged	6	3.19	NOT_A_WORDNET_NOUN
recoil	6	3.19	NOT_NOUN_DOMINANT
redo	4	3.19	NOT_A_WORDNET_NOUN
rejoin	6	3.19	NOT_A_WORDNET_NOUN
relays	6	3.19	NOT_A_WORDNET_NOUN
riddled	7	3.19	NOT_A_WORDNET_NOUN
rugs	4	3.19	NOT_A_WORDNET_NOUN
sauces	6	3.19	NOT_A_WORDNET_NOUN
skis	4	3.19	NOT_A_WORDNET_NOUN
sluts	5	3.19	NOT_A_WORDNET_NOUN
sneeze	6	3.19	TOPIC:disease
soaps	5	3.19	NOT_A_WORDNET_NOUN
sorely	6	3.19	NOT_A_WORDNET_NOUN
sprite	6	3.19	TOPIC:religion
stinks	6	3.19	NOT_A_WORDNET_NOUN
tori	4	3.19	NOT_A_WORDNET_NOUN
touted	6	3.19	NOT_A_WORDNET_NOUN
unravel	7	3.19	NOT_A_WORDNET_NOUN
vests	5	3.19	NOT_A_WORDNET_NOUN
warms	5	3.19	NOT_A_WORDNET_NOUN
watery	6	3.19	NOT_A_WORDNET_NOUN
whips	5	3.19	NOT_A_WORDNET_NOUN
aborted	7	3.18	NOT_A_WORDNET_NOUN
absorbs	7	3.18	NOT_A_WORDNET_NOUN
allege	6	3.18	NOT_A_WORDNET_NOUN
arduous	7	3.18	NOT_A_WORDNET_NOUN
bagged	6	3.18	NOT_A_WORDNET_NOUN
basque	6	3.18	PROPER_ONLY
biggie	6	3.18	NOT_A_WORDNET_NOUN
bruise	6	3.18	NOT_NOUN_DOMINANT
bumpy	5	3.18	NOT_A_WORDNET_NOUN
bums	4	3.18	NOT_A_WORDNET_NOUN
cicero	6	3.18	NAME_OR_PLACE
clocked	7	3.18	NOT_A_WORDNET_NOUN
collars	7	3.18	NOT_A_WORDNET_NOUN
concur	6	3.18	NOT_A_WORDNET_NOUN
conte	5	3.18	NOT_A_WORDNET_NOUN
davy	4	3.18	PROPER_ONLY
defying	7	3.18	NOT_A_WORDNET_NOUN
deport	6	3.18	NOT_A_WORDNET_NOUN
dilute	6	3.18	NOT_A_WORDNET_NOUN
draped	6	3.18	NOT_A_WORDNET_NOUN
eels	4	3.18	NOT_A_WORDNET_NOUN
fates	5	3.18	NOT_A_WORDNET_NOUN
ferries	7	3.18	NOT_A_WORDNET_NOUN
firth	5	3.18	NAME_OR_PLACE
foresee	7	3.18	NOT_A_WORDNET_NOUN
frees	5	3.18	NOT_A_WORDNET_NOUN
fringes	7	3.18	NOT_A_WORDNET_NOUN
genoa	5	3.18	PROPER_ONLY
heaters	7	3.18	NOT_A_WORDNET_NOUN
heres	5	3.18	NOT_A_WORDNET_NOUN
howl	4	3.18	NOT_NOUN_DOMINANT
improv	6	3.18	NOT_A_WORDNET_NOUN
kinks	5	3.18	NOT_A_WORDNET_NOUN
moors	5	3.18	NOT_A_WORDNET_NOUN
padding	7	3.18	VERB_FORM
plaques	7	3.18	NOT_A_WORDNET_NOUN
playa	5	3.18	NOT_A_WORDNET_NOUN
plucked	7	3.18	NOT_A_WORDNET_NOUN
rebates	7	3.18	NOT_A_WORDNET_NOUN
rename	6	3.18	NOT_A_WORDNET_NOUN
rhinos	6	3.18	NOT_A_WORDNET_NOUN
saber	5	3.18	TOPIC:weapons
scorers	7	3.18	NOT_A_WORDNET_NOUN
sewn	4	3.18	NOT_A_WORDNET_NOUN
shaggy	6	3.18	NOT_A_WORDNET_NOUN
shrunk	6	3.18	NOT_A_WORDNET_NOUN
slant	5	3.18	NOT_NOUN_DOMINANT
slashed	7	3.18	NOT_A_WORDNET_NOUN
slur	4	3.18	NOT_NOUN_DOMINANT
sobs	4	3.18	NOT_A_WORDNET_NOUN
soles	5	3.18	NOT_A_WORDNET_NOUN
soothe	6	3.18	NOT_A_WORDNET_NOUN
suckers	7	3.18	NOT_A_WORDNET_NOUN
sulphur	7	3.18	BRITISH_SPELLING
swears	6	3.18	NOT_A_WORDNET_NOUN
tacky	5	3.18	NOT_A_WORDNET_NOUN
tankers	7	3.18	NOT_A_WORDNET_NOUN
uttered	7	3.18	NOT_A_WORDNET_NOUN
wares	5	3.18	NOT_A_WORDNET_NOUN
amin	4	3.17	NOT_A_WORDNET_NOUN
anemia	6	3.17	NAME_OR_PLACE
bakers	6	3.17	NOT_A_WORDNET_NOUN
barons	6	3.17	NOT_A_WORDNET_NOUN
beggar	6	3.17	NOT_NOUN_DOMINANT
bounces	7	3.17	NOT_A_WORDNET_NOUN
bouncy	6	3.17	NOT_A_WORDNET_NOUN
busts	5	3.17	NOT_A_WORDNET_NOUN
cartels	7	3.17	NOT_A_WORDNET_NOUN
chakra	6	3.17	NOT_A_WORDNET_NOUN
chatted	7	3.17	NOT_A_WORDNET_NOUN
circled	7	3.17	NOT_A_WORDNET_NOUN
combs	5	3.17	NOT_A_WORDNET_NOUN
condone	7	3.17	NOT_A_WORDNET_NOUN
conner	6	3.17	NOT_A_WORDNET_NOUN
conveys	7	3.17	NOT_A_WORDNET_NOUN
deflect	7	3.17	NOT_A_WORDNET_NOUN
denoted	7	3.17	NOT_A_WORDNET_NOUN
departs	7	3.17	NOT_A_WORDNET_NOUN
devour	6	3.17	NOT_A_WORDNET_NOUN
doubly	6	3.17	NOT_A_WORDNET_NOUN
dwarfs	6	3.17	NOT_A_WORDNET_NOUN
embody	6	3.17	NOT_A_WORDNET_NOUN
felon	5	3.17	TOPIC:crime
glanced	7	3.17	NOT_A_WORDNET_NOUN
grate	5	3.17	NOT_NOUN_DOMINANT
grossed	7	3.17	NOT_A_WORDNET_NOUN
gyms	4	3.17	NOT_A_WORDNET_NOUN
helpers	7	3.17	NOT_A_WORDNET_NOUN
hilly	5	3.17	NOT_A_WORDNET_NOUN
hogs	4	3.17	NOT_A_WORDNET_NOUN
humbly	6	3.17	NOT_A_WORDNET_NOUN
lauded	6	3.17	NOT_A_WORDNET_NOUN
libs	4	3.17	NOT_A_WORDNET_NOUN
madly	5	3.17	NOT_A_WORDNET_NOUN
nerdy	5	3.17	NOT_A_WORDNET_NOUN
nifty	5	3.17	NOT_A_WORDNET_NOUN
paces	5	3.17	NOT_A_WORDNET_NOUN
pebbles	7	3.17	NOT_A_WORDNET_NOUN
pickled	7	3.17	NOT_A_WORDNET_NOUN
pranks	6	3.17	NOT_A_WORDNET_NOUN
ravaged	7	3.17	NOT_A_WORDNET_NOUN
rectify	7	3.17	NOT_A_WORDNET_NOUN
sabres	6	3.17	NOT_A_WORDNET_NOUN
sayings	7	3.17	NOT_A_WORDNET_NOUN
seduced	7	3.17	NOT_A_WORDNET_NOUN
seine	5	3.17	NAME_OR_PLACE
skim	4	3.17	NOT_NOUN_DOMINANT
slaps	5	3.17	NOT_A_WORDNET_NOUN
tarzan	6	3.17	PROPER_ONLY
teas	4	3.17	NOT_A_WORDNET_NOUN
timbers	7	3.17	NOT_A_WORDNET_NOUN
tyne	4	3.17	PROPER_ONLY
weakly	6	3.17	NOT_A_WORDNET_NOUN
wiener	6	3.17	NAME_OR_PLACE
amplify	7	3.16	NOT_A_WORDNET_NOUN
baggy	5	3.16	NOT_A_WORDNET_NOUN
bailout	7	3.16	NOT_A_WORDNET_NOUN
ballads	7	3.16	NOT_A_WORDNET_NOUN
bigfoot	7	3.16	PROPER_ONLY
brasil	6	3.16	PROPER_ONLY
carers	6	3.16	NOT_A_WORDNET_NOUN
curt	4	3.16	NOT_A_WORDNET_NOUN
cyclic	6	3.16	NOT_A_WORDNET_NOUN
evolves	7	3.16	NOT_A_WORDNET_NOUN
eyeing	6	3.16	NOT_A_WORDNET_NOUN
eyelids	7	3.16	NOT_A_WORDNET_NOUN
fenced	6	3.16	NOT_A_WORDNET_NOUN
gabby	5	3.16	NOT_A_WORDNET_NOUN
groomed	7	3.16	NOT_A_WORDNET_NOUN
hordes	6	3.16	NOT_A_WORDNET_NOUN
infer	5	3.16	NOT_A_WORDNET_NOUN
kern	4	3.16	NOT_NOUN_DOMINANT
knitted	7	3.16	NOT_A_WORDNET_NOUN
lighted	7	3.16	NOT_A_WORDNET_NOUN
mobs	4	3.16	NOT_A_WORDNET_NOUN
nelly	5	3.16	NOT_A_WORDNET_NOUN
nuances	7	3.16	NOT_A_WORDNET_NOUN
outlaws	7	3.16	NOT_A_WORDNET_NOUN
ovaries	7	3.16	NOT_A_WORDNET_NOUN
overtly	7	3.16	NOT_A_WORDNET_NOUN
pears	5	3.16	NOT_A_WORDNET_NOUN
pitted	6	3.16	NOT_A_WORDNET_NOUN
pleads	6	3.16	NOT_A_WORDNET_NOUN
poisons	7	3.16	NOT_A_WORDNET_NOUN
procure	7	3.16	NOT_A_WORDNET_NOUN
propel	6	3.16	NOT_A_WORDNET_NOUN
rattled	7	3.16	NOT_A_WORDNET_NOUN
renters	7	3.16	NOT_A_WORDNET_NOUN
shreds	6	3.16	NOT_A_WORDNET_NOUN
shrines	7	3.16	NOT_A_WORDNET_NOUN
spinoff	7	3.16	NOT_A_WORDNET_NOUN
stalks	6	3.16	NOT_A_WORDNET_NOUN
swagger	7	3.16	NOT_NOUN_DOMINANT
swirl	5	3.16	NOT_NOUN_DOMINANT
thrills	7	3.16	NOT_A_WORDNET_NOUN
tropics	7	3.16	PLURAL_FORM
vertigo	7	3.16	TOPIC:disease
yogi	4	3.16	NAME_OR_PLACE
zoned	5	3.16	NOT_A_WORDNET_NOUN
abba	4	3.15	NOT_A_WORDNET_NOUN
aisles	6	3.15	NOT_A_WORDNET_NOUN
amps	4	3.15	NOT_A_WORDNET_NOUN
anthrax	7	3.15	TOPIC:disease
aqueous	7	3.15	NOT_A_WORDNET_NOUN
awoke	5	3.15	NOT_A_WORDNET_NOUN
axial	5	3.15	NOT_A_WORDNET_NOUN
bayonet	7	3.15	TOPIC:weapons
bertha	6	3.15	NOT_A_WORDNET_NOUN
brewed	6	3.15	NOT_A_WORDNET_NOUN
burnout	7	3.15	NOT_A_WORDNET_NOUN
coles	5	3.15	NOT_A_WORDNET_NOUN
cranky	6	3.15	NOT_A_WORDNET_NOUN
crept	5	3.15	NOT_A_WORDNET_NOUN
crushes	7	3.15	NOT_A_WORDNET_NOUN
cults	5	3.15	NOT_A_WORDNET_NOUN
curvy	5	3.15	NOT_A_WORDNET_NOUN
deluded	7	3.15	NOT_A_WORDNET_NOUN
dons	4	3.15	NOT_A_WORDNET_NOUN
drizzle	7	3.15	NOT_NOUN_DOMINANT
edging	6	3.15	VERB_FORM
entice	6	3.15	NOT_A_WORDNET_NOUN
exalted	7	3.15	NOT_A_WORDNET_NOUN
flanks	6	3.15	NOT_A_WORDNET_NOUN
footy	5	3.15	NOT_A_WORDNET_NOUN
fouls	5	3.15	NOT_A_WORDNET_NOUN
fueling	7	3.15	VERB_FORM
gent	4	3.15	NAME_OR_PLACE
gents	5	3.15	NOT_A_WORDNET_NOUN
governs	7	3.15	NOT_A_WORDNET_NOUN
gusts	5	3.15	NOT_A_WORDNET_NOUN
hailing	7	3.15	NOT_A_WORDNET_NOUN
hast	4	3.15	NOT_A_WORDNET_NOUN
hogg	4	3.15	NAME_OR_PLACE
incline	7	3.15	NOT_NOUN_DOMINANT
kindred	7	3.15	NOT_NOUN_DOMINANT
lander	6	3.15	NAME_OR_PLACE
layouts	7	3.15	NOT_A_WORDNET_NOUN
lilies	6	3.15	NOT_A_WORDNET_NOUN
machete	7	3.15	TOPIC:weapons
marshes	7	3.15	NOT_A_WORDNET_NOUN
monies	6	3.15	NOT_A_WORDNET_NOUN
movable	7	3.15	NOT_NOUN_DOMINANT
pixie	5	3.15	TOPIC:religion
powders	7	3.15	NOT_A_WORDNET_NOUN
primed	6	3.15	NOT_A_WORDNET_NOUN
prog	4	3.15	NOT_A_WORDNET_NOUN
putt	4	3.15	NOT_NOUN_DOMINANT
quaker	6	3.15	NAME_OR_PLACE
racking	7	3.15	NOT_A_WORDNET_NOUN
raving	6	3.15	NOT_NOUN_DOMINANT
reigned	7	3.15	NOT_A_WORDNET_NOUN
replays	7	3.15	NOT_A_WORDNET_NOUN
rife	4	3.15	NOT_A_WORDNET_NOUN
scarves	7	3.15	NOT_A_WORDNET_NOUN
sever	5	3.15	NOT_A_WORDNET_NOUN
sharpen	7	3.15	NOT_A_WORDNET_NOUN
skips	5	3.15	NOT_A_WORDNET_NOUN
solidly	7	3.15	NOT_A_WORDNET_NOUN
starry	6	3.15	NOT_A_WORDNET_NOUN
stoic	5	3.15	NAME_OR_PLACE
swamps	6	3.15	NOT_A_WORDNET_NOUN
swaps	5	3.15	NOT_A_WORDNET_NOUN
tapered	7	3.15	NOT_A_WORDNET_NOUN
thrash	6	3.15	NOT_NOUN_DOMINANT
torches	7	3.15	NOT_A_WORDNET_NOUN
turrets	7	3.15	NOT_A_WORDNET_NOUN
tutors	6	3.15	NOT_A_WORDNET_NOUN
tweaks	6	3.15	NOT_A_WORDNET_NOUN
unfolds	7	3.15	NOT_A_WORDNET_NOUN
unites	6	3.15	NOT_A_WORDNET_NOUN
utopian	7	3.15	PROPER_ONLY
widowed	7	3.15	NOT_A_WORDNET_NOUN
willed	6	3.15	NOT_A_WORDNET_NOUN
abuser	6	3.14	TOPIC:crime
accords	7	3.14	NOT_A_WORDNET_NOUN
accrued	7	3.14	NOT_A_WORDNET_NOUN
animate	7	3.14	NOT_A_WORDNET_NOUN
arming	6	3.14	VERB_FORM
avert	5	3.14	NOT_A_WORDNET_NOUN
avian	5	3.14	NOT_A_WORDNET_NOUN
barns	5	3.14	NOT_A_WORDNET_NOUN
bugging	7	3.14	NOT_A_WORDNET_NOUN
bullish	7	3.14	NOT_A_WORDNET_NOUN
candies	7	3.14	NOT_A_WORDNET_NOUN
carney	6	3.14	NOT_A_WORDNET_NOUN
cram	4	3.14	NOT_A_WORDNET_NOUN
crazed	6	3.14	NOT_A_WORDNET_NOUN
cuddly	6	3.14	NOT_A_WORDNET_NOUN
delve	5	3.14	NOT_A_WORDNET_NOUN
diss	4	3.14	NOT_A_WORDNET_NOUN
doth	4	3.14	NOT_A_WORDNET_NOUN
dumber	6	3.14	NOT_A_WORDNET_NOUN
dwarves	7	3.14	NOT_A_WORDNET_NOUN
fave	4	3.14	NOT_A_WORDNET_NOUN
furnish	7	3.14	NOT_A_WORDNET_NOUN
ghostly	7	3.14	NOT_A_WORDNET_NOUN
gliding	7	3.14	VERB_FORM
gripped	7	3.14	NOT_A_WORDNET_NOUN
hazy	4	3.14	NOT_A_WORDNET_NOUN
hurling	7	3.14	VERB_FORM
hurried	7	3.14	NOT_A_WORDNET_NOUN
impede	6	3.14	NOT_A_WORDNET_NOUN
induces	7	3.14	NOT_A_WORDNET_NOUN
italics	7	3.14	NOT_A_WORDNET_NOUN
jobless	7	3.14	NOT_A_WORDNET_NOUN
lobes	5	3.14	NOT_A_WORDNET_NOUN
louvre	6	3.14	NAME_OR_PLACE
masonic	7	3.14	PROPER_ONLY
medics	6	3.14	NOT_A_WORDNET_NOUN
mortars	7	3.14	NOT_A_WORDNET_NOUN
murals	6	3.14	NOT_A_WORDNET_NOUN
nosed	5	3.14	NOT_A_WORDNET_NOUN
nukes	5	3.14	NOT_A_WORDNET_NOUN
pandas	6	3.14	NOT_A_WORDNET_NOUN
parlour	7	3.14	BRITISH_SPELLING
phew	4	3.14	NOT_A_WORDNET_NOUN
pickups	7	3.14	NOT_A_WORDNET_NOUN
pinched	7	3.14	NOT_A_WORDNET_NOUN
primate	7	3.14	TOPIC:religion
puns	4	3.14	NOT_A_WORDNET_NOUN
quests	6	3.14	NOT_A_WORDNET_NOUN
raisins	7	3.14	NOT_A_WORDNET_NOUN
ranting	7	3.14	VERB_FORM
recited	7	3.14	NOT_A_WORDNET_NOUN
refute	6	3.14	NOT_A_WORDNET_NOUN
sects	5	3.14	NOT_A_WORDNET_NOUN
skaters	7	3.14	NOT_A_WORDNET_NOUN
soggy	5	3.14	NOT_A_WORDNET_NOUN
spades	6	3.14	NOT_A_WORDNET_NOUN
stoop	5	3.14	NOT_NOUN_DOMINANT
stuffs	6	3.14	NOT_A_WORDNET_NOUN
thrice	6	3.14	NOT_A_WORDNET_NOUN
touchy	6	3.14	NOT_A_WORDNET_NOUN
unwell	6	3.14	NOT_A_WORDNET_NOUN
vacate	6	3.14	NOT_A_WORDNET_NOUN
venting	7	3.14	VERB_FORM
warring	7	3.14	NOT_A_WORDNET_NOUN
acutely	7	3.13	NOT_A_WORDNET_NOUN
angelic	7	3.13	NOT_A_WORDNET_NOUN
astral	6	3.13	NOT_A_WORDNET_NOUN
astray	6	3.13	NOT_A_WORDNET_NOUN
audited	7	3.13	NOT_A_WORDNET_NOUN
banded	6	3.13	NOT_A_WORDNET_NOUN
bathed	6	3.13	NOT_A_WORDNET_NOUN
blunder	7	3.13	NOT_NOUN_DOMINANT
booing	6	3.13	NOT_A_WORDNET_NOUN
bowlers	7	3.13	NOT_A_WORDNET_NOUN
bummed	6	3.13	NOT_A_WORDNET_NOUN
clams	5	3.13	PLURAL_FORM
cummins	7	3.13	NOT_A_WORDNET_NOUN
dazed	5	3.13	NOT_A_WORDNET_NOUN
dieting	7	3.13	VERB_FORM
diners	6	3.13	NOT_A_WORDNET_NOUN
duplex	6	3.13	NOT_NOUN_DOMINANT
eyre	4	3.13	PROPER_ONLY
fancied	7	3.13	NOT_A_WORDNET_NOUN
forbids	7	3.13	NOT_A_WORDNET_NOUN
garages	7	3.13	NOT_A_WORDNET_NOUN
golds	5	3.13	NOT_A_WORDNET_NOUN
grids	5	3.13	NOT_A_WORDNET_NOUN
hails	5	3.13	NOT_A_WORDNET_NOUN
hippo	5	3.13	NAME_OR_PLACE
inept	5	3.13	NOT_A_WORDNET_NOUN
invests	7	3.13	NOT_A_WORDNET_NOUN
juries	6	3.13	NOT_A_WORDNET_NOUN
lenient	7	3.13	NOT_A_WORDNET_NOUN
liang	5	3.13	NOT_A_WORDNET_NOUN
lids	4	3.13	NOT_A_WORDNET_NOUN
likened	7	3.13	NOT_A_WORDNET_NOUN
macon	5	3.13	NAME_OR_PLACE
martins	7	3.13	NOT_A_WORDNET_NOUN
mediate	7	3.13	NOT_A_WORDNET_NOUN
moans	5	3.13	NOT_A_WORDNET_NOUN
modal	5	3.13	NOT_NOUN_DOMINANT
moira	5	3.13	NOT_A_WORDNET_NOUN
narrows	7	3.13	NOT_A_WORDNET_NOUN
nomadic	7	3.13	NOT_A_WORDNET_NOUN
pinning	7	3.13	VERB_FORM
planks	6	3.13	NOT_A_WORDNET_NOUN
pluck	5	3.13	NOT_NOUN_DOMINANT
puffy	5	3.13	NOT_A_WORDNET_NOUN
rabid	5	3.13	NOT_A_WORDNET_NOUN
sighed	6	3.13	NOT_A_WORDNET_NOUN
slowest	7	3.13	NOT_A_WORDNET_NOUN
soulful	7	3.13	NOT_A_WORDNET_NOUN
stately	7	3.13	NOT_A_WORDNET_NOUN
steered	7	3.13	NOT_A_WORDNET_NOUN
sugary	6	3.13	NOT_A_WORDNET_NOUN
tanned	6	3.13	NOT_A_WORDNET_NOUN
tele	4	3.13	NOT_A_WORDNET_NOUN
templar	7	3.13	PROPER_ONLY
uploads	7	3.13	NOT_A_WORDNET_NOUN
vouch	5	3.13	NOT_A_WORDNET_NOUN
zoos	4	3.13	NOT_A_WORDNET_NOUN
adhered	7	3.12	NOT_A_WORDNET_NOUN
amuse	5	3.12	NOT_A_WORDNET_NOUN
aptly	5	3.12	NOT_A_WORDNET_NOUN
autos	5	3.12	NOT_A_WORDNET_NOUN
backups	7	3.12	NOT_A_WORDNET_NOUN
beacons	7	3.12	NOT_A_WORDNET_NOUN
bearers	7	3.12	NOT_A_WORDNET_NOUN
bracing	7	3.12	VERB_FORM
breezy	6	3.12	NOT_A_WORDNET_NOUN
cancels	7	3.12	NOT_A_WORDNET_NOUN
chaps	5	3.12	NOT_A_WORDNET_NOUN
clashed	7	3.12	NOT_A_WORDNET_NOUN
condos	6	3.12	NOT_A_WORDNET_NOUN
creme	5	3.12	NOT_A_WORDNET_NOUN
cyst	4	3.12	TOPIC:disease
dodged	6	3.12	NOT_A_WORDNET_NOUN
evoked	6	3.12	NOT_A_WORDNET_NOUN
fainted	7	3.12	NOT_A_WORDNET_NOUN
ferns	5	3.12	NOT_A_WORDNET_NOUN
fickle	6	3.12	NOT_A_WORDNET_NOUN
flared	6	3.12	NOT_A_WORDNET_NOUN
fraught	7	3.12	NOT_A_WORDNET_NOUN
fronted	7	3.12	NOT_A_WORDNET_NOUN
galilee	7	3.12	PROPER_ONLY
gauges	6	3.12	NOT_A_WORDNET_NOUN
grated	6	3.12	NOT_A_WORDNET_NOUN
greets	6	3.12	NOT_A_WORDNET_NOUN
gunned	6	3.12	NOT_A_WORDNET_NOUN
headers	7	3.12	NOT_A_WORDNET_NOUN
hives	5	3.12	PLURAL_FORM
hoist	5	3.12	NOT_NOUN_DOMINANT
huff	4	3.12	NOT_NOUN_DOMINANT
incite	6	3.12	NOT_A_WORDNET_NOUN
insides	7	3.12	PLURAL_FORM
jagged	6	3.12	NOT_A_WORDNET_NOUN
laces	5	3.12	NOT_A_WORDNET_NOUN
massa	5	3.12	NOT_A_WORDNET_NOUN
mediums	7	3.12	NOT_A_WORDNET_NOUN
minding	7	3.12	NOT_A_WORDNET_NOUN
molds	5	3.12	NOT_A_WORDNET_NOUN
muck	4	3.12	NOT_NOUN_DOMINANT
murky	5	3.12	NOT_A_WORDNET_NOUN
orally	6	3.12	NOT_A_WORDNET_NOUN
orchids	7	3.12	NOT_A_WORDNET_NOUN
peaking	7	3.12	NOT_A_WORDNET_NOUN
perm	4	3.12	NAME_OR_PLACE
rants	5	3.12	NOT_A_WORDNET_NOUN
reels	5	3.12	NOT_A_WORDNET_NOUN
resists	7	3.12	NOT_A_WORDNET_NOUN
runways	7	3.12	NOT_A_WORDNET_NOUN
salient	7	3.12	NOT_NOUN_DOMINANT
scents	6	3.12	NOT_A_WORDNET_NOUN
secs	4	3.12	NOT_A_WORDNET_NOUN
secures	7	3.12	NOT_A_WORDNET_NOUN
sera	4	3.12	NOT_A_WORDNET_NOUN
slurs	5	3.12	NOT_A_WORDNET_NOUN
slutty	6	3.12	NOT_A_WORDNET_NOUN
sprang	6	3.12	NOT_A_WORDNET_NOUN
stinky	6	3.12	NOT_A_WORDNET_NOUN
strives	7	3.12	NOT_A_WORDNET_NOUN
stumps	6	3.12	NOT_A_WORDNET_NOUN
tilting	7	3.12	NOT_A_WORDNET_NOUN
trailed	7	3.12	NOT_A_WORDNET_NOUN
twigs	5	3.12	NOT_A_WORDNET_NOUN
umpires	7	3.12	NOT_A_WORDNET_NOUN
wedges	6	3.12	NOT_A_WORDNET_NOUN
wrinkle	7	3.12	NOT_NOUN_DOMINANT
alluded	7	3.11	NOT_A_WORDNET_NOUN
alters	6	3.11	NOT_A_WORDNET_NOUN
bethel	6	3.11	TOPIC:religion
bora	4	3.11	NOT_A_WORDNET_NOUN
bowers	6	3.11	NOT_A_WORDNET_NOUN
bree	4	3.11	NOT_A_WORDNET_NOUN
canes	5	3.11	NOT_A_WORDNET_NOUN
celebs	6	3.11	NOT_A_WORDNET_NOUN
clapped	7	3.11	NOT_A_WORDNET_NOUN
clerics	7	3.11	NOT_A_WORDNET_NOUN
coerced	7	3.11	NOT_A_WORDNET_NOUN
cyclops	7	3.11	NAME_OR_PLACE
defied	6	3.11	NOT_A_WORDNET_NOUN
ducts	5	3.11	NOT_A_WORDNET_NOUN
dusted	6	3.11	NOT_A_WORDNET_NOUN
esquire	7	3.11	NAME_OR_PLACE
exhale	6	3.11	NOT_A_WORDNET_NOUN
fanning	7	3.11	NOT_A_WORDNET_NOUN
firemen	7	3.11	NOT_A_WORDNET_NOUN
fives	5	3.11	PLURAL_FORM
fleas	5	3.11	NOT_A_WORDNET_NOUN
fosters	7	3.11	NOT_A_WORDNET_NOUN
frugal	6	3.11	NOT_A_WORDNET_NOUN
galore	6	3.11	NOT_A_WORDNET_NOUN
genomic	7	3.11	NOT_A_WORDNET_NOUN
gestapo	7	3.11	PROPER_ONLY
graces	6	3.11	NOT_A_WORDNET_NOUN
groovy	6	3.11	NOT_A_WORDNET_NOUN
hickey	6	3.11	TOPIC:disease
hijack	6	3.11	NOT_NOUN_DOMINANT
hikers	6	3.11	NOT_A_WORDNET_NOUN
levers	6	3.11	NOT_A_WORDNET_NOUN
lister	6	3.11	NAME_OR_PLACE
loathe	6	3.11	NOT_A_WORDNET_NOUN
lobbied	7	3.11	NOT_A_WORDNET_NOUN
mayan	5	3.11	PROPER_ONLY
mimics	6	3.11	NOT_A_WORDNET_NOUN
mora	4	3.11	NOT_A_WORDNET_NOUN
mules	5	3.11	NOT_A_WORDNET_NOUN
padre	5	3.11	NAME_OR_PLACE
perils	6	3.11	NOT_A_WORDNET_NOUN
pointy	6	3.11	NOT_A_WORDNET_NOUN
revel	5	3.11	NOT_NOUN_DOMINANT
shrewd	6	3.11	NOT_A_WORDNET_NOUN
shunned	7	3.11	NOT_A_WORDNET_NOUN
smuggle	7	3.11	NOT_A_WORDNET_NOUN
sous	4	3.11	NOT_A_WORDNET_NOUN
spanned	7	3.11	NOT_A_WORDNET_NOUN
spout	5	3.11	NOT_NOUN_DOMINANT
stings	6	3.11	NOT_A_WORDNET_NOUN
sully	5	3.11	PROPER_ONLY
vases	5	3.11	NOT_A_WORDNET_NOUN
vetting	7	3.11	NOT_A_WORDNET_NOUN
wailing	7	3.11	VERB_FORM
whisk	5	3.11	NOT_NOUN_DOMINANT
wishful	7	3.11	NOT_A_WORDNET_NOUN
wynn	4	3.11	NOT_A_WORDNET_NOUN
arias	5	3.10	NOT_A_WORDNET_NOUN
astute	6	3.10	NOT_A_WORDNET_NOUN
bashed	6	3.10	NOT_A_WORDNET_NOUN
batters	7	3.10	NOT_A_WORDNET_NOUN
bonkers	7	3.10	NOT_A_WORDNET_NOUN
brazen	6	3.10	NOT_A_WORDNET_NOUN
callers	7	3.10	NOT_A_WORDNET_NOUN
cashed	6	3.10	NOT_A_WORDNET_NOUN
catered	7	3.10	NOT_A_WORDNET_NOUN
cheques	7	3.10	NOT_A_WORDNET_NOUN
clasp	5	3.10	NOT_NOUN_DOMINANT
conical	7	3.10	NOT_A_WORDNET_NOUN
conjure	7	3.10	NOT_A_WORDNET_NOUN
copious	7	3.10	NOT_A_WORDNET_NOUN
cordial	7	3.10	NOT_NOUN_DOMINANT
crores	6	3.10	NOT_A_WORDNET_NOUN
crypt	5	3.10	TOPIC:death
decreed	7	3.10	NOT_A_WORDNET_NOUN
deems	5	3.10	NOT_A_WORDNET_NOUN
detects	7	3.10	NOT_A_WORDNET_NOUN
dispel	6	3.10	NOT_A_WORDNET_NOUN
ditches	7	3.10	NOT_A_WORDNET_NOUN
doves	5	3.10	NOT_A_WORDNET_NOUN
dusting	7	3.10	NOT_A_WORDNET_NOUN
egos	4	3.10	NOT_A_WORDNET_NOUN
elicit	6	3.10	NOT_A_WORDNET_NOUN
flimsy	6	3.10	NOT_NOUN_DOMINANT
gypsies	7	3.10	NOT_A_WORDNET_NOUN
hinting	7	3.10	NOT_A_WORDNET_NOUN
homers	6	3.10	NOT_A_WORDNET_NOUN
hoods	5	3.10	NOT_A_WORDNET_NOUN
hurst	5	3.10	NOT_A_WORDNET_NOUN
impeach	7	3.10	NOT_A_WORDNET_NOUN
jagger	6	3.10	PROPER_ONLY
jerky	5	3.10	NOT_NOUN_DOMINANT
licks	5	3.10	NOT_A_WORDNET_NOUN
loosing	7	3.10	NOT_A_WORDNET_NOUN
lurk	4	3.10	NOT_A_WORDNET_NOUN
medusa	6	3.10	NAME_OR_PLACE
munster	7	3.10	NOT_A_WORDNET_NOUN
mutated	7	3.10	NOT_A_WORDNET_NOUN
nellie	6	3.10	NOT_A_WORDNET_NOUN
oblige	6	3.10	NOT_A_WORDNET_NOUN
oiled	5	3.10	NOT_A_WORDNET_NOUN
peed	4	3.10	NOT_A_WORDNET_NOUN
peeps	5	3.10	NOT_A_WORDNET_NOUN
pesky	5	3.10	NOT_A_WORDNET_NOUN
plenary	7	3.10	NOT_A_WORDNET_NOUN
plunder	7	3.10	NOT_NOUN_DOMINANT
prays	5	3.10	NOT_A_WORDNET_NOUN
pullman	7	3.10	PROPER_ONLY
raps	4	3.10	NOT_A_WORDNET_NOUN
repo	4	3.10	NOT_A_WORDNET_NOUN
riffs	5	3.10	NOT_A_WORDNET_NOUN
rockers	7	3.10	PLURAL_FORM
rouse	5	3.10	NOT_A_WORDNET_NOUN
scant	5	3.10	NOT_A_WORDNET_NOUN
seater	6	3.10	NOT_A_WORDNET_NOUN
snitch	6	3.10	NOT_NOUN_DOMINANT
snowing	7	3.10	NOT_A_WORDNET_NOUN
snug	4	3.10	NOT_NOUN_DOMINANT
soups	5	3.10	NOT_A_WORDNET_NOUN
spoilt	6	3.10	NOT_A_WORDNET_NOUN
sporty	6	3.10	NOT_A_WORDNET_NOUN
sweats	6	3.10	PLURAL_FORM
tactile	7	3.10	NOT_A_WORDNET_NOUN
tangle	6	3.10	NOT_NOUN_DOMINANT
thrives	7	3.10	NOT_A_WORDNET_NOUN
tiki	4	3.10	NOT_A_WORDNET_NOUN
todays	6	3.10	NOT_A_WORDNET_NOUN
tonga	5	3.10	PROPER_ONLY
tufts	5	3.10	NOT_A_WORDNET_NOUN
tumours	7	3.10	NOT_A_WORDNET_NOUN
whence	6	3.10	NOT_A_WORDNET_NOUN
ares	4	3.09	PROPER_ONLY
avenger	7	3.09	TOPIC:crime
booed	5	3.09	NOT_A_WORDNET_NOUN
bugged	6	3.09	NOT_A_WORDNET_NOUN
bunkers	7	3.09	NOT_A_WORDNET_NOUN
butte	5	3.09	NAME_OR_PLACE
canons	6	3.09	NOT_A_WORDNET_NOUN
cate	4	3.09	NOT_A_WORDNET_NOUN
caters	6	3.09	NOT_A_WORDNET_NOUN
cloths	6	3.09	NOT_A_WORDNET_NOUN
crazier	7	3.09	NOT_A_WORDNET_NOUN
crisps	6	3.09	NOT_A_WORDNET_NOUN
deduct	6	3.09	NOT_A_WORDNET_NOUN
exerted	7	3.09	NOT_A_WORDNET_NOUN
exiles	6	3.09	NOT_A_WORDNET_NOUN
fairer	6	3.09	NOT_A_WORDNET_NOUN
fairest	7	3.09	NOT_A_WORDNET_NOUN
flemish	7	3.09	PROPER_ONLY
goers	5	3.09	NOT_A_WORDNET_NOUN
gravely	7	3.09	NOT_A_WORDNET_NOUN
heron	5	3.09	NAME_OR_PLACE
impart	6	3.09	NOT_A_WORDNET_NOUN
inert	5	3.09	NOT_A_WORDNET_NOUN
lumbar	6	3.09	NOT_A_WORDNET_NOUN
marred	6	3.09	NOT_A_WORDNET_NOUN
motley	6	3.09	NOT_NOUN_DOMINANT
mouthed	7	3.09	NOT_A_WORDNET_NOUN
mowing	6	3.09	NOT_A_WORDNET_NOUN
mussels	7	3.09	NOT_A_WORDNET_NOUN
nieces	6	3.09	NOT_A_WORDNET_NOUN
outages	7	3.09	NOT_A_WORDNET_NOUN
outings	7	3.09	NOT_A_WORDNET_NOUN
pinot	5	3.09	PROPER_ONLY
plough	6	3.09	NOT_NOUN_DOMINANT
reeling	7	3.09	NOT_A_WORDNET_NOUN
remit	5	3.09	NOT_NOUN_DOMINANT
remixes	7	3.09	NOT_A_WORDNET_NOUN
reused	6	3.09	NOT_A_WORDNET_NOUN
revere	6	3.09	NOT_NOUN_DOMINANT
rout	4	3.09	NOT_NOUN_DOMINANT
savoy	5	3.09	NAME_OR_PLACE
shiv	4	3.09	TOPIC:weapons
shrinks	7	3.09	NOT_A_WORDNET_NOUN
smeared	7	3.09	NOT_A_WORDNET_NOUN
steamy	6	3.09	NOT_A_WORDNET_NOUN
swells	6	3.09	NOT_A_WORDNET_NOUN
tenets	6	3.09	NOT_A_WORDNET_NOUN
tiered	6	3.09	NOT_A_WORDNET_NOUN
tonal	5	3.09	NOT_A_WORDNET_NOUN
tripled	7	3.09	NOT_A_WORDNET_NOUN
ulcers	6	3.09	NOT_A_WORDNET_NOUN
unveils	7	3.09	NOT_A_WORDNET_NOUN
unwind	6	3.09	NOT_A_WORDNET_NOUN
unwise	6	3.09	NOT_A_WORDNET_NOUN
wayward	7	3.09	NOT_A_WORDNET_NOUN
wrecks	6	3.09	NOT_A_WORDNET_NOUN
wren	4	3.09	NAME_OR_PLACE
wronged	7	3.09	NOT_A_WORDNET_NOUN
ailing	6	3.08	NOT_A_WORDNET_NOUN
alamo	5	3.08	PROPER_ONLY
aloft	5	3.08	NOT_A_WORDNET_NOUN
amazes	6	3.08	NOT_A_WORDNET_NOUN
arcadia	7	3.08	PROPER_ONLY
barre	5	3.08	NOT_A_WORDNET_NOUN
bassett	7	3.08	NOT_A_WORDNET_NOUN
beset	5	3.08	NOT_A_WORDNET_NOUN
bitchy	6	3.08	NOT_A_WORDNET_NOUN
bowels	6	3.08	PLURAL_FORM
braided	7	3.08	NOT_A_WORDNET_NOUN
brie	4	3.08	PROPER_ONLY
capping	7	3.08	NOT_A_WORDNET_NOUN
cashing	7	3.08	NOT_A_WORDNET_NOUN
certify	7	3.08	NOT_A_WORDNET_NOUN
cocoon	6	3.08	NOT_NOUN_DOMINANT
creeks	6	3.08	NOT_A_WORDNET_NOUN
currie	6	3.08	NOT_A_WORDNET_NOUN
derail	6	3.08	NOT_A_WORDNET_NOUN
distort	7	3.08	NOT_A_WORDNET_NOUN
draught	7	3.08	BRITISH_SPELLING
dreary	6	3.08	NOT_A_WORDNET_NOUN
duped	5	3.08	NOT_A_WORDNET_NOUN
evokes	6	3.08	NOT_A_WORDNET_NOUN
fared	5	3.08	NOT_A_WORDNET_NOUN
fished	6	3.08	NOT_A_WORDNET_NOUN
flicks	6	3.08	NOT_A_WORDNET_NOUN
gable	5	3.08	NAME_OR_PLACE
gags	4	3.08	NOT_A_WORDNET_NOUN
guilds	6	3.08	NOT_A_WORDNET_NOUN
gunning	7	3.08	NOT_A_WORDNET_NOUN
hatchet	7	3.08	TOPIC:weapons
hurled	6	3.08	NOT_A_WORDNET_NOUN
inhaled	7	3.08	NOT_A_WORDNET_NOUN
inked	5	3.08	NOT_A_WORDNET_NOUN
keenly	6	3.08	NOT_A_WORDNET_NOUN
lakhs	5	3.08	NOT_A_WORDNET_NOUN
lesion	6	3.08	TOPIC:disease
lull	4	3.08	NOT_NOUN_DOMINANT
mullen	6	3.08	NOT_A_WORDNET_NOUN
munch	5	3.08	NAME_OR_PLACE
naps	4	3.08	NOT_A_WORDNET_NOUN
nascent	7	3.08	NOT_A_WORDNET_NOUN
netted	6	3.08	NOT_A_WORDNET_NOUN
oldies	6	3.08	NOT_A_WORDNET_NOUN
popes	5	3.08	NOT_A_WORDNET_NOUN
proxies	7	3.08	NOT_A_WORDNET_NOUN
puffs	5	3.08	NOT_A_WORDNET_NOUN
purged	6	3.08	NOT_A_WORDNET_NOUN
pursues	7	3.08	NOT_A_WORDNET_NOUN
rotates	7	3.08	NOT_A_WORDNET_NOUN
sexton	6	3.08	NAME_OR_PLACE
shelled	7	3.08	NOT_A_WORDNET_NOUN
slimy	5	3.08	NOT_A_WORDNET_NOUN
sloping	7	3.08	NOT_A_WORDNET_NOUN
spied	5	3.08	NOT_A_WORDNET_NOUN
spits	5	3.08	NOT_A_WORDNET_NOUN
steeped	7	3.08	NOT_A_WORDNET_NOUN
strewn	6	3.08	NOT_A_WORDNET_NOUN
supra	5	3.08	NOT_A_WORDNET_NOUN
swaying	7	3.08	NOT_A_WORDNET_NOUN
tinged	6	3.08	NOT_A_WORDNET_NOUN
toms	4	3.08	NOT_A_WORDNET_NOUN
tweaked	7	3.08	NOT_A_WORDNET_NOUN
unruly	6	3.08	NOT_A_WORDNET_NOUN
valuing	7	3.08	NOT_A_WORDNET_NOUN
vaulted	7	3.08	NOT_A_WORDNET_NOUN
vegans	6	3.08	NOT_A_WORDNET_NOUN
viceroy	7	3.08	TOPIC:politics
waxed	5	3.08	NOT_A_WORDNET_NOUN
webs	4	3.08	NOT_A_WORDNET_NOUN
willful	7	3.08	NOT_A_WORDNET_NOUN
abstain	7	3.07	NOT_A_WORDNET_NOUN
alfa	4	3.07	NOT_A_WORDNET_NOUN
aortic	6	3.07	NOT_A_WORDNET_NOUN
averted	7	3.07	NOT_A_WORDNET_NOUN
banish	6	3.07	NOT_A_WORDNET_NOUN
beets	5	3.07	NOT_A_WORDNET_NOUN
bellows	7	3.07	PLURAL_FORM
bluntly	7	3.07	NOT_A_WORDNET_NOUN
bohemia	7	3.07	NAME_OR_PLACE
bootleg	7	3.07	NOT_NOUN_DOMINANT
busty	5	3.07	NOT_A_WORDNET_NOUN
callous	7	3.07	NOT_A_WORDNET_NOUN
carlin	6	3.07	NOT_A_WORDNET_NOUN
charred	7	3.07	NOT_A_WORDNET_NOUN
churn	5	3.07	NOT_NOUN_DOMINANT
cloned	6	3.07	NOT_A_WORDNET_NOUN
cloves	6	3.07	NOT_A_WORDNET_NOUN
creole	6	3.07	NAME_OR_PLACE
cystic	6	3.07	NOT_A_WORDNET_NOUN
dainty	6	3.07	NOT_NOUN_DOMINANT
decrees	7	3.07	NOT_A_WORDNET_NOUN
dolce	5	3.07	NOT_A_WORDNET_NOUN
eczema	6	3.07	TOPIC:disease
equine	6	3.07	NOT_NOUN_DOMINANT
exes	4	3.07	NOT_A_WORDNET_NOUN
feeders	7	3.07	NOT_A_WORDNET_NOUN
feisty	6	3.07	NOT_A_WORDNET_NOUN
fink	4	3.07	NOT_NOUN_DOMINANT
flexing	7	3.07	NOT_A_WORDNET_NOUN
fouled	6	3.07	NOT_A_WORDNET_NOUN
fuses	5	3.07	NOT_A_WORDNET_NOUN
ghastly	7	3.07	NOT_A_WORDNET_NOUN
hells	5	3.07	NOT_A_WORDNET_NOUN
hinged	6	3.07	NOT_A_WORDNET_NOUN
layoffs	7	3.07	NOT_A_WORDNET_NOUN
lockers	7	3.07	NOT_A_WORDNET_NOUN
longed	6	3.07	NOT_A_WORDNET_NOUN
mistook	7	3.07	NOT_A_WORDNET_NOUN
mogul	5	3.07	NAME_OR_PLACE
moles	5	3.07	NOT_A_WORDNET_NOUN
morph	5	3.07	NOT_A_WORDNET_NOUN
mort	4	3.07	NOT_A_WORDNET_NOUN
nicks	5	3.07	NOT_A_WORDNET_NOUN
nimble	6	3.07	NOT_A_WORDNET_NOUN
nouveau	7	3.07	NOT_A_WORDNET_NOUN
omit	4	3.07	NOT_A_WORDNET_NOUN
otters	6	3.07	NOT_A_WORDNET_NOUN
pegged	6	3.07	NOT_A_WORDNET_NOUN
planar	6	3.07	NOT_A_WORDNET_NOUN
pubic	5	3.07	NOT_A_WORDNET_NOUN
purses	6	3.07	NOT_A_WORDNET_NOUN
rabbis	6	3.07	NOT_A_WORDNET_NOUN
rarest	6	3.07	NOT_A_WORDNET_NOUN
reared	6	3.07	NOT_A_WORDNET_NOUN
refuted	7	3.07	NOT_A_WORDNET_NOUN
rioters	7	3.07	NOT_A_WORDNET_NOUN
robins	6	3.07	NOT_A_WORDNET_NOUN
romano	6	3.07	NOT_A_WORDNET_NOUN
roper	5	3.07	TOPIC:crime
rosters	7	3.07	NOT_A_WORDNET_NOUN
sledge	6	3.07	NOT_NOUN_DOMINANT
slotted	7	3.07	NOT_A_WORDNET_NOUN
sparkly	7	3.07	NOT_A_WORDNET_NOUN
sponges	7	3.07	NOT_A_WORDNET_NOUN
squeaky	7	3.07	NOT_A_WORDNET_NOUN
subbed	6	3.07	NOT_A_WORDNET_NOUN
thence	6	3.07	NOT_A_WORDNET_NOUN
tiniest	7	3.07	NOT_A_WORDNET_NOUN
trashy	6	3.07	NOT_A_WORDNET_NOUN
tubs	4	3.07	NOT_A_WORDNET_NOUN
unholy	6	3.07	NOT_A_WORDNET_NOUN
unify	5	3.07	NOT_A_WORDNET_NOUN
upped	5	3.07	NOT_A_WORDNET_NOUN
ushered	7	3.07	NOT_A_WORDNET_NOUN
yawn	4	3.07	NOT_NOUN_DOMINANT
adrift	6	3.06	NOT_A_WORDNET_NOUN
alleys	6	3.06	NOT_A_WORDNET_NOUN
averse	6	3.06	NOT_A_WORDNET_NOUN
barges	6	3.06	NOT_A_WORDNET_NOUN
beaded	6	3.06	NOT_A_WORDNET_NOUN
beavers	7	3.06	NOT_A_WORDNET_NOUN
blokes	6	3.06	NOT_A_WORDNET_NOUN
caged	5	3.06	NOT_A_WORDNET_NOUN
castes	6	3.06	NOT_A_WORDNET_NOUN
chao	4	3.06	NOT_A_WORDNET_NOUN
chimes	6	3.06	NOT_A_WORDNET_NOUN
closets	7	3.06	NOT_A_WORDNET_NOUN
clouded	7	3.06	NOT_A_WORDNET_NOUN
corals	6	3.06	NOT_A_WORDNET_NOUN
corral	6	3.06	NOT_NOUN_DOMINANT
curving	7	3.06	NOT_A_WORDNET_NOUN
deans	5	3.06	NOT_A_WORDNET_NOUN
decked	6	3.06	NOT_A_WORDNET_NOUN
deviate	7	3.06	NOT_NOUN_DOMINANT
dialing	7	3.06	NOT_A_WORDNET_NOUN
donkeys	7	3.06	NOT_A_WORDNET_NOUN
dribble	7	3.06	NOT_NOUN_DOMINANT
equates	7	3.06	NOT_A_WORDNET_NOUN
fateful	7	3.06	NOT_A_WORDNET_NOUN
fatter	6	3.06	NOT_A_WORDNET_NOUN
fillers	7	3.06	NOT_A_WORDNET_NOUN
flutter	7	3.06	NOT_NOUN_DOMINANT
gills	5	3.06	NOT_A_WORDNET_NOUN
gout	4	3.06	TOPIC:disease
harsher	7	3.06	NOT_A_WORDNET_NOUN
hertz	5	3.06	NAME_OR_PLACE
hues	4	3.06	NOT_A_WORDNET_NOUN
inks	4	3.06	NOT_A_WORDNET_NOUN
inns	4	3.06	NOT_A_WORDNET_NOUN
insofar	7	3.06	NOT_A_WORDNET_NOUN
jesuits	7	3.06	NOT_A_WORDNET_NOUN
leaky	5	3.06	NOT_A_WORDNET_NOUN
linn	4	3.06	NOT_A_WORDNET_NOUN
mage	4	3.06	NOT_A_WORDNET_NOUN
maximal	7	3.06	NOT_A_WORDNET_NOUN
millers	7	3.06	NOT_A_WORDNET_NOUN
mites	5	3.06	NOT_A_WORDNET_NOUN
mobiles	7	3.06	NOT_A_WORDNET_NOUN
payouts	7	3.06	NOT_A_WORDNET_NOUN
pompous	7	3.06	NOT_A_WORDNET_NOUN
purify	6	3.06	NOT_A_WORDNET_NOUN
quack	5	3.06	NOT_NOUN_DOMINANT
raged	5	3.06	NOT_A_WORDNET_NOUN
rages	5	3.06	NOT_A_WORDNET_NOUN
regroup	7	3.06	NOT_A_WORDNET_NOUN
requiem	7	3.06	NAME_OR_PLACE
rollout	7	3.06	NOT_A_WORDNET_NOUN
scrappy	7	3.06	NOT_A_WORDNET_NOUN
semis	5	3.06	NOT_A_WORDNET_NOUN
slough	6	3.06	TOPIC:disease
soared	6	3.06	NOT_A_WORDNET_NOUN
solicit	7	3.06	NOT_A_WORDNET_NOUN
spar	4	3.06	NOT_NOUN_DOMINANT
spooked	7	3.06	NOT_A_WORDNET_NOUN
sprints	7	3.06	NOT_A_WORDNET_NOUN
stow	4	3.06	NOT_A_WORDNET_NOUN
subdue	6	3.06	NOT_A_WORDNET_NOUN
succumb	7	3.06	NOT_A_WORDNET_NOUN
thirdly	7	3.06	NOT_A_WORDNET_NOUN
ticked	6	3.06	NOT_A_WORDNET_NOUN
tins	4	3.06	NOT_A_WORDNET_NOUN
unclean	7	3.06	NOT_A_WORDNET_NOUN
unitary	7	3.06	NOT_A_WORDNET_NOUN
vail	4	3.06	NOT_A_WORDNET_NOUN
ventral	7	3.06	NOT_A_WORDNET_NOUN
vibrate	7	3.06	NOT_A_WORDNET_NOUN
waging	6	3.06	NOT_A_WORDNET_NOUN
weirdly	7	3.06	NOT_A_WORDNET_NOUN
worsen	6	3.06	NOT_A_WORDNET_NOUN
yuck	4	3.06	NOT_A_WORDNET_NOUN
zeros	5	3.06	NOT_A_WORDNET_NOUN
affords	7	3.05	NOT_A_WORDNET_NOUN
argus	5	3.05	NAME_OR_PLACE
bigoted	7	3.05	NOT_A_WORDNET_NOUN
bribed	6	3.05	NOT_A_WORDNET_NOUN
calmer	6	3.05	NOT_A_WORDNET_NOUN
cools	5	3.05	NOT_A_WORDNET_NOUN
crux	4	3.05	NAME_OR_PLACE
desist	6	3.05	NOT_A_WORDNET_NOUN
divas	5	3.05	NOT_A_WORDNET_NOUN
doable	6	3.05	NOT_A_WORDNET_NOUN
excites	7	3.05	NOT_A_WORDNET_NOUN
fifths	6	3.05	NOT_A_WORDNET_NOUN
fuelled	7	3.05	NOT_A_WORDNET_NOUN
gasping	7	3.05	NOT_A_WORDNET_NOUN
globes	6	3.05	NOT_A_WORDNET_NOUN
glorify	7	3.05	NOT_A_WORDNET_NOUN
hiccups	7	3.05	NOT_A_WORDNET_NOUN
hiss	4	3.05	NOT_NOUN_DOMINANT
hotspur	7	3.05	NAME_OR_PLACE
leapt	5	3.05	NOT_A_WORDNET_NOUN
mags	4	3.05	NOT_A_WORDNET_NOUN
meager	6	3.05	NOT_A_WORDNET_NOUN
misused	7	3.05	NOT_A_WORDNET_NOUN
napkins	7	3.05	NOT_A_WORDNET_NOUN
niches	6	3.05	NOT_A_WORDNET_NOUN
ninjas	6	3.05	NOT_A_WORDNET_NOUN
opioids	7	3.05	NOT_A_WORDNET_NOUN
petting	7	3.05	VERB_FORM
propped	7	3.05	NOT_A_WORDNET_NOUN
protons	7	3.05	NOT_A_WORDNET_NOUN
queuing	7	3.05	NOT_A_WORDNET_NOUN
quizzes	7	3.05	NOT_A_WORDNET_NOUN
rarer	5	3.05	NOT_A_WORDNET_NOUN
shards	6	3.05	NOT_A_WORDNET_NOUN
sinned	6	3.05	NOT_A_WORDNET_NOUN
slugs	5	3.05	NOT_A_WORDNET_NOUN
somber	6	3.05	NOT_A_WORDNET_NOUN
stabs	5	3.05	NOT_A_WORDNET_NOUN
stools	6	3.05	NOT_A_WORDNET_NOUN
sues	4	3.05	NOT_A_WORDNET_NOUN
surges	6	3.05	NOT_A_WORDNET_NOUN
swede	5	3.05	NAME_OR_PLACE
teeny	5	3.05	NOT_A_WORDNET_NOUN
trams	5	3.05	NOT_A_WORDNET_NOUN
vetted	6	3.05	NOT_A_WORDNET_NOUN
wading	6	3.05	VERB_FORM
waning	6	3.05	VERB_FORM
woolly	6	3.05	NOT_A_WORDNET_NOUN
bibles	6	3.04	NOT_A_WORDNET_NOUN
bleeds	6	3.04	NOT_A_WORDNET_NOUN
botanic	7	3.04	NOT_A_WORDNET_NOUN
burials	7	3.04	NOT_A_WORDNET_NOUN
canyons	7	3.04	NOT_A_WORDNET_NOUN
clamps	6	3.04	NOT_A_WORDNET_NOUN
coexist	7	3.04	NOT_A_WORDNET_NOUN
coffins	7	3.04	NOT_A_WORDNET_NOUN
convene	7	3.04	NOT_A_WORDNET_NOUN
cramp	5	3.04	NOT_NOUN_DOMINANT
curran	6	3.04	NOT_A_WORDNET_NOUN
decoy	5	3.04	TOPIC:crime
defies	6	3.04	NOT_A_WORDNET_NOUN
demoted	7	3.04	NOT_A_WORDNET_NOUN
diced	5	3.04	NOT_A_WORDNET_NOUN
dredge	6	3.04	NOT_NOUN_DOMINANT
earths	6	3.04	NOT_A_WORDNET_NOUN
erasing	7	3.04	NOT_A_WORDNET_NOUN
evasive	7	3.04	NOT_A_WORDNET_NOUN
fervent	7	3.04	NOT_A_WORDNET_NOUN
forgave	7	3.04	NOT_A_WORDNET_NOUN
forties	7	3.04	PLURAL_FORM
fussy	5	3.04	NOT_A_WORDNET_NOUN
genomes	7	3.04	NOT_A_WORDNET_NOUN
glances	7	3.04	NOT_A_WORDNET_NOUN
hippies	7	3.04	PLURAL_FORM
holed	5	3.04	NOT_A_WORDNET_NOUN
honed	5	3.04	NOT_A_WORDNET_NOUN
horned	6	3.04	NOT_A_WORDNET_NOUN
idyllic	7	3.04	NOT_A_WORDNET_NOUN
junkies	7	3.04	NOT_A_WORDNET_NOUN
lashing	7	3.04	TOPIC:crime
lees	4	3.04	PLURAL_FORM
macs	4	3.04	NOT_A_WORDNET_NOUN
maud	4	3.04	NOT_A_WORDNET_NOUN
milder	6	3.04	NOT_A_WORDNET_NOUN
misfits	7	3.04	NOT_A_WORDNET_NOUN
mocks	5	3.04	NOT_A_WORDNET_NOUN
monde	5	3.04	NOT_A_WORDNET_NOUN
mongols	7	3.04	NOT_A_WORDNET_NOUN
muffled	7	3.04	NOT_A_WORDNET_NOUN
muses	5	3.04	NOT_A_WORDNET_NOUN
notched	7	3.04	NOT_A_WORDNET_NOUN
obtains	7	3.04	NOT_A_WORDNET_NOUN
obtuse	6	3.04	NOT_A_WORDNET_NOUN
pausing	7	3.04	NOT_A_WORDNET_NOUN
poise	5	3.04	NOT_NOUN_DOMINANT
ported	6	3.04	NOT_A_WORDNET_NOUN
promos	6	3.04	NOT_A_WORDNET_NOUN
rammed	6	3.04	NOT_A_WORDNET_NOUN
roscoe	6	3.04	NOT_A_WORDNET_NOUN
rubles	6	3.04	NOT_A_WORDNET_NOUN
scooped	7	3.04	NOT_A_WORDNET_NOUN
shoddy	6	3.04	NOT_NOUN_DOMINANT
sleazy	6	3.04	NOT_A_WORDNET_NOUN
smashes	7	3.04	NOT_A_WORDNET_NOUN
sneaks	6	3.04	NOT_A_WORDNET_NOUN
snipe	5	3.04	NOT_NOUN_DOMINANT
snuggle	7	3.04	NOT_NOUN_DOMINANT
spares	6	3.04	NOT_A_WORDNET_NOUN
spewing	7	3.04	NOT_A_WORDNET_NOUN
squishy	7	3.04	NOT_A_WORDNET_NOUN
summits	7	3.04	NOT_A_WORDNET_NOUN
sunsets	7	3.04	NOT_A_WORDNET_NOUN
swelled	7	3.04	NOT_A_WORDNET_NOUN
toothed	7	3.04	NOT_A_WORDNET_NOUN
undated	7	3.04	NOT_A_WORDNET_NOUN
unpack	6	3.04	NOT_A_WORDNET_NOUN
vetoed	6	3.04	NOT_A_WORDNET_NOUN
wanders	7	3.04	NOT_A_WORDNET_NOUN
weakens	7	3.04	NOT_A_WORDNET_NOUN
yawning	7	3.04	NOT_NOUN_DOMINANT
adjusts	7	3.03	NOT_A_WORDNET_NOUN
bagels	6	3.03	NOT_A_WORDNET_NOUN
banco	5	3.03	NOT_A_WORDNET_NOUN
beaming	7	3.03	NOT_A_WORDNET_NOUN
bigots	6	3.03	NOT_A_WORDNET_NOUN
biopic	6	3.03	NOT_A_WORDNET_NOUN
bloods	6	3.03	NOT_A_WORDNET_NOUN
bode	4	3.03	NOT_A_WORDNET_NOUN
boos	4	3.03	NOT_A_WORDNET_NOUN
braced	6	3.03	NOT_A_WORDNET_NOUN
bulging	7	3.03	NOT_A_WORDNET_NOUN
burners	7	3.03	NOT_A_WORDNET_NOUN
ceded	5	3.03	NOT_A_WORDNET_NOUN
convoys	7	3.03	NOT_A_WORDNET_NOUN
craters	7	3.03	NOT_A_WORDNET_NOUN
curate	6	3.03	TOPIC:religion
dawned	6	3.03	NOT_A_WORDNET_NOUN
deviant	7	3.03	TOPIC:crime
devious	7	3.03	NOT_A_WORDNET_NOUN
dorado	6	3.03	PROPER_ONLY
ensues	6	3.03	NOT_A_WORDNET_NOUN
erode	5	3.03	NOT_A_WORDNET_NOUN
faintly	7	3.03	NOT_A_WORDNET_NOUN
fancies	7	3.03	NOT_A_WORDNET_NOUN
fewest	6	3.03	NOT_A_WORDNET_NOUN
fielded	7	3.03	NOT_A_WORDNET_NOUN
flirty	6	3.03	NOT_A_WORDNET_NOUN
flocks	6	3.03	NOT_A_WORDNET_NOUN
forbade	7	3.03	NOT_A_WORDNET_NOUN
frauds	6	3.03	NOT_A_WORDNET_NOUN
frosted	7	3.03	NOT_A_WORDNET_NOUN
gallop	6	3.03	NOT_NOUN_DOMINANT
halting	7	3.03	NOT_A_WORDNET_NOUN
hove	4	3.03	NOT_A_WORDNET_NOUN
hydrate	7	3.03	NOT_NOUN_DOMINANT
insular	7	3.03	NOT_A_WORDNET_NOUN
jarring	7	3.03	NOT_A_WORDNET_NOUN
masons	6	3.03	NOT_A_WORDNET_NOUN
mays	4	3.03	PROPER_ONLY
mixers	6	3.03	NOT_A_WORDNET_NOUN
natured	7	3.03	NOT_A_WORDNET_NOUN
nested	6	3.03	NOT_A_WORDNET_NOUN
obeying	7	3.03	NOT_A_WORDNET_NOUN
parton	6	3.03	NOT_A_WORDNET_NOUN
piloted	7	3.03	NOT_A_WORDNET_NOUN
pointe	6	3.03	NOT_A_WORDNET_NOUN
prickly	7	3.03	NOT_A_WORDNET_NOUN
pricks	6	3.03	NOT_A_WORDNET_NOUN
puss	4	3.03	PLURAL_FORM
racked	6	3.03	NOT_A_WORDNET_NOUN
redding	7	3.03	PROPER_ONLY
retract	7	3.03	NOT_A_WORDNET_NOUN
ripples	7	3.03	NOT_A_WORDNET_NOUN
roared	6	3.03	NOT_A_WORDNET_NOUN
showbiz	7	3.03	NOT_A_WORDNET_NOUN
sickly	6	3.03	NOT_A_WORDNET_NOUN
slumped	7	3.03	NOT_A_WORDNET_NOUN
smacks	6	3.03	NOT_A_WORDNET_NOUN
snooker	7	3.03	NOT_NOUN_DOMINANT
sores	5	3.03	NOT_A_WORDNET_NOUN
stingy	6	3.03	NOT_A_WORDNET_NOUN
stuffy	6	3.03	NOT_A_WORDNET_NOUN
trusty	6	3.03	TOPIC:crime
twig	4	3.03	NOT_NOUN_DOMINANT
ulcer	5	3.03	TOPIC:disease
walnuts	7	3.03	NOT_A_WORDNET_NOUN
warhead	7	3.03	TOPIC:weapons
wobbly	6	3.03	PROPER_ONLY
yanks	5	3.03	NOT_A_WORDNET_NOUN
airmen	6	3.02	NOT_A_WORDNET_NOUN
alameda	7	3.02	NOT_A_WORDNET_NOUN
belated	7	3.02	NOT_A_WORDNET_NOUN
buffers	7	3.02	NOT_A_WORDNET_NOUN
buffs	5	3.02	NOT_A_WORDNET_NOUN
buzzed	6	3.02	NOT_A_WORDNET_NOUN
bylaws	6	3.02	NOT_A_WORDNET_NOUN
chia	4	3.02	NOT_A_WORDNET_NOUN
cleanly	7	3.02	NOT_A_WORDNET_NOUN
coffees	7	3.02	NOT_A_WORDNET_NOUN
concave	7	3.02	NOT_A_WORDNET_NOUN
coughs	6	3.02	NOT_A_WORDNET_NOUN
daggers	7	3.02	NOT_A_WORDNET_NOUN
dazzle	6	3.02	NOT_NOUN_DOMINANT
decode	6	3.02	NOT_A_WORDNET_NOUN
earthy	6	3.02	NOT_A_WORDNET_NOUN
elects	6	3.02	NOT_A_WORDNET_NOUN
emits	5	3.02	NOT_A_WORDNET_NOUN
fangs	5	3.02	NOT_A_WORDNET_NOUN
fawn	4	3.02	NOT_NOUN_DOMINANT
gambia	6	3.02	PROPER_ONLY
grasped	7	3.02	NOT_A_WORDNET_NOUN
graze	5	3.02	NOT_NOUN_DOMINANT
hatches	7	3.02	NOT_A_WORDNET_NOUN
hoodies	7	3.02	NOT_A_WORDNET_NOUN
huddled	7	3.02	NOT_A_WORDNET_NOUN
juggle	6	3.02	NOT_NOUN_DOMINANT
kami	4	3.02	PROPER_ONLY
keto	4	3.02	NOT_A_WORDNET_NOUN
knobs	5	3.02	NOT_A_WORDNET_NOUN
levies	6	3.02	NOT_A_WORDNET_NOUN
longs	5	3.02	NOT_A_WORDNET_NOUN
magenta	7	3.02	NAME_OR_PLACE
mince	5	3.02	NOT_NOUN_DOMINANT
mints	5	3.02	NOT_A_WORDNET_NOUN
mythic	6	3.02	NOT_A_WORDNET_NOUN
nailing	7	3.02	NOT_A_WORDNET_NOUN
napping	7	3.02	NOT_A_WORDNET_NOUN
obeyed	6	3.02	NOT_A_WORDNET_NOUN
panned	6	3.02	NOT_A_WORDNET_NOUN
papacy	6	3.02	TOPIC:politics
pasted	6	3.02	NOT_A_WORDNET_NOUN
pied	4	3.02	NOT_A_WORDNET_NOUN
reeds	5	3.02	NOT_A_WORDNET_NOUN
relayed	7	3.02	NOT_A_WORDNET_NOUN
sabre	5	3.02	BRITISH_SPELLING
salons	6	3.02	NOT_A_WORDNET_NOUN
shag	4	3.02	TOPIC:tobacco
shrugs	6	3.02	NOT_A_WORDNET_NOUN
sift	4	3.02	NOT_A_WORDNET_NOUN
spiced	6	3.02	NOT_A_WORDNET_NOUN
stoves	6	3.02	NOT_A_WORDNET_NOUN
submits	7	3.02	NOT_A_WORDNET_NOUN
tenuous	7	3.02	NOT_A_WORDNET_NOUN
threes	6	3.02	NOT_A_WORDNET_NOUN
tutu	4	3.02	NAME_OR_PLACE
uterine	7	3.02	NOT_A_WORDNET_NOUN
vapour	6	3.02	BRITISH_SPELLING
veer	4	3.02	NOT_A_WORDNET_NOUN
weirder	7	3.02	NOT_A_WORDNET_NOUN
wither	6	3.02	NOT_A_WORDNET_NOUN
wobble	6	3.02	NOT_NOUN_DOMINANT
adorn	5	3.01	NOT_A_WORDNET_NOUN
angling	7	3.01	VERB_FORM
baiting	7	3.01	VERB_FORM
barks	5	3.01	NOT_A_WORDNET_NOUN
bovine	6	3.01	NOT_NOUN_DOMINANT
braids	6	3.01	NOT_A_WORDNET_NOUN
braille	7	3.01	NAME_OR_PLACE
canoes	6	3.01	NOT_A_WORDNET_NOUN
censors	7	3.01	NOT_A_WORDNET_NOUN
cheery	6	3.01	NOT_A_WORDNET_NOUN
cohorts	7	3.01	NOT_A_WORDNET_NOUN
crayons	7	3.01	NOT_A_WORDNET_NOUN
cronies	7	3.01	NOT_A_WORDNET_NOUN
crusty	6	3.01	NOT_A_WORDNET_NOUN
detract	7	3.01	NOT_A_WORDNET_NOUN
dialed	6	3.01	NOT_A_WORDNET_NOUN
drab	4	3.01	NOT_NOUN_DOMINANT
dubs	4	3.01	NOT_A_WORDNET_NOUN
ducked	6	3.01	NOT_A_WORDNET_NOUN
execs	5	3.01	NOT_A_WORDNET_NOUN
fecal	5	3.01	NOT_A_WORDNET_NOUN
ferret	6	3.01	NOT_NOUN_DOMINANT
garvey	6	3.01	NOT_A_WORDNET_NOUN
gassed	6	3.01	NOT_A_WORDNET_NOUN
glazing	7	3.01	NOT_A_WORDNET_NOUN
goblins	7	3.01	NOT_A_WORDNET_NOUN
groping	7	3.01	NOT_A_WORDNET_NOUN
ills	4	3.01	NOT_A_WORDNET_NOUN
inflate	7	3.01	NOT_A_WORDNET_NOUN
kanji	5	3.01	NOT_A_WORDNET_NOUN
lashed	6	3.01	NOT_A_WORDNET_NOUN
looping	7	3.01	VERB_FORM
meaty	5	3.01	NOT_A_WORDNET_NOUN
nestled	7	3.01	NOT_A_WORDNET_NOUN
numeric	7	3.01	NOT_A_WORDNET_NOUN
oars	4	3.01	NOT_A_WORDNET_NOUN
parr	4	3.01	NAME_OR_PLACE
parrots	7	3.01	NOT_A_WORDNET_NOUN
placid	6	3.01	NOT_A_WORDNET_NOUN
pooping	7	3.01	NOT_A_WORDNET_NOUN
puritan	7	3.01	NAME_OR_PLACE
quinoa	6	3.01	NOT_A_WORDNET_NOUN
rafters	7	3.01	NOT_A_WORDNET_NOUN
reissue	7	3.01	NOT_NOUN_DOMINANT
remade	6	3.01	NOT_A_WORDNET_NOUN
rhea	4	3.01	NAME_OR_PLACE
ruddy	5	3.01	NOT_A_WORDNET_NOUN
scarier	7	3.01	NOT_A_WORDNET_NOUN
sepsis	6	3.01	TOPIC:disease
shelved	7	3.01	NOT_A_WORDNET_NOUN
shopped	7	3.01	NOT_A_WORDNET_NOUN
skew	4	3.01	NOT_A_WORDNET_NOUN
smitten	7	3.01	NOT_A_WORDNET_NOUN
snappy	6	3.01	NOT_A_WORDNET_NOUN
snort	5	3.01	NOT_NOUN_DOMINANT
sparing	7	3.01	NOT_A_WORDNET_NOUN
spicer	6	3.01	NOT_A_WORDNET_NOUN
surging	7	3.01	NOT_A_WORDNET_NOUN
sweetly	7	3.01	NOT_A_WORDNET_NOUN
swims	5	3.01	NOT_A_WORDNET_NOUN
tamed	5	3.01	NOT_A_WORDNET_NOUN
tampons	7	3.01	NOT_A_WORDNET_NOUN
tendons	7	3.01	NOT_A_WORDNET_NOUN
testers	7	3.01	NOT_A_WORDNET_NOUN
thrived	7	3.01	NOT_A_WORDNET_NOUN
tickled	7	3.01	NOT_A_WORDNET_NOUN
tropes	6	3.01	NOT_A_WORDNET_NOUN
tumbled	7	3.01	NOT_A_WORDNET_NOUN
twas	4	3.01	NOT_A_WORDNET_NOUN
typos	5	3.01	NOT_A_WORDNET_NOUN
vices	5	3.01	NOT_A_WORDNET_NOUN
warts	5	3.01	NOT_A_WORDNET_NOUN
xerox	5	3.01	NAME_OR_PLACE
abject	6	3.00	NOT_A_WORDNET_NOUN
afield	6	3.00	NOT_A_WORDNET_NOUN
alight	6	3.00	NOT_A_WORDNET_NOUN
apnea	5	3.00	TOPIC:disease
austere	7	3.00	NOT_A_WORDNET_NOUN
bagging	7	3.00	VERB_FORM
banked	6	3.00	NOT_A_WORDNET_NOUN
beamed	6	3.00	NOT_A_WORDNET_NOUN
betrays	7	3.00	NOT_A_WORDNET_NOUN
blinked	7	3.00	NOT_A_WORDNET_NOUN
blondes	7	3.00	NOT_A_WORDNET_NOUN
bluffs	6	3.00	NOT_A_WORDNET_NOUN
booms	5	3.00	NOT_A_WORDNET_NOUN
bravest	7	3.00	NOT_A_WORDNET_NOUN
bugger	6	3.00	TOPIC:crime
buoy	4	3.00	NOT_NOUN_DOMINANT
capes	5	3.00	NOT_A_WORDNET_NOUN
celeb	5	3.00	NOT_A_WORDNET_NOUN
cellars	7	3.00	NOT_A_WORDNET_NOUN
combing	7	3.00	VERB_FORM
depots	6	3.00	NOT_A_WORDNET_NOUN
dials	5	3.00	NOT_A_WORDNET_NOUN
domes	5	3.00	NOT_A_WORDNET_NOUN
encased	7	3.00	NOT_A_WORDNET_NOUN
eros	4	3.00	NAME_OR_PLACE
foxy	4	3.00	NOT_A_WORDNET_NOUN
furs	4	3.00	NOT_A_WORDNET_NOUN
gulls	5	3.00	NOT_A_WORDNET_NOUN
harbors	7	3.00	NOT_A_WORDNET_NOUN
havens	6	3.00	NOT_A_WORDNET_NOUN
hernia	6	3.00	TOPIC:disease
instill	7	3.00	NOT_A_WORDNET_NOUN
jazzy	5	3.00	NOT_A_WORDNET_NOUN
lags	4	3.00	NOT_A_WORDNET_NOUN
lentils	7	3.00	NOT_A_WORDNET_NOUN
leprosy	7	3.00	TOPIC:disease
minced	6	3.00	NOT_A_WORDNET_NOUN
mott	4	3.00	PROPER_ONLY
moulded	7	3.00	NOT_A_WORDNET_NOUN
nite	4	3.00	NOT_A_WORDNET_NOUN
orcs	4	3.00	NOT_A_WORDNET_NOUN
pitting	7	3.00	VERB_FORM
plagues	7	3.00	NOT_A_WORDNET_NOUN
pushy	5	3.00	NOT_A_WORDNET_NOUN
quell	5	3.00	NOT_A_WORDNET_NOUN
reread	6	3.00	NOT_A_WORDNET_NOUN
rogues	6	3.00	NOT_A_WORDNET_NOUN
routers	7	3.00	NOT_A_WORDNET_NOUN
shalom	6	3.00	NOT_A_WORDNET_NOUN
sieve	5	3.00	NOT_NOUN_DOMINANT
silvery	7	3.00	NOT_A_WORDNET_NOUN
sowing	6	3.00	NOT_A_WORDNET_NOUN
sphinx	6	3.00	NAME_OR_PLACE
stances	7	3.00	NOT_A_WORDNET_NOUN
stifle	6	3.00	NOT_NOUN_DOMINANT
surged	6	3.00	NOT_A_WORDNET_NOUN
tiled	5	3.00	NOT_A_WORDNET_NOUN
tots	4	3.00	NOT_A_WORDNET_NOUN
unisex	6	3.00	NOT_A_WORDNET_NOUN
vials	5	3.00	NOT_A_WORDNET_NOUN
weavers	7	3.00	NOT_A_WORDNET_NOUN
yank	4	3.00	PROPER_ONLY
