word	length	zipf	reason
için	4	6.90	NOT_A_NOUN
daha	4	6.61	ALSO_OTHER_PART_OF_SPEECH
gibi	4	6.58	NOT_A_NOUN
olarak	6	6.58	NOT_A_LEMMA
kadar	5	6.56	ALSO_OTHER_PART_OF_SPEECH
olan	4	6.54	NOT_A_LEMMA
sonra	5	6.45	ALSO_OTHER_PART_OF_SPEECH
değil	5	6.33	NOT_A_NOUN
büyük	5	6.26	ALSO_OTHER_PART_OF_SPEECH
yeni	4	6.25	NOT_A_NOUN
güzel	5	6.23	ALSO_OTHER_PART_OF_SPEECH
sadece	6	6.23	NOT_A_NOUN
oldu	4	6.16	NOT_A_LEMMA
bile	4	6.14	NOT_A_NOUN
nasıl	5	6.14	NOT_A_NOUN
benim	5	6.13	NOT_A_LEMMA
böyle	5	6.13	NOT_A_NOUN
önce	4	6.11	ALSO_OTHER_PART_OF_SPEECH
artık	5	6.10	ALSO_OTHER_PART_OF_SPEECH
göre	4	6.10	NOT_A_NOUN
seni	4	6.09	NOT_A_LEMMA
beni	4	6.08	NOT_A_LEMMA
aynı	4	6.07	NOT_A_NOUN
bana	4	6.07	NOT_A_LEMMA
doğru	5	6.06	ALSO_OTHER_PART_OF_SPEECH
veya	4	6.06	NOT_A_NOUN
diye	4	6.03	NOT_A_NOUN
kendi	5	6.03	NOT_A_NOUN
olduğu	6	6.03	NOT_A_LEMMA
olur	4	6.03	ALSO_OTHER_PART_OF_SPEECH
devam	5	5.98	ALSO_OTHER_PART_OF_SPEECH
diğer	5	5.98	NOT_A_NOUN
sana	4	5.98	NOT_A_LEMMA
fazla	5	5.97	NOT_A_NOUN
neden	5	5.97	ALSO_OTHER_PART_OF_SPEECH
önemli	6	5.96	NOT_A_LEMMA
içinde	6	5.94	NOT_A_NOUN
olmak	5	5.94	NOT_A_NOUN
şimdi	5	5.94	ALSO_OTHER_PART_OF_SPEECH
çünkü	5	5.93	NOT_A_NOUN
ancak	5	5.92	NOT_A_NOUN
başka	5	5.92	NOT_A_NOUN
biri	4	5.92	NOT_A_NOUN
bunu	4	5.92	NOT_A_LEMMA
işte	4	5.92	NOT_A_NOUN
olsun	5	5.92	NOT_A_LEMMA
karşı	5	5.91	ALSO_OTHER_PART_OF_SPEECH
öyle	4	5.90	NOT_A_NOUN
şekilde	7	5.90	NOT_A_LEMMA
bütün	5	5.89	ALSO_OTHER_PART_OF_SPEECH
senin	5	5.89	NOT_A_LEMMA
genel	5	5.88	NOT_A_NOUN
hemen	5	5.88	NOT_A_NOUN
yine	4	5.88	NOT_A_NOUN
uzun	4	5.85	NOT_A_NOUN
bizim	5	5.84	NOT_A_LEMMA
bugün	5	5.84	ALSO_OTHER_PART_OF_SPEECH
bunun	5	5.83	NOT_A_LEMMA
eden	4	5.83	NOT_A_LEMMA
küçük	5	5.83	ALSO_OTHER_PART_OF_SPEECH
size	4	5.83	NOT_A_LEMMA
alan	4	5.82	VERB_FORM
bazı	4	5.82	NOT_A_NOUN
geri	4	5.82	ALSO_OTHER_PART_OF_SPEECH
olacak	6	5.82	NOT_A_LEMMA
gelen	5	5.81	NOT_A_NOUN
insan	5	5.81	ALSO_OTHER_PART_OF_SPEECH
kadın	5	5.81	ALSO_OTHER_PART_OF_SPEECH
biraz	5	5.80	NOT_A_NOUN
gece	4	5.80	ALSO_OTHER_PART_OF_SPEECH
yani	4	5.80	NOT_A_NOUN
ayrıca	6	5.79	NOT_A_NOUN
eski	4	5.79	ALSO_OTHER_PART_OF_SPEECH
etti	4	5.78	NOT_A_LEMMA
hiçbir	6	5.78	NOT_A_NOUN
ilgili	6	5.78	NOT_A_NOUN
yapılan	7	5.78	NOT_A_LEMMA
özel	4	5.78	NOT_A_NOUN
bize	4	5.77	NOT_A_LEMMA
evet	4	5.77	NOT_A_NOUN
gerçek	6	5.77	ALSO_OTHER_PART_OF_SPEECH
vardır	6	5.76	NOT_A_LEMMA
fakat	5	5.75	NOT_A_NOUN
yüksek	6	5.75	ALSO_OTHER_PART_OF_SPEECH
zaten	5	5.75	NOT_A_NOUN
üzerine	7	5.75	NOT_A_NOUN
geldi	5	5.74	NOT_A_LEMMA
sizin	5	5.74	NOT_A_LEMMA
bulunan	7	5.73	NOT_A_LEMMA
farklı	6	5.73	NOT_A_LEMMA
eğer	4	5.72	NOT_A_NOUN
geliyor	7	5.72	NOT_A_LEMMA
herkes	6	5.72	NOT_A_NOUN
ediyor	6	5.71	NOT_A_LEMMA
hala	4	5.71	ALSO_OTHER_PART_OF_SPEECH
lütfen	6	5.71	NOT_A_NOUN
çocuk	5	5.71	ALSO_OTHER_PART_OF_SPEECH
burada	6	5.70	NOT_A_LEMMA
onun	4	5.70	NOT_A_LEMMA
üzere	5	5.70	NOT_A_NOUN
bizi	4	5.68	NOT_A_LEMMA
kimse	5	5.68	ALSO_OTHER_PART_OF_SPEECH
yerine	6	5.68	ALSO_OTHER_PART_OF_SPEECH
yılında	7	5.68	NOT_A_LEMMA
etmek	5	5.67	NOT_A_NOUN
günü	4	5.67	MANUAL_BLOCK
hayır	5	5.66	ALSO_OTHER_PART_OF_SPEECH
kötü	4	5.66	NOT_A_NOUN
demek	5	5.65	NOT_A_NOUN
erkek	5	5.65	ALSO_OTHER_PART_OF_SPEECH
gerek	5	5.64	ALSO_OTHER_PART_OF_SPEECH
ortaya	6	5.64	NOT_A_LEMMA
sizi	4	5.64	NOT_A_LEMMA
yapan	5	5.64	NOT_A_LEMMA
belki	5	5.63	NOT_A_NOUN
hafta	5	5.63	ALSO_OTHER_PART_OF_SPEECH
ikinci	6	5.63	NOT_A_NOUN
kısa	4	5.63	ALSO_OTHER_PART_OF_SPEECH
olmaz	5	5.63	ALSO_OTHER_PART_OF_SPEECH
oluyor	6	5.63	NOT_A_LEMMA
birçok	6	5.62	NOT_A_NOUN
kendini	7	5.62	NOT_A_LEMMA
tekrar	6	5.62	ALSO_OTHER_PART_OF_SPEECH
geçen	5	5.61	NOT_A_NOUN
olup	4	5.61	NOT_A_LEMMA
süre	4	5.61	VERB_FORM
altında	7	5.60	NOT_A_LEMMA
başkanı	7	5.60	NOT_A_LEMMA
bence	5	5.60	NOT_A_NOUN
dedi	4	5.60	NOT_A_LEMMA
yerde	5	5.60	NOT_A_LEMMA
aslında	7	5.59	NOT_A_NOUN
hangi	5	5.59	NOT_A_NOUN
olması	6	5.59	NOT_A_LEMMA
yeniden	7	5.59	NOT_A_NOUN
yoksa	5	5.59	NOT_A_NOUN
boyunca	7	5.58	NOT_A_NOUN
mutlu	5	5.58	NOT_A_NOUN
zamanda	7	5.58	NOT_A_LEMMA
açık	4	5.57	ALSO_OTHER_PART_OF_SPEECH
yaptığı	7	5.57	NOT_A_LEMMA
başladı	7	5.56	NOT_A_LEMMA
buna	4	5.56	NOT_A_LEMMA
dikkat	6	5.56	ALSO_OTHER_PART_OF_SPEECH
lazım	5	5.56	NOT_A_NOUN
olsa	4	5.56	NOT_A_LEMMA
sonunda	7	5.56	NOT_A_NOUN
yapmak	6	5.56	NOT_A_NOUN
bunlar	6	5.55	NOT_A_LEMMA
gelir	5	5.55	VERB_FORM
gereken	7	5.55	NOT_A_LEMMA
olmayan	7	5.55	NOT_A_LEMMA
asla	4	5.54	NOT_A_NOUN
birkaç	6	5.54	NOT_A_NOUN
eder	4	5.54	VERB_FORM
ederim	6	5.54	NOT_A_LEMMA
genç	4	5.54	ALSO_OTHER_PART_OF_SPEECH
hava	4	5.54	ALSO_OTHER_PART_OF_SPEECH
karar	5	5.54	VERB_FORM
bağlı	5	5.53	NOT_A_LEMMA
dakika	6	5.53	ALSO_OTHER_PART_OF_SPEECH
hızlı	5	5.53	NOT_A_NOUN
istiyor	7	5.53	NOT_A_LEMMA
milyon	6	5.53	NOT_A_NOUN
onlar	5	5.53	NOT_A_LEMMA
sosyal	6	5.53	ALSO_OTHER_PART_OF_SPEECH
yakın	5	5.53	ALSO_OTHER_PART_OF_SPEECH
hadi	4	5.52	NOT_A_NOUN
kolay	5	5.52	ALSO_OTHER_PART_OF_SPEECH
tarihi	6	5.52	NOT_A_NOUN
yanında	7	5.52	NOT_A_NOUN
şeyler	6	5.52	NOT_A_LEMMA
dört	4	5.51	NOT_A_NOUN
oyun	4	5.51	VERB_FORM
yarın	5	5.51	ALSO_OTHER_PART_OF_SPEECH
yere	4	5.51	NOT_A_LEMMA
anda	4	5.50	NOT_A_LEMMA
rağmen	6	5.50	NOT_A_NOUN
sabah	5	5.50	ALSO_OTHER_PART_OF_SPEECH
vardı	5	5.50	NOT_A_LEMMA
yaptı	5	5.50	NOT_A_LEMMA
çıktı	5	5.50	VERB_FORM
beraber	7	5.49	NOT_A_NOUN
edilen	6	5.49	NOT_A_LEMMA
niye	4	5.49	NOT_A_NOUN
oldukça	7	5.49	NOT_A_NOUN
söyledi	7	5.49	NOT_A_LEMMA
yalnız	6	5.49	ALSO_OTHER_PART_OF_SPEECH
yanlış	6	5.49	ALSO_OTHER_PART_OF_SPEECH
şeyi	4	5.49	NOT_A_LEMMA
falan	5	5.48	ALSO_OTHER_PART_OF_SPEECH
güçlü	5	5.48	NOT_A_NOUN
nedir	5	5.48	NOT_A_LEMMA
olmuş	5	5.48	NOT_A_LEMMA
parti	5	5.48	TOPIC:politics
verdi	5	5.48	VERB_FORM
beri	4	5.47	ALSO_OTHER_PART_OF_SPEECH
gelecek	7	5.47	ALSO_OTHER_PART_OF_SPEECH
merkezi	7	5.47	NOT_A_NOUN
spor	4	5.47	ALSO_OTHER_PART_OF_SPEECH
teknik	6	5.47	ALSO_OTHER_PART_OF_SPEECH
çıkan	5	5.46	NOT_A_LEMMA
aldı	4	5.45	NOT_A_LEMMA
almak	5	5.45	NOT_A_NOUN
bazen	5	5.45	NOT_A_NOUN
dışında	7	5.45	NOT_A_LEMMA
elde	4	5.45	MANUAL_BLOCK
kaldı	5	5.45	NOT_A_LEMMA
belli	5	5.44	NOT_A_NOUN
varsa	5	5.44	NOT_A_LEMMA
yardım	6	5.44	VERB_FORM
yemek	5	5.44	ALSO_OTHER_PART_OF_SPEECH
yüzden	6	5.44	NOT_A_LEMMA
sanki	5	5.43	NOT_A_NOUN
tabi	4	5.43	ALSO_OTHER_PART_OF_SPEECH
veren	5	5.43	NOT_A_LEMMA
beyaz	5	5.42	ALSO_OTHER_PART_OF_SPEECH
bundan	6	5.42	NOT_A_LEMMA
savaş	5	5.42	TOPIC:violence
tamamen	7	5.42	NOT_A_NOUN
başına	6	5.41	NOT_A_LEMMA
bende	5	5.41	NOT_A_LEMMA
böylece	7	5.41	NOT_A_NOUN
dedim	5	5.41	NOT_A_LEMMA
kalan	5	5.41	NOT_A_LEMMA
kendine	7	5.40	NOT_A_LEMMA
musunuz	7	5.40	NOT_A_LEMMA
arada	5	5.39	NOT_A_LEMMA
canlı	5	5.39	ALSO_OTHER_PART_OF_SPEECH
deniz	5	5.39	INFLECTED_FORM
dolayı	6	5.39	NOT_A_NOUN
edin	4	5.39	NOT_A_LEMMA
ister	5	5.39	ALSO_OTHER_PART_OF_SPEECH
olursa	6	5.39	NOT_A_LEMMA
sürekli	7	5.39	NOT_A_NOUN
yolu	4	5.39	NOT_A_LEMMA
milli	5	5.38	NOT_A_NOUN
olun	4	5.38	NOT_A_LEMMA
sorun	5	5.38	VERB_FORM
verilen	7	5.38	NOT_A_LEMMA
altı	4	5.37	NOT_A_NOUN
evde	4	5.37	NOT_A_LEMMA
resmi	5	5.37	NOT_A_NOUN
satın	5	5.37	NOT_A_LEMMA
uygun	5	5.37	NOT_A_NOUN
ayrı	4	5.36	NOT_A_NOUN
günlük	6	5.36	ALSO_OTHER_PART_OF_SPEECH
hatta	5	5.36	NOT_A_NOUN
içine	5	5.36	NOT_A_LEMMA
rahat	5	5.36	ALSO_OTHER_PART_OF_SPEECH
sahibi	6	5.36	NOT_A_LEMMA
sistemi	7	5.36	NOT_A_LEMMA
yaşında	7	5.36	NOT_A_LEMMA
yeter	5	5.36	NOT_A_NOUN
benden	6	5.35	NOT_A_LEMMA
dolu	4	5.35	ALSO_OTHER_PART_OF_SPEECH
hepsi	5	5.35	NOT_A_NOUN
sonucu	6	5.35	NOT_A_LEMMA
soru	4	5.35	VERB_FORM
yoktur	6	5.35	NOT_A_LEMMA
çeşitli	7	5.35	NOT_A_NOUN
ciddi	5	5.34	NOT_A_NOUN
hazır	5	5.34	NOT_A_NOUN
kendimi	7	5.34	NOT_A_LEMMA
sayın	5	5.34	NOT_A_NOUN
yalan	5	5.34	ALSO_OTHER_PART_OF_SPEECH
yeri	4	5.34	NOT_A_LEMMA
yıllık	6	5.34	ALSO_OTHER_PART_OF_SPEECH
şöyle	5	5.34	NOT_A_NOUN
geçti	5	5.33	NOT_A_LEMMA
görmek	6	5.33	NOT_A_NOUN
harika	6	5.33	NOT_A_NOUN
yılı	4	5.33	NOT_A_LEMMA
ağır	4	5.32	ALSO_OTHER_PART_OF_SPEECH
dahil	5	5.32	ALSO_OTHER_PART_OF_SPEECH
orta	4	5.32	ALSO_OTHER_PART_OF_SPEECH
seçim	5	5.32	TOPIC:politics
süper	5	5.32	NOT_A_NOUN
yapıyor	7	5.32	NOT_A_LEMMA
ünlü	4	5.32	NOT_A_LEMMA
birini	6	5.31	NOT_A_LEMMA
halde	5	5.31	NOT_A_LEMMA
isteyen	7	5.31	NOT_A_LEMMA
kesin	5	5.31	NOT_A_NOUN
onların	7	5.31	NOT_A_LEMMA
uzak	4	5.31	ALSO_OTHER_PART_OF_SPEECH
birinci	7	5.30	NOT_A_NOUN
bulundu	7	5.30	NOT_A_LEMMA
değilim	7	5.30	NOT_A_LEMMA
edildi	6	5.30	NOT_A_LEMMA
ilan	4	5.30	CIRCUMFLEX
neler	5	5.30	INFLECTED_FORM
onları	6	5.30	NOT_A_LEMMA
peki	4	5.30	NOT_A_NOUN
senden	6	5.30	NOT_A_LEMMA
tamam	5	5.30	NOT_A_NOUN
durumda	7	5.29	NOT_A_LEMMA
etme	4	5.29	NOT_A_LEMMA
gitti	5	5.29	NOT_A_LEMMA
konuda	6	5.29	NOT_A_LEMMA
kızı	4	5.29	NOT_A_LEMMA
ortak	5	5.29	ALSO_OTHER_PART_OF_SPEECH
sonrası	7	5.29	NOT_A_LEMMA
temel	5	5.29	ALSO_OTHER_PART_OF_SPEECH
ülkenin	7	5.29	NOT_A_LEMMA
acaba	5	5.28	ALSO_OTHER_PART_OF_SPEECH
dolar	5	5.28	VERB_FORM
durumu	6	5.28	NOT_A_LEMMA
edecek	6	5.28	NOT_A_LEMMA
ettiği	6	5.28	NOT_A_LEMMA
konusu	6	5.28	NOT_A_LEMMA
normal	6	5.28	ALSO_OTHER_PART_OF_SPEECH
sanırım	7	5.28	NOT_A_LEMMA
siyasi	6	5.28	NOT_A_NOUN
sonraki	7	5.28	NOT_A_LEMMA
öldü	4	5.28	NOT_A_LEMMA
bayan	5	5.27	ALSO_OTHER_PART_OF_SPEECH
diyor	5	5.27	NOT_A_LEMMA
dünyada	7	5.27	NOT_A_NOUN
erken	5	5.27	ALSO_OTHER_PART_OF_SPEECH
kendisi	7	5.27	NOT_A_LEMMA
vermek	6	5.27	NOT_A_NOUN
zorunda	7	5.27	NOT_A_LEMMA
ölüm	4	5.27	ALSO_OTHER_PART_OF_SPEECH
önceki	6	5.27	NOT_A_LEMMA
adamı	5	5.26	INFLECTED_FORM
aldığı	6	5.26	NOT_A_LEMMA
alıp	4	5.26	NOT_A_LEMMA
bakanı	6	5.26	NOT_A_LEMMA
başında	7	5.26	NOT_A_LEMMA
bunları	7	5.26	NOT_A_LEMMA
dair	4	5.26	NOT_A_NOUN
değer	5	5.26	VERB_FORM
izle	4	5.26	NOT_A_LEMMA
neyse	5	5.26	NOT_A_NOUN
onlara	6	5.26	NOT_A_LEMMA
sitesi	6	5.26	NOT_A_LEMMA
hayatta	7	5.25	NOT_A_LEMMA
kemal	5	5.25	MANUAL_BLOCK
merhaba	7	5.25	ALSO_OTHER_PART_OF_SPEECH
yanı	4	5.25	NOT_A_LEMMA
çalışan	7	5.25	NOT_A_LEMMA
çoğu	4	5.25	NOT_A_NOUN
adına	5	5.24	NOT_A_NOUN
bakalım	7	5.24	NOT_A_LEMMA
bakın	5	5.24	NOT_A_LEMMA
haline	6	5.24	NOT_A_LEMMA
kırmızı	7	5.24	ALSO_OTHER_PART_OF_SPEECH
seninle	7	5.24	NOT_A_LEMMA
verdiği	7	5.24	NOT_A_LEMMA
yabancı	7	5.24	NOT_A_NOUN
yayın	5	5.24	VERB_FORM
yıldır	6	5.24	NOT_A_LEMMA
önünde	6	5.24	NOT_A_LEMMA
adını	5	5.23	NOT_A_LEMMA
altın	5	5.23	ALSO_OTHER_PART_OF_SPEECH
baba	4	5.23	ALSO_OTHER_PART_OF_SPEECH
geniş	5	5.23	NOT_A_NOUN
henüz	5	5.23	NOT_A_NOUN
mümkün	6	5.23	NOT_A_NOUN
olma	4	5.23	NOT_A_LEMMA
olmalı	6	5.23	NOT_A_LEMMA
sayısı	6	5.23	NOT_A_LEMMA
yana	4	5.23	NOT_A_NOUN
üçüncü	6	5.23	NOT_A_NOUN
adlı	4	5.22	NOT_A_LEMMA
doğal	5	5.22	NOT_A_NOUN
oldum	5	5.22	NOT_A_LEMMA
oluşan	6	5.22	NOT_A_LEMMA
orada	5	5.22	NOT_A_LEMMA
serbest	7	5.22	ALSO_OTHER_PART_OF_SPEECH
sırada	6	5.22	NOT_A_LEMMA
acil	4	5.21	NOT_A_NOUN
kara	4	5.21	ALSO_OTHER_PART_OF_SPEECH
kurulu	6	5.21	NOT_A_LEMMA
seks	4	5.21	TOPIC:sexual
seks	4	5.21	MANUAL_BLOCK
tatlı	5	5.21	ALSO_OTHER_PART_OF_SPEECH
türlü	5	5.21	ALSO_OTHER_PART_OF_SPEECH
yaşayan	7	5.21	NOT_A_LEMMA
asıl	4	5.20	ALSO_OTHER_PART_OF_SPEECH
barış	5	5.20	VERB_FORM
birisi	6	5.20	NOT_A_LEMMA
birliği	7	5.20	NOT_A_LEMMA
canım	5	5.20	NOT_A_LEMMA
insanın	7	5.20	NOT_A_LEMMA
ondan	5	5.20	NOT_A_LEMMA
oyunu	5	5.20	NOT_A_LEMMA
sona	4	5.20	NOT_A_LEMMA
sıcak	5	5.20	ALSO_OTHER_PART_OF_SPEECH
yapar	5	5.20	NOT_A_LEMMA
çocuğu	6	5.20	NOT_A_LEMMA
çıkar	5	5.20	VERB_FORM
askeri	6	5.19	NOT_A_NOUN
hayatı	6	5.19	NOT_A_LEMMA
ileri	5	5.19	ALSO_OTHER_PART_OF_SPEECH
kişinin	7	5.19	NOT_A_LEMMA
maçı	4	5.19	NOT_A_LEMMA
sonu	4	5.19	NOT_A_LEMMA
yapmış	6	5.19	NOT_A_LEMMA
altına	6	5.18	NOT_A_LEMMA
bebek	5	5.18	ALSO_OTHER_PART_OF_SPEECH
dünyaya	7	5.18	NOT_A_LEMMA
ederek	6	5.18	NOT_A_LEMMA
emin	4	5.18	ALSO_OTHER_PART_OF_SPEECH
gizli	5	5.18	NOT_A_NOUN
hakkı	5	5.18	NOT_A_LEMMA
olmaya	6	5.18	NOT_A_LEMMA
sende	5	5.18	NOT_A_LEMMA
verir	5	5.18	NOT_A_LEMMA
yapma	5	5.18	NOT_A_LEMMA
zamanı	6	5.18	NOT_A_LEMMA
öncesi	6	5.18	NOT_A_LEMMA
aktif	5	5.17	ALSO_OTHER_PART_OF_SPEECH
alır	4	5.17	NOT_A_LEMMA
ayında	6	5.17	NOT_A_LEMMA
bununla	7	5.17	NOT_A_LEMMA
dönemde	7	5.17	NOT_A_LEMMA
ettim	5	5.17	NOT_A_LEMMA
kapalı	6	5.17	NOT_A_NOUN
siyah	5	5.17	ALSO_OTHER_PART_OF_SPEECH
ulusal	6	5.17	ADJECTIVE_FORM
yada	4	5.17	NOT_A_LEMMA
yerinde	7	5.17	NOT_A_NOUN
çalışma	7	5.17	NOT_A_LEMMA
üstüne	6	5.17	NOT_A_NOUN
üyesi	5	5.17	NOT_A_LEMMA
arası	5	5.16	NOT_A_LEMMA
edilir	6	5.16	NOT_A_LEMMA
edip	4	5.16	VERB_FORM
etmeye	6	5.16	NOT_A_LEMMA
hasta	5	5.16	NOT_A_NOUN
olmadan	7	5.16	NOT_A_LEMMA
yerel	5	5.16	NOT_A_NOUN
yerini	6	5.16	NOT_A_LEMMA
yeterli	7	5.16	NOT_A_NOUN
alanı	5	5.15	NOT_A_LEMMA
buraya	6	5.15	NOT_A_LEMMA
bölümü	6	5.15	NOT_A_LEMMA
gelmiş	6	5.15	NOT_A_LEMMA
misin	5	5.15	NOT_A_LEMMA
oyuncu	6	5.15	NOT_A_LEMMA
verin	5	5.15	NOT_A_LEMMA
yola	4	5.15	NOT_A_LEMMA
yıldız	6	5.15	ALSO_OTHER_PART_OF_SPEECH
adet	4	5.14	CIRCUMFLEX
aralık	6	5.14	ALSO_OTHER_PART_OF_SPEECH
basit	5	5.14	ALSO_OTHER_PART_OF_SPEECH
doğu	4	5.14	ALSO_OTHER_PART_OF_SPEECH
galiba	6	5.14	NOT_A_NOUN
gidiyor	7	5.14	NOT_A_LEMMA
işin	4	5.14	NOT_A_LEMMA
kalp	4	5.14	ALSO_OTHER_PART_OF_SPEECH
sevgili	7	5.14	ALSO_OTHER_PART_OF_SPEECH
soğuk	5	5.14	ALSO_OTHER_PART_OF_SPEECH
tabii	5	5.14	NOT_A_NOUN
teslim	6	5.14	ALSO_OTHER_PART_OF_SPEECH
veriyor	7	5.14	NOT_A_LEMMA
yavaş	5	5.14	NOT_A_NOUN
ülkede	6	5.14	NOT_A_LEMMA
şeyin	5	5.14	NOT_A_LEMMA
annem	5	5.13	NOT_A_LEMMA
arka	4	5.13	ALSO_OTHER_PART_OF_SPEECH
bitti	5	5.13	VERB_FORM
değerli	7	5.13	NOT_A_NOUN
düşük	5	5.13	ALSO_OTHER_PART_OF_SPEECH
etmiş	5	5.13	NOT_A_LEMMA
gelip	5	5.13	NOT_A_LEMMA
gidip	5	5.13	NOT_A_LEMMA
meydana	7	5.13	NOT_A_LEMMA
olmadı	6	5.13	NOT_A_LEMMA
toprak	6	5.13	ALSO_OTHER_PART_OF_SPEECH
yapmaya	7	5.13	NOT_A_LEMMA
yedi	4	5.13	NOT_A_NOUN
aynen	5	5.12	NOT_A_NOUN
biliyor	7	5.12	NOT_A_LEMMA
birinin	7	5.12	NOT_A_LEMMA
diyorum	7	5.12	NOT_A_LEMMA
giden	5	5.12	NOT_A_LEMMA
gitmek	6	5.12	NOT_A_NOUN
gördüm	6	5.12	NOT_A_LEMMA
herkese	7	5.12	NOT_A_LEMMA
kişisel	7	5.12	NOT_A_NOUN
kuzey	5	5.12	ALSO_OTHER_PART_OF_SPEECH
nerede	6	5.12	NOT_A_NOUN
olanlar	7	5.12	NOT_A_LEMMA
terör	5	5.12	TOPIC:violence
terör	5	5.12	MANUAL_BLOCK
yazar	5	5.12	ALSO_OTHER_PART_OF_SPEECH
çift	4	5.12	ALSO_OTHER_PART_OF_SPEECH
aldım	5	5.11	NOT_A_LEMMA
aydın	5	5.11	NOT_A_NOUN
babası	6	5.11	NOT_A_LEMMA
benimle	7	5.11	NOT_A_LEMMA
benzer	6	5.11	ALSO_OTHER_PART_OF_SPEECH
birine	6	5.11	NOT_A_LEMMA
birşey	6	5.11	MANUAL_BLOCK
dışı	4	5.11	NOT_A_LEMMA
geceler	7	5.11	NOT_A_LEMMA
gerekir	7	5.11	NOT_A_LEMMA
grubu	5	5.11	NOT_A_LEMMA
kişiler	7	5.11	NOT_A_LEMMA
sayıda	6	5.11	NOT_A_LEMMA
yapıldı	7	5.11	NOT_A_LEMMA
şeye	4	5.11	NOT_A_LEMMA
birden	6	5.10	NOT_A_NOUN
deli	4	5.10	NOT_A_NOUN
doğan	5	5.10	VERB_FORM
filmi	5	5.10	NOT_A_LEMMA
gücü	4	5.10	NOT_A_LEMMA
günde	5	5.10	NOT_A_NOUN
güney	5	5.10	ALSO_OTHER_PART_OF_SPEECH
nedenle	7	5.10	NOT_A_LEMMA
parçası	7	5.10	NOT_A_LEMMA
sert	4	5.10	NOT_A_NOUN
umarım	6	5.10	NOT_A_LEMMA
yapacak	7	5.10	NOT_A_LEMMA
yıllar	6	5.10	NOT_A_LEMMA
örneğin	7	5.10	NOT_A_NOUN
bilir	5	5.09	NOT_A_NOUN
derece	6	5.09	ALSO_OTHER_PART_OF_SPEECH
gelin	5	5.09	VERB_FORM
gençlik	7	5.09	NOT_A_LEMMA
gider	5	5.09	VERB_FORM
ismi	4	5.09	NOT_A_LEMMA
işler	5	5.09	NOT_A_LEMMA
keşke	5	5.09	NOT_A_NOUN
mavi	4	5.09	ALSO_OTHER_PART_OF_SPEECH
mesela	6	5.09	NOT_A_NOUN
silah	5	5.09	CIRCUMFLEX
takımı	6	5.09	NOT_A_LEMMA
temiz	5	5.09	NOT_A_NOUN
yaptım	6	5.09	NOT_A_LEMMA
yarım	5	5.09	ALSO_OTHER_PART_OF_SPEECH
yılın	5	5.09	NOT_A_LEMMA
örnek	5	5.09	ALSO_OTHER_PART_OF_SPEECH
aşırı	5	5.08	NOT_A_NOUN
ceza	4	5.08	TOPIC:crime
fatih	5	5.08	ALSO_OTHER_PART_OF_SPEECH
geçmiş	6	5.08	ALSO_OTHER_PART_OF_SPEECH
giriş	5	5.08	VERB_FORM
günler	6	5.08	NOT_A_LEMMA
günün	5	5.08	NOT_A_LEMMA
güven	5	5.08	VERB_FORM
hasan	5	5.08	NOT_A_LEMMA
kadının	7	5.08	NOT_A_LEMMA
kimi	4	5.08	NOT_A_NOUN
kitabı	6	5.08	NOT_A_LEMMA
sebebi	6	5.08	NOT_A_LEMMA
yoğun	5	5.08	NOT_A_NOUN
zengin	6	5.08	NOT_A_NOUN
adamın	6	5.07	NOT_A_LEMMA
bursa	5	5.07	NOT_A_LEMMA
edilmiş	7	5.07	NOT_A_LEMMA
gerekli	7	5.07	NOT_A_NOUN
kararı	6	5.07	NOT_A_LEMMA
kızlar	6	5.07	NOT_A_LEMMA
yeşil	5	5.07	ALSO_OTHER_PART_OF_SPEECH
yönelik	7	5.07	NOT_A_NOUN
yılda	5	5.07	NOT_A_LEMMA
almış	5	5.06	NOT_A_LEMMA
alın	4	5.06	VERB_FORM
alındı	6	5.06	VERB_FORM
asker	5	5.06	ALSO_OTHER_PART_OF_SPEECH
beyler	6	5.06	NOT_A_LEMMA
derin	5	5.06	ALSO_OTHER_PART_OF_SPEECH
gören	5	5.06	NOT_A_LEMMA
işleri	6	5.06	NOT_A_LEMMA
kişilik	7	5.06	ALSO_OTHER_PART_OF_SPEECH
modern	6	5.06	NOT_A_NOUN
mutlaka	7	5.06	NOT_A_NOUN
nereye	6	5.06	NOT_A_LEMMA
olamaz	6	5.06	NOT_A_NOUN
sarı	4	5.06	ALSO_OTHER_PART_OF_SPEECH
savunma	7	5.06	VERB_FORM
yolunda	7	5.06	NOT_A_LEMMA
adana	5	5.05	NOT_A_LEMMA
akıllı	6	5.05	NOT_A_LEMMA
alman	5	5.05	NOT_A_LEMMA
alınan	6	5.05	NOT_A_LEMMA
araya	5	5.05	NOT_A_LEMMA
bırak	5	5.05	NOT_A_LEMMA
giren	5	5.05	NOT_A_LEMMA
kısmı	5	5.05	NOT_A_LEMMA
sonuna	6	5.05	NOT_A_LEMMA
yılmaz	6	5.05	NOT_A_NOUN
bakan	5	5.04	TOPIC:politics
başlar	6	5.04	NOT_A_LEMMA
başta	5	5.04	NOT_A_NOUN
bizden	6	5.04	NOT_A_LEMMA
dini	4	5.04	NOT_A_NOUN
eğitimi	7	5.04	NOT_A_LEMMA
haklı	5	5.04	NOT_A_LEMMA
isimli	6	5.04	NOT_A_LEMMA
kimin	5	5.04	NOT_A_LEMMA
kral	4	5.04	ALSO_OTHER_PART_OF_SPEECH
mevcut	6	5.04	ALSO_OTHER_PART_OF_SPEECH
murat	5	5.04	MANUAL_BLOCK
partisi	7	5.04	NOT_A_LEMMA
yerli	5	5.04	NOT_A_NOUN
çıkıyor	7	5.04	NOT_A_LEMMA
şeyleri	7	5.04	NOT_A_LEMMA
alıyor	6	5.03	NOT_A_LEMMA
araba	5	5.03	ALSO_OTHER_PART_OF_SPEECH
batı	4	5.03	ALSO_OTHER_PART_OF_SPEECH
birlik	6	5.03	ALSO_OTHER_PART_OF_SPEECH
dava	4	5.03	TOPIC:crime
elbette	7	5.03	NOT_A_NOUN
genelde	7	5.03	NOT_A_NOUN
girdi	5	5.03	VERB_FORM
güvenli	7	5.03	NOT_A_LEMMA
hayvan	6	5.03	ALSO_OTHER_PART_OF_SPEECH
kimseye	7	5.03	NOT_A_LEMMA
misiniz	7	5.03	NOT_A_LEMMA
nedeni	6	5.03	NOT_A_LEMMA
olduğum	7	5.03	NOT_A_LEMMA
sesi	4	5.03	NOT_A_LEMMA
sigara	6	5.03	TOPIC:tobacco
yazık	5	5.03	ALSO_OTHER_PART_OF_SPEECH
alarak	6	5.02	NOT_A_LEMMA
almaya	6	5.02	NOT_A_LEMMA
halkın	6	5.02	NOT_A_LEMMA
ortadan	7	5.02	NOT_A_LEMMA
oğlu	4	5.02	NOT_A_LEMMA
sessiz	6	5.02	ALSO_OTHER_PART_OF_SPEECH
verecek	7	5.02	VERB_FORM
verildi	7	5.02	NOT_A_LEMMA
yaşamak	7	5.02	NOT_A_NOUN
yerden	6	5.02	NOT_A_LEMMA
yoktu	5	5.02	NOT_A_LEMMA
önceden	7	5.02	NOT_A_NOUN
bilinen	7	5.01	NOT_A_NOUN
dilerim	7	5.01	NOT_A_LEMMA
hayata	6	5.01	NOT_A_LEMMA
ilginç	6	5.01	NOT_A_NOUN
ince	4	5.01	NOT_A_NOUN
koca	4	5.01	ALSO_OTHER_PART_OF_SPEECH
milyar	6	5.01	NOT_A_NOUN
olmayı	6	5.01	NOT_A_LEMMA
reklam	6	5.01	CIRCUMFLEX
yolda	5	5.01	NOT_A_LEMMA
önüne	5	5.01	NOT_A_LEMMA
şunu	4	5.01	NOT_A_LEMMA
annesi	6	5.00	NOT_A_LEMMA
buradan	7	5.00	NOT_A_LEMMA
darbe	5	5.00	TOPIC:politics
darbe	5	5.00	MANUAL_BLOCK
hakları	7	5.00	NOT_A_LEMMA
koruma	6	5.00	NOT_A_LEMMA
musun	5	5.00	NOT_A_LEMMA
saldırı	7	5.00	TOPIC:violence
yanına	6	5.00	NOT_A_LEMMA
yarı	4	5.00	ALSO_OTHER_PART_OF_SPEECH
yaşıyor	7	5.00	NOT_A_LEMMA
aşık	4	4.99	ALSO_OTHER_PART_OF_SPEECH
demir	5	4.99	ALSO_OTHER_PART_OF_SPEECH
etkisi	6	4.99	NOT_A_LEMMA
halinde	7	4.99	NOT_A_LEMMA
hayatın	7	4.99	NOT_A_LEMMA
herşey	6	4.99	MANUAL_BLOCK
iyice	5	4.99	NOT_A_LEMMA
kamu	4	4.99	ALSO_OTHER_PART_OF_SPEECH
kardeş	6	4.99	ALSO_OTHER_PART_OF_SPEECH
kendime	7	4.99	NOT_A_LEMMA
mısın	5	4.99	NOT_A_LEMMA
olmasın	7	4.99	NOT_A_LEMMA
olsaydı	7	4.99	NOT_A_LEMMA
sizden	6	4.99	NOT_A_LEMMA
çocuğun	7	4.99	NOT_A_LEMMA
adamlar	7	4.98	NOT_A_LEMMA
anlamı	6	4.98	NOT_A_LEMMA
aşağı	5	4.98	ALSO_OTHER_PART_OF_SPEECH
babam	5	4.98	NOT_A_LEMMA
cinsel	6	4.98	NOT_A_NOUN
dahi	4	4.98	ALSO_OTHER_PART_OF_SPEECH
derneği	7	4.98	NOT_A_LEMMA
diyerek	7	4.98	NOT_A_LEMMA
elinde	6	4.98	NOT_A_LEMMA
halkı	5	4.98	NOT_A_LEMMA
haydi	5	4.98	NOT_A_NOUN
hepimiz	7	4.98	NOT_A_LEMMA
herkesi	7	4.98	NOT_A_LEMMA
iken	4	4.98	ALSO_OTHER_PART_OF_SPEECH
katıldı	7	4.98	NOT_A_LEMMA
konuşma	7	4.98	NOT_A_LEMMA
kutsal	6	4.98	NOT_A_NOUN
kızın	5	4.98	NOT_A_LEMMA
sorumlu	7	4.98	NOT_A_NOUN
özgür	5	4.98	NOT_A_NOUN
ailesi	6	4.97	NOT_A_LEMMA
basın	5	4.97	VERB_FORM
belirli	7	4.97	NOT_A_NOUN
boyu	4	4.97	NOT_A_LEMMA
burası	6	4.97	NOT_A_LEMMA
bölgede	7	4.97	NOT_A_LEMMA
döndü	5	4.97	NOT_A_LEMMA
dönemi	6	4.97	NOT_A_LEMMA
kişiye	6	4.97	NOT_A_LEMMA
komik	5	4.97	ALSO_OTHER_PART_OF_SPEECH
sağlam	6	4.97	NOT_A_NOUN
sivil	5	4.97	ALSO_OTHER_PART_OF_SPEECH
siyaset	7	4.97	TOPIC:politics
sorunu	6	4.97	NOT_A_LEMMA
yaptık	6	4.97	NOT_A_LEMMA
yapımı	6	4.97	NOT_A_LEMMA
bırakın	7	4.96	NOT_A_LEMMA
dili	4	4.96	NOT_A_LEMMA
eskiden	7	4.96	NOT_A_NOUN
insanı	6	4.96	NOT_A_LEMMA
kayıt	5	4.96	VERB_FORM
kurban	6	4.96	ALSO_OTHER_PART_OF_SPEECH
saçma	5	4.96	ALSO_OTHER_PART_OF_SPEECH
varmış	6	4.96	NOT_A_LEMMA
yaparak	7	4.96	NOT_A_LEMMA
örgütü	6	4.96	NOT_A_LEMMA
attı	4	4.95	NOT_A_LEMMA
burda	5	4.95	NOT_A_LEMMA
ederiz	6	4.95	NOT_A_LEMMA
görevi	6	4.95	NOT_A_LEMMA
meclis	6	4.95	TOPIC:politics
okula	5	4.95	NOT_A_LEMMA
okulu	5	4.95	NOT_A_LEMMA
olurdu	6	4.95	NOT_A_LEMMA
sesini	6	4.95	NOT_A_LEMMA
söyle	5	4.95	NOT_A_LEMMA
yapılır	7	4.95	NOT_A_LEMMA
çıkıp	5	4.95	NOT_A_LEMMA
adayı	5	4.94	NOT_A_LEMMA
başı	4	4.94	NOT_A_LEMMA
bizler	6	4.94	NOT_A_LEMMA
etkili	6	4.94	NOT_A_LEMMA
ettik	5	4.94	NOT_A_LEMMA
geçer	5	4.94	ALSO_OTHER_PART_OF_SPEECH
kalmış	6	4.94	NOT_A_LEMMA
metin	5	4.94	ALSO_OTHER_PART_OF_SPEECH
onunla	6	4.94	NOT_A_LEMMA
recep	5	4.94	MANUAL_BLOCK
sakın	5	4.94	NOT_A_NOUN
sekiz	5	4.94	NOT_A_NOUN
tarihli	7	4.94	NOT_A_LEMMA
taşıyan	7	4.94	NOT_A_LEMMA
tepki	5	4.94	VERB_FORM
ufak	4	4.94	NOT_A_NOUN
unutma	6	4.94	NOT_A_LEMMA
yakında	7	4.94	NOT_A_NOUN
çıkış	5	4.94	VERB_FORM
şehit	5	4.94	MANUAL_BLOCK
alacak	6	4.93	VERB_FORM
denir	5	4.93	NOT_A_LEMMA
devleti	7	4.93	NOT_A_LEMMA
dünyayı	7	4.93	NOT_A_LEMMA
dışarı	6	4.93	ALSO_OTHER_PART_OF_SPEECH
evinde	6	4.93	NOT_A_LEMMA
hani	4	4.93	ALSO_OTHER_PART_OF_SPEECH
hepsini	7	4.93	NOT_A_LEMMA
ikisi	5	4.93	NOT_A_LEMMA
içeren	6	4.93	NOT_A_LEMMA
memnun	6	4.93	NOT_A_NOUN
silahlı	7	4.93	NOT_A_LEMMA
verme	5	4.93	NOT_A_LEMMA
yapın	5	4.93	NOT_A_LEMMA
yaşlı	5	4.93	NOT_A_LEMMA
çabuk	5	4.93	NOT_A_NOUN
çıkmış	6	4.93	NOT_A_LEMMA
üstünde	7	4.93	NOT_A_LEMMA
şirketi	7	4.93	NOT_A_LEMMA
amacı	5	4.92	NOT_A_LEMMA
aziz	4	4.92	ALSO_OTHER_PART_OF_SPEECH
azından	7	4.92	NOT_A_LEMMA
geldik	6	4.92	NOT_A_LEMMA
geldim	6	4.92	NOT_A_LEMMA
getirdi	7	4.92	NOT_A_LEMMA
istedi	6	4.92	NOT_A_LEMMA
istedim	7	4.92	NOT_A_LEMMA
kadını	6	4.92	NOT_A_LEMMA
kurulan	7	4.92	NOT_A_LEMMA
kızım	5	4.92	NOT_A_LEMMA
olayı	5	4.92	NOT_A_LEMMA
savaşı	6	4.92	NOT_A_LEMMA
sağlar	6	4.92	NOT_A_LEMMA
sürece	6	4.92	NOT_A_LEMMA
yapalım	7	4.92	NOT_A_LEMMA
yukarı	6	4.92	ALSO_OTHER_PART_OF_SPEECH
alma	4	4.91	NOT_A_LEMMA
arama	5	4.91	NOT_A_LEMMA
değişik	7	4.91	ALSO_OTHER_PART_OF_SPEECH
düşen	5	4.91	NOT_A_LEMMA
düştü	5	4.91	NOT_A_LEMMA
kavga	5	4.91	TOPIC:violence
mısınız	7	4.91	NOT_A_LEMMA
tanrı	5	4.91	TOPIC:religion
tanrı	5	4.91	MANUAL_BLOCK
verdim	6	4.91	NOT_A_LEMMA
bilmem	6	4.90	NOT_A_LEMMA
birer	5	4.90	NOT_A_NOUN
garip	5	4.90	NOT_A_NOUN
gazi	4	4.90	TOPIC:violence
geçici	6	4.90	ALSO_OTHER_PART_OF_SPEECH
geçiyor	7	4.90	NOT_A_LEMMA
haberi	6	4.90	NOT_A_LEMMA
halka	5	4.90	ALSO_OTHER_PART_OF_SPEECH
herşeyi	7	4.90	NOT_A_LEMMA
kalmadı	7	4.90	NOT_A_LEMMA
kayıp	5	4.90	ALSO_OTHER_PART_OF_SPEECH
lideri	6	4.90	NOT_A_LEMMA
maçında	7	4.90	NOT_A_LEMMA
orospu	6	4.90	MANUAL_BLOCK
sahte	5	4.90	NOT_A_NOUN
seksi	5	4.90	NOT_A_NOUN
seri	4	4.90	ALSO_OTHER_PART_OF_SPEECH
suyu	4	4.90	NOT_A_LEMMA
yaşar	5	4.90	NOT_A_LEMMA
zeki	4	4.90	NOT_A_NOUN
üyeleri	7	4.90	NOT_A_LEMMA
şehrin	6	4.90	NOT_A_LEMMA
bizimle	7	4.89	NOT_A_LEMMA
biçimde	7	4.89	NOT_A_LEMMA
derken	6	4.89	NOT_A_NOUN
eksik	5	4.89	ALSO_OTHER_PART_OF_SPEECH
emekli	6	4.89	ALSO_OTHER_PART_OF_SPEECH
etmesi	6	4.89	NOT_A_LEMMA
gayet	5	4.89	ALSO_OTHER_PART_OF_SPEECH
gelince	7	4.89	NOT_A_LEMMA
geriye	6	4.89	NOT_A_LEMMA
hafif	5	4.89	NOT_A_NOUN
hakim	5	4.89	ALSO_OTHER_PART_OF_SPEECH
hükümet	7	4.89	TOPIC:politics
isterim	7	4.89	NOT_A_LEMMA
kaya	4	4.89	VERB_FORM
mezun	5	4.89	NOT_A_NOUN
oraya	5	4.89	NOT_A_LEMMA
söyler	6	4.89	NOT_A_LEMMA
ticari	6	4.89	ALSO_OTHER_PART_OF_SPEECH
vermiş	6	4.89	NOT_A_LEMMA
kimseyi	7	4.88	NOT_A_LEMMA
klasik	6	4.88	CIRCUMFLEX
yapıp	5	4.88	NOT_A_LEMMA
yazdı	5	4.88	NOT_A_LEMMA
şeker	5	4.88	ALSO_OTHER_PART_OF_SPEECH
bilen	5	4.87	NOT_A_LEMMA
bulmak	6	4.87	NOT_A_NOUN
bıraktı	7	4.87	NOT_A_LEMMA
düşman	6	4.87	ALSO_OTHER_PART_OF_SPEECH
eline	5	4.87	NOT_A_LEMMA
etmez	5	4.87	NOT_A_LEMMA
evden	5	4.87	NOT_A_LEMMA
evli	4	4.87	NOT_A_NOUN
intihar	7	4.87	TOPIC:death
intihar	7	4.87	MANUAL_BLOCK
kaza	4	4.87	VERB_FORM
kişiyi	6	4.87	NOT_A_LEMMA
mobil	5	4.87	ALSO_OTHER_PART_OF_SPEECH
oranı	5	4.87	NOT_A_LEMMA
projesi	7	4.87	NOT_A_LEMMA
süren	5	4.87	NOT_A_LEMMA
ters	4	4.87	ALSO_OTHER_PART_OF_SPEECH
çıkacak	7	4.87	VERB_FORM
adama	5	4.86	NOT_A_LEMMA
arap	4	4.86	ALSO_OTHER_PART_OF_SPEECH
biridir	7	4.86	NOT_A_LEMMA
dersin	6	4.86	NOT_A_LEMMA
değeri	6	4.86	NOT_A_LEMMA
değildi	7	4.86	NOT_A_LEMMA
dile	4	4.86	NOT_A_LEMMA
ederken	7	4.86	NOT_A_LEMMA
elini	5	4.86	NOT_A_LEMMA
ettiler	7	4.86	NOT_A_LEMMA
kalmak	6	4.86	NOT_A_NOUN
katılan	7	4.86	NOT_A_LEMMA
lider	5	4.86	ALSO_OTHER_PART_OF_SPEECH
mersin	6	4.86	MANUAL_BLOCK
müthiş	6	4.86	NOT_A_NOUN
oğlum	5	4.86	NOT_A_LEMMA
popüler	7	4.86	NOT_A_NOUN
tipi	4	4.86	MANUAL_BLOCK
vakti	5	4.86	NOT_A_LEMMA
yandan	6	4.86	NOT_A_LEMMA
yüce	4	4.86	NOT_A_NOUN
akıl	4	4.85	VERB_FORM
alanda	6	4.85	NOT_A_LEMMA
buldum	6	4.85	NOT_A_LEMMA
diyen	5	4.85	NOT_A_LEMMA
edelim	6	4.85	NOT_A_LEMMA
ekibi	5	4.85	NOT_A_LEMMA
elinden	7	4.85	INFLECTED_FORM
eşit	4	4.85	NOT_A_NOUN
fena	4	4.85	ALSO_OTHER_PART_OF_SPEECH
geldiği	7	4.85	NOT_A_LEMMA
hızla	5	4.85	NOT_A_NOUN
kaynağı	7	4.85	NOT_A_LEMMA
kazanan	7	4.85	NOT_A_LEMMA
metal	5	4.85	ALSO_OTHER_PART_OF_SPEECH
olunca	6	4.85	NOT_A_LEMMA
sabit	5	4.85	ALSO_OTHER_PART_OF_SPEECH
saniye	6	4.85	ALSO_OTHER_PART_OF_SPEECH
sözü	4	4.85	NOT_A_LEMMA
sınır	5	4.85	VERB_FORM
usta	4	4.85	ALSO_OTHER_PART_OF_SPEECH
şehri	5	4.85	NOT_A_LEMMA
aklıma	6	4.84	NOT_A_LEMMA
anlaşma	7	4.84	VERB_FORM
bizde	5	4.84	NOT_A_LEMMA
bugünkü	7	4.84	NOT_A_LEMMA
cidden	6	4.84	NOT_A_NOUN
değiliz	7	4.84	NOT_A_LEMMA
düğün	5	4.84	VERB_FORM
gitsin	6	4.84	NOT_A_LEMMA
hanım	5	4.84	ALSO_OTHER_PART_OF_SPEECH
hariç	5	4.84	ALSO_OTHER_PART_OF_SPEECH
ilaç	4	4.84	CIRCUMFLEX
ilişkin	7	4.84	NOT_A_NOUN
iyisi	5	4.84	NOT_A_LEMMA
içinden	7	4.84	NOT_A_LEMMA
kulübü	6	4.84	NOT_A_LEMMA
ligi	4	4.84	NOT_A_LEMMA
müdürü	6	4.84	NOT_A_LEMMA
ortada	6	4.84	NOT_A_LEMMA
saatte	6	4.84	NOT_A_LEMMA
sakin	5	4.84	NOT_A_NOUN
yasal	5	4.84	NOT_A_NOUN
yaşanan	7	4.84	NOT_A_LEMMA
önemi	5	4.84	NOT_A_LEMMA
şeyden	6	4.84	NOT_A_LEMMA
aylık	5	4.83	ALSO_OTHER_PART_OF_SPEECH
aşağıda	7	4.83	NOT_A_LEMMA
bakış	5	4.83	VERB_FORM
buldu	5	4.83	NOT_A_LEMMA
bölgesi	7	4.83	NOT_A_LEMMA
düzenli	7	4.83	NOT_A_NOUN
etmeyin	7	4.83	NOT_A_LEMMA
evine	5	4.83	NOT_A_LEMMA
güne	4	4.83	NOT_A_LEMMA
imam	4	4.83	TOPIC:religion
imam	4	4.83	MANUAL_BLOCK
katı	4	4.83	ALSO_OTHER_PART_OF_SPEECH
korumak	7	4.83	NOT_A_NOUN
neyi	4	4.83	NOT_A_LEMMA
odası	5	4.83	NOT_A_LEMMA
olanı	5	4.83	NOT_A_LEMMA
olmuyor	7	4.83	NOT_A_LEMMA
paşa	4	4.83	ALSO_OTHER_PART_OF_SPEECH
renkli	6	4.83	NOT_A_LEMMA
sayılı	6	4.83	NOT_A_NOUN
sensin	6	4.83	NOT_A_LEMMA
sözleri	7	4.83	NOT_A_LEMMA
adil	4	4.82	NOT_A_NOUN
aşkın	5	4.82	NOT_A_NOUN
bedava	6	4.82	NOT_A_NOUN
bomba	5	4.82	TOPIC:weapons
bomba	5	4.82	MANUAL_BLOCK
budur	5	4.82	NOT_A_LEMMA
dokuz	5	4.82	NOT_A_NOUN
evin	4	4.82	INFLECTED_FORM
gördü	5	4.82	NOT_A_LEMMA
kime	4	4.82	NOT_A_LEMMA
lisesi	6	4.82	NOT_A_LEMMA
parlak	6	4.82	NOT_A_NOUN
resmen	6	4.82	NOT_A_NOUN
sinir	5	4.82	ALSO_OTHER_PART_OF_SPEECH
ucuz	4	4.82	NOT_A_NOUN
yasa	4	4.82	VERB_FORM
aldık	5	4.81	NOT_A_LEMMA
bugüne	6	4.81	NOT_A_LEMMA
bulunur	7	4.81	NOT_A_LEMMA
daima	5	4.81	NOT_A_NOUN
düşünce	7	4.81	VERB_FORM
ekmek	5	4.81	ALSO_OTHER_PART_OF_SPEECH
ermeni	6	4.81	NOT_A_LEMMA
farkı	5	4.81	NOT_A_LEMMA
hakan	5	4.81	MANUAL_BLOCK
halen	5	4.81	NOT_A_NOUN
idari	5	4.81	CIRCUMFLEX
ismini	6	4.81	NOT_A_LEMMA
kalın	5	4.81	ALSO_OTHER_PART_OF_SPEECH
küresel	7	4.81	NOT_A_NOUN
maçta	5	4.81	NOT_A_LEMMA
olası	5	4.81	NOT_A_NOUN
olmanın	7	4.81	NOT_A_LEMMA
sizinle	7	4.81	NOT_A_LEMMA
yanımda	7	4.81	NOT_A_LEMMA
yapısı	6	4.81	NOT_A_LEMMA
zamanla	7	4.81	NOT_A_LEMMA
zayıf	5	4.81	ALSO_OTHER_PART_OF_SPEECH
üstü	4	4.81	NOT_A_LEMMA
aman	4	4.80	NOT_A_NOUN
anladım	7	4.80	NOT_A_LEMMA
anında	6	4.80	NOT_A_NOUN
atan	4	4.80	NOT_A_LEMMA
ayakta	6	4.80	NOT_A_NOUN
baştan	6	4.80	NOT_A_NOUN
bunlara	7	4.80	NOT_A_LEMMA
dijital	7	4.80	ALSO_OTHER_PART_OF_SPEECH
emre	4	4.80	NOT_A_LEMMA
gelmez	6	4.80	NOT_A_LEMMA
gerçeği	7	4.80	NOT_A_LEMMA
giderek	7	4.80	NOT_A_NOUN
hali	4	4.80	NOT_A_LEMMA
ilçesi	6	4.80	NOT_A_LEMMA
kalır	5	4.80	NOT_A_LEMMA
kazandı	7	4.80	NOT_A_LEMMA
lanet	5	4.80	ALSO_OTHER_PART_OF_SPEECH
olmasa	6	4.80	NOT_A_LEMMA
oysa	4	4.80	NOT_A_NOUN
salak	5	4.80	NOT_A_NOUN
samsun	6	4.80	MANUAL_BLOCK
sever	5	4.80	NOT_A_NOUN
toplu	5	4.80	NOT_A_NOUN
verilir	7	4.80	NOT_A_LEMMA
vermeye	7	4.80	NOT_A_LEMMA
yapmayı	7	4.80	NOT_A_LEMMA
yoluyla	7	4.80	NOT_A_NOUN
çekti	5	4.80	NOT_A_LEMMA
ödeme	5	4.80	NOT_A_LEMMA
önde	4	4.80	NOT_A_LEMMA
aracı	5	4.79	ALSO_OTHER_PART_OF_SPEECH
açıldı	6	4.79	NOT_A_LEMMA
dersi	5	4.79	NOT_A_LEMMA
desteği	7	4.79	NOT_A_LEMMA
doğa	4	4.79	VERB_FORM
düzgün	6	4.79	ALSO_OTHER_PART_OF_SPEECH
etki	4	4.79	VERB_FORM
eşlik	5	4.79	NOT_A_LEMMA
gençler	7	4.79	NOT_A_LEMMA
geride	6	4.79	NOT_A_LEMMA
geçiş	5	4.79	NOT_A_LEMMA
gidecek	7	4.79	NOT_A_LEMMA
girip	5	4.79	NOT_A_LEMMA
görünce	7	4.79	NOT_A_LEMMA
iyidir	6	4.79	NOT_A_LEMMA
konuyu	6	4.79	NOT_A_LEMMA
neyin	5	4.79	NOT_A_LEMMA
noktası	7	4.79	NOT_A_LEMMA
oturup	6	4.79	NOT_A_LEMMA
sizde	5	4.79	NOT_A_LEMMA
sıradan	7	4.79	NOT_A_NOUN
yüzünü	6	4.79	NOT_A_LEMMA
çeken	5	4.79	NOT_A_LEMMA
çeşit	5	4.79	ALSO_OTHER_PART_OF_SPEECH
ırak	4	4.79	ALSO_OTHER_PART_OF_SPEECH
bırakıp	7	4.78	NOT_A_LEMMA
dost	4	4.78	ALSO_OTHER_PART_OF_SPEECH
duruma	6	4.78	NOT_A_LEMMA
efendi	6	4.78	ALSO_OTHER_PART_OF_SPEECH
etmeyi	6	4.78	NOT_A_LEMMA
gecesi	6	4.78	NOT_A_LEMMA
iyilik	6	4.78	NOT_A_LEMMA
izlemek	7	4.78	NOT_A_NOUN
kaldım	6	4.78	NOT_A_LEMMA
kardeşi	7	4.78	NOT_A_LEMMA
kocaman	7	4.78	NOT_A_NOUN
köyü	4	4.78	NOT_A_LEMMA
miyim	5	4.78	NOT_A_LEMMA
nereden	7	4.78	NOT_A_LEMMA
neye	4	4.78	NOT_A_LEMMA
oranda	6	4.78	NOT_A_LEMMA
paralel	7	4.78	ALSO_OTHER_PART_OF_SPEECH
sonuçta	7	4.78	NOT_A_LEMMA
sürede	6	4.78	NOT_A_LEMMA
süredir	7	4.78	NOT_A_LEMMA
yolunu	6	4.78	NOT_A_LEMMA
zamana	6	4.78	NOT_A_LEMMA
üretimi	7	4.78	NOT_A_LEMMA
dizisi	6	4.77	NOT_A_LEMMA
dönüş	5	4.77	NOT_A_LEMMA
ekip	4	4.77	VERB_FORM
görülen	7	4.77	NOT_A_LEMMA
günleri	7	4.77	NOT_A_LEMMA
hayatım	7	4.77	NOT_A_LEMMA
hele	4	4.77	NOT_A_NOUN
hikaye	6	4.77	CIRCUMFLEX
kamera	6	4.77	ALSO_OTHER_PART_OF_SPEECH
kartı	5	4.77	NOT_A_LEMMA
listesi	7	4.77	NOT_A_LEMMA
masum	5	4.77	ALSO_OTHER_PART_OF_SPEECH
modeli	6	4.77	NOT_A_LEMMA
nükleer	7	4.77	NOT_A_NOUN
olumlu	6	4.77	NOT_A_NOUN
olurum	6	4.77	NOT_A_LEMMA
planı	5	4.77	NOT_A_LEMMA
pozitif	7	4.77	NOT_A_NOUN
saati	5	4.77	NOT_A_LEMMA
sanatçı	7	4.77	NOT_A_LEMMA
sevdim	6	4.77	NOT_A_LEMMA
severim	7	4.77	NOT_A_LEMMA
siktir	6	4.77	NOT_A_LEMMA
sürü	4	4.77	VERB_FORM
sırf	4	4.77	NOT_A_NOUN
yaygın	6	4.77	NOT_A_NOUN
yazıyor	7	4.77	NOT_A_LEMMA
çalıştı	7	4.77	NOT_A_LEMMA
çekici	6	4.77	ALSO_OTHER_PART_OF_SPEECH
ölümü	5	4.77	NOT_A_LEMMA
şehirde	7	4.77	NOT_A_LEMMA
anlamda	7	4.76	NOT_A_LEMMA
attığı	6	4.76	NOT_A_LEMMA
açılan	6	4.76	NOT_A_LEMMA
ağaç	4	4.76	ALSO_OTHER_PART_OF_SPEECH
dostum	6	4.76	NOT_A_LEMMA
kalma	5	4.76	NOT_A_LEMMA
mahkeme	7	4.76	TOPIC:crime
olduk	5	4.76	NOT_A_LEMMA
olmuştu	7	4.76	NOT_A_LEMMA
satış	5	4.76	VERB_FORM
vali	4	4.76	TOPIC:politics
yarısı	6	4.76	NOT_A_LEMMA
çelik	5	4.76	ALSO_OTHER_PART_OF_SPEECH
ölen	4	4.76	NOT_A_LEMMA
açıdan	6	4.75	NOT_A_LEMMA
ağrı	4	4.75	TOPIC:disease
cami	4	4.75	ALSO_OTHER_PART_OF_SPEECH
dinle	5	4.75	NOT_A_LEMMA
esas	4	4.75	ALSO_OTHER_PART_OF_SPEECH
eser	4	4.75	VERB_FORM
gidin	5	4.75	NOT_A_LEMMA
göze	4	4.75	VERB_FORM
ikili	5	4.75	NOT_A_LEMMA
kanun	5	4.75	CIRCUMFLEX
memur	5	4.75	ALSO_OTHER_PART_OF_SPEECH
okulda	6	4.75	NOT_A_LEMMA
olaylar	7	4.75	NOT_A_LEMMA
olmazsa	7	4.75	NOT_A_LEMMA
olsam	5	4.75	NOT_A_LEMMA
servisi	7	4.75	NOT_A_LEMMA
sizler	6	4.75	NOT_A_LEMMA
sıkı	4	4.75	ALSO_OTHER_PART_OF_SPEECH
tarafı	6	4.75	NOT_A_LEMMA
yangın	6	4.75	ALSO_OTHER_PART_OF_SPEECH
yönünde	7	4.75	NOT_A_LEMMA
ülkeye	6	4.75	NOT_A_LEMMA
adında	6	4.74	NOT_A_LEMMA
ailenin	7	4.74	NOT_A_LEMMA
aksine	6	4.74	NOT_A_NOUN
açtı	4	4.74	NOT_A_LEMMA
başa	4	4.74	NOT_A_LEMMA
bebeğim	7	4.74	NOT_A_LEMMA
düşün	5	4.74	VERB_FORM
filmin	6	4.74	NOT_A_LEMMA
gezi	4	4.74	ALSO_OTHER_PART_OF_SPEECH
geçerli	7	4.74	NOT_A_NOUN
gitme	5	4.74	NOT_A_LEMMA
gücünü	6	4.74	NOT_A_LEMMA
günden	6	4.74	NOT_A_LEMMA
insana	6	4.74	NOT_A_LEMMA
içeri	5	4.74	ALSO_OTHER_PART_OF_SPEECH
konuşan	7	4.74	NOT_A_LEMMA
kuran	5	4.74	NOT_A_LEMMA
madem	5	4.74	NOT_A_NOUN
topu	4	4.74	NOT_A_NOUN
tıbbi	5	4.74	CIRCUMFLEX
verici	6	4.74	VERB_FORM
yerin	5	4.74	NOT_A_LEMMA
yolun	5	4.74	NOT_A_LEMMA
üstelik	7	4.74	ALSO_OTHER_PART_OF_SPEECH
üstün	5	4.74	ALSO_OTHER_PART_OF_SPEECH
anahtar	7	4.73	ALSO_OTHER_PART_OF_SPEECH
arasına	7	4.73	NOT_A_LEMMA
bilmek	6	4.73	NOT_A_NOUN
cesur	5	4.73	NOT_A_NOUN
döner	5	4.73	ALSO_OTHER_PART_OF_SPEECH
getiren	7	4.73	NOT_A_LEMMA
gittim	6	4.73	NOT_A_LEMMA
hacı	4	4.73	MANUAL_BLOCK
hakkını	7	4.73	NOT_A_LEMMA
idam	4	4.73	TOPIC:death
idam	4	4.73	MANUAL_BLOCK
iktidar	7	4.73	TOPIC:politics
işgal	5	4.73	TOPIC:violence
işini	5	4.73	NOT_A_LEMMA
kadına	6	4.73	NOT_A_LEMMA
kupa	4	4.73	ALSO_OTHER_PART_OF_SPEECH
kurt	4	4.73	ALSO_OTHER_PART_OF_SPEECH
maruz	5	4.73	NOT_A_NOUN
oradan	6	4.73	NOT_A_LEMMA
rüzgar	6	4.73	CIRCUMFLEX
seviyor	7	4.73	NOT_A_LEMMA
süreci	6	4.73	NOT_A_LEMMA
tanesi	6	4.73	NOT_A_LEMMA
verdik	6	4.73	NOT_A_LEMMA
yavuz	5	4.73	NOT_A_NOUN
yazan	5	4.73	NOT_A_LEMMA
yerleri	7	4.73	NOT_A_LEMMA
yirmi	5	4.73	NOT_A_NOUN
şiddet	6	4.73	TOPIC:violence
amaçlı	6	4.72	NOT_A_LEMMA
bakma	5	4.72	NOT_A_LEMMA
bankası	7	4.72	NOT_A_LEMMA
benzeri	7	4.72	ALSO_OTHER_PART_OF_SPEECH
dediği	6	4.72	NOT_A_LEMMA
denilen	7	4.72	NOT_A_LEMMA
diyelim	7	4.72	NOT_A_LEMMA
emri	4	4.72	NOT_A_LEMMA
gibidir	7	4.72	NOT_A_LEMMA
göreve	6	4.72	NOT_A_LEMMA
gözden	6	4.72	NOT_A_LEMMA
ihanet	6	4.72	TOPIC:crime
işten	5	4.72	NOT_A_LEMMA
kayseri	7	4.72	NOT_A_LEMMA
koyun	5	4.72	VERB_FORM
kusura	6	4.72	NOT_A_LEMMA
kısmını	7	4.72	NOT_A_LEMMA
meclisi	7	4.72	NOT_A_LEMMA
selim	5	4.72	NOT_A_NOUN
seven	5	4.72	NOT_A_LEMMA
sizce	5	4.72	NOT_A_LEMMA
vakfı	5	4.72	NOT_A_LEMMA
yasak	5	4.72	ALSO_OTHER_PART_OF_SPEECH
yerler	6	4.72	NOT_A_LEMMA
yoluna	6	4.72	NOT_A_LEMMA
yüzüne	6	4.72	NOT_A_LEMMA
çıkmak	6	4.72	NOT_A_NOUN
ölçüde	6	4.72	NOT_A_LEMMA
şükür	5	4.72	TOPIC:religion
anlamak	7	4.71	NOT_A_NOUN
aptal	5	4.71	NOT_A_NOUN
ayağa	5	4.71	NOT_A_LEMMA
açıkça	6	4.71	NOT_A_LEMMA
başıma	6	4.71	NOT_A_LEMMA
başını	6	4.71	NOT_A_LEMMA
cezası	6	4.71	NOT_A_LEMMA
deme	4	4.71	VERB_FORM
denize	6	4.71	NOT_A_LEMMA
duruyor	7	4.71	NOT_A_LEMMA
dönüp	5	4.71	NOT_A_LEMMA
efendim	7	4.71	NOT_A_NOUN
ettiğim	7	4.71	NOT_A_LEMMA
geleni	6	4.71	VERB_FORM
gümüş	5	4.71	ALSO_OTHER_PART_OF_SPEECH
gündüz	6	4.71	ALSO_OTHER_PART_OF_SPEECH
hangisi	7	4.71	NOT_A_LEMMA
hapis	5	4.71	ALSO_OTHER_PART_OF_SPEECH
hayırlı	7	4.71	NOT_A_LEMMA
indir	5	4.71	NOT_A_LEMMA
kalsın	6	4.71	NOT_A_LEMMA
kuru	4	4.71	ALSO_OTHER_PART_OF_SPEECH
kurumu	6	4.71	NOT_A_LEMMA
parayı	6	4.71	NOT_A_LEMMA
takımın	7	4.71	NOT_A_LEMMA
türü	4	4.71	NOT_A_LEMMA
tıpkı	5	4.71	ALSO_OTHER_PART_OF_SPEECH
yerlere	7	4.71	NOT_A_LEMMA
yolları	7	4.71	NOT_A_LEMMA
yüzü	4	4.71	NOT_A_LEMMA
çalışır	7	4.71	NOT_A_LEMMA
ürün	4	4.71	VERB_FORM
anlatan	7	4.70	NOT_A_LEMMA
bilet	5	4.70	VERB_FORM
dediğim	7	4.70	NOT_A_LEMMA
dergisi	7	4.70	NOT_A_LEMMA
diğeri	6	4.70	NOT_A_NOUN
dürüst	6	4.70	NOT_A_NOUN
ekran	5	4.70	VERB_FORM
eren	4	4.70	VERB_FORM
fikri	5	4.70	NOT_A_NOUN
gelmek	6	4.70	NOT_A_NOUN
gene	4	4.70	NOT_A_NOUN
hizmeti	7	4.70	NOT_A_LEMMA
kart	4	4.70	ALSO_OTHER_PART_OF_SPEECH
kısaca	6	4.70	NOT_A_LEMMA
oldun	5	4.70	NOT_A_LEMMA
olduğun	7	4.70	NOT_A_LEMMA
siyasal	7	4.70	NOT_A_NOUN
sözler	6	4.70	NOT_A_LEMMA
sıfır	5	4.70	NOT_A_NOUN
tarzı	5	4.70	NOT_A_LEMMA
uzaktan	7	4.70	NOT_A_NOUN
uçuş	4	4.70	NOT_A_LEMMA
varken	6	4.70	NOT_A_LEMMA
yarar	5	4.70	ALSO_OTHER_PART_OF_SPEECH
yazılı	6	4.70	ALSO_OTHER_PART_OF_SPEECH
yılının	7	4.70	NOT_A_LEMMA
çoktan	6	4.70	NOT_A_LEMMA
ödülü	5	4.70	NOT_A_LEMMA
şeytan	6	4.70	ALSO_OTHER_PART_OF_SPEECH
şikayet	7	4.70	CIRCUMFLEX
bahar	5	4.69	ALSO_OTHER_PART_OF_SPEECH
bakmak	6	4.69	NOT_A_NOUN
boşa	4	4.69	NOT_A_LEMMA
dediler	7	4.69	NOT_A_LEMMA
dışına	6	4.69	NOT_A_LEMMA
edici	5	4.69	NOT_A_LEMMA
fazlası	7	4.69	NOT_A_LEMMA
filan	5	4.69	ALSO_OTHER_PART_OF_SPEECH
hocam	5	4.69	NOT_A_LEMMA
inan	4	4.69	VERB_FORM
kafayı	6	4.69	NOT_A_LEMMA
karısı	6	4.69	NOT_A_LEMMA
kendim	6	4.69	NOT_A_LEMMA
kurşun	6	4.69	ALSO_OTHER_PART_OF_SPEECH
kılıç	5	4.69	TOPIC:weapons
mesajı	6	4.69	NOT_A_LEMMA
orda	4	4.69	MANUAL_BLOCK
oyunun	6	4.69	NOT_A_LEMMA
yaparım	7	4.69	NOT_A_LEMMA
yaralı	6	4.69	NOT_A_LEMMA
yunan	5	4.69	NOT_A_LEMMA
çirkin	6	4.69	NOT_A_NOUN
çıkardı	7	4.69	NOT_A_LEMMA
çıktığı	7	4.69	NOT_A_LEMMA
ülkeler	7	4.69	NOT_A_LEMMA
şair	4	4.69	ALSO_OTHER_PART_OF_SPEECH
bayrağı	7	4.68	NOT_A_LEMMA
cevabı	6	4.68	NOT_A_LEMMA
denk	4	4.68	ALSO_OTHER_PART_OF_SPEECH
doğrusu	7	4.68	NOT_A_NOUN
gecenin	7	4.68	NOT_A_LEMMA
girmek	6	4.68	NOT_A_NOUN
görüyor	7	4.68	NOT_A_LEMMA
gününde	7	4.68	NOT_A_LEMMA
işine	5	4.68	NOT_A_LEMMA
kalacak	7	4.68	NOT_A_LEMMA
kalıyor	7	4.68	NOT_A_LEMMA
kartal	6	4.68	VERB_FORM
katil	5	4.68	ALSO_OTHER_PART_OF_SPEECH
moda	4	4.68	ALSO_OTHER_PART_OF_SPEECH
okuma	5	4.68	NOT_A_LEMMA
parası	6	4.68	NOT_A_LEMMA
problem	7	4.68	ALSO_OTHER_PART_OF_SPEECH
seçimi	6	4.68	NOT_A_LEMMA
sonsuz	6	4.68	ALSO_OTHER_PART_OF_SPEECH
tutan	5	4.68	NOT_A_LEMMA
valisi	6	4.68	NOT_A_LEMMA
vefat	5	4.68	TOPIC:death
yazdığı	7	4.68	NOT_A_LEMMA
yılları	7	4.68	NOT_A_LEMMA
zorla	5	4.68	NOT_A_NOUN
çekiyor	7	4.68	NOT_A_LEMMA
çekmek	6	4.68	NOT_A_NOUN
aldığım	7	4.67	NOT_A_LEMMA
açan	4	4.67	NOT_A_LEMMA
baktım	6	4.67	NOT_A_LEMMA
bölgeye	7	4.67	NOT_A_LEMMA
canını	6	4.67	NOT_A_LEMMA
dönemin	7	4.67	NOT_A_LEMMA
eminim	6	4.67	NOT_A_LEMMA
gözleri	7	4.67	NOT_A_LEMMA
güncel	6	4.67	NOT_A_NOUN
günümüz	7	4.67	NOT_A_LEMMA
haftada	7	4.67	NOT_A_LEMMA
hesabı	6	4.67	NOT_A_LEMMA
kuruluş	7	4.67	VERB_FORM
maddesi	7	4.67	NOT_A_LEMMA
minik	5	4.67	NOT_A_NOUN
pahalı	6	4.67	NOT_A_NOUN
peşinde	7	4.67	NOT_A_LEMMA
roma	4	4.67	NOT_A_LEMMA
süresi	6	4.67	NOT_A_LEMMA
tarihte	7	4.67	NOT_A_LEMMA
yargı	5	4.67	TOPIC:crime
yemeği	6	4.67	NOT_A_LEMMA
yoldan	6	4.67	NOT_A_LEMMA
yumurta	7	4.67	VERB_FORM
çocuğa	6	4.67	NOT_A_LEMMA
şansı	5	4.67	NOT_A_LEMMA
anlar	5	4.66	NOT_A_LEMMA
arayan	6	4.66	NOT_A_LEMMA
atmak	5	4.66	NOT_A_NOUN
denen	5	4.66	NOT_A_LEMMA
derler	6	4.66	NOT_A_LEMMA
değilse	7	4.66	NOT_A_LEMMA
gelsin	6	4.66	NOT_A_LEMMA
girer	5	4.66	NOT_A_LEMMA
görür	5	4.66	NOT_A_LEMMA
hattı	5	4.66	NOT_A_LEMMA
hepiniz	7	4.66	NOT_A_LEMMA
karışık	7	4.66	NOT_A_NOUN
keskin	6	4.66	NOT_A_NOUN
krizi	5	4.66	NOT_A_LEMMA
maçın	5	4.66	NOT_A_LEMMA
müziği	6	4.66	NOT_A_LEMMA
olmam	5	4.66	NOT_A_LEMMA
olumsuz	7	4.66	NOT_A_NOUN
olursun	7	4.66	NOT_A_LEMMA
oyuna	5	4.66	NOT_A_LEMMA
parmak	6	4.66	ALSO_OTHER_PART_OF_SPEECH
satışı	6	4.66	NOT_A_LEMMA
sezonu	6	4.66	NOT_A_LEMMA
sürdü	5	4.66	NOT_A_LEMMA
zira	4	4.66	NOT_A_NOUN
çekip	5	4.66	NOT_A_LEMMA
şarkısı	7	4.66	NOT_A_LEMMA
şarkıyı	7	4.66	NOT_A_LEMMA
şimdiye	7	4.66	NOT_A_LEMMA
alkol	5	4.65	TOPIC:alcohol
ayda	4	4.65	NOT_A_LEMMA
biriyle	7	4.65	NOT_A_LEMMA
devre	5	4.65	ALSO_OTHER_PART_OF_SPEECH
duran	5	4.65	NOT_A_LEMMA
ederler	7	4.65	NOT_A_LEMMA
etsin	5	4.65	NOT_A_LEMMA
gelmedi	7	4.65	NOT_A_LEMMA
getirir	7	4.65	NOT_A_LEMMA
geçirdi	7	4.65	NOT_A_LEMMA
gördüğü	7	4.65	NOT_A_LEMMA
görüş	5	4.65	VERB_FORM
gözü	4	4.65	NOT_A_LEMMA
gündür	6	4.65	NOT_A_LEMMA
isyan	5	4.65	TOPIC:violence
karşıya	7	4.65	NOT_A_LEMMA
kıza	4	4.65	NOT_A_LEMMA
oynayan	7	4.65	NOT_A_LEMMA
oyunlar	7	4.65	NOT_A_LEMMA
rengi	5	4.65	NOT_A_LEMMA
salonu	6	4.65	NOT_A_LEMMA
suya	4	4.65	NOT_A_LEMMA
suçu	4	4.65	NOT_A_LEMMA
sınırlı	7	4.65	NOT_A_LEMMA
tecavüz	7	4.65	MANUAL_BLOCK
yapması	7	4.65	NOT_A_LEMMA
yumuşak	7	4.65	NOT_A_NOUN
zorunlu	7	4.65	NOT_A_NOUN
çağdaş	6	4.65	NOT_A_NOUN
şahin	5	4.65	MANUAL_BLOCK
adresi	6	4.64	NOT_A_LEMMA
adıyla	6	4.64	NOT_A_LEMMA
alana	5	4.64	NOT_A_LEMMA
birinde	7	4.64	NOT_A_LEMMA
bulur	5	4.64	NOT_A_LEMMA
cemal	5	4.64	MANUAL_BLOCK
demiş	5	4.64	NOT_A_LEMMA
deneme	6	4.64	ALSO_OTHER_PART_OF_SPEECH
engelli	7	4.64	NOT_A_LEMMA
erişim	6	4.64	VERB_FORM
ertesi	6	4.64	NOT_A_NOUN
federal	7	4.64	ALSO_OTHER_PART_OF_SPEECH
gelişme	7	4.64	NOT_A_LEMMA
girmiş	6	4.64	NOT_A_LEMMA
gönüllü	7	4.64	NOT_A_LEMMA
görmüş	6	4.64	NOT_A_LEMMA
havada	6	4.64	NOT_A_LEMMA
kaldığı	7	4.64	NOT_A_LEMMA
kalıcı	6	4.64	NOT_A_LEMMA
kağıt	5	4.64	ALSO_OTHER_PART_OF_SPEECH
kenara	6	4.64	NOT_A_LEMMA
kızıl	5	4.64	ALSO_OTHER_PART_OF_SPEECH
oynanan	7	4.64	NOT_A_LEMMA
sadık	5	4.64	NOT_A_NOUN
sevdiği	7	4.64	NOT_A_LEMMA
tarafta	7	4.64	NOT_A_LEMMA
tarihe	6	4.64	NOT_A_LEMMA
tokat	5	4.64	TOPIC:violence
verip	5	4.64	NOT_A_LEMMA
anlattı	7	4.63	NOT_A_LEMMA
atılan	6	4.63	NOT_A_LEMMA
açığa	5	4.63	NOT_A_LEMMA
cengiz	6	4.63	NOT_A_LEMMA
devamı	6	4.63	NOT_A_LEMMA
devrim	6	4.63	TOPIC:politics
etmeden	7	4.63	NOT_A_LEMMA
gereği	6	4.63	NOT_A_LEMMA
geçecek	7	4.63	NOT_A_LEMMA
gördük	6	4.63	NOT_A_LEMMA
görsel	6	4.63	NOT_A_NOUN
görünen	7	4.63	NOT_A_LEMMA
intikam	7	4.63	TOPIC:violence
istemez	7	4.63	NOT_A_LEMMA
isteği	6	4.63	NOT_A_LEMMA
kalbi	5	4.63	NOT_A_NOUN
kanser	6	4.63	TOPIC:disease
kanser	6	4.63	MANUAL_BLOCK
kaçak	5	4.63	ALSO_OTHER_PART_OF_SPEECH
keyifli	7	4.63	NOT_A_LEMMA
mali	4	4.63	NOT_A_NOUN
maça	4	4.63	INFLECTED_FORM
okumak	6	4.63	NOT_A_NOUN
politik	7	4.63	NOT_A_NOUN
sizlere	7	4.63	NOT_A_LEMMA
tutmak	6	4.63	NOT_A_NOUN
yazısı	6	4.63	NOT_A_LEMMA
zamanın	7	4.63	NOT_A_LEMMA
çıkma	5	4.63	ALSO_OTHER_PART_OF_SPEECH
ölmek	5	4.63	NOT_A_NOUN
ölümüne	7	4.63	NOT_A_NOUN
ötürü	5	4.63	NOT_A_NOUN
aklına	6	4.62	NOT_A_LEMMA
alanlar	7	4.62	NOT_A_LEMMA
artan	5	4.62	NOT_A_LEMMA
aydır	5	4.62	NOT_A_LEMMA
bardak	6	4.62	ALSO_OTHER_PART_OF_SPEECH
bunca	5	4.62	NOT_A_NOUN
bölümde	7	4.62	NOT_A_LEMMA
derdi	5	4.62	NOT_A_LEMMA
deri	4	4.62	ALSO_OTHER_PART_OF_SPEECH
derim	5	4.62	NOT_A_LEMMA
garanti	7	4.62	ALSO_OTHER_PART_OF_SPEECH
geçmek	6	4.62	NOT_A_NOUN
gitmiş	6	4.62	NOT_A_LEMMA
işkence	7	4.62	TOPIC:violence
işkence	7	4.62	MANUAL_BLOCK
kapıyı	6	4.62	NOT_A_LEMMA
kokusu	6	4.62	NOT_A_LEMMA
kolayca	7	4.62	NOT_A_LEMMA
korkunç	7	4.62	NOT_A_NOUN
kupası	6	4.62	NOT_A_LEMMA
martin	6	4.62	MANUAL_BLOCK
onca	4	4.62	NOT_A_NOUN
ordusu	6	4.62	NOT_A_LEMMA
pişman	6	4.62	NOT_A_NOUN
sanal	5	4.62	NOT_A_NOUN
sizleri	7	4.62	NOT_A_LEMMA
sordu	5	4.62	NOT_A_LEMMA
sorular	7	4.62	NOT_A_LEMMA
sorunun	7	4.62	NOT_A_LEMMA
sınıfı	6	4.62	NOT_A_LEMMA
tadını	6	4.62	NOT_A_LEMMA
tamamı	6	4.62	NOT_A_LEMMA
tuhaf	5	4.62	NOT_A_NOUN
varlığı	7	4.62	NOT_A_LEMMA
vererek	7	4.62	NOT_A_LEMMA
vurdu	5	4.62	NOT_A_LEMMA
yardımı	7	4.62	NOT_A_LEMMA
yarış	5	4.62	VERB_FORM
yazarı	6	4.62	NOT_A_LEMMA
yiyecek	7	4.62	ALSO_OTHER_PART_OF_SPEECH
çapında	7	4.62	NOT_A_LEMMA
şuan	4	4.62	NOT_A_LEMMA
şunları	7	4.62	NOT_A_LEMMA
almayı	6	4.61	NOT_A_LEMMA
aramaya	7	4.61	NOT_A_LEMMA
bakar	5	4.61	NOT_A_LEMMA
bekle	5	4.61	NOT_A_LEMMA
bilgisi	7	4.61	NOT_A_LEMMA
birimi	6	4.61	NOT_A_LEMMA
bozuk	5	4.61	ALSO_OTHER_PART_OF_SPEECH
dayalı	6	4.61	NOT_A_NOUN
deki	4	4.61	NOT_A_LEMMA
düşer	5	4.61	NOT_A_LEMMA
erdi	4	4.61	NOT_A_LEMMA
etmiyor	7	4.61	NOT_A_LEMMA
geldin	6	4.61	NOT_A_LEMMA
girecek	7	4.61	NOT_A_LEMMA
katkıda	7	4.61	NOT_A_LEMMA
kitabın	7	4.61	NOT_A_LEMMA
layık	5	4.61	NOT_A_NOUN
namaz	5	4.61	TOPIC:religion
namaz	5	4.61	MANUAL_BLOCK
olmakla	7	4.61	NOT_A_LEMMA
oluruz	6	4.61	NOT_A_LEMMA
oluşur	6	4.61	NOT_A_LEMMA
onlarla	7	4.61	NOT_A_LEMMA
sunucu	6	4.61	VERB_FORM
suyun	5	4.61	NOT_A_LEMMA
suçlu	5	4.61	NOT_A_NOUN
taze	4	4.61	ALSO_OTHER_PART_OF_SPEECH
taşı	4	4.61	NOT_A_LEMMA
ulaştı	6	4.61	NOT_A_LEMMA
yara	4	4.61	TOPIC:disease
yazın	5	4.61	ALSO_OTHER_PART_OF_SPEECH
yaşama	6	4.61	NOT_A_LEMMA
yedek	5	4.61	ALSO_OTHER_PART_OF_SPEECH
yıldızı	7	4.61	NOT_A_LEMMA
özledim	7	4.61	NOT_A_LEMMA
ülkeyi	6	4.61	NOT_A_LEMMA
şanslı	6	4.61	NOT_A_LEMMA
şekli	5	4.61	NOT_A_NOUN
atın	4	4.60	NOT_A_LEMMA
açar	4	4.60	VERB_FORM
bayramı	7	4.60	NOT_A_LEMMA
bırakma	7	4.60	NOT_A_LEMMA
direkt	6	4.60	NOT_A_NOUN
düşünün	7	4.60	NOT_A_LEMMA
fırsatı	7	4.60	NOT_A_LEMMA
gelmesi	7	4.60	NOT_A_LEMMA
güle	4	4.60	NOT_A_LEMMA
haksız	6	4.60	NOT_A_LEMMA
isimler	7	4.60	NOT_A_LEMMA
kadir	5	4.60	ALSO_OTHER_PART_OF_SPEECH
kaydı	5	4.60	NOT_A_LEMMA
koyu	4	4.60	NOT_A_NOUN
kralı	5	4.60	NOT_A_LEMMA
kızları	7	4.60	NOT_A_LEMMA
maddi	5	4.60	NOT_A_NOUN
mini	4	4.60	NOT_A_NOUN
miyiz	5	4.60	NOT_A_LEMMA
okudum	6	4.60	NOT_A_LEMMA
olacağı	7	4.60	NOT_A_LEMMA
parkı	5	4.60	NOT_A_LEMMA
samimi	6	4.60	NOT_A_NOUN
satışa	6	4.60	NOT_A_LEMMA
savaşa	6	4.60	NOT_A_LEMMA
savaşın	7	4.60	NOT_A_LEMMA
sokakta	7	4.60	NOT_A_LEMMA
sıkıcı	6	4.60	NOT_A_NOUN
testi	5	4.60	ALSO_OTHER_PART_OF_SPEECH
uydu	4	4.60	ALSO_OTHER_PART_OF_SPEECH
üste	4	4.60	INFLECTED_FORM
şehre	5	4.60	NOT_A_LEMMA
aksi	4	4.59	NOT_A_NOUN
amatör	6	4.59	NOT_A_NOUN
arayın	6	4.59	NOT_A_LEMMA
aşkına	6	4.59	NOT_A_LEMMA
değişen	7	4.59	NOT_A_LEMMA
dönen	5	4.59	NOT_A_LEMMA
ikiye	5	4.59	NOT_A_LEMMA
iman	4	4.59	TOPIC:religion
iman	4	4.59	MANUAL_BLOCK
karşın	6	4.59	NOT_A_NOUN
kirli	5	4.59	NOT_A_LEMMA
kişiden	7	4.59	NOT_A_LEMMA
konuştu	7	4.59	NOT_A_LEMMA
kültürü	7	4.59	NOT_A_LEMMA
olayın	6	4.59	NOT_A_LEMMA
sayede	6	4.59	NOT_A_LEMMA
uğruna	6	4.59	NOT_A_LEMMA
videosu	7	4.59	NOT_A_LEMMA
yunus	5	4.59	MANUAL_BLOCK
yöntemi	7	4.59	NOT_A_LEMMA
yıldan	6	4.59	NOT_A_LEMMA
çılgın	6	4.59	NOT_A_NOUN
şeylere	7	4.59	NOT_A_LEMMA
alması	6	4.58	NOT_A_LEMMA
arayıp	6	4.58	NOT_A_LEMMA
açılış	6	4.58	NOT_A_LEMMA
bizzat	6	4.58	NOT_A_NOUN
cenaze	6	4.58	TOPIC:death
cennet	6	4.58	ALSO_OTHER_PART_OF_SPEECH
değişti	7	4.58	NOT_A_LEMMA
duymak	6	4.58	NOT_A_NOUN
edenler	7	4.58	NOT_A_LEMMA
etkin	5	4.58	NOT_A_NOUN
gemisi	6	4.58	NOT_A_LEMMA
günah	5	4.58	ALSO_OTHER_PART_OF_SPEECH
güzeldi	7	4.58	NOT_A_LEMMA
hadis	5	4.58	CIRCUMFLEX
hassas	6	4.58	NOT_A_NOUN
hizmete	7	4.58	NOT_A_LEMMA
kaldık	6	4.58	NOT_A_LEMMA
mahkum	6	4.58	ALSO_OTHER_PART_OF_SPEECH
okulun	6	4.58	NOT_A_LEMMA
oyunda	6	4.58	NOT_A_LEMMA
oğuz	4	4.58	NOT_A_NOUN
paket	5	4.58	ALSO_OTHER_PART_OF_SPEECH
ruhu	4	4.58	NOT_A_LEMMA
sağlığı	7	4.58	NOT_A_LEMMA
serisi	6	4.58	NOT_A_LEMMA
sürüyor	7	4.58	NOT_A_LEMMA
tadı	4	4.58	NOT_A_LEMMA
tutar	5	4.58	VERB_FORM
uzman	5	4.58	ALSO_OTHER_PART_OF_SPEECH
yılına	6	4.58	NOT_A_LEMMA
örneği	6	4.58	NOT_A_LEMMA
üyelik	6	4.58	NOT_A_LEMMA
alakalı	7	4.57	NOT_A_LEMMA
anlama	6	4.57	NOT_A_LEMMA
anlamlı	7	4.57	NOT_A_LEMMA
annemin	7	4.57	NOT_A_LEMMA
antik	5	4.57	NOT_A_NOUN
ayrıldı	7	4.57	NOT_A_LEMMA
ağzına	6	4.57	NOT_A_LEMMA
davası	6	4.57	NOT_A_LEMMA
dediğin	7	4.57	NOT_A_LEMMA
dünyası	7	4.57	NOT_A_LEMMA
elimde	6	4.57	NOT_A_LEMMA
gelirse	7	4.57	NOT_A_LEMMA
genetik	7	4.57	ALSO_OTHER_PART_OF_SPEECH
gidelim	7	4.57	NOT_A_LEMMA
ipek	4	4.57	ALSO_OTHER_PART_OF_SPEECH
işletme	7	4.57	VERB_FORM
kare	4	4.57	ALSO_OTHER_PART_OF_SPEECH
kiralık	7	4.57	NOT_A_LEMMA
melek	5	4.57	TOPIC:religion
noktada	7	4.57	NOT_A_LEMMA
satan	5	4.57	NOT_A_LEMMA
teklifi	7	4.57	NOT_A_LEMMA
turan	5	4.57	NOT_A_LEMMA
yapay	5	4.57	NOT_A_NOUN
yaptın	6	4.57	NOT_A_LEMMA
ölür	4	4.57	NOT_A_LEMMA
özgü	4	4.57	NOT_A_NOUN
şarap	5	4.57	TOPIC:alcohol
arapça	6	4.56	NOT_A_LEMMA
biriydi	7	4.56	NOT_A_LEMMA
demişti	7	4.56	NOT_A_LEMMA
denizli	7	4.56	NOT_A_LEMMA
derhal	6	4.56	NOT_A_NOUN
değişim	7	4.56	VERB_FORM
değişir	7	4.56	NOT_A_LEMMA
dikkate	7	4.56	NOT_A_LEMMA
dönüyor	7	4.56	NOT_A_LEMMA
görülür	7	4.56	NOT_A_LEMMA
gözler	6	4.56	NOT_A_LEMMA
hamile	6	4.56	NOT_A_NOUN
izni	4	4.56	NOT_A_LEMMA
içindir	7	4.56	NOT_A_LEMMA
kapısı	6	4.56	NOT_A_LEMMA
kurdu	5	4.56	NOT_A_LEMMA
mağlup	6	4.56	NOT_A_NOUN
niçin	5	4.56	NOT_A_NOUN
sevimli	7	4.56	NOT_A_NOUN
sınırı	6	4.56	NOT_A_LEMMA
tarafa	6	4.56	NOT_A_LEMMA
teki	4	4.56	NOT_A_LEMMA
yazmak	6	4.56	NOT_A_NOUN
yaşa	4	4.56	NOT_A_NOUN
yollar	6	4.56	NOT_A_LEMMA
çayı	4	4.56	NOT_A_LEMMA
ölmüş	5	4.56	NOT_A_LEMMA
şerif	5	4.56	ALSO_OTHER_PART_OF_SPEECH
aittir	6	4.55	NOT_A_LEMMA
arıyor	6	4.55	NOT_A_LEMMA
atarak	6	4.55	NOT_A_LEMMA
açmak	5	4.55	NOT_A_NOUN
açıp	4	4.55	NOT_A_LEMMA
başkası	7	4.55	NOT_A_NOUN
bira	4	4.55	TOPIC:alcohol
biter	5	4.55	NOT_A_LEMMA
bizleri	7	4.55	NOT_A_LEMMA
detaylı	7	4.55	NOT_A_LEMMA
erkeğin	7	4.55	NOT_A_LEMMA
eseri	5	4.55	NOT_A_LEMMA
etmişti	7	4.55	NOT_A_LEMMA
filmler	7	4.55	NOT_A_LEMMA
geçip	5	4.55	NOT_A_LEMMA
giriyor	7	4.55	NOT_A_LEMMA
gönder	6	4.55	VERB_FORM
gündeme	7	4.55	NOT_A_LEMMA
hızı	4	4.55	NOT_A_LEMMA
kalk	4	4.55	NOT_A_LEMMA
kalmaz	6	4.55	NOT_A_LEMMA
kendin	6	4.55	NOT_A_LEMMA
kurmak	6	4.55	NOT_A_NOUN
kırık	5	4.55	ALSO_OTHER_PART_OF_SPEECH
motoru	6	4.55	NOT_A_LEMMA
mıdır	5	4.55	NOT_A_LEMMA
okuldan	7	4.55	NOT_A_LEMMA
oynamak	7	4.55	NOT_A_NOUN
pembe	5	4.55	ALSO_OTHER_PART_OF_SPEECH
sarışın	7	4.55	NOT_A_NOUN
sonsuza	7	4.55	NOT_A_LEMMA
sözünü	6	4.55	NOT_A_LEMMA
unuttum	7	4.55	NOT_A_LEMMA
yahu	4	4.55	NOT_A_NOUN
çeyrek	6	4.55	ALSO_OTHER_PART_OF_SPEECH
ışığı	5	4.55	NOT_A_LEMMA
akın	4	4.54	VERB_FORM
alakası	7	4.54	NOT_A_LEMMA
alınmış	7	4.54	NOT_A_LEMMA
amına	5	4.54	NOT_A_LEMMA
ateşli	6	4.54	NOT_A_LEMMA
aşkı	4	4.54	NOT_A_LEMMA
aşkım	5	4.54	NOT_A_LEMMA
başardı	7	4.54	NOT_A_LEMMA
bildiği	7	4.54	NOT_A_LEMMA
bilirim	7	4.54	NOT_A_LEMMA
binanın	7	4.54	NOT_A_LEMMA
boya	4	4.54	VERB_FORM
burcu	5	4.54	VERB_FORM
elimden	7	4.54	NOT_A_LEMMA
engin	5	4.54	ALSO_OTHER_PART_OF_SPEECH
filmde	6	4.54	NOT_A_LEMMA
görüldü	7	4.54	NOT_A_LEMMA
güler	5	4.54	NOT_A_LEMMA
hırsız	6	4.54	TOPIC:crime
ilgisi	6	4.54	NOT_A_LEMMA
inci	4	4.54	ALSO_OTHER_PART_OF_SPEECH
ismet	5	4.54	MANUAL_BLOCK
içerir	6	4.54	NOT_A_LEMMA
kanlı	5	4.54	NOT_A_LEMMA
kaybı	5	4.54	NOT_A_LEMMA
konseyi	7	4.54	NOT_A_LEMMA
medyada	7	4.54	NOT_A_LEMMA
meşhur	6	4.54	NOT_A_NOUN
miydi	5	4.54	NOT_A_LEMMA
plastik	7	4.54	ALSO_OTHER_PART_OF_SPEECH
polisin	7	4.54	NOT_A_LEMMA
raporu	6	4.54	NOT_A_LEMMA
sayılır	7	4.54	NOT_A_LEMMA
serdar	6	4.54	MANUAL_BLOCK
yazma	5	4.54	ALSO_OTHER_PART_OF_SPEECH
alçak	5	4.53	NOT_A_NOUN
aniden	6	4.53	NOT_A_NOUN
arda	4	4.53	MANUAL_BLOCK
bari	4	4.53	NOT_A_NOUN
bulan	5	4.53	NOT_A_LEMMA
bulup	5	4.53	NOT_A_LEMMA
doğdu	5	4.53	NOT_A_LEMMA
gerçi	5	4.53	NOT_A_NOUN
gittiği	7	4.53	NOT_A_LEMMA
görüşme	7	4.53	VERB_FORM
göster	6	4.53	NOT_A_LEMMA
hukuku	6	4.53	NOT_A_LEMMA
kaçtı	5	4.53	NOT_A_LEMMA
kolları	7	4.53	NOT_A_LEMMA
kongre	6	4.53	TOPIC:politics
koydu	5	4.53	NOT_A_LEMMA
kurduğu	7	4.53	NOT_A_LEMMA
negatif	7	4.53	NOT_A_NOUN
oldular	7	4.53	NOT_A_LEMMA
otelde	6	4.53	NOT_A_LEMMA
pilot	5	4.53	ALSO_OTHER_PART_OF_SPEECH
razı	4	4.53	NOT_A_NOUN
sahada	6	4.53	NOT_A_LEMMA
sağladı	7	4.53	NOT_A_LEMMA
seçilen	7	4.53	NOT_A_LEMMA
temin	5	4.53	INFLECTED_FORM
tutuklu	7	4.53	NOT_A_NOUN
yaşta	5	4.53	NOT_A_LEMMA
yorgun	6	4.53	NOT_A_NOUN
çatışma	7	4.53	NOT_A_LEMMA
çıkması	7	4.53	NOT_A_LEMMA
çıplak	6	4.53	ALSO_OTHER_PART_OF_SPEECH
özgün	5	4.53	NOT_A_NOUN
acayip	6	4.52	NOT_A_NOUN
adımı	5	4.52	NOT_A_LEMMA
alalım	6	4.52	NOT_A_LEMMA
anlat	5	4.52	NOT_A_LEMMA
bizlere	7	4.52	NOT_A_LEMMA
evlat	5	4.52	CIRCUMFLEX
geçmişi	7	4.52	NOT_A_LEMMA
gibisin	7	4.52	NOT_A_LEMMA
güçleri	7	4.52	NOT_A_LEMMA
içimde	6	4.52	NOT_A_LEMMA
iğrenç	6	4.52	NOT_A_NOUN
kalıp	5	4.52	ALSO_OTHER_PART_OF_SPEECH
kritik	6	4.52	ALSO_OTHER_PART_OF_SPEECH
levent	6	4.52	ALSO_OTHER_PART_OF_SPEECH
maden	5	4.52	ALSO_OTHER_PART_OF_SPEECH
midir	5	4.52	NOT_A_LEMMA
okuyan	6	4.52	NOT_A_LEMMA
ortamda	7	4.52	NOT_A_LEMMA
sesleri	7	4.52	NOT_A_LEMMA
süreli	6	4.52	NOT_A_LEMMA
turu	4	4.52	NOT_A_LEMMA
töreni	6	4.52	NOT_A_LEMMA
uçağı	5	4.52	NOT_A_LEMMA
yapmaz	6	4.52	NOT_A_LEMMA
yazmaya	7	4.52	NOT_A_LEMMA
yaşına	6	4.52	NOT_A_LEMMA
çekilen	7	4.52	NOT_A_LEMMA
ülkesi	6	4.52	NOT_A_LEMMA
şüpheli	7	4.52	NOT_A_LEMMA
aldılar	7	4.51	NOT_A_LEMMA
anti	4	4.51	MANUAL_BLOCK
arttı	5	4.51	NOT_A_LEMMA
atıyor	6	4.51	NOT_A_LEMMA
bakıp	5	4.51	NOT_A_LEMMA
batman	6	4.51	VERB_FORM
beşinci	7	4.51	NOT_A_NOUN
bilerek	7	4.51	NOT_A_NOUN
canı	4	4.51	NOT_A_LEMMA
cinayet	7	4.51	TOPIC:death
cinayet	7	4.51	MANUAL_BLOCK
durumun	7	4.51	NOT_A_LEMMA
ederse	6	4.51	NOT_A_LEMMA
elden	5	4.51	NOT_A_NOUN
farkına	7	4.51	NOT_A_LEMMA
geçerek	7	4.51	NOT_A_LEMMA
geçiren	7	4.51	NOT_A_LEMMA
giyen	5	4.51	NOT_A_LEMMA
hayran	6	4.51	NOT_A_NOUN
isterse	7	4.51	NOT_A_LEMMA
kanunu	6	4.51	NOT_A_LEMMA
karın	5	4.51	VERB_FORM
kemik	5	4.51	ALSO_OTHER_PART_OF_SPEECH
komşu	5	4.51	ALSO_OTHER_PART_OF_SPEECH
köle	4	4.51	MANUAL_BLOCK
malı	4	4.51	NOT_A_LEMMA
nadir	5	4.51	NOT_A_NOUN
neydi	5	4.51	NOT_A_LEMMA
olalım	6	4.51	NOT_A_LEMMA
organik	7	4.51	NOT_A_NOUN
ortam	5	4.51	INFLECTED_FORM
otuz	4	4.51	NOT_A_NOUN
oynuyor	7	4.51	NOT_A_LEMMA
savaşta	7	4.51	NOT_A_LEMMA
sayfası	7	4.51	NOT_A_LEMMA
tahmini	7	4.51	NOT_A_NOUN
takıma	6	4.51	NOT_A_LEMMA
toplama	7	4.51	NOT_A_LEMMA
toprağa	7	4.51	NOT_A_LEMMA
ziyade	6	4.51	ALSO_OTHER_PART_OF_SPEECH
ürünler	7	4.51	NOT_A_LEMMA
almadan	7	4.50	NOT_A_LEMMA
alırım	6	4.50	NOT_A_LEMMA
camii	5	4.50	MANUAL_BLOCK
dairesi	7	4.50	NOT_A_LEMMA
devamlı	7	4.50	NOT_A_LEMMA
diyoruz	7	4.50	NOT_A_LEMMA
duyurdu	7	4.50	NOT_A_LEMMA
düzen	5	4.50	VERB_FORM
düşmüş	6	4.50	NOT_A_LEMMA
düşünen	7	4.50	NOT_A_LEMMA
gelme	5	4.50	NOT_A_LEMMA
girdim	6	4.50	NOT_A_LEMMA
gözünü	6	4.50	NOT_A_LEMMA
haberin	7	4.50	NOT_A_LEMMA
haftaya	7	4.50	NOT_A_LEMMA
hain	4	4.50	NOT_A_NOUN
ibaret	6	4.50	ALSO_OTHER_PART_OF_SPEECH
idaresi	7	4.50	NOT_A_LEMMA
iyiydi	6	4.50	NOT_A_LEMMA
işim	4	4.50	NOT_A_LEMMA
kaba	4	4.50	ALSO_OTHER_PART_OF_SPEECH
kilise	6	4.50	TOPIC:religion
kimler	6	4.50	NOT_A_LEMMA
kutlu	5	4.50	NOT_A_NOUN
nice	4	4.50	NOT_A_NOUN
olurlar	7	4.50	NOT_A_LEMMA
polisi	6	4.50	NOT_A_LEMMA
rolü	4	4.50	NOT_A_LEMMA
sesli	5	4.50	NOT_A_NOUN
yapmam	6	4.50	NOT_A_LEMMA
yaşamı	6	4.50	NOT_A_LEMMA
zamanlı	7	4.50	NOT_A_LEMMA
ülkeden	7	4.50	NOT_A_LEMMA
şeyh	4	4.50	TOPIC:religion
şeyh	4	4.50	MANUAL_BLOCK
adli	4	4.49	NOT_A_NOUN
alım	4	4.49	INFLECTED_FORM
avcı	4	4.49	ALSO_OTHER_PART_OF_SPEECH
ayrılan	7	4.49	NOT_A_LEMMA
ağacı	5	4.49	NOT_A_LEMMA
binası	6	4.49	NOT_A_LEMMA
caddesi	7	4.49	NOT_A_LEMMA
dalı	4	4.49	NOT_A_LEMMA
dene	4	4.49	NOT_A_LEMMA
grubun	6	4.49	NOT_A_LEMMA
görmeye	7	4.49	NOT_A_LEMMA
gününü	6	4.49	NOT_A_LEMMA
insani	6	4.49	ALSO_OTHER_PART_OF_SPEECH
izleyen	7	4.49	NOT_A_LEMMA
içten	5	4.49	NOT_A_NOUN
işlemi	6	4.49	NOT_A_LEMMA
kafası	6	4.49	NOT_A_LEMMA
kalbini	7	4.49	NOT_A_LEMMA
kalite	6	4.49	ALSO_OTHER_PART_OF_SPEECH
kanı	4	4.49	INFLECTED_FORM
neymiş	6	4.49	NOT_A_LEMMA
okullar	7	4.49	NOT_A_LEMMA
orası	5	4.49	NOT_A_LEMMA
patlama	7	4.49	NOT_A_LEMMA
porno	5	4.49	ALSO_OTHER_PART_OF_SPEECH
sitede	6	4.49	NOT_A_LEMMA
süreçte	7	4.49	NOT_A_LEMMA
tahta	5	4.49	ALSO_OTHER_PART_OF_SPEECH
takma	5	4.49	NOT_A_LEMMA
uzmanı	6	4.49	NOT_A_LEMMA
verelim	7	4.49	NOT_A_LEMMA
yazdım	6	4.49	NOT_A_LEMMA
zeka	4	4.49	CIRCUMFLEX
zordur	6	4.49	NOT_A_LEMMA
çıkmaya	7	4.49	NOT_A_LEMMA
ölüme	5	4.49	NOT_A_LEMMA
adeta	5	4.48	NOT_A_NOUN
akan	4	4.48	NOT_A_LEMMA
alanına	7	4.48	NOT_A_LEMMA
alevi	5	4.48	TOPIC:religion
amca	4	4.48	ALSO_OTHER_PART_OF_SPEECH
artış	5	4.48	NOT_A_LEMMA
aslı	4	4.48	NOT_A_LEMMA
bedeli	6	4.48	NOT_A_LEMMA
bela	4	4.48	CIRCUMFLEX
birde	5	4.48	NOT_A_LEMMA
boyunda	7	4.48	NOT_A_LEMMA
dişi	4	4.48	ALSO_OTHER_PART_OF_SPEECH
duydum	6	4.48	NOT_A_LEMMA
düzeni	6	4.48	NOT_A_LEMMA
düşüyor	7	4.48	NOT_A_LEMMA
egemen	6	4.48	NOT_A_NOUN
faydası	7	4.48	NOT_A_LEMMA
girdiği	7	4.48	NOT_A_LEMMA
kalbim	6	4.48	NOT_A_LEMMA
kanalı	6	4.48	NOT_A_LEMMA
kazan	5	4.48	VERB_FORM
kitapta	7	4.48	NOT_A_LEMMA
kuşlar	6	4.48	INFLECTED_FORM
ligde	5	4.48	NOT_A_LEMMA
mucize	6	4.48	ALSO_OTHER_PART_OF_SPEECH
müzesi	6	4.48	NOT_A_LEMMA
uyan	4	4.48	NOT_A_LEMMA
uzakta	6	4.48	NOT_A_LEMMA
vahşi	5	4.48	NOT_A_NOUN
verimli	7	4.48	NOT_A_LEMMA
vermez	6	4.48	NOT_A_LEMMA
yaşasın	7	4.48	NOT_A_NOUN
yönde	5	4.48	NOT_A_LEMMA
çeker	5	4.48	VERB_FORM
şirin	5	4.48	NOT_A_NOUN
alınır	6	4.47	NOT_A_LEMMA
aradan	6	4.47	NOT_A_LEMMA
bakıyor	7	4.47	NOT_A_LEMMA
boşver	6	4.47	NOT_A_LEMMA
burun	5	4.47	VERB_FORM
dostu	5	4.47	NOT_A_LEMMA
dönmek	6	4.47	NOT_A_NOUN
eskisi	6	4.47	NOT_A_LEMMA
ettiniz	7	4.47	NOT_A_LEMMA
evvel	5	4.47	ALSO_OTHER_PART_OF_SPEECH
gelişim	7	4.47	VERB_FORM
görme	5	4.47	NOT_A_LEMMA
hedefi	6	4.47	NOT_A_LEMMA
huzurlu	7	4.47	NOT_A_LEMMA
iyiyim	6	4.47	NOT_A_LEMMA
içmek	5	4.47	NOT_A_NOUN
karı	4	4.47	VERB_FORM
konuş	5	4.47	NOT_A_LEMMA
lakin	5	4.47	NOT_A_NOUN
masaya	6	4.47	NOT_A_LEMMA
mimari	6	4.47	NOT_A_NOUN
nihayet	7	4.47	ALSO_OTHER_PART_OF_SPEECH
olana	5	4.47	NOT_A_LEMMA
olgun	5	4.47	NOT_A_NOUN
olmamış	7	4.47	NOT_A_LEMMA
polise	6	4.47	NOT_A_LEMMA
sabaha	6	4.47	NOT_A_NOUN
sahneye	7	4.47	NOT_A_LEMMA
seçme	5	4.47	NOT_A_LEMMA
sözde	5	4.47	NOT_A_NOUN
taşıma	6	4.47	NOT_A_LEMMA
uzanan	6	4.47	NOT_A_LEMMA
yapayım	7	4.47	NOT_A_LEMMA
yarışma	7	4.47	NOT_A_LEMMA
yayını	6	4.47	NOT_A_LEMMA
yüzme	5	4.47	NOT_A_LEMMA
çetin	5	4.47	NOT_A_NOUN
çıkarma	7	4.47	VERB_FORM
öldürür	7	4.47	NOT_A_LEMMA
şeydir	6	4.47	NOT_A_LEMMA
acele	5	4.46	ALSO_OTHER_PART_OF_SPEECH
akşamı	6	4.46	NOT_A_LEMMA
albümü	6	4.46	NOT_A_LEMMA
alırken	7	4.46	NOT_A_LEMMA
asgari	6	4.46	NOT_A_NOUN
ateşi	5	4.46	NOT_A_LEMMA
açın	4	4.46	NOT_A_LEMMA
bakarak	7	4.46	NOT_A_LEMMA
biriyim	7	4.46	NOT_A_LEMMA
blok	4	4.46	ALSO_OTHER_PART_OF_SPEECH
bolu	4	4.46	NOT_A_LEMMA
canın	5	4.46	NOT_A_LEMMA
dedik	5	4.46	NOT_A_LEMMA
durun	5	4.46	NOT_A_LEMMA
durup	5	4.46	NOT_A_LEMMA
düzeyde	7	4.46	NOT_A_LEMMA
esir	4	4.46	VERB_FORM
eşim	4	4.46	NOT_A_LEMMA
galip	5	4.46	NOT_A_NOUN
gelerek	7	4.46	NOT_A_LEMMA
geçtiği	7	4.46	NOT_A_LEMMA
güneşin	7	4.46	NOT_A_LEMMA
ileride	7	4.46	NOT_A_LEMMA
ilhan	5	4.46	MANUAL_BLOCK
işareti	7	4.46	NOT_A_LEMMA
kazanır	7	4.46	NOT_A_LEMMA
kodu	4	4.46	NOT_A_LEMMA
kurucu	6	4.46	NOT_A_LEMMA
kırk	4	4.46	NOT_A_NOUN
sokağa	6	4.46	NOT_A_LEMMA
sürecek	7	4.46	NOT_A_LEMMA
sınıfta	7	4.46	NOT_A_LEMMA
tersine	7	4.46	NOT_A_NOUN
yalancı	7	4.46	NOT_A_LEMMA
yılan	5	4.46	ALSO_OTHER_PART_OF_SPEECH
ziya	4	4.46	MANUAL_BLOCK
arkadan	7	4.45	NOT_A_NOUN
babanın	7	4.45	NOT_A_LEMMA
bahis	5	4.45	TOPIC:gambling
berbat	6	4.45	NOT_A_NOUN
burdan	6	4.45	NOT_A_LEMMA
ciddiye	7	4.45	NOT_A_LEMMA
duvara	6	4.45	NOT_A_LEMMA
ettin	5	4.45	NOT_A_LEMMA
görüp	5	4.45	NOT_A_LEMMA
ihsan	5	4.45	MANUAL_BLOCK
ilahi	5	4.45	CIRCUMFLEX
imha	4	4.45	MANUAL_BLOCK
içki	4	4.45	TOPIC:alcohol
koymak	6	4.45	NOT_A_NOUN
koyup	5	4.45	NOT_A_LEMMA
kutu	4	4.45	ALSO_OTHER_PART_OF_SPEECH
köpeği	6	4.45	NOT_A_LEMMA
noktaya	7	4.45	NOT_A_LEMMA
olurken	7	4.45	NOT_A_LEMMA
sormak	6	4.45	NOT_A_NOUN
soylu	5	4.45	NOT_A_NOUN
sürer	5	4.45	NOT_A_LEMMA
sıraya	6	4.45	NOT_A_LEMMA
tanık	5	4.45	ALSO_OTHER_PART_OF_SPEECH
tarihin	7	4.45	NOT_A_LEMMA
ulaşmak	7	4.45	NOT_A_NOUN
yarışı	6	4.45	NOT_A_LEMMA
yokmuş	6	4.45	NOT_A_LEMMA
üreten	6	4.45	NOT_A_LEMMA
ürünü	5	4.45	NOT_A_LEMMA
ahşap	5	4.44	ALSO_OTHER_PART_OF_SPEECH
aklı	4	4.44	NOT_A_LEMMA
aykırı	6	4.44	NOT_A_NOUN
ayın	4	4.44	VERB_FORM
ağzını	6	4.44	NOT_A_LEMMA
bunda	5	4.44	NOT_A_LEMMA
büyü	4	4.44	VERB_FORM
bırakır	7	4.44	NOT_A_LEMMA
cümle	5	4.44	ALSO_OTHER_PART_OF_SPEECH
dileriz	7	4.44	NOT_A_LEMMA
dolara	6	4.44	NOT_A_LEMMA
doları	6	4.44	NOT_A_LEMMA
duyan	5	4.44	NOT_A_LEMMA
geceyi	6	4.44	NOT_A_LEMMA
haftası	7	4.44	NOT_A_LEMMA
havaya	6	4.44	NOT_A_LEMMA
hissi	5	4.44	NOT_A_NOUN
ihtimal	7	4.44	ALSO_OTHER_PART_OF_SPEECH
iyisini	7	4.44	NOT_A_LEMMA
içecek	6	4.44	VERB_FORM
kafam	5	4.44	NOT_A_LEMMA
kaleme	6	4.44	NOT_A_LEMMA
kaçan	5	4.44	NOT_A_LEMMA
kuruldu	7	4.44	NOT_A_LEMMA
manevi	6	4.44	NOT_A_NOUN
maçına	6	4.44	NOT_A_LEMMA
meydanı	7	4.44	NOT_A_LEMMA
meşgul	6	4.44	ALSO_OTHER_PART_OF_SPEECH
onda	4	4.44	NOT_A_LEMMA
onlarca	7	4.44	NOT_A_NOUN
otele	5	4.44	NOT_A_LEMMA
rahmet	6	4.44	MANUAL_BLOCK
teker	5	4.44	ALSO_OTHER_PART_OF_SPEECH
vermeyi	7	4.44	NOT_A_LEMMA
virüs	5	4.44	TOPIC:disease
yanıma	6	4.44	NOT_A_LEMMA
yaşadı	6	4.44	NOT_A_LEMMA
yaşı	4	4.44	NOT_A_LEMMA
yüklü	5	4.44	NOT_A_LEMMA
çektiği	7	4.44	NOT_A_LEMMA
adın	4	4.43	NOT_A_LEMMA
anlatır	7	4.43	NOT_A_LEMMA
anneme	6	4.43	NOT_A_LEMMA
babamın	7	4.43	NOT_A_LEMMA
biten	5	4.43	NOT_A_LEMMA
bıktım	6	4.43	NOT_A_LEMMA
damla	5	4.43	ALSO_OTHER_PART_OF_SPEECH
formu	5	4.43	NOT_A_LEMMA
halini	6	4.43	NOT_A_LEMMA
hoşuma	6	4.43	NOT_A_LEMMA
iniş	4	4.43	NOT_A_LEMMA
kerim	5	4.43	NOT_A_NOUN
kimliği	7	4.43	NOT_A_LEMMA
kimsin	6	4.43	NOT_A_LEMMA
kocası	6	4.43	NOT_A_LEMMA
kolu	4	4.43	NOT_A_LEMMA
konuyla	7	4.43	NOT_A_LEMMA
kutusu	6	4.43	NOT_A_LEMMA
lüks	4	4.43	ALSO_OTHER_PART_OF_SPEECH
maçını	6	4.43	NOT_A_LEMMA
memuru	6	4.43	NOT_A_LEMMA
mezar	5	4.43	TOPIC:death
mutlak	6	4.43	NOT_A_NOUN
müsait	6	4.43	NOT_A_NOUN
nato	4	4.43	NOT_A_NOUN
ofisi	5	4.43	NOT_A_LEMMA
oturan	6	4.43	NOT_A_LEMMA
paranın	7	4.43	NOT_A_LEMMA
plana	5	4.43	NOT_A_LEMMA
saatler	7	4.43	NOT_A_LEMMA
sarhoş	6	4.43	NOT_A_NOUN
soruyu	6	4.43	NOT_A_LEMMA
sınava	6	4.43	NOT_A_LEMMA
ulaşan	6	4.43	NOT_A_LEMMA
uyumlu	6	4.43	NOT_A_LEMMA
vermesi	7	4.43	NOT_A_LEMMA
yalçın	6	4.43	NOT_A_NOUN
yazılan	7	4.43	NOT_A_LEMMA
yolla	5	4.43	NOT_A_LEMMA
yüzyıl	6	4.43	ALSO_OTHER_PART_OF_SPEECH
yıllara	7	4.43	NOT_A_LEMMA
çalış	5	4.43	NOT_A_LEMMA
çıkaran	7	4.43	NOT_A_LEMMA
çıkmaz	6	4.43	ALSO_OTHER_PART_OF_SPEECH
çıkışı	6	4.43	NOT_A_LEMMA
öldürdü	7	4.43	NOT_A_LEMMA
önlemek	7	4.43	NOT_A_NOUN
şuraya	6	4.43	NOT_A_LEMMA
aksu	4	4.42	MANUAL_BLOCK
altını	6	4.42	NOT_A_LEMMA
ateşe	5	4.42	NOT_A_LEMMA
açtığı	6	4.42	NOT_A_LEMMA
bahçesi	7	4.42	NOT_A_LEMMA
balığı	6	4.42	NOT_A_LEMMA
bebeğin	7	4.42	NOT_A_LEMMA
bitmiş	6	4.42	NOT_A_LEMMA
boyutlu	7	4.42	NOT_A_LEMMA
boşuna	6	4.42	NOT_A_NOUN
buçuk	5	4.42	NOT_A_NOUN
büyüme	6	4.42	NOT_A_LEMMA
bıçak	5	4.42	TOPIC:weapons
dedin	5	4.42	NOT_A_LEMMA
dizinin	7	4.42	NOT_A_LEMMA
düşmanı	7	4.42	NOT_A_LEMMA
düşünür	7	4.42	VERB_FORM
gelene	6	4.42	NOT_A_LEMMA
gelişen	7	4.42	NOT_A_LEMMA
gibiyim	7	4.42	NOT_A_LEMMA
giderim	7	4.42	NOT_A_LEMMA
inanın	6	4.42	NOT_A_LEMMA
inkar	5	4.42	CIRCUMFLEX
içerik	6	4.42	ALSO_OTHER_PART_OF_SPEECH
içini	5	4.42	NOT_A_LEMMA
kadrosu	7	4.42	NOT_A_LEMMA
kalması	7	4.42	NOT_A_LEMMA
korkma	6	4.42	NOT_A_LEMMA
kötüsü	6	4.42	NOT_A_LEMMA
kızla	5	4.42	NOT_A_LEMMA
mezunu	6	4.42	NOT_A_LEMMA
namazı	6	4.42	NOT_A_LEMMA
olaya	5	4.42	NOT_A_LEMMA
parayla	7	4.42	NOT_A_LEMMA
pratik	6	4.42	ALSO_OTHER_PART_OF_SPEECH
saatlik	7	4.42	NOT_A_LEMMA
savunan	7	4.42	NOT_A_LEMMA
sola	4	4.42	NOT_A_LEMMA
sordum	6	4.42	NOT_A_LEMMA
sırrı	5	4.42	NOT_A_LEMMA
uçan	4	4.42	NOT_A_LEMMA
vermedi	7	4.42	NOT_A_LEMMA
yazmış	6	4.42	NOT_A_LEMMA
yokken	6	4.42	NOT_A_LEMMA
yüze	4	4.42	NOT_A_LEMMA
zorlu	5	4.42	NOT_A_LEMMA
çıkarak	7	4.42	NOT_A_LEMMA
çıkarıp	7	4.42	NOT_A_LEMMA
öyleyse	7	4.42	NOT_A_LEMMA
ajansı	6	4.41	NOT_A_LEMMA
analizi	7	4.41	NOT_A_LEMMA
anlık	5	4.41	ALSO_OTHER_PART_OF_SPEECH
aramak	6	4.41	NOT_A_NOUN
arslan	6	4.41	MANUAL_BLOCK
artıyor	7	4.41	NOT_A_LEMMA
atıp	4	4.41	NOT_A_LEMMA
bekleme	7	4.41	NOT_A_LEMMA
bulmuş	6	4.41	NOT_A_LEMMA
devlete	7	4.41	NOT_A_LEMMA
elle	4	4.41	NOT_A_LEMMA
emeği	5	4.41	NOT_A_LEMMA
evimde	6	4.41	NOT_A_LEMMA
fakir	5	4.41	ALSO_OTHER_PART_OF_SPEECH
gibiydi	7	4.41	NOT_A_LEMMA
görelim	7	4.41	NOT_A_LEMMA
görünür	7	4.41	NOT_A_NOUN
izleyin	7	4.41	NOT_A_LEMMA
kala	4	4.41	ALSO_OTHER_PART_OF_SPEECH
kazası	6	4.41	NOT_A_LEMMA
kullan	6	4.41	NOT_A_LEMMA
mekanik	7	4.41	ALSO_OTHER_PART_OF_SPEECH
muazzam	7	4.41	NOT_A_NOUN
nazım	5	4.41	ALSO_OTHER_PART_OF_SPEECH
pamuk	5	4.41	ALSO_OTHER_PART_OF_SPEECH
paraya	6	4.41	NOT_A_LEMMA
ruhunu	6	4.41	NOT_A_LEMMA
saate	5	4.41	NOT_A_LEMMA
savcı	5	4.41	TOPIC:crime
sağa	4	4.41	NOT_A_LEMMA
sezonun	7	4.41	NOT_A_LEMMA
sorusu	6	4.41	NOT_A_LEMMA
sınavı	6	4.41	NOT_A_LEMMA
varım	5	4.41	NOT_A_LEMMA
versin	6	4.41	NOT_A_LEMMA
yorumu	6	4.41	NOT_A_LEMMA
öbür	4	4.41	NOT_A_NOUN
öldüğü	6	4.41	NOT_A_LEMMA
ömrü	4	4.41	NOT_A_LEMMA
özeti	5	4.41	NOT_A_LEMMA
üyeler	6	4.41	NOT_A_LEMMA
üzgünüm	7	4.41	NOT_A_LEMMA
adamsın	7	4.40	NOT_A_LEMMA
aklını	6	4.40	NOT_A_LEMMA
annenin	7	4.40	NOT_A_LEMMA
aracın	6	4.40	NOT_A_LEMMA
arif	4	4.40	NOT_A_NOUN
atma	4	4.40	NOT_A_LEMMA
attım	5	4.40	NOT_A_LEMMA
atıldı	6	4.40	NOT_A_LEMMA
barajı	6	4.40	NOT_A_LEMMA
baya	4	4.40	NOT_A_LEMMA
boktan	6	4.40	NOT_A_NOUN
buluyor	7	4.40	NOT_A_LEMMA
canımı	6	4.40	NOT_A_LEMMA
cihazı	6	4.40	NOT_A_LEMMA
daim	4	4.40	NOT_A_NOUN
dersler	7	4.40	NOT_A_LEMMA
diyanet	7	4.40	MANUAL_BLOCK
düşünme	7	4.40	NOT_A_LEMMA
elif	4	4.40	MANUAL_BLOCK
etmedi	6	4.40	NOT_A_LEMMA
gittik	6	4.40	NOT_A_LEMMA
golü	4	4.40	NOT_A_LEMMA
hayali	6	4.40	ALSO_OTHER_PART_OF_SPEECH
ifadesi	7	4.40	NOT_A_LEMMA
ispanya	7	4.40	MANUAL_BLOCK
kalkan	6	4.40	VERB_FORM
kavramı	7	4.40	NOT_A_LEMMA
kazanma	7	4.40	NOT_A_LEMMA
kömür	5	4.40	ALSO_OTHER_PART_OF_SPEECH
köprüsü	7	4.40	NOT_A_LEMMA
köyünde	7	4.40	NOT_A_LEMMA
kısmen	6	4.40	NOT_A_NOUN
miktarı	7	4.40	NOT_A_LEMMA
mıyım	5	4.40	NOT_A_LEMMA
olsan	5	4.40	NOT_A_LEMMA
puanı	5	4.40	NOT_A_LEMMA
villa	5	4.40	CIRCUMFLEX
yatan	5	4.40	NOT_A_LEMMA
yaşamış	7	4.40	NOT_A_LEMMA
zamanki	7	4.40	NOT_A_LEMMA
çıktım	6	4.40	NOT_A_LEMMA
öldüren	7	4.40	NOT_A_LEMMA
öteki	5	4.40	NOT_A_NOUN
özet	4	4.40	VERB_FORM
ıslak	5	4.40	NOT_A_NOUN
şimdiki	7	4.40	NOT_A_LEMMA
adem	4	4.39	CIRCUMFLEX
amin	4	4.39	ALSO_OTHER_PART_OF_SPEECH
asil	4	4.39	NOT_A_NOUN
başlıca	7	4.39	NOT_A_NOUN
bileyim	7	4.39	NOT_A_LEMMA
borcu	5	4.39	NOT_A_LEMMA
demeye	6	4.39	NOT_A_LEMMA
derse	5	4.39	NOT_A_LEMMA
dönüşü	6	4.39	NOT_A_LEMMA
etmenin	7	4.39	NOT_A_LEMMA
gelmeye	7	4.39	NOT_A_LEMMA
girişi	6	4.39	NOT_A_LEMMA
gittin	6	4.39	NOT_A_LEMMA
gizlice	7	4.39	NOT_A_LEMMA
gözle	5	4.39	NOT_A_LEMMA
hazırız	7	4.39	NOT_A_LEMMA
ilim	4	4.39	INFLECTED_FORM
ilki	4	4.39	NOT_A_LEMMA
imkanı	6	4.39	NOT_A_LEMMA
isminin	7	4.39	NOT_A_LEMMA
iste	4	4.39	NOT_A_LEMMA
kapıda	6	4.39	NOT_A_LEMMA
kentin	6	4.39	NOT_A_LEMMA
konuya	6	4.39	NOT_A_LEMMA
maçları	7	4.39	NOT_A_LEMMA
oyna	4	4.39	NOT_A_LEMMA
paketi	6	4.39	NOT_A_LEMMA
payı	4	4.39	NOT_A_LEMMA
sebeple	7	4.39	NOT_A_LEMMA
simdi	5	4.39	NOT_A_LEMMA
suda	4	4.39	NOT_A_LEMMA
sudan	5	4.39	NOT_A_NOUN
suresi	6	4.39	NOT_A_LEMMA
türleri	7	4.39	NOT_A_LEMMA
yerim	5	4.39	NOT_A_LEMMA
çorum	5	4.39	NOT_A_LEMMA
ücretli	7	4.39	NOT_A_LEMMA
almanca	7	4.38	NOT_A_LEMMA
almıştı	7	4.38	NOT_A_LEMMA
anneler	7	4.38	NOT_A_LEMMA
artı	4	4.38	ALSO_OTHER_PART_OF_SPEECH
aşağıya	7	4.38	NOT_A_LEMMA
başım	5	4.38	NOT_A_LEMMA
bilgiyi	7	4.38	NOT_A_LEMMA
bulun	5	4.38	NOT_A_LEMMA
böylesi	7	4.38	NOT_A_LEMMA
deneyin	7	4.38	NOT_A_LEMMA
elimi	5	4.38	NOT_A_LEMMA
elit	4	4.38	NOT_A_NOUN
etkiler	7	4.38	NOT_A_LEMMA
etnik	5	4.38	NOT_A_NOUN
ettiğin	7	4.38	NOT_A_LEMMA
gecede	6	4.38	NOT_A_LEMMA
geminin	7	4.38	NOT_A_LEMMA
gruplar	7	4.38	NOT_A_LEMMA
görevli	7	4.38	NOT_A_LEMMA
hakkın	6	4.38	NOT_A_LEMMA
hapse	5	4.38	NOT_A_LEMMA
ibadet	6	4.38	TOPIC:religion
ibadet	6	4.38	MANUAL_BLOCK
izledim	7	4.38	NOT_A_LEMMA
izleme	6	4.38	NOT_A_LEMMA
işleme	6	4.38	NOT_A_LEMMA
kanat	5	4.38	VERB_FORM
kenti	5	4.38	NOT_A_LEMMA
keyfi	5	4.38	NOT_A_NOUN
koru	4	4.38	VERB_FORM
kışın	5	4.38	NOT_A_NOUN
mekan	5	4.38	CIRCUMFLEX
rezil	5	4.38	NOT_A_NOUN
sözlü	5	4.38	ALSO_OTHER_PART_OF_SPEECH
taşır	5	4.38	NOT_A_LEMMA
topla	5	4.38	NOT_A_LEMMA
vekili	6	4.38	NOT_A_LEMMA
videoyu	7	4.38	NOT_A_LEMMA
yaparız	7	4.38	NOT_A_LEMMA
yapsın	6	4.38	NOT_A_LEMMA
yasası	6	4.38	NOT_A_LEMMA
yazıp	5	4.38	NOT_A_LEMMA
yaşadım	7	4.38	NOT_A_LEMMA
yetmez	6	4.38	NOT_A_LEMMA
yüzüme	6	4.38	NOT_A_LEMMA
üzüldüm	7	4.38	NOT_A_LEMMA
şahane	6	4.38	NOT_A_NOUN
aileler	7	4.37	NOT_A_LEMMA
atmaya	6	4.37	NOT_A_LEMMA
ayet	4	4.37	MANUAL_BLOCK
ayrılır	7	4.37	NOT_A_LEMMA
bahçeli	7	4.37	NOT_A_LEMMA
buluşma	7	4.37	NOT_A_LEMMA
bölgeyi	7	4.37	NOT_A_LEMMA
büyüyen	7	4.37	NOT_A_LEMMA
cemil	5	4.37	NOT_A_NOUN
dilde	5	4.37	NOT_A_LEMMA
durdu	5	4.37	NOT_A_LEMMA
elime	5	4.37	NOT_A_LEMMA
erkan	5	4.37	CIRCUMFLEX
etmekte	7	4.37	NOT_A_LEMMA
etmem	5	4.37	NOT_A_LEMMA
fiyata	6	4.37	NOT_A_LEMMA
gazı	4	4.37	NOT_A_LEMMA
gitmeye	7	4.37	NOT_A_LEMMA
içeride	7	4.37	NOT_A_LEMMA
kalkıp	6	4.37	NOT_A_LEMMA
kamyon	6	4.37	ALSO_OTHER_PART_OF_SPEECH
katili	6	4.37	NOT_A_LEMMA
konular	7	4.37	NOT_A_LEMMA
ligin	5	4.37	NOT_A_LEMMA
listede	7	4.37	NOT_A_LEMMA
mecbur	6	4.37	NOT_A_NOUN
mesut	5	4.37	NOT_A_NOUN
mutsuz	6	4.37	NOT_A_NOUN
olman	5	4.37	NOT_A_LEMMA
olmazdı	7	4.37	NOT_A_LEMMA
olursan	7	4.37	NOT_A_LEMMA
ortağı	6	4.37	NOT_A_LEMMA
ramazan	7	4.37	MANUAL_BLOCK
sanatı	6	4.37	NOT_A_LEMMA
seçkin	6	4.37	NOT_A_NOUN
taciz	5	4.37	MANUAL_BLOCK
talebi	6	4.37	NOT_A_LEMMA
tuttu	5	4.37	NOT_A_LEMMA
tutun	5	4.37	NOT_A_LEMMA
tutuyor	7	4.37	NOT_A_LEMMA
yapının	7	4.37	NOT_A_LEMMA
yaşamın	7	4.37	NOT_A_LEMMA
yetkili	7	4.37	NOT_A_NOUN
yücel	5	4.37	NOT_A_LEMMA
çıkarsa	7	4.37	NOT_A_LEMMA
üvey	4	4.37	NOT_A_NOUN
şahıs	5	4.37	CIRCUMFLEX
şiirler	7	4.37	NOT_A_LEMMA
şişli	5	4.37	NOT_A_LEMMA
adının	6	4.36	NOT_A_LEMMA
atanan	6	4.36	NOT_A_LEMMA
ayırt	5	4.36	VERB_FORM
bitecek	7	4.36	NOT_A_LEMMA
bırakan	7	4.36	NOT_A_LEMMA
denizi	6	4.36	NOT_A_LEMMA
direniş	7	4.36	NOT_A_LEMMA
dostlar	7	4.36	NOT_A_LEMMA
doğruyu	7	4.36	NOT_A_LEMMA
dövüş	5	4.36	VERB_FORM
eller	5	4.36	NOT_A_LEMMA
esmer	5	4.36	ALSO_OTHER_PART_OF_SPEECH
etkisiz	7	4.36	NOT_A_LEMMA
firması	7	4.36	NOT_A_LEMMA
girerek	7	4.36	NOT_A_LEMMA
hatası	6	4.36	NOT_A_LEMMA
ilde	4	4.36	NOT_A_LEMMA
izler	5	4.36	NOT_A_LEMMA
işimiz	6	4.36	NOT_A_LEMMA
karaman	7	4.36	VERB_FORM
karşıtı	7	4.36	NOT_A_LEMMA
katlı	5	4.36	NOT_A_LEMMA
konulu	6	4.36	NOT_A_LEMMA
manyak	6	4.36	NOT_A_NOUN
motorlu	7	4.36	NOT_A_LEMMA
muhalif	7	4.36	ALSO_OTHER_PART_OF_SPEECH
olmanız	7	4.36	NOT_A_LEMMA
piyano	6	4.36	ALSO_OTHER_PART_OF_SPEECH
saklı	5	4.36	NOT_A_NOUN
satılık	7	4.36	NOT_A_NOUN
sensiz	6	4.36	NOT_A_LEMMA
tanınan	7	4.36	NOT_A_LEMMA
uyar	4	4.36	NOT_A_LEMMA
yanıyor	7	4.36	NOT_A_LEMMA
yürütme	7	4.36	NOT_A_LEMMA
yürüyüş	7	4.36	NOT_A_LEMMA
ölümcül	7	4.36	NOT_A_NOUN
önünden	7	4.36	NOT_A_NOUN
üzücü	5	4.36	NOT_A_LEMMA
şubesi	6	4.36	NOT_A_LEMMA
akla	4	4.35	NOT_A_LEMMA
alice	5	4.35	NOT_A_LEMMA
anılan	6	4.35	NOT_A_LEMMA
aranan	6	4.35	NOT_A_LEMMA
arkada	6	4.35	NOT_A_LEMMA
artar	5	4.35	NOT_A_LEMMA
atama	5	4.35	NOT_A_LEMMA
atmış	5	4.35	NOT_A_LEMMA
ağrısı	6	4.35	NOT_A_LEMMA
baskın	6	4.35	ALSO_OTHER_PART_OF_SPEECH
bitiyor	7	4.35	NOT_A_LEMMA
celal	5	4.35	CIRCUMFLEX
cemaat	6	4.35	MANUAL_BLOCK
dayanan	7	4.35	NOT_A_LEMMA
dağı	4	4.35	NOT_A_LEMMA
deyince	7	4.35	NOT_A_LEMMA
dilini	6	4.35	NOT_A_LEMMA
döndüm	6	4.35	NOT_A_LEMMA
elleri	6	4.35	NOT_A_LEMMA
fiyatı	6	4.35	NOT_A_LEMMA
getir	5	4.35	NOT_A_LEMMA
geçtim	6	4.35	NOT_A_LEMMA
gizemli	7	4.35	NOT_A_LEMMA
güzelim	7	4.35	NOT_A_NOUN
halkına	7	4.35	NOT_A_LEMMA
heyeti	6	4.35	NOT_A_LEMMA
inanmak	7	4.35	NOT_A_NOUN
içeriği	7	4.35	NOT_A_LEMMA
kaplan	6	4.35	VERB_FORM
kayıtlı	7	4.35	NOT_A_LEMMA
koyan	5	4.35	NOT_A_LEMMA
koydum	6	4.35	NOT_A_LEMMA
markası	7	4.35	NOT_A_LEMMA
mağdur	6	4.35	NOT_A_NOUN
mermi	5	4.35	TOPIC:weapons
mermi	5	4.35	MANUAL_BLOCK
nüfusu	6	4.35	NOT_A_LEMMA
olayım	6	4.35	NOT_A_LEMMA
oğlunun	7	4.35	NOT_A_LEMMA
partiye	7	4.35	NOT_A_LEMMA
pirinç	6	4.35	ALSO_OTHER_PART_OF_SPEECH
polat	5	4.35	MANUAL_BLOCK
radikal	7	4.35	ALSO_OTHER_PART_OF_SPEECH
resmini	7	4.35	NOT_A_LEMMA
sabahın	7	4.35	NOT_A_LEMMA
savaşçı	7	4.35	ALSO_OTHER_PART_OF_SPEECH
senedir	7	4.35	NOT_A_LEMMA
sezonda	7	4.35	NOT_A_LEMMA
sürücü	6	4.35	VERB_FORM
tanımak	7	4.35	NOT_A_NOUN
tutup	5	4.35	NOT_A_LEMMA
vadisi	6	4.35	NOT_A_LEMMA
yatakta	7	4.35	NOT_A_LEMMA
yazılar	7	4.35	NOT_A_LEMMA
yazılır	7	4.35	NOT_A_LEMMA
zararı	6	4.35	NOT_A_LEMMA
çekildi	7	4.35	NOT_A_LEMMA
öncü	4	4.35	ALSO_OTHER_PART_OF_SPEECH
şarkıcı	7	4.35	NOT_A_LEMMA
affet	5	4.34	NOT_A_LEMMA
alıcı	5	4.34	ALSO_OTHER_PART_OF_SPEECH
andan	5	4.34	NOT_A_LEMMA
anonim	6	4.34	NOT_A_NOUN
aralar	6	4.34	NOT_A_LEMMA
araçlar	7	4.34	NOT_A_LEMMA
atar	4	4.34	NOT_A_LEMMA
ayni	4	4.34	NOT_A_NOUN
bilişim	7	4.34	VERB_FORM
burayı	6	4.34	NOT_A_LEMMA
coğrafi	7	4.34	NOT_A_NOUN
dede	4	4.34	ALSO_OTHER_PART_OF_SPEECH
devreye	7	4.34	NOT_A_LEMMA
devri	5	4.34	NOT_A_NOUN
doktoru	7	4.34	NOT_A_LEMMA
durmak	6	4.34	NOT_A_NOUN
edemez	6	4.34	NOT_A_LEMMA
elli	4	4.34	NOT_A_NOUN
epey	4	4.34	NOT_A_NOUN
evim	4	4.34	NOT_A_LEMMA
getirin	7	4.34	NOT_A_LEMMA
geçmesi	7	4.34	NOT_A_LEMMA
güçler	6	4.34	NOT_A_LEMMA
haberim	7	4.34	NOT_A_LEMMA
hastası	7	4.34	NOT_A_LEMMA
ideal	5	4.34	ALSO_OTHER_PART_OF_SPEECH
istemem	7	4.34	NOT_A_LEMMA
kararlı	7	4.34	NOT_A_LEMMA
keyfini	7	4.34	NOT_A_LEMMA
kitle	5	4.34	VERB_FORM
klinik	6	4.34	ALSO_OTHER_PART_OF_SPEECH
korusun	7	4.34	NOT_A_LEMMA
merkeze	7	4.34	NOT_A_LEMMA
mıydı	5	4.34	NOT_A_LEMMA
odada	5	4.34	NOT_A_LEMMA
odaya	5	4.34	NOT_A_LEMMA
olağan	6	4.34	NOT_A_NOUN
sahaya	6	4.34	NOT_A_LEMMA
sahnede	7	4.34	NOT_A_LEMMA
sayısal	7	4.34	NOT_A_NOUN
sesle	5	4.34	NOT_A_LEMMA
seçildi	7	4.34	NOT_A_LEMMA
suikast	7	4.34	MANUAL_BLOCK
takibi	6	4.34	NOT_A_LEMMA
takımda	7	4.34	NOT_A_LEMMA
tanımı	6	4.34	NOT_A_LEMMA
tatlım	6	4.34	NOT_A_LEMMA
tekniği	7	4.34	NOT_A_LEMMA
tepe	4	4.34	VERB_FORM
teyze	5	4.34	ALSO_OTHER_PART_OF_SPEECH
yarattı	7	4.34	NOT_A_LEMMA
yazarın	7	4.34	NOT_A_LEMMA
yepyeni	7	4.34	NOT_A_NOUN
yurdu	5	4.34	VERB_FORM
yürü	4	4.34	NOT_A_LEMMA
yıla	4	4.34	NOT_A_LEMMA
çağrısı	7	4.34	NOT_A_LEMMA
çekmeye	7	4.34	NOT_A_LEMMA
çıkarın	7	4.34	NOT_A_LEMMA
şiiri	5	4.34	NOT_A_LEMMA
şükrü	5	4.34	NOT_A_LEMMA
akar	4	4.33	VERB_FORM
alanın	6	4.33	NOT_A_LEMMA
anki	4	4.33	NOT_A_LEMMA
atış	4	4.33	NOT_A_LEMMA
açılmış	7	4.33	NOT_A_LEMMA
baktı	5	4.33	NOT_A_LEMMA
başlı	5	4.33	NOT_A_NOUN
bedel	5	4.33	ALSO_OTHER_PART_OF_SPEECH
bileti	6	4.33	NOT_A_LEMMA
bilge	5	4.33	NOT_A_NOUN
bitirdi	7	4.33	NOT_A_LEMMA
doğmuş	6	4.33	NOT_A_LEMMA
duyar	5	4.33	NOT_A_NOUN
döneme	6	4.33	NOT_A_LEMMA
dönme	5	4.33	ALSO_OTHER_PART_OF_SPEECH
edersin	7	4.33	NOT_A_LEMMA
evinin	6	4.33	NOT_A_LEMMA
eşsiz	5	4.33	NOT_A_LEMMA
gününe	6	4.33	NOT_A_LEMMA
hesaba	6	4.33	NOT_A_LEMMA
kaplı	5	4.33	NOT_A_LEMMA
kişiyle	7	4.33	NOT_A_LEMMA
mide	4	4.33	INFLECTED_FORM
milleti	7	4.33	NOT_A_LEMMA
odasına	7	4.33	NOT_A_LEMMA
olursak	7	4.33	NOT_A_LEMMA
papa	4	4.33	TOPIC:religion
riski	5	4.33	NOT_A_LEMMA
sade	4	4.33	NOT_A_NOUN
sandık	6	4.33	VERB_FORM
sandım	6	4.33	NOT_A_LEMMA
sanıyor	7	4.33	NOT_A_LEMMA
sağol	5	4.33	NOT_A_LEMMA
sevmem	6	4.33	NOT_A_LEMMA
sisteme	7	4.33	NOT_A_LEMMA
tabanlı	7	4.33	NOT_A_LEMMA
tanıdık	7	4.33	NOT_A_NOUN
tatile	6	4.33	NOT_A_LEMMA
taşıyor	7	4.33	NOT_A_LEMMA
teorik	6	4.33	NOT_A_NOUN
veririm	7	4.33	NOT_A_LEMMA
yaratan	7	4.33	NOT_A_LEMMA
yoksun	6	4.33	NOT_A_NOUN
çalan	5	4.33	NOT_A_LEMMA
çoğunu	6	4.33	NOT_A_LEMMA
akım	4	4.32	INFLECTED_FORM
anma	4	4.32	VERB_FORM
ayna	4	4.32	ALSO_OTHER_PART_OF_SPEECH
başaran	7	4.32	NOT_A_LEMMA
başla	5	4.32	NOT_A_LEMMA
bilmez	6	4.32	NOT_A_LEMMA
bitince	7	4.32	NOT_A_LEMMA
cerrahi	7	4.32	ALSO_OTHER_PART_OF_SPEECH
dinleme	7	4.32	NOT_A_LEMMA
donanım	7	4.32	VERB_FORM
ekstra	6	4.32	NOT_A_NOUN
eserler	7	4.32	NOT_A_LEMMA
eşitlik	7	4.32	NOT_A_LEMMA
faydalı	7	4.32	NOT_A_LEMMA
gecelik	7	4.32	ALSO_OTHER_PART_OF_SPEECH
giderse	7	4.32	NOT_A_LEMMA
gitmesi	7	4.32	NOT_A_LEMMA
global	6	4.32	ALSO_OTHER_PART_OF_SPEECH
gruba	5	4.32	NOT_A_LEMMA
gücüne	6	4.32	NOT_A_LEMMA
güzeli	6	4.32	NOT_A_LEMMA
haydar	6	4.32	NOT_A_LEMMA
hitler	6	4.32	NOT_A_LEMMA
infaz	5	4.32	MANUAL_BLOCK
kanada	6	4.32	NOT_A_LEMMA
kanseri	7	4.32	NOT_A_LEMMA
kesip	5	4.32	NOT_A_LEMMA
kuruş	5	4.32	VERB_FORM
kökenli	7	4.32	NOT_A_LEMMA
malum	5	4.32	ALSO_OTHER_PART_OF_SPEECH
mesleki	7	4.32	NOT_A_NOUN
neşeli	6	4.32	NOT_A_LEMMA
onlarda	7	4.32	NOT_A_LEMMA
oradaki	7	4.32	NOT_A_LEMMA
oynadı	6	4.32	NOT_A_LEMMA
saçlı	5	4.32	NOT_A_LEMMA
sence	5	4.32	NOT_A_LEMMA
soruyor	7	4.32	NOT_A_LEMMA
sunar	5	4.32	NOT_A_LEMMA
sunulan	7	4.32	NOT_A_LEMMA
söyleme	7	4.32	NOT_A_LEMMA
temeli	6	4.32	NOT_A_LEMMA
türden	6	4.32	NOT_A_LEMMA
vakıf	5	4.32	ALSO_OTHER_PART_OF_SPEECH
yapıya	6	4.32	NOT_A_LEMMA
yağlı	5	4.32	NOT_A_LEMMA
yedim	5	4.32	NOT_A_LEMMA
çıktık	6	4.32	NOT_A_LEMMA
ölüyor	6	4.32	NOT_A_LEMMA
abla	4	4.31	INFLECTED_FORM
adası	5	4.31	NOT_A_LEMMA
altıncı	7	4.31	NOT_A_NOUN
ayağı	5	4.31	NOT_A_LEMMA
açma	4	4.31	VERB_FORM
açısı	5	4.31	NOT_A_LEMMA
bebeği	6	4.31	NOT_A_LEMMA
belgesi	7	4.31	NOT_A_LEMMA
bulduk	6	4.31	NOT_A_LEMMA
cihan	5	4.31	MANUAL_BLOCK
doldu	5	4.31	NOT_A_LEMMA
dursun	6	4.31	NOT_A_LEMMA
dönmüş	6	4.31	NOT_A_LEMMA
dönüşüm	7	4.31	VERB_FORM
evleri	6	4.31	NOT_A_LEMMA
eğitime	7	4.31	NOT_A_LEMMA
futbolu	7	4.31	NOT_A_LEMMA
girmeye	7	4.31	NOT_A_LEMMA
gölü	4	4.31	NOT_A_LEMMA
herif	5	4.31	MANUAL_BLOCK
içme	4	4.31	NOT_A_LEMMA
kadroya	7	4.31	NOT_A_LEMMA
kalbin	6	4.31	NOT_A_LEMMA
kelebek	7	4.31	ALSO_OTHER_PART_OF_SPEECH
kılan	5	4.31	NOT_A_LEMMA
kıyasla	7	4.31	NOT_A_LEMMA
lafı	4	4.31	NOT_A_LEMMA
mektubu	7	4.31	NOT_A_LEMMA
mert	4	4.31	NOT_A_NOUN
nedense	7	4.31	NOT_A_NOUN
okur	4	4.31	VERB_FORM
olaydan	7	4.31	NOT_A_LEMMA
olmamız	7	4.31	NOT_A_LEMMA
ortamı	6	4.31	NOT_A_LEMMA
oturma	6	4.31	NOT_A_LEMMA
pislik	6	4.31	MANUAL_BLOCK
saattir	7	4.31	NOT_A_LEMMA
sayısız	7	4.31	NOT_A_LEMMA
sesin	5	4.31	NOT_A_LEMMA
sezen	5	4.31	NOT_A_LEMMA
seçime	6	4.31	NOT_A_LEMMA
sırası	6	4.31	NOT_A_LEMMA
yatağa	6	4.31	NOT_A_LEMMA
yağış	5	4.31	NOT_A_LEMMA
yeraltı	7	4.31	ALSO_OTHER_PART_OF_SPEECH
zehirli	7	4.31	NOT_A_LEMMA
zirveye	7	4.31	NOT_A_LEMMA
çeviren	7	4.31	NOT_A_LEMMA
şefi	4	4.31	NOT_A_LEMMA
ailem	5	4.30	NOT_A_LEMMA
ayının	6	4.30	NOT_A_LEMMA
ağzı	4	4.30	NOT_A_LEMMA
bakır	5	4.30	ALSO_OTHER_PART_OF_SPEECH
bilgiye	7	4.30	NOT_A_LEMMA
biçimi	6	4.30	NOT_A_LEMMA
bombası	7	4.30	NOT_A_LEMMA
bugünün	7	4.30	NOT_A_LEMMA
bulduğu	7	4.30	NOT_A_LEMMA
danışma	7	4.30	NOT_A_LEMMA
diyordu	7	4.30	NOT_A_LEMMA
doku	4	4.30	VERB_FORM
durur	5	4.30	NOT_A_LEMMA
ekrana	6	4.30	NOT_A_LEMMA
emine	5	4.30	NOT_A_LEMMA
etmeyen	7	4.30	NOT_A_LEMMA
evinize	7	4.30	NOT_A_LEMMA
eylemi	6	4.30	NOT_A_LEMMA
fikrini	7	4.30	NOT_A_LEMMA
gelirim	7	4.30	NOT_A_LEMMA
görecek	7	4.30	NOT_A_LEMMA
gülen	5	4.30	NOT_A_LEMMA
hepsine	7	4.30	NOT_A_LEMMA
ihlal	5	4.30	CIRCUMFLEX
ilçede	6	4.30	NOT_A_LEMMA
içerde	6	4.30	NOT_A_LEMMA
içimden	7	4.30	NOT_A_LEMMA
kafamı	6	4.30	NOT_A_LEMMA
kapat	5	4.30	NOT_A_LEMMA
karma	5	4.30	ALSO_OTHER_PART_OF_SPEECH
kuşu	4	4.30	NOT_A_LEMMA
kırdı	5	4.30	NOT_A_LEMMA
kırsal	6	4.30	NOT_A_LEMMA
mübarek	7	4.30	NOT_A_NOUN
okumaya	7	4.30	NOT_A_LEMMA
otur	4	4.30	NOT_A_LEMMA
puanla	6	4.30	NOT_A_LEMMA
rejim	5	4.30	TOPIC:politics
saatten	7	4.30	NOT_A_LEMMA
sesler	6	4.30	NOT_A_LEMMA
sevilen	7	4.30	NOT_A_LEMMA
seçimde	7	4.30	NOT_A_LEMMA
taraflı	7	4.30	NOT_A_LEMMA
vereyim	7	4.30	NOT_A_LEMMA
yasağı	6	4.30	NOT_A_LEMMA
yaşandı	7	4.30	NOT_A_LEMMA
yeme	4	4.30	NOT_A_LEMMA
çekimi	6	4.30	NOT_A_LEMMA
çektim	6	4.30	NOT_A_LEMMA
çıkın	5	4.30	VERB_FORM
ötesi	5	4.30	NOT_A_LEMMA
ülkemiz	7	4.30	NOT_A_LEMMA
şahsen	6	4.30	NOT_A_NOUN
şartlar	7	4.30	NOT_A_LEMMA
almaz	5	4.29	NOT_A_LEMMA
ardında	7	4.29	NOT_A_LEMMA
açılır	6	4.29	NOT_A_LEMMA
ağlama	6	4.29	NOT_A_LEMMA
başlığı	7	4.29	NOT_A_LEMMA
benimki	7	4.29	NOT_A_NOUN
derdim	6	4.29	NOT_A_LEMMA
deyişle	7	4.29	NOT_A_LEMMA
diyecek	7	4.29	NOT_A_LEMMA
dizide	6	4.29	NOT_A_LEMMA
duyduğu	7	4.29	NOT_A_LEMMA
düştüğü	7	4.29	NOT_A_LEMMA
edeyim	6	4.29	NOT_A_LEMMA
erkeği	6	4.29	NOT_A_LEMMA
favori	6	4.29	ALSO_OTHER_PART_OF_SPEECH
finale	6	4.29	NOT_A_LEMMA
geçmişe	7	4.29	NOT_A_LEMMA
girmesi	7	4.29	NOT_A_LEMMA
haliyle	7	4.29	NOT_A_NOUN
havası	6	4.29	NOT_A_LEMMA
hiçbiri	7	4.29	NOT_A_NOUN
ilacı	5	4.29	NOT_A_LEMMA
kalmaya	7	4.29	NOT_A_LEMMA
kentsel	7	4.29	NOT_A_LEMMA
kesme	5	4.29	ALSO_OTHER_PART_OF_SPEECH
kopya	5	4.29	ALSO_OTHER_PART_OF_SPEECH
koruyan	7	4.29	NOT_A_LEMMA
kurma	5	4.29	NOT_A_LEMMA
kıyamet	7	4.29	MANUAL_BLOCK
marşı	5	4.29	NOT_A_LEMMA
meme	4	4.29	TOPIC:sexual
muhtaç	6	4.29	NOT_A_NOUN
muyum	5	4.29	NOT_A_LEMMA
mıyız	5	4.29	NOT_A_LEMMA
okurken	7	4.29	NOT_A_LEMMA
oynama	6	4.29	NOT_A_LEMMA
oynar	5	4.29	NOT_A_LEMMA
partili	7	4.29	NOT_A_LEMMA
sarayı	6	4.29	NOT_A_LEMMA
siteye	6	4.29	NOT_A_LEMMA
sonunu	6	4.29	NOT_A_LEMMA
sorma	5	4.29	NOT_A_LEMMA
sözcüsü	7	4.29	NOT_A_LEMMA
sıkça	5	4.29	NOT_A_NOUN
tersi	5	4.29	NOT_A_LEMMA
toplumu	7	4.29	NOT_A_LEMMA
unut	4	4.29	NOT_A_LEMMA
uslu	4	4.29	NOT_A_NOUN
veriler	7	4.29	NOT_A_LEMMA
vuran	5	4.29	NOT_A_LEMMA
vücudu	6	4.29	NOT_A_LEMMA
yağı	4	4.29	MANUAL_BLOCK
yiğit	5	4.29	ALSO_OTHER_PART_OF_SPEECH
zararlı	7	4.29	NOT_A_LEMMA
zavallı	7	4.29	NOT_A_NOUN
çalışın	7	4.29	NOT_A_LEMMA
çevresi	7	4.29	NOT_A_LEMMA
çifte	5	4.29	ALSO_OTHER_PART_OF_SPEECH
çıkarır	7	4.29	NOT_A_LEMMA
çıkmadı	7	4.29	NOT_A_LEMMA
önemini	7	4.29	NOT_A_LEMMA
üçlü	4	4.29	NOT_A_LEMMA
üçte	4	4.29	NOT_A_LEMMA
aldın	5	4.28	NOT_A_LEMMA
anasını	7	4.28	NOT_A_LEMMA
aylar	5	4.28	NOT_A_LEMMA
bakınca	7	4.28	NOT_A_LEMMA
bağı	4	4.28	MANUAL_BLOCK
bitmedi	7	4.28	NOT_A_LEMMA
bravo	5	4.28	NOT_A_NOUN
buda	4	4.28	NOT_A_LEMMA
bulma	5	4.28	NOT_A_LEMMA
delik	5	4.28	ALSO_OTHER_PART_OF_SPEECH
derdin	6	4.28	NOT_A_LEMMA
devasa	6	4.28	NOT_A_NOUN
diri	4	4.28	NOT_A_NOUN
dolusu	6	4.28	NOT_A_NOUN
durma	5	4.28	NOT_A_LEMMA
etmeli	6	4.28	NOT_A_LEMMA
evlenme	7	4.28	NOT_A_LEMMA
evrenin	7	4.28	NOT_A_LEMMA
görün	5	4.28	NOT_A_LEMMA
gözlü	5	4.28	NOT_A_LEMMA
göçmen	6	4.28	NOT_A_NOUN
gücünün	7	4.28	NOT_A_LEMMA
halbuki	7	4.28	NOT_A_NOUN
hayati	6	4.28	ALSO_OTHER_PART_OF_SPEECH
hedefe	6	4.28	NOT_A_LEMMA
helal	5	4.28	CIRCUMFLEX
ilave	5	4.28	CIRCUMFLEX
isteriz	7	4.28	NOT_A_LEMMA
izliyor	7	4.28	NOT_A_LEMMA
işlerin	7	4.28	NOT_A_LEMMA
kapağı	6	4.28	NOT_A_LEMMA
kasa	4	4.28	VERB_FORM
konumu	6	4.28	NOT_A_LEMMA
köyde	5	4.28	NOT_A_LEMMA
sahnesi	7	4.28	NOT_A_LEMMA
susan	5	4.28	NOT_A_LEMMA
sünnet	6	4.28	MANUAL_BLOCK
tatili	6	4.28	NOT_A_LEMMA
time	4	4.28	NOT_A_LEMMA
uyanık	6	4.28	NOT_A_NOUN
yapamaz	7	4.28	NOT_A_LEMMA
yatay	5	4.28	NOT_A_NOUN
yazım	5	4.28	INFLECTED_FORM
yerle	5	4.28	NOT_A_LEMMA
yüzlü	5	4.28	NOT_A_LEMMA
yüzünde	7	4.28	NOT_A_LEMMA
çaldı	5	4.28	NOT_A_LEMMA
acilen	6	4.27	NOT_A_NOUN
aklımda	7	4.27	NOT_A_LEMMA
anal	4	4.27	NOT_A_NOUN
aradım	6	4.27	NOT_A_LEMMA
avukatı	7	4.27	NOT_A_LEMMA
ayar	4	4.27	VERB_FORM
azgın	5	4.27	NOT_A_NOUN
açıyor	6	4.27	NOT_A_LEMMA
bilinir	7	4.27	NOT_A_LEMMA
bulmaya	7	4.27	NOT_A_LEMMA
bürosu	6	4.27	NOT_A_LEMMA
coşkun	6	4.27	NOT_A_NOUN
dağlar	6	4.27	NOT_A_LEMMA
desem	5	4.27	NOT_A_LEMMA
dinamik	7	4.27	ALSO_OTHER_PART_OF_SPEECH
doğumlu	7	4.27	NOT_A_LEMMA
duvarı	6	4.27	NOT_A_LEMMA
düşünüp	7	4.27	NOT_A_LEMMA
etik	4	4.27	ALSO_OTHER_PART_OF_SPEECH
grubuna	7	4.27	NOT_A_LEMMA
götürür	7	4.27	NOT_A_LEMMA
günüm	5	4.27	NOT_A_LEMMA
haram	5	4.27	ALSO_OTHER_PART_OF_SPEECH
havalı	6	4.27	NOT_A_LEMMA
hergün	6	4.27	MANUAL_BLOCK
ilaçlar	7	4.27	NOT_A_LEMMA
istedik	7	4.27	NOT_A_LEMMA
istenen	7	4.27	NOT_A_LEMMA
karıştı	7	4.27	NOT_A_LEMMA
katar	5	4.27	VERB_FORM
kayda	5	4.27	NOT_A_LEMMA
kağıdı	6	4.27	NOT_A_LEMMA
kesildi	7	4.27	NOT_A_LEMMA
konum	5	4.27	INFLECTED_FORM
kralın	6	4.27	NOT_A_LEMMA
kurmaya	7	4.27	NOT_A_LEMMA
kutlama	7	4.27	NOT_A_LEMMA
kötüye	6	4.27	NOT_A_LEMMA
küfür	5	4.27	TOPIC:profanity
küfür	5	4.27	MANUAL_BLOCK
mail	4	4.27	NOT_A_NOUN
meral	5	4.27	MANUAL_BLOCK
nehri	5	4.27	NOT_A_LEMMA
olmamak	7	4.27	NOT_A_LEMMA
orjinal	7	4.27	MANUAL_BLOCK
peşine	6	4.27	NOT_A_LEMMA
rekoru	6	4.27	NOT_A_LEMMA
seferde	7	4.27	NOT_A_LEMMA
senle	5	4.27	NOT_A_LEMMA
seçti	5	4.27	NOT_A_LEMMA
silahı	6	4.27	NOT_A_LEMMA
sunduğu	7	4.27	NOT_A_LEMMA
tarifi	6	4.27	NOT_A_LEMMA
temalı	6	4.27	NOT_A_LEMMA
tipik	5	4.27	NOT_A_NOUN
ulan	4	4.27	NOT_A_NOUN
yönlü	5	4.27	NOT_A_LEMMA
yönü	4	4.27	NOT_A_LEMMA
çaresiz	7	4.27	NOT_A_LEMMA
çözmek	6	4.27	NOT_A_NOUN
aklın	5	4.26	NOT_A_LEMMA
bakmaya	7	4.26	NOT_A_LEMMA
basıncı	7	4.26	NOT_A_LEMMA
bayağı	6	4.26	NOT_A_NOUN
bekler	6	4.26	NOT_A_LEMMA
dahası	6	4.26	ALSO_OTHER_PART_OF_SPEECH
dansı	5	4.26	NOT_A_LEMMA
demedim	7	4.26	NOT_A_LEMMA
deniyor	7	4.26	NOT_A_LEMMA
duyarlı	7	4.26	NOT_A_NOUN
dövme	5	4.26	ALSO_OTHER_PART_OF_SPEECH
eliyle	6	4.26	NOT_A_NOUN
elmas	5	4.26	ALSO_OTHER_PART_OF_SPEECH
füze	4	4.26	TOPIC:weapons
gerekse	7	4.26	NOT_A_NOUN
geçme	5	4.26	NOT_A_LEMMA
güce	4	4.26	NOT_A_LEMMA
gücün	5	4.26	NOT_A_NOUN
harp	4	4.26	TOPIC:violence
hatalı	6	4.26	NOT_A_LEMMA
hukuki	6	4.26	ALSO_OTHER_PART_OF_SPEECH
ikisini	7	4.26	NOT_A_LEMMA
kalmayı	7	4.26	NOT_A_LEMMA
kapılar	7	4.26	NOT_A_LEMMA
kate	4	4.26	NOT_A_LEMMA
kemer	5	4.26	ALSO_OTHER_PART_OF_SPEECH
kerem	5	4.26	INFLECTED_FORM
korkusu	7	4.26	NOT_A_LEMMA
kuralı	6	4.26	NOT_A_LEMMA
kurtlar	7	4.26	NOT_A_LEMMA
makul	5	4.26	NOT_A_NOUN
muyuz	5	4.26	NOT_A_LEMMA
nefis	5	4.26	ALSO_OTHER_PART_OF_SPEECH
oteller	7	4.26	NOT_A_LEMMA
rahip	5	4.26	TOPIC:religion
rahip	5	4.26	MANUAL_BLOCK
rakibi	6	4.26	NOT_A_LEMMA
sahi	4	4.26	NOT_A_NOUN
sapan	5	4.26	VERB_FORM
satmak	6	4.26	NOT_A_NOUN
sular	5	4.26	NOT_A_LEMMA
teması	6	4.26	NOT_A_LEMMA
tuna	4	4.26	NOT_A_LEMMA
ucunda	6	4.26	NOT_A_LEMMA
uykuya	6	4.26	NOT_A_LEMMA
uğrayan	7	4.26	NOT_A_LEMMA
yapılar	7	4.26	NOT_A_LEMMA
yararlı	7	4.26	NOT_A_LEMMA
yemiş	5	4.26	VERB_FORM
yönden	6	4.26	NOT_A_LEMMA
yükü	4	4.26	NOT_A_LEMMA
yılını	6	4.26	NOT_A_LEMMA
çalıyor	7	4.26	NOT_A_LEMMA
çiftler	7	4.26	NOT_A_LEMMA
çıkınca	7	4.26	NOT_A_LEMMA
ölmeden	7	4.26	NOT_A_LEMMA
öğren	5	4.26	NOT_A_LEMMA
üstüme	6	4.26	NOT_A_LEMMA
şişe	4	4.26	ALSO_OTHER_PART_OF_SPEECH
adada	5	4.25	NOT_A_LEMMA
aileden	7	4.25	NOT_A_LEMMA
akışı	5	4.25	NOT_A_LEMMA
arkaya	6	4.25	NOT_A_LEMMA
açmış	5	4.25	NOT_A_LEMMA
açtım	5	4.25	NOT_A_LEMMA
bakınız	7	4.25	NOT_A_LEMMA
bağımlı	7	4.25	NOT_A_NOUN
beton	5	4.25	ALSO_OTHER_PART_OF_SPEECH
bulacak	7	4.25	NOT_A_LEMMA
cennete	7	4.25	NOT_A_LEMMA
derya	5	4.25	MANUAL_BLOCK
dönüştü	7	4.25	NOT_A_LEMMA
evdeki	6	4.25	NOT_A_LEMMA
forması	7	4.25	NOT_A_LEMMA
gözde	5	4.25	ALSO_OTHER_PART_OF_SPEECH
hakkına	7	4.25	NOT_A_LEMMA
hoşuna	6	4.25	NOT_A_LEMMA
kalktı	6	4.25	NOT_A_LEMMA
kanıtı	6	4.25	NOT_A_LEMMA
karaca	6	4.25	ALSO_OTHER_PART_OF_SPEECH
kaçmak	6	4.25	NOT_A_NOUN
konuşur	7	4.25	NOT_A_LEMMA
kurul	5	4.25	VERB_FORM
köylü	5	4.25	NOT_A_LEMMA
maçtan	6	4.25	NOT_A_LEMMA
medeni	6	4.25	NOT_A_NOUN
mudur	5	4.25	NOT_A_LEMMA
okuyun	6	4.25	NOT_A_LEMMA
paralar	7	4.25	NOT_A_LEMMA
pasif	5	4.25	ALSO_OTHER_PART_OF_SPEECH
reel	4	4.25	NOT_A_NOUN
seve	4	4.25	NOT_A_LEMMA
tadına	6	4.25	NOT_A_LEMMA
tolga	5	4.25	MANUAL_BLOCK
ustası	6	4.25	NOT_A_LEMMA
uçağın	6	4.25	NOT_A_LEMMA
yaban	5	4.25	ALSO_OTHER_PART_OF_SPEECH
yanan	5	4.25	NOT_A_LEMMA
yaramaz	7	4.25	NOT_A_NOUN
yavrum	6	4.25	NOT_A_LEMMA
yöne	4	4.25	NOT_A_LEMMA
yürüyen	7	4.25	NOT_A_LEMMA
çalışıp	7	4.25	NOT_A_LEMMA
çekme	5	4.25	ALSO_OTHER_PART_OF_SPEECH
çiçeği	6	4.25	NOT_A_LEMMA
çoklu	5	4.25	NOT_A_LEMMA
çözümü	6	4.25	NOT_A_LEMMA
ölümden	7	4.25	NOT_A_LEMMA
üyeliği	7	4.25	NOT_A_LEMMA
üzgün	5	4.25	NOT_A_NOUN
şansını	7	4.25	NOT_A_LEMMA
alfa	4	4.24	MANUAL_BLOCK
almıyor	7	4.24	NOT_A_LEMMA
beyni	5	4.24	NOT_A_LEMMA
bilimi	6	4.24	NOT_A_LEMMA
düzce	5	4.24	NOT_A_NOUN
entegre	7	4.24	NOT_A_NOUN
felaket	7	4.24	CIRCUMFLEX
filme	5	4.24	NOT_A_LEMMA
filmini	7	4.24	NOT_A_LEMMA
girme	5	4.24	NOT_A_LEMMA
görevde	7	4.24	NOT_A_LEMMA
gözüm	5	4.24	NOT_A_LEMMA
hocası	6	4.24	NOT_A_LEMMA
inin	4	4.24	NOT_A_LEMMA
istemek	7	4.24	NOT_A_NOUN
işsiz	5	4.24	NOT_A_LEMMA
kaçar	5	4.24	NOT_A_NOUN
kiminle	7	4.24	NOT_A_LEMMA
klavye	6	4.24	CIRCUMFLEX
kristal	7	4.24	ALSO_OTHER_PART_OF_SPEECH
meşru	5	4.24	NOT_A_NOUN
okudu	5	4.24	NOT_A_LEMMA
rüşvet	6	4.24	TOPIC:crime
satılan	7	4.24	NOT_A_LEMMA
saçları	7	4.24	NOT_A_LEMMA
sergisi	7	4.24	NOT_A_LEMMA
tablosu	7	4.24	NOT_A_LEMMA
tekin	5	4.24	ALSO_OTHER_PART_OF_SPEECH
uluslar	7	4.24	NOT_A_LEMMA
vücudun	7	4.24	NOT_A_LEMMA
yapısal	7	4.24	NOT_A_LEMMA
yayına	6	4.24	NOT_A_LEMMA
zevkli	6	4.24	NOT_A_LEMMA
çakır	5	4.24	ALSO_OTHER_PART_OF_SPEECH
çelebi	6	4.24	ALSO_OTHER_PART_OF_SPEECH
çocuğum	7	4.24	NOT_A_LEMMA
öğrenme	7	4.24	NOT_A_LEMMA
ücreti	6	4.24	NOT_A_LEMMA
şeyim	5	4.24	NOT_A_LEMMA
ahlaki	6	4.23	NOT_A_NOUN
akşama	6	4.23	NOT_A_LEMMA
anlıyor	7	4.23	NOT_A_LEMMA
baban	5	4.23	NOT_A_LEMMA
bire	4	4.23	NOT_A_LEMMA
bozuldu	7	4.23	NOT_A_LEMMA
dayak	5	4.23	TOPIC:violence
dayak	5	4.23	MANUAL_BLOCK
dediniz	7	4.23	NOT_A_LEMMA
defteri	7	4.23	NOT_A_LEMMA
denizde	7	4.23	NOT_A_LEMMA
deyin	5	4.23	NOT_A_LEMMA
dibine	6	4.23	NOT_A_LEMMA
duygusu	7	4.23	NOT_A_LEMMA
estetik	7	4.23	ALSO_OTHER_PART_OF_SPEECH
evcil	5	4.23	NOT_A_NOUN
girin	5	4.23	NOT_A_LEMMA
görüşü	6	4.23	NOT_A_LEMMA
inanan	6	4.23	NOT_A_LEMMA
izleri	6	4.23	NOT_A_LEMMA
kadınla	7	4.23	NOT_A_LEMMA
kalesi	6	4.23	NOT_A_LEMMA
kana	4	4.23	VERB_FORM
kapının	7	4.23	NOT_A_LEMMA
konseri	7	4.23	NOT_A_LEMMA
korkak	6	4.23	NOT_A_NOUN
küçücük	7	4.23	NOT_A_NOUN
maçının	7	4.23	NOT_A_LEMMA
nasılsa	7	4.23	NOT_A_NOUN
neresi	6	4.23	NOT_A_LEMMA
nihai	5	4.23	NOT_A_NOUN
niyetli	7	4.23	NOT_A_LEMMA
oldunuz	7	4.23	NOT_A_LEMMA
optik	5	4.23	ALSO_OTHER_PART_OF_SPEECH
oral	4	4.23	NOT_A_NOUN
ruhsal	6	4.23	NOT_A_LEMMA
sabahı	6	4.23	NOT_A_LEMMA
sapık	5	4.23	NOT_A_NOUN
sihirli	7	4.23	NOT_A_LEMMA
tümüyle	7	4.23	NOT_A_NOUN
uyuyor	6	4.23	NOT_A_LEMMA
yardıma	7	4.23	NOT_A_LEMMA
yarına	6	4.23	NOT_A_LEMMA
zeytin	6	4.23	ALSO_OTHER_PART_OF_SPEECH
ödüllü	6	4.23	NOT_A_LEMMA
şayet	5	4.23	NOT_A_NOUN
adaya	5	4.22	NOT_A_LEMMA
adaylar	7	4.22	NOT_A_LEMMA
alayım	6	4.22	NOT_A_LEMMA
alırlar	7	4.22	NOT_A_LEMMA
ardı	4	4.22	NOT_A_LEMMA
askere	6	4.22	NOT_A_LEMMA
azıcık	6	4.22	NOT_A_NOUN
aşama	5	4.22	VERB_FORM
balkan	6	4.22	MANUAL_BLOCK
baskısı	7	4.22	NOT_A_LEMMA
bilin	5	4.22	NOT_A_LEMMA
buydu	5	4.22	NOT_A_LEMMA
bölüme	6	4.22	NOT_A_LEMMA
dalında	7	4.22	NOT_A_LEMMA
denizin	7	4.22	NOT_A_LEMMA
dilim	5	4.22	INFLECTED_FORM
dinler	6	4.22	NOT_A_LEMMA
edince	6	4.22	NOT_A_LEMMA
elin	4	4.22	NOT_A_LEMMA
esen	4	4.22	NOT_A_NOUN
evler	5	4.22	NOT_A_LEMMA
eşinin	6	4.22	NOT_A_LEMMA
faşist	6	4.22	MANUAL_BLOCK
getirip	7	4.22	NOT_A_LEMMA
geçin	5	4.22	NOT_A_LEMMA
gitmeyi	7	4.22	NOT_A_LEMMA
golden	6	4.22	NOT_A_LEMMA
grupta	6	4.22	NOT_A_LEMMA
haklar	6	4.22	NOT_A_LEMMA
havadan	7	4.22	NOT_A_NOUN
iflas	5	4.22	CIRCUMFLEX
ilinde	6	4.22	NOT_A_LEMMA
indi	4	4.22	CIRCUMFLEX
irfan	5	4.22	MANUAL_BLOCK
isabet	6	4.22	ALSO_OTHER_PART_OF_SPEECH
kalbimi	7	4.22	NOT_A_LEMMA
kapandı	7	4.22	NOT_A_LEMMA
kazı	4	4.22	VERB_FORM
koyuyor	7	4.22	NOT_A_LEMMA
köyün	5	4.22	NOT_A_LEMMA
manuel	6	4.22	ALSO_OTHER_PART_OF_SPEECH
mensubu	7	4.22	NOT_A_LEMMA
miller	6	4.22	NOT_A_LEMMA
müziğin	7	4.22	NOT_A_LEMMA
planda	6	4.22	NOT_A_LEMMA
rejimi	6	4.22	NOT_A_LEMMA
sahası	6	4.22	NOT_A_LEMMA
sayım	5	4.22	INFLECTED_FORM
semih	5	4.22	NOT_A_NOUN
sıralar	7	4.22	NOT_A_LEMMA
toprağı	7	4.22	NOT_A_LEMMA
topçu	5	4.22	NOT_A_LEMMA
tutmaya	7	4.22	NOT_A_LEMMA
tütün	5	4.22	TOPIC:tobacco
uyumak	6	4.22	NOT_A_NOUN
uğradı	6	4.22	NOT_A_LEMMA
yaşadık	7	4.22	NOT_A_LEMMA
yedinci	7	4.22	ALSO_OTHER_PART_OF_SPEECH
yiyen	5	4.22	NOT_A_LEMMA
yiyip	5	4.22	NOT_A_LEMMA
yoksul	6	4.22	NOT_A_NOUN
çamur	5	4.22	ALSO_OTHER_PART_OF_SPEECH
çarptı	6	4.22	NOT_A_LEMMA
ödülünü	7	4.22	NOT_A_LEMMA
ölümün	6	4.22	NOT_A_LEMMA
örgütün	7	4.22	NOT_A_LEMMA
öylece	6	4.22	NOT_A_LEMMA
öğrendi	7	4.22	NOT_A_LEMMA
üstünü	6	4.22	NOT_A_LEMMA
adamla	6	4.21	NOT_A_LEMMA
anlamış	7	4.21	NOT_A_LEMMA
anısına	7	4.21	NOT_A_LEMMA
arar	4	4.21	NOT_A_LEMMA
açacak	6	4.21	VERB_FORM
beynin	6	4.21	NOT_A_LEMMA
dosyası	7	4.21	NOT_A_LEMMA
duyulan	7	4.21	NOT_A_LEMMA
düzeyi	6	4.21	NOT_A_LEMMA
düşmesi	7	4.21	NOT_A_LEMMA
elim	4	4.21	NOT_A_NOUN
elveda	6	4.21	NOT_A_NOUN
ender	5	4.21	NOT_A_NOUN
girdik	6	4.21	NOT_A_LEMMA
hatalar	7	4.21	NOT_A_LEMMA
hayli	5	4.21	NOT_A_NOUN
hücum	5	4.21	ALSO_OTHER_PART_OF_SPEECH
hülya	5	4.21	MANUAL_BLOCK
ikiz	4	4.21	ALSO_OTHER_PART_OF_SPEECH
ismin	5	4.21	NOT_A_LEMMA
kapatma	7	4.21	NOT_A_LEMMA
kimdir	6	4.21	NOT_A_LEMMA
kısmına	7	4.21	NOT_A_LEMMA
lehine	6	4.21	NOT_A_LEMMA
meclise	7	4.21	NOT_A_LEMMA
oruç	4	4.21	TOPIC:religion
oruç	4	4.21	MANUAL_BLOCK
param	5	4.21	NOT_A_LEMMA
saygılı	7	4.21	NOT_A_LEMMA
saygın	6	4.21	NOT_A_NOUN
sayılan	7	4.21	NOT_A_LEMMA
sağır	5	4.21	NOT_A_NOUN
seti	4	4.21	NOT_A_LEMMA
sevmek	6	4.21	NOT_A_NOUN
sikeyim	7	4.21	NOT_A_LEMMA
sinirli	7	4.21	NOT_A_NOUN
sonrada	7	4.21	NOT_A_LEMMA
soruya	6	4.21	NOT_A_LEMMA
sundu	5	4.21	NOT_A_LEMMA
tüfek	5	4.21	TOPIC:weapons
çapraz	6	4.21	ALSO_OTHER_PART_OF_SPEECH
çekmiş	6	4.21	NOT_A_LEMMA
çıksın	6	4.21	NOT_A_LEMMA
özen	4	4.21	VERB_FORM
şurada	6	4.21	NOT_A_LEMMA
afyon	5	4.20	TOPIC:drugs
afyon	5	4.20	MANUAL_BLOCK
amaçla	6	4.20	NOT_A_LEMMA
arabası	7	4.20	NOT_A_LEMMA
arabayı	7	4.20	NOT_A_LEMMA
atandı	6	4.20	NOT_A_LEMMA
ayrımı	6	4.20	NOT_A_LEMMA
ayıp	4	4.20	ALSO_OTHER_PART_OF_SPEECH
binada	6	4.20	NOT_A_LEMMA
buluştu	7	4.20	NOT_A_LEMMA
civarı	6	4.20	NOT_A_LEMMA
denedim	7	4.20	NOT_A_LEMMA
dere	4	4.20	VERB_FORM
dilin	5	4.20	NOT_A_LEMMA
dönmesi	7	4.20	NOT_A_LEMMA
dönük	5	4.20	NOT_A_NOUN
düşme	5	4.20	NOT_A_LEMMA
eklendi	7	4.20	NOT_A_LEMMA
erkeğe	6	4.20	NOT_A_LEMMA
fazıl	5	4.20	NOT_A_NOUN
gelse	5	4.20	NOT_A_LEMMA
gibiler	7	4.20	NOT_A_LEMMA
girişim	7	4.20	INFLECTED_FORM
gördün	6	4.20	NOT_A_LEMMA
gözünde	7	4.20	NOT_A_LEMMA
hatırla	7	4.20	NOT_A_LEMMA
iddiası	7	4.20	NOT_A_LEMMA
illa	4	4.20	NOT_A_NOUN
kadınım	7	4.20	NOT_A_LEMMA
kapatın	7	4.20	NOT_A_LEMMA
kapıdan	7	4.20	NOT_A_LEMMA
körfez	6	4.20	ALSO_OTHER_PART_OF_SPEECH
lastik	6	4.20	ALSO_OTHER_PART_OF_SPEECH
masada	6	4.20	NOT_A_LEMMA
notu	4	4.20	NOT_A_LEMMA
okumayı	7	4.20	NOT_A_LEMMA
okuyup	6	4.20	NOT_A_LEMMA
onurlu	6	4.20	NOT_A_LEMMA
oğul	4	4.20	ALSO_OTHER_PART_OF_SPEECH
pazarı	6	4.20	NOT_A_LEMMA
renkler	7	4.20	NOT_A_LEMMA
seçmen	6	4.20	TOPIC:politics
sini	4	4.20	INFLECTED_FORM
soluk	5	4.20	ALSO_OTHER_PART_OF_SPEECH
sulama	6	4.20	NOT_A_LEMMA
sunan	5	4.20	NOT_A_LEMMA
sınıfa	6	4.20	NOT_A_LEMMA
tutulan	7	4.20	NOT_A_LEMMA
yasemin	7	4.20	ALSO_OTHER_PART_OF_SPEECH
yemen	5	4.20	NOT_A_LEMMA
yüksel	6	4.20	NOT_A_LEMMA
yüzün	5	4.20	NOT_A_LEMMA
zorluk	6	4.20	NOT_A_LEMMA
çalar	5	4.20	VERB_FORM
arkası	6	4.19	NOT_A_LEMMA
askıya	6	4.19	NOT_A_LEMMA
ağaçlar	7	4.19	NOT_A_LEMMA
bakarım	7	4.19	NOT_A_LEMMA
bozkurt	7	4.19	MANUAL_BLOCK
boşanma	7	4.19	VERB_FORM
burdur	6	4.19	NOT_A_LEMMA
burhan	6	4.19	MANUAL_BLOCK
dağları	7	4.19	NOT_A_LEMMA
dikey	5	4.19	NOT_A_NOUN
diyeyim	7	4.19	NOT_A_LEMMA
duyunca	7	4.19	NOT_A_LEMMA
dünyaca	7	4.19	NOT_A_LEMMA
düştüm	6	4.19	NOT_A_LEMMA
ekledi	6	4.19	NOT_A_LEMMA
evini	5	4.19	NOT_A_LEMMA
gayri	5	4.19	NOT_A_NOUN
geceye	6	4.19	NOT_A_LEMMA
giydiği	7	4.19	NOT_A_LEMMA
gözüne	6	4.19	NOT_A_LEMMA
güneye	6	4.19	NOT_A_LEMMA
günkü	5	4.19	NOT_A_LEMMA
hatları	7	4.19	NOT_A_LEMMA
içim	4	4.19	ALSO_OTHER_PART_OF_SPEECH
kanka	5	4.19	MANUAL_BLOCK
kapatıp	7	4.19	NOT_A_LEMMA
kapıya	6	4.19	NOT_A_LEMMA
keçi	4	4.19	ALSO_OTHER_PART_OF_SPEECH
kibar	5	4.19	ALSO_OTHER_PART_OF_SPEECH
kombine	7	4.19	ALSO_OTHER_PART_OF_SPEECH
korsan	6	4.19	ALSO_OTHER_PART_OF_SPEECH
köpeğin	7	4.19	NOT_A_LEMMA
köye	4	4.19	NOT_A_LEMMA
liralık	7	4.19	NOT_A_LEMMA
mahrum	6	4.19	NOT_A_NOUN
melih	5	4.19	MANUAL_BLOCK
nesli	5	4.19	NOT_A_LEMMA
okuyor	6	4.19	NOT_A_LEMMA
olanın	6	4.19	NOT_A_LEMMA
olunur	6	4.19	NOT_A_LEMMA
oğlunu	6	4.19	NOT_A_LEMMA
rüyalar	7	4.19	NOT_A_LEMMA
silahla	7	4.19	NOT_A_LEMMA
somut	5	4.19	ALSO_OTHER_PART_OF_SPEECH
sonuca	6	4.19	NOT_A_LEMMA
taşları	7	4.19	NOT_A_LEMMA
terörle	7	4.19	NOT_A_LEMMA
tura	4	4.19	INFLECTED_FORM
vampir	6	4.19	TOPIC:religion
yalın	5	4.19	ALSO_OTHER_PART_OF_SPEECH
yarıda	6	4.19	NOT_A_LEMMA
yetkisi	7	4.19	NOT_A_LEMMA
yiyor	5	4.19	NOT_A_LEMMA
yürümek	7	4.19	NOT_A_NOUN
zaferi	6	4.19	NOT_A_LEMMA
zinciri	7	4.19	NOT_A_LEMMA
çakmak	6	4.19	ALSO_OTHER_PART_OF_SPEECH
çöpe	4	4.19	NOT_A_LEMMA
ödemek	6	4.19	NOT_A_NOUN
ölçekli	7	4.19	NOT_A_LEMMA
önünü	5	4.19	NOT_A_LEMMA
özer	4	4.19	NOT_A_LEMMA
üzülme	6	4.19	NOT_A_LEMMA
şuna	4	4.19	NOT_A_LEMMA
aferin	6	4.18	ALSO_OTHER_PART_OF_SPEECH
alsın	5	4.18	NOT_A_LEMMA
ayıran	6	4.18	NOT_A_LEMMA
açıklar	7	4.18	NOT_A_LEMMA
açılışı	7	4.18	NOT_A_LEMMA
babama	6	4.18	NOT_A_LEMMA
bakıma	6	4.18	NOT_A_LEMMA
barışı	6	4.18	NOT_A_LEMMA
başlama	7	4.18	NOT_A_LEMMA
bekar	5	4.18	CIRCUMFLEX
bitmek	6	4.18	NOT_A_NOUN
bitmez	6	4.18	NOT_A_LEMMA
boylu	5	4.18	NOT_A_LEMMA
boyutu	6	4.18	NOT_A_LEMMA
deneyim	7	4.18	VERB_FORM
dilinde	7	4.18	NOT_A_LEMMA
dinin	5	4.18	NOT_A_LEMMA
edilip	6	4.18	NOT_A_LEMMA
ehli	4	4.18	NOT_A_NOUN
ekibin	6	4.18	NOT_A_LEMMA
felç	4	4.18	TOPIC:disease
gerisi	6	4.18	NOT_A_LEMMA
geçelim	7	4.18	NOT_A_LEMMA
gitmez	6	4.18	NOT_A_LEMMA
hacmi	5	4.18	NOT_A_LEMMA
haluk	5	4.18	ALSO_OTHER_PART_OF_SPEECH
ilanı	5	4.18	NOT_A_LEMMA
imkan	5	4.18	CIRCUMFLEX
izledi	6	4.18	NOT_A_LEMMA
içime	5	4.18	NOT_A_LEMMA
işiniz	6	4.18	NOT_A_LEMMA
kamil	5	4.18	NOT_A_NOUN
kazım	5	4.18	MANUAL_BLOCK
koleji	6	4.18	NOT_A_LEMMA
konuşup	7	4.18	NOT_A_LEMMA
koymuş	6	4.18	NOT_A_LEMMA
kronik	6	4.18	ALSO_OTHER_PART_OF_SPEECH
kulübün	7	4.18	NOT_A_LEMMA
kurarak	7	4.18	NOT_A_LEMMA
kızlara	7	4.18	NOT_A_LEMMA
kızını	6	4.18	NOT_A_LEMMA
laik	4	4.18	NOT_A_NOUN
maçlar	6	4.18	NOT_A_LEMMA
metni	5	4.18	NOT_A_LEMMA
mutfağı	7	4.18	NOT_A_LEMMA
nazik	5	4.18	NOT_A_NOUN
oluşu	5	4.18	NOT_A_LEMMA
oturmuş	7	4.18	NOT_A_LEMMA
profili	7	4.18	NOT_A_LEMMA
riskli	6	4.18	NOT_A_LEMMA
sevmez	6	4.18	NOT_A_LEMMA
sırayla	7	4.18	NOT_A_LEMMA
tanı	4	4.18	VERB_FORM
taşımak	7	4.18	NOT_A_NOUN
turuncu	7	4.18	ALSO_OTHER_PART_OF_SPEECH
uyurken	7	4.18	NOT_A_LEMMA
uğramış	7	4.18	NOT_A_LEMMA
vermem	6	4.18	NOT_A_LEMMA
yitirdi	7	4.18	NOT_A_LEMMA
yolunun	7	4.18	NOT_A_LEMMA
zalim	5	4.18	NOT_A_NOUN
ölene	5	4.18	NOT_A_LEMMA
üretmek	7	4.18	NOT_A_NOUN
üzerime	7	4.18	NOT_A_LEMMA
ışığın	6	4.18	NOT_A_LEMMA
şahsi	5	4.18	NOT_A_NOUN
şiddeti	7	4.18	NOT_A_LEMMA
şişman	6	4.18	NOT_A_NOUN
aileye	6	4.17	NOT_A_LEMMA
aklım	5	4.17	NOT_A_LEMMA
aklında	7	4.17	NOT_A_LEMMA
almakta	7	4.17	NOT_A_LEMMA
anladın	7	4.17	NOT_A_LEMMA
annemle	7	4.17	NOT_A_LEMMA
aşamada	7	4.17	NOT_A_LEMMA
batıya	6	4.17	NOT_A_LEMMA
bedeni	6	4.17	NOT_A_NOUN
beta	4	4.17	MANUAL_BLOCK
bilgin	6	4.17	INFLECTED_FORM
boku	4	4.17	NOT_A_LEMMA
dolaşan	7	4.17	NOT_A_LEMMA
düzene	6	4.17	NOT_A_LEMMA
dışarda	7	4.17	NOT_A_LEMMA
ferdi	5	4.17	NOT_A_NOUN
fikrim	6	4.17	NOT_A_LEMMA
gezen	5	4.17	NOT_A_LEMMA
gidince	7	4.17	NOT_A_LEMMA
hande	5	4.17	MANUAL_BLOCK
harfi	5	4.17	NOT_A_LEMMA
işlere	6	4.17	NOT_A_LEMMA
kaderi	6	4.17	NOT_A_LEMMA
kafamda	7	4.17	NOT_A_LEMMA
kalarak	7	4.17	NOT_A_LEMMA
kalbine	7	4.17	NOT_A_LEMMA
kampı	5	4.17	NOT_A_LEMMA
kapattı	7	4.17	NOT_A_LEMMA
katılma	7	4.17	NOT_A_LEMMA
katına	6	4.17	NOT_A_LEMMA
kaçış	5	4.17	NOT_A_LEMMA
keser	5	4.17	VERB_FORM
kesmek	6	4.17	NOT_A_NOUN
koyar	5	4.17	VERB_FORM
kuzeye	6	4.17	NOT_A_LEMMA
kırım	5	4.17	TOPIC:death
kızgın	6	4.17	NOT_A_NOUN
kızının	7	4.17	NOT_A_LEMMA
necip	5	4.17	NOT_A_NOUN
ocağı	5	4.17	NOT_A_LEMMA
paralı	6	4.17	NOT_A_LEMMA
sabırlı	7	4.17	NOT_A_LEMMA
sakat	5	4.17	ALSO_OTHER_PART_OF_SPEECH
sembolü	7	4.17	NOT_A_LEMMA
sulu	4	4.17	NOT_A_NOUN
takılan	7	4.17	NOT_A_LEMMA
temelli	7	4.17	NOT_A_LEMMA
tümü	4	4.17	NOT_A_NOUN
varsın	6	4.17	NOT_A_LEMMA
yeteri	6	4.17	NOT_A_LEMMA
yöneten	7	4.17	NOT_A_LEMMA
çekin	5	4.17	NOT_A_LEMMA
ölümsüz	7	4.17	NOT_A_LEMMA
öğleden	7	4.17	NOT_A_LEMMA
öğrenen	7	4.17	NOT_A_LEMMA
şartı	5	4.17	NOT_A_LEMMA
şeklini	7	4.17	NOT_A_LEMMA
acıyı	5	4.16	NOT_A_LEMMA
aklımı	6	4.16	NOT_A_LEMMA
alacağı	7	4.16	NOT_A_LEMMA
aleti	5	4.16	NOT_A_LEMMA
alış	4	4.16	VERB_FORM
amma	4	4.16	NOT_A_NOUN
anladık	7	4.16	NOT_A_LEMMA
aradı	5	4.16	NOT_A_LEMMA
aramıza	7	4.16	NOT_A_LEMMA
ardına	6	4.16	NOT_A_LEMMA
askerin	7	4.16	NOT_A_LEMMA
açmaya	6	4.16	NOT_A_LEMMA
aşan	4	4.16	NOT_A_LEMMA
babalar	7	4.16	NOT_A_LEMMA
bazlı	5	4.16	NOT_A_LEMMA
biziz	5	4.16	NOT_A_LEMMA
bolca	5	4.16	NOT_A_NOUN
boğa	4	4.16	VERB_FORM
burnu	5	4.16	NOT_A_LEMMA
duruşu	6	4.16	NOT_A_LEMMA
düşecek	7	4.16	NOT_A_LEMMA
etmekle	7	4.16	NOT_A_LEMMA
etsem	5	4.16	NOT_A_LEMMA
finali	6	4.16	NOT_A_LEMMA
geçtik	6	4.16	NOT_A_LEMMA
gitmem	6	4.16	NOT_A_LEMMA
görmez	6	4.16	NOT_A_NOUN
götürdü	7	4.16	NOT_A_LEMMA
gözün	5	4.16	NOT_A_LEMMA
hilal	5	4.16	CIRCUMFLEX
izzet	5	4.16	MANUAL_BLOCK
kafama	6	4.16	NOT_A_LEMMA
kafana	6	4.16	NOT_A_LEMMA
kanuni	6	4.16	CIRCUMFLEX
karara	6	4.16	NOT_A_LEMMA
katkısı	7	4.16	NOT_A_LEMMA
kırıldı	7	4.16	NOT_A_LEMMA
liraya	6	4.16	NOT_A_LEMMA
mermer	6	4.16	ALSO_OTHER_PART_OF_SPEECH
mevsimi	7	4.16	NOT_A_LEMMA
mikro	5	4.16	NOT_A_NOUN
otobüsü	7	4.16	NOT_A_LEMMA
peri	4	4.16	TOPIC:religion
romanı	6	4.16	NOT_A_LEMMA
ruhun	5	4.16	NOT_A_LEMMA
sayılar	7	4.16	NOT_A_LEMMA
sekilde	7	4.16	NOT_A_LEMMA
seramik	7	4.16	ALSO_OTHER_PART_OF_SPEECH
sevgisi	7	4.16	NOT_A_LEMMA
sürülen	7	4.16	NOT_A_LEMMA
sürümü	6	4.16	NOT_A_LEMMA
tanıma	6	4.16	NOT_A_LEMMA
tanır	5	4.16	NOT_A_LEMMA
tanıyan	7	4.16	NOT_A_LEMMA
tarafın	7	4.16	NOT_A_LEMMA
tarama	6	4.16	NOT_A_LEMMA
termal	6	4.16	MANUAL_BLOCK
topluma	7	4.16	NOT_A_LEMMA
vurmak	6	4.16	NOT_A_NOUN
yayılan	7	4.16	NOT_A_LEMMA
yemeye	6	4.16	NOT_A_LEMMA
yemeğe	6	4.16	NOT_A_LEMMA
yerdir	6	4.16	NOT_A_LEMMA
zenci	5	4.16	MANUAL_BLOCK
çekerek	7	4.16	NOT_A_LEMMA
çifti	5	4.16	NOT_A_LEMMA
çıkalım	7	4.16	NOT_A_LEMMA
şiddete	7	4.16	NOT_A_LEMMA
adanın	6	4.15	NOT_A_LEMMA
aldığın	7	4.15	NOT_A_LEMMA
alırız	6	4.15	NOT_A_LEMMA
açıktır	7	4.15	NOT_A_LEMMA
ağlıyor	7	4.15	NOT_A_LEMMA
bakayım	7	4.15	NOT_A_LEMMA
batılı	6	4.15	NOT_A_LEMMA
bağlar	6	4.15	NOT_A_LEMMA
benle	5	4.15	NOT_A_LEMMA
bilemem	7	4.15	NOT_A_LEMMA
buyurdu	7	4.15	NOT_A_LEMMA
davada	6	4.15	NOT_A_LEMMA
denemek	7	4.15	NOT_A_NOUN
denli	5	4.15	NOT_A_NOUN
diken	5	4.15	VERB_FORM
dönecek	7	4.15	NOT_A_LEMMA
etiketi	7	4.15	NOT_A_LEMMA
etrafı	6	4.15	NOT_A_LEMMA
geçirme	7	4.15	NOT_A_LEMMA
giymiş	6	4.15	NOT_A_LEMMA
gözümün	7	4.15	NOT_A_LEMMA
harici	6	4.15	NOT_A_NOUN
hızlıca	7	4.15	NOT_A_LEMMA
inancı	6	4.15	NOT_A_LEMMA
inanır	6	4.15	NOT_A_LEMMA
iyiler	6	4.15	NOT_A_LEMMA
iyiliği	7	4.15	NOT_A_LEMMA
katında	7	4.15	NOT_A_LEMMA
koruyor	7	4.15	NOT_A_LEMMA
kumar	5	4.15	TOPIC:gambling
köşede	6	4.15	NOT_A_LEMMA
listeye	7	4.15	NOT_A_LEMMA
mafya	5	4.15	TOPIC:crime
mafya	5	4.15	MANUAL_BLOCK
muydu	5	4.15	NOT_A_LEMMA
mühim	5	4.15	NOT_A_NOUN
nemli	5	4.15	NOT_A_LEMMA
nitekim	7	4.15	NOT_A_NOUN
odun	4	4.15	ALSO_OTHER_PART_OF_SPEECH
otobüse	7	4.15	NOT_A_LEMMA
oturdu	6	4.15	NOT_A_LEMMA
oyununu	7	4.15	NOT_A_LEMMA
rahatça	7	4.15	NOT_A_LEMMA
salt	4	4.15	NOT_A_NOUN
server	6	4.15	MANUAL_BLOCK
severek	7	4.15	NOT_A_LEMMA
sokağı	6	4.15	NOT_A_LEMMA
soldan	6	4.15	NOT_A_LEMMA
suçlar	6	4.15	NOT_A_LEMMA
telif	5	4.15	ALSO_OTHER_PART_OF_SPEECH
tesisi	6	4.15	NOT_A_LEMMA
tutmuş	6	4.15	NOT_A_LEMMA
usulü	5	4.15	NOT_A_LEMMA
yatıyor	7	4.15	NOT_A_LEMMA
yetişen	7	4.15	NOT_A_LEMMA
zulüm	5	4.15	TOPIC:violence
çete	4	4.15	TOPIC:crime
önerisi	7	4.15	NOT_A_LEMMA
adamım	6	4.14	NOT_A_LEMMA
alınıp	6	4.14	NOT_A_LEMMA
artması	7	4.14	NOT_A_LEMMA
atacak	6	4.14	NOT_A_LEMMA
atalım	6	4.14	NOT_A_LEMMA
ayağını	7	4.14	NOT_A_LEMMA
basına	6	4.14	NOT_A_LEMMA
binalar	7	4.14	NOT_A_LEMMA
büyüyor	7	4.14	NOT_A_LEMMA
daimi	5	4.14	NOT_A_NOUN
davanın	7	4.14	NOT_A_LEMMA
desen	5	4.14	VERB_FORM
devrimi	7	4.14	NOT_A_LEMMA
dolaylı	7	4.14	NOT_A_LEMMA
duyuyor	7	4.14	NOT_A_LEMMA
dünkü	5	4.14	NOT_A_LEMMA
etmeniz	7	4.14	NOT_A_LEMMA
evlendi	7	4.14	NOT_A_LEMMA
gaza	4	4.14	INFLECTED_FORM
geceden	7	4.14	NOT_A_LEMMA
hakkım	6	4.14	NOT_A_LEMMA
ileriye	7	4.14	NOT_A_LEMMA
inek	4	4.14	ALSO_OTHER_PART_OF_SPEECH
inşaatı	7	4.14	NOT_A_LEMMA
istemiş	7	4.14	NOT_A_LEMMA
izinsiz	7	4.14	NOT_A_LEMMA
kalırsa	7	4.14	NOT_A_LEMMA
karşıma	7	4.14	NOT_A_LEMMA
kentte	6	4.14	NOT_A_LEMMA
komple	6	4.14	NOT_A_NOUN
koyduğu	7	4.14	NOT_A_LEMMA
koyma	5	4.14	NOT_A_LEMMA
kulesi	6	4.14	NOT_A_LEMMA
kurmuş	6	4.14	NOT_A_LEMMA
köklü	5	4.14	NOT_A_LEMMA
life	4	4.14	NOT_A_LEMMA
mahalli	7	4.14	NOT_A_NOUN
mekanı	6	4.14	NOT_A_LEMMA
mevlana	7	4.14	NOT_A_LEMMA
muhtar	6	4.14	ALSO_OTHER_PART_OF_SPEECH
oluşmuş	7	4.14	NOT_A_LEMMA
oranla	6	4.14	NOT_A_LEMMA
papaz	5	4.14	MANUAL_BLOCK
rehberi	7	4.14	NOT_A_LEMMA
sektörü	7	4.14	NOT_A_LEMMA
sürdüğü	7	4.14	NOT_A_LEMMA
tilki	5	4.14	ALSO_OTHER_PART_OF_SPEECH
tutma	5	4.14	NOT_A_LEMMA
varan	5	4.14	VERB_FORM
verdin	6	4.14	NOT_A_LEMMA
yapmadı	7	4.14	NOT_A_LEMMA
yapmalı	7	4.14	NOT_A_LEMMA
yasama	6	4.14	VERB_FORM
yayında	7	4.14	NOT_A_LEMMA
yazarak	7	4.14	NOT_A_LEMMA
çağırdı	7	4.14	NOT_A_LEMMA
çevik	5	4.14	NOT_A_NOUN
çıtır	5	4.14	NOT_A_NOUN
öfkeli	6	4.14	NOT_A_LEMMA
ölünce	6	4.14	NOT_A_LEMMA
öyküsü	6	4.14	NOT_A_LEMMA
ışıklar	7	4.14	NOT_A_LEMMA
alanını	7	4.13	NOT_A_LEMMA
atık	4	4.13	ALSO_OTHER_PART_OF_SPEECH
aynıdır	7	4.13	NOT_A_LEMMA
aynısı	6	4.13	NOT_A_LEMMA
bakacak	7	4.13	NOT_A_LEMMA
bağdat	6	4.13	NOT_A_LEMMA
bağlama	7	4.13	VERB_FORM
bölümün	7	4.13	NOT_A_LEMMA
büyüdü	6	4.13	NOT_A_LEMMA
canına	6	4.13	NOT_A_LEMMA
cesedi	6	4.13	NOT_A_LEMMA
cihazın	7	4.13	NOT_A_LEMMA
doğanın	7	4.13	NOT_A_LEMMA
eleme	5	4.13	NOT_A_LEMMA
emrini	6	4.13	NOT_A_LEMMA
etmedim	7	4.13	NOT_A_LEMMA
formülü	7	4.13	NOT_A_LEMMA
geçmeye	7	4.13	NOT_A_LEMMA
grip	4	4.13	TOPIC:disease
görmeyi	7	4.13	NOT_A_LEMMA
güneşi	6	4.13	NOT_A_LEMMA
halkını	7	4.13	NOT_A_LEMMA
hazırım	7	4.13	NOT_A_LEMMA
ibne	4	4.13	ALSO_OTHER_PART_OF_SPEECH
ikimiz	6	4.13	NOT_A_LEMMA
indirme	7	4.13	NOT_A_LEMMA
katliam	7	4.13	TOPIC:violence
katliam	7	4.13	MANUAL_BLOCK
kaçırma	7	4.13	NOT_A_LEMMA
kesti	5	4.13	NOT_A_LEMMA
maymun	6	4.13	ALSO_OTHER_PART_OF_SPEECH
mirası	6	4.13	NOT_A_LEMMA
nüfusun	7	4.13	NOT_A_LEMMA
okunur	6	4.13	NOT_A_LEMMA
ordunun	7	4.13	NOT_A_LEMMA
orduya	6	4.13	NOT_A_LEMMA
oteli	5	4.13	NOT_A_LEMMA
patladı	7	4.13	NOT_A_LEMMA
planlar	7	4.13	NOT_A_LEMMA
renkte	6	4.13	NOT_A_LEMMA
sayan	5	4.13	NOT_A_LEMMA
sefere	6	4.13	NOT_A_LEMMA
sivri	5	4.13	ALSO_OTHER_PART_OF_SPEECH
sokmak	6	4.13	NOT_A_NOUN
sorar	5	4.13	NOT_A_LEMMA
sunuldu	7	4.13	NOT_A_LEMMA
sürüm	5	4.13	INFLECTED_FORM
taşlar	6	4.13	NOT_A_LEMMA
telafi	6	4.13	CIRCUMFLEX
toplamı	7	4.13	NOT_A_LEMMA
tuttuğu	7	4.13	NOT_A_LEMMA
tuzlu	5	4.13	NOT_A_LEMMA
uzaya	5	4.13	NOT_A_LEMMA
vergisi	7	4.13	NOT_A_LEMMA
yazıyı	6	4.13	NOT_A_LEMMA
yürüten	7	4.13	NOT_A_LEMMA
çaplı	5	4.13	NOT_A_LEMMA
çağı	4	4.13	NOT_A_LEMMA
çevirdi	7	4.13	NOT_A_LEMMA
önden	5	4.13	NOT_A_LEMMA
üreme	5	4.13	NOT_A_LEMMA
üssü	4	4.13	NOT_A_LEMMA
ırkçı	5	4.13	NOT_A_LEMMA
acısını	7	4.12	NOT_A_LEMMA
adıdır	6	4.12	NOT_A_LEMMA
ajanı	5	4.12	NOT_A_LEMMA
akış	4	4.12	NOT_A_LEMMA
alınca	6	4.12	NOT_A_LEMMA
annemi	6	4.12	NOT_A_LEMMA
asfalt	6	4.12	ALSO_OTHER_PART_OF_SPEECH
aşka	4	4.12	NOT_A_LEMMA
balıkçı	7	4.12	NOT_A_LEMMA
barbara	7	4.12	NOT_A_LEMMA
bensiz	6	4.12	NOT_A_LEMMA
bereket	7	4.12	ALSO_OTHER_PART_OF_SPEECH
cezaevi	7	4.12	TOPIC:crime
dağınık	7	4.12	NOT_A_NOUN
devir	5	4.12	VERB_FORM
doğduğu	7	4.12	NOT_A_LEMMA
edersen	7	4.12	NOT_A_LEMMA
elbet	5	4.12	NOT_A_NOUN
esnada	6	4.12	NOT_A_LEMMA
fethi	5	4.12	NOT_A_LEMMA
gideyim	7	4.12	NOT_A_LEMMA
gündemi	7	4.12	NOT_A_LEMMA
hayret	6	4.12	ALSO_OTHER_PART_OF_SPEECH
heykeli	7	4.12	NOT_A_LEMMA
ilke	4	4.12	INFLECTED_FORM
içmeye	6	4.12	NOT_A_LEMMA
işinize	7	4.12	NOT_A_LEMMA
işleyen	7	4.12	NOT_A_LEMMA
katta	5	4.12	NOT_A_LEMMA
kişidir	7	4.12	NOT_A_LEMMA
korur	5	4.12	NOT_A_LEMMA
köşeye	6	4.12	NOT_A_LEMMA
limanı	6	4.12	NOT_A_LEMMA
litre	5	4.12	ALSO_OTHER_PART_OF_SPEECH
millete	7	4.12	NOT_A_LEMMA
modu	4	4.12	NOT_A_LEMMA
noktayı	7	4.12	NOT_A_LEMMA
notlar	6	4.12	NOT_A_LEMMA
obama	5	4.12	NOT_A_LEMMA
okuluna	7	4.12	NOT_A_LEMMA
olayda	6	4.12	NOT_A_LEMMA
olayını	7	4.12	NOT_A_LEMMA
oluştu	6	4.12	NOT_A_LEMMA
oyundan	7	4.12	NOT_A_LEMMA
serin	5	4.12	NOT_A_NOUN
sezer	5	4.12	NOT_A_LEMMA
seçmek	6	4.12	NOT_A_NOUN
suları	6	4.12	NOT_A_LEMMA
suyunu	6	4.12	NOT_A_LEMMA
tabanca	7	4.12	TOPIC:weapons
tabanca	7	4.12	MANUAL_BLOCK
torunu	6	4.12	NOT_A_LEMMA
yandı	5	4.12	NOT_A_LEMMA
yaparsa	7	4.12	NOT_A_LEMMA
yorucu	6	4.12	NOT_A_LEMMA
zarif	5	4.12	NOT_A_NOUN
zırhlı	6	4.12	NOT_A_LEMMA
çocukla	7	4.12	NOT_A_LEMMA
şeyde	5	4.12	NOT_A_LEMMA
adliye	6	4.11	TOPIC:crime
almanın	7	4.11	NOT_A_LEMMA
alımı	5	4.11	NOT_A_LEMMA
alışık	6	4.11	NOT_A_NOUN
başın	5	4.11	NOT_A_LEMMA
bireyin	7	4.11	NOT_A_LEMMA
birgün	6	4.11	NOT_A_NOUN
bombalı	7	4.11	NOT_A_LEMMA
borcunu	7	4.11	NOT_A_LEMMA
borçlu	6	4.11	NOT_A_LEMMA
büyülü	6	4.11	NOT_A_LEMMA
canavar	7	4.11	ALSO_OTHER_PART_OF_SPEECH
cephesi	7	4.11	NOT_A_LEMMA
dahili	6	4.11	NOT_A_NOUN
değmez	6	4.11	NOT_A_LEMMA
doğar	5	4.11	NOT_A_LEMMA
ebedi	5	4.11	NOT_A_NOUN
edebi	5	4.11	NOT_A_NOUN
etmemiz	7	4.11	NOT_A_LEMMA
etrafa	6	4.11	NOT_A_LEMMA
eşini	5	4.11	NOT_A_LEMMA
finalde	7	4.11	NOT_A_LEMMA
geçişi	6	4.11	NOT_A_LEMMA
havayı	6	4.11	NOT_A_LEMMA
ilkel	5	4.11	ALSO_OTHER_PART_OF_SPEECH
imzalı	6	4.11	NOT_A_LEMMA
ismiyle	7	4.11	NOT_A_LEMMA
işçiler	7	4.11	NOT_A_LEMMA
katıl	5	4.11	NOT_A_LEMMA
kesici	6	4.11	NOT_A_LEMMA
kimden	6	4.11	NOT_A_LEMMA
koyayım	7	4.11	NOT_A_LEMMA
kıdemli	7	4.11	NOT_A_LEMMA
kırmak	6	4.11	NOT_A_NOUN
lige	4	4.11	NOT_A_LEMMA
odaklı	6	4.11	NOT_A_LEMMA
olmama	6	4.11	NOT_A_LEMMA
rolünü	6	4.11	NOT_A_LEMMA
saçını	6	4.11	NOT_A_LEMMA
senede	6	4.11	NOT_A_LEMMA
sözüm	5	4.11	NOT_A_LEMMA
taban	5	4.11	ALSO_OTHER_PART_OF_SPEECH
tahrip	6	4.11	TOPIC:violence
tanrım	6	4.11	NOT_A_LEMMA
teorisi	7	4.11	NOT_A_LEMMA
tutsak	6	4.11	ALSO_OTHER_PART_OF_SPEECH
ucuza	5	4.11	NOT_A_LEMMA
yazmayı	7	4.11	NOT_A_LEMMA
yollara	7	4.11	NOT_A_LEMMA
zirvesi	7	4.11	NOT_A_LEMMA
çarpıcı	7	4.11	NOT_A_LEMMA
çokça	5	4.11	NOT_A_NOUN
abone	5	4.10	ALSO_OTHER_PART_OF_SPEECH
adından	7	4.10	NOT_A_LEMMA
aldınız	7	4.10	NOT_A_LEMMA
anca	4	4.10	NOT_A_NOUN
anlayan	7	4.10	NOT_A_LEMMA
atılmış	7	4.10	NOT_A_LEMMA
ayrılma	7	4.10	NOT_A_LEMMA
azdır	5	4.10	NOT_A_LEMMA
ağacın	6	4.10	NOT_A_LEMMA
başımı	6	4.10	NOT_A_LEMMA
beynini	7	4.10	NOT_A_LEMMA
burnunu	7	4.10	NOT_A_LEMMA
cinsi	5	4.10	NOT_A_NOUN
dehşet	6	4.10	ALSO_OTHER_PART_OF_SPEECH
dikiş	5	4.10	VERB_FORM
dindar	6	4.10	NOT_A_NOUN
düşüş	5	4.10	NOT_A_LEMMA
elemanı	7	4.10	NOT_A_LEMMA
eserin	6	4.10	NOT_A_LEMMA
evinden	7	4.10	NOT_A_LEMMA
flaş	4	4.10	CIRCUMFLEX
getirme	7	4.10	NOT_A_LEMMA
geçirip	7	4.10	NOT_A_LEMMA
gözüme	6	4.10	NOT_A_LEMMA
gözünün	7	4.10	NOT_A_LEMMA
gücüm	5	4.10	NOT_A_LEMMA
güreş	5	4.10	VERB_FORM
güzelce	7	4.10	NOT_A_LEMMA
havanın	7	4.10	NOT_A_LEMMA
ilçenin	7	4.10	NOT_A_LEMMA
insanla	7	4.10	NOT_A_LEMMA
içelim	6	4.10	NOT_A_LEMMA
içip	4	4.10	NOT_A_LEMMA
kaldır	6	4.10	NOT_A_LEMMA
kaçmaya	7	4.10	NOT_A_LEMMA
kokulu	6	4.10	NOT_A_LEMMA
kokuyor	7	4.10	NOT_A_LEMMA
korkmaz	7	4.10	NOT_A_LEMMA
kura	4	4.10	VERB_FORM
kurup	5	4.10	NOT_A_LEMMA
kıran	5	4.10	ALSO_OTHER_PART_OF_SPEECH
mehdi	5	4.10	CIRCUMFLEX
olurdum	7	4.10	NOT_A_LEMMA
oturur	6	4.10	NOT_A_LEMMA
planlı	6	4.10	NOT_A_LEMMA
planını	7	4.10	NOT_A_LEMMA
sezona	6	4.10	NOT_A_LEMMA
sloganı	7	4.10	NOT_A_LEMMA
soma	4	4.10	TOPIC:alcohol
soran	5	4.10	NOT_A_LEMMA
tabanı	6	4.10	NOT_A_LEMMA
tarzda	6	4.10	NOT_A_LEMMA
taşıdı	6	4.10	NOT_A_LEMMA
taşındı	7	4.10	NOT_A_LEMMA
temsili	7	4.10	NOT_A_NOUN
tonu	4	4.10	NOT_A_LEMMA
toplar	6	4.10	NOT_A_LEMMA
umutsuz	7	4.10	NOT_A_LEMMA
unutmak	7	4.10	NOT_A_NOUN
uğraşan	7	4.10	NOT_A_LEMMA
virüsü	6	4.10	NOT_A_LEMMA
vizyona	7	4.10	NOT_A_LEMMA
yavaşça	7	4.10	NOT_A_LEMMA
yedik	5	4.10	NOT_A_LEMMA
ölüler	6	4.10	NOT_A_LEMMA
örtüsü	6	4.10	NOT_A_LEMMA
şuanda	6	4.10	NOT_A_LEMMA
adaleti	7	4.09	NOT_A_LEMMA
alırsın	7	4.09	NOT_A_LEMMA
anlarım	7	4.09	NOT_A_LEMMA
avcılar	7	4.09	NOT_A_LEMMA
büyüğü	6	4.09	NOT_A_LEMMA
camdan	6	4.09	NOT_A_LEMMA
cüce	4	4.09	NOT_A_NOUN
diline	6	4.09	NOT_A_LEMMA
dökülen	7	4.09	NOT_A_LEMMA
düşüp	5	4.09	NOT_A_LEMMA
ekmeği	6	4.09	NOT_A_LEMMA
ergin	5	4.09	NOT_A_NOUN
esnek	5	4.09	NOT_A_NOUN
faik	4	4.09	NOT_A_NOUN
feci	4	4.09	NOT_A_NOUN
girmeyi	7	4.09	NOT_A_LEMMA
halkla	6	4.09	NOT_A_LEMMA
harbi	5	4.09	ALSO_OTHER_PART_OF_SPEECH
harcama	7	4.09	NOT_A_LEMMA
huzuru	6	4.09	NOT_A_LEMMA
işitme	6	4.09	NOT_A_LEMMA
kadarı	6	4.09	NOT_A_LEMMA
kafaya	6	4.09	NOT_A_LEMMA
kalanı	6	4.09	NOT_A_LEMMA
kaptanı	7	4.09	NOT_A_LEMMA
kaçıp	5	4.09	NOT_A_LEMMA
kolunu	6	4.09	NOT_A_LEMMA
konumda	7	4.09	NOT_A_LEMMA
krallık	7	4.09	NOT_A_LEMMA
kına	4	4.09	VERB_FORM
lana	4	4.09	NOT_A_LEMMA
maaşı	5	4.09	NOT_A_LEMMA
mensup	6	4.09	NOT_A_NOUN
merhum	6	4.09	TOPIC:death
nikah	5	4.09	CIRCUMFLEX
ordan	5	4.09	NOT_A_LEMMA
sahibim	7	4.09	NOT_A_LEMMA
savaşan	7	4.09	NOT_A_LEMMA
seda	4	4.09	MANUAL_BLOCK
suçları	7	4.09	NOT_A_LEMMA
tanıyor	7	4.09	NOT_A_LEMMA
teselli	7	4.09	ADJECTIVE_FORM
topa	4	4.09	NOT_A_LEMMA
topladı	7	4.09	NOT_A_LEMMA
tutacak	7	4.09	VERB_FORM
yastık	6	4.09	VERB_FORM
yaşın	5	4.09	NOT_A_LEMMA
yenerek	7	4.09	NOT_A_LEMMA
yetim	5	4.09	NOT_A_NOUN
yükleme	7	4.09	NOT_A_LEMMA
zorlama	7	4.09	NOT_A_LEMMA
çoğunun	7	4.09	NOT_A_LEMMA
öldürme	7	4.09	NOT_A_LEMMA
örtülü	6	4.09	NOT_A_LEMMA
üçgen	5	4.09	ALSO_OTHER_PART_OF_SPEECH
ısrarla	7	4.09	NOT_A_LEMMA
şaban	5	4.09	MANUAL_BLOCK
acıyor	6	4.08	NOT_A_LEMMA
anları	6	4.08	NOT_A_LEMMA
anlayış	7	4.08	VERB_FORM
artışı	6	4.08	NOT_A_LEMMA
azaldı	6	4.08	NOT_A_LEMMA
ağrıyor	7	4.08	NOT_A_LEMMA
bulması	7	4.08	NOT_A_LEMMA
buyur	5	4.08	NOT_A_LEMMA
dayanır	7	4.08	NOT_A_LEMMA
demeden	7	4.08	NOT_A_LEMMA
dine	4	4.08	VERB_FORM
diziler	7	4.08	NOT_A_LEMMA
donanma	7	4.08	NOT_A_LEMMA
durmuş	6	4.08	NOT_A_LEMMA
duru	4	4.08	NOT_A_NOUN
düğünü	6	4.08	NOT_A_LEMMA
dışa	4	4.08	NOT_A_LEMMA
edilmez	7	4.08	NOT_A_LEMMA
etse	4	4.08	NOT_A_LEMMA
fantezi	7	4.08	ALSO_OTHER_PART_OF_SPEECH
gelelim	7	4.08	NOT_A_LEMMA
golle	5	4.08	NOT_A_LEMMA
görmesi	7	4.08	NOT_A_LEMMA
güvende	7	4.08	NOT_A_LEMMA
hafız	5	4.08	ALSO_OTHER_PART_OF_SPEECH
hamur	5	4.08	ALSO_OTHER_PART_OF_SPEECH
haçlı	5	4.08	NOT_A_LEMMA
hızını	6	4.08	NOT_A_LEMMA
idrar	5	4.08	MANUAL_BLOCK
itibari	7	4.08	CIRCUMFLEX
itici	5	4.08	NOT_A_LEMMA
iyiye	5	4.08	NOT_A_LEMMA
işinde	6	4.08	NOT_A_LEMMA
kazanın	7	4.08	NOT_A_LEMMA
lisede	6	4.08	NOT_A_LEMMA
milyonu	7	4.08	NOT_A_LEMMA
nadiren	7	4.08	NOT_A_NOUN
nesin	5	4.08	NOT_A_LEMMA
okumuş	6	4.08	NOT_A_LEMMA
olmayıp	7	4.08	NOT_A_LEMMA
olsak	5	4.08	NOT_A_LEMMA
olursam	7	4.08	NOT_A_LEMMA
pırıl	5	4.08	NOT_A_NOUN
sabancı	7	4.08	NOT_A_LEMMA
sara	4	4.08	VERB_FORM
seneye	6	4.08	NOT_A_NOUN
simgesi	7	4.08	NOT_A_LEMMA
süslü	5	4.08	NOT_A_NOUN
sırtını	7	4.08	NOT_A_LEMMA
tahir	5	4.08	MANUAL_BLOCK
tanrısı	7	4.08	NOT_A_LEMMA
ulaşmış	7	4.08	NOT_A_LEMMA
uyarısı	7	4.08	NOT_A_LEMMA
uzatma	6	4.08	NOT_A_LEMMA
vallahi	7	4.08	NOT_A_NOUN
vuruldu	7	4.08	NOT_A_LEMMA
vurun	5	4.08	NOT_A_LEMMA
yakışır	7	4.08	NOT_A_LEMMA
yanık	5	4.08	ALSO_OTHER_PART_OF_SPEECH
yarası	6	4.08	NOT_A_LEMMA
yerken	6	4.08	NOT_A_LEMMA
yüzeye	6	4.08	NOT_A_LEMMA
çabası	6	4.08	NOT_A_LEMMA
çekecek	7	4.08	VERB_FORM
çeşidi	6	4.08	NOT_A_LEMMA
ölümle	6	4.08	NOT_A_LEMMA
öncülük	7	4.08	NOT_A_LEMMA
öğrenir	7	4.08	NOT_A_LEMMA
ünlüler	7	4.08	NOT_A_LEMMA
ıssız	5	4.08	NOT_A_NOUN
akımı	5	4.07	NOT_A_LEMMA
almam	5	4.07	NOT_A_LEMMA
anlatma	7	4.07	NOT_A_LEMMA
annen	5	4.07	NOT_A_LEMMA
arabaya	7	4.07	NOT_A_LEMMA
aradaki	7	4.07	NOT_A_LEMMA
ayırmak	7	4.07	NOT_A_NOUN
ağlar	5	4.07	NOT_A_LEMMA
bastı	5	4.07	VERB_FORM
bitiren	7	4.07	NOT_A_LEMMA
bronz	5	4.07	ALSO_OTHER_PART_OF_SPEECH
center	6	4.07	MANUAL_BLOCK
darbesi	7	4.07	NOT_A_LEMMA
defne	5	4.07	MANUAL_BLOCK
dibinde	7	4.07	NOT_A_LEMMA
dostun	6	4.07	NOT_A_LEMMA
doğuya	6	4.07	NOT_A_LEMMA
dükkan	6	4.07	CIRCUMFLEX
ederdi	6	4.07	NOT_A_LEMMA
ellerin	7	4.07	NOT_A_LEMMA
erkekle	7	4.07	NOT_A_LEMMA
gergin	6	4.07	NOT_A_NOUN
geçirir	7	4.07	NOT_A_LEMMA
geçsin	6	4.07	NOT_A_LEMMA
gözaltı	7	4.07	MANUAL_BLOCK
gözüyle	7	4.07	NOT_A_LEMMA
güneşli	7	4.07	NOT_A_LEMMA
güçsüz	6	4.07	NOT_A_LEMMA
iller	5	4.07	NOT_A_LEMMA
inip	4	4.07	NOT_A_LEMMA
işlevi	6	4.07	NOT_A_LEMMA
kalpli	6	4.07	NOT_A_LEMMA
kuzenim	7	4.07	NOT_A_LEMMA
kısmi	5	4.07	NOT_A_NOUN
liberal	7	4.07	NOT_A_NOUN
merakla	7	4.07	NOT_A_LEMMA
nakli	5	4.07	NOT_A_NOUN
odaları	7	4.07	NOT_A_LEMMA
odur	4	4.07	NOT_A_LEMMA
sahilde	7	4.07	NOT_A_LEMMA
sattı	5	4.07	NOT_A_LEMMA
solda	5	4.07	NOT_A_LEMMA
sözün	5	4.07	NOT_A_LEMMA
sütü	4	4.07	NOT_A_LEMMA
tanım	5	4.07	INFLECTED_FORM
tepeden	7	4.07	NOT_A_LEMMA
tunç	4	4.07	ALSO_OTHER_PART_OF_SPEECH
umudu	5	4.07	NOT_A_LEMMA
yenik	5	4.07	ALSO_OTHER_PART_OF_SPEECH
zevki	5	4.07	NOT_A_LEMMA
çalmaya	7	4.07	NOT_A_LEMMA
çanak	5	4.07	ALSO_OTHER_PART_OF_SPEECH
çarpan	6	4.07	NOT_A_LEMMA
ölmesi	6	4.07	NOT_A_LEMMA
abim	4	4.06	NOT_A_LEMMA
afet	4	4.06	ALSO_OTHER_PART_OF_SPEECH
almadı	6	4.06	NOT_A_LEMMA
almayan	7	4.06	NOT_A_LEMMA
atlı	4	4.06	NOT_A_LEMMA
aydan	5	4.06	NOT_A_LEMMA
baksana	7	4.06	NOT_A_LEMMA
basında	7	4.06	NOT_A_LEMMA
beraat	6	4.06	TOPIC:crime
beyi	4	4.06	NOT_A_LEMMA
bozan	5	4.06	NOT_A_LEMMA
buranın	7	4.06	NOT_A_LEMMA
dağın	5	4.06	NOT_A_LEMMA
dersim	6	4.06	NOT_A_LEMMA
doğuda	6	4.06	NOT_A_LEMMA
ekşi	4	4.06	ALSO_OTHER_PART_OF_SPEECH
eziyet	6	4.06	TOPIC:violence
fahri	5	4.06	CIRCUMFLEX
geliri	6	4.06	NOT_A_LEMMA
gencin	6	4.06	NOT_A_LEMMA
gideriz	7	4.06	NOT_A_LEMMA
gülümse	7	4.06	NOT_A_LEMMA
hakikat	7	4.06	ALSO_OTHER_PART_OF_SPEECH
halktan	7	4.06	NOT_A_LEMMA
iddiaya	7	4.06	NOT_A_LEMMA
ilerde	6	4.06	INFLECTED_FORM
içeriye	7	4.06	NOT_A_LEMMA
kafanı	6	4.06	NOT_A_LEMMA
kalemi	6	4.06	NOT_A_LEMMA
kaleye	6	4.06	NOT_A_LEMMA
kalkış	6	4.06	NOT_A_LEMMA
kanama	6	4.06	NOT_A_LEMMA
kaçmış	6	4.06	NOT_A_LEMMA
kaçta	5	4.06	NOT_A_NOUN
klibi	5	4.06	NOT_A_LEMMA
kumaş	5	4.06	ALSO_OTHER_PART_OF_SPEECH
kısıtlı	7	4.06	NOT_A_LEMMA
liseli	6	4.06	NOT_A_LEMMA
masası	6	4.06	NOT_A_LEMMA
mesleği	7	4.06	NOT_A_LEMMA
nehrin	6	4.06	NOT_A_LEMMA
notları	7	4.06	NOT_A_LEMMA
olsalar	7	4.06	NOT_A_LEMMA
oluşumu	7	4.06	NOT_A_LEMMA
onsuz	5	4.06	NOT_A_LEMMA
ortama	6	4.06	NOT_A_LEMMA
oturmak	7	4.06	NOT_A_NOUN
perişan	7	4.06	NOT_A_NOUN
rüyamda	7	4.06	NOT_A_LEMMA
sohbeti	7	4.06	NOT_A_LEMMA
sorum	5	4.06	INFLECTED_FORM
sportif	7	4.06	NOT_A_NOUN
sunmak	6	4.06	NOT_A_NOUN
sınıfın	7	4.06	NOT_A_LEMMA
takvimi	7	4.06	NOT_A_LEMMA
testler	7	4.06	NOT_A_LEMMA
törenle	7	4.06	NOT_A_LEMMA
ulaşır	6	4.06	NOT_A_LEMMA
uğurlu	6	4.06	NOT_A_LEMMA
vadeli	6	4.06	NOT_A_LEMMA
yahut	5	4.06	NOT_A_NOUN
yasalar	7	4.06	NOT_A_LEMMA
yetecek	7	4.06	NOT_A_LEMMA
yokum	5	4.06	INFLECTED_FORM
yönünü	6	4.06	NOT_A_LEMMA
yürüyor	7	4.06	NOT_A_LEMMA
yıkıldı	7	4.06	NOT_A_LEMMA
çorbası	7	4.06	NOT_A_LEMMA
çıkmayı	7	4.06	NOT_A_LEMMA
ömrünü	6	4.06	NOT_A_LEMMA
ötesine	7	4.06	NOT_A_LEMMA
acısı	5	4.05	NOT_A_LEMMA
adımlar	7	4.05	NOT_A_LEMMA
akustik	7	4.05	MANUAL_BLOCK
akıyor	6	4.05	NOT_A_LEMMA
anladı	6	4.05	NOT_A_LEMMA
arabada	7	4.05	NOT_A_LEMMA
ararken	7	4.05	NOT_A_LEMMA
ateşkes	7	4.05	TOPIC:violence
ayrılıp	7	4.05	NOT_A_LEMMA
benimde	7	4.05	NOT_A_LEMMA
beter	5	4.05	NOT_A_NOUN
bittiği	7	4.05	NOT_A_LEMMA
caminin	7	4.05	NOT_A_LEMMA
cumhur	6	4.05	MANUAL_BLOCK
deve	4	4.05	INFLECTED_FORM
doğası	6	4.05	NOT_A_LEMMA
fıstık	6	4.05	ALSO_OTHER_PART_OF_SPEECH
gidiş	5	4.05	NOT_A_LEMMA
gökçe	5	4.05	ALSO_OTHER_PART_OF_SPEECH
hakiki	6	4.05	CIRCUMFLEX
hapiste	7	4.05	NOT_A_LEMMA
hatayı	6	4.05	NOT_A_LEMMA
herşeye	7	4.05	NOT_A_LEMMA
hukukun	7	4.05	NOT_A_LEMMA
ilkesi	6	4.05	NOT_A_LEMMA
imalat	6	4.05	CIRCUMFLEX
insanım	7	4.05	NOT_A_LEMMA
kalkar	6	4.05	NOT_A_LEMMA
koşan	5	4.05	NOT_A_LEMMA
koşarak	7	4.05	NOT_A_LEMMA
kupayı	6	4.05	NOT_A_LEMMA
kuvveti	7	4.05	NOT_A_LEMMA
minimum	7	4.05	NOT_A_NOUN
nesi	4	4.05	NOT_A_LEMMA
odanın	6	4.05	NOT_A_LEMMA
oylama	6	4.05	NOT_A_LEMMA
pendik	6	4.05	NOT_A_LEMMA
resimde	7	4.05	NOT_A_LEMMA
sandın	6	4.05	NOT_A_LEMMA
senelik	7	4.05	NOT_A_LEMMA
serhat	6	4.05	MANUAL_BLOCK
soktu	5	4.05	NOT_A_LEMMA
suçun	5	4.05	NOT_A_LEMMA
süreyle	7	4.05	NOT_A_LEMMA
tabak	5	4.05	ALSO_OTHER_PART_OF_SPEECH
tarzını	7	4.05	NOT_A_LEMMA
toto	4	4.05	TOPIC:gambling
tuzla	5	4.05	VERB_FORM
tuğla	5	4.05	VERB_FORM
tümör	5	4.05	MANUAL_BLOCK
ucundan	7	4.05	NOT_A_LEMMA
uyumaya	7	4.05	NOT_A_LEMMA
varız	5	4.05	NOT_A_LEMMA
veremez	7	4.05	NOT_A_LEMMA
vurmuş	6	4.05	NOT_A_LEMMA
yanda	5	4.05	NOT_A_LEMMA
yangını	7	4.05	NOT_A_LEMMA
yaratır	7	4.05	NOT_A_LEMMA
yayla	5	4.05	VERB_FORM
yaşını	6	4.05	NOT_A_LEMMA
yendi	5	4.05	NOT_A_LEMMA
yenen	5	4.05	NOT_A_LEMMA
yener	5	4.05	NOT_A_LEMMA
yerdeki	7	4.05	NOT_A_LEMMA
zevkle	6	4.05	NOT_A_LEMMA
ölecek	6	4.05	NOT_A_LEMMA
öneme	5	4.05	NOT_A_LEMMA
şirkete	7	4.05	NOT_A_LEMMA
şoförü	6	4.05	NOT_A_LEMMA
ablam	5	4.04	NOT_A_LEMMA
adamdan	7	4.04	NOT_A_LEMMA
adamdır	7	4.04	NOT_A_LEMMA
adları	6	4.04	NOT_A_LEMMA
anıları	7	4.04	NOT_A_LEMMA
aradığı	7	4.04	NOT_A_LEMMA
ayırma	6	4.04	NOT_A_LEMMA
açarak	6	4.04	NOT_A_LEMMA
bahsi	5	4.04	NOT_A_LEMMA
bakışı	6	4.04	NOT_A_LEMMA
bilmesi	7	4.04	NOT_A_LEMMA
boşluğu	7	4.04	NOT_A_LEMMA
camiye	6	4.04	NOT_A_LEMMA
cemaati	7	4.04	NOT_A_LEMMA
deriz	5	4.04	NOT_A_LEMMA
dükkanı	7	4.04	NOT_A_LEMMA
edilmek	7	4.04	NOT_A_LEMMA
elinize	7	4.04	NOT_A_LEMMA
evime	5	4.04	NOT_A_LEMMA
fonu	4	4.04	NOT_A_LEMMA
gerçeğe	7	4.04	NOT_A_LEMMA
gole	4	4.04	NOT_A_LEMMA
gruptan	7	4.04	NOT_A_LEMMA
gömülü	6	4.04	NOT_A_NOUN
görmedi	7	4.04	NOT_A_LEMMA
hüsnü	5	4.04	NOT_A_LEMMA
inen	4	4.04	NOT_A_LEMMA
isteyip	7	4.04	NOT_A_LEMMA
izlenen	7	4.04	NOT_A_LEMMA
içimi	5	4.04	NOT_A_LEMMA
kazak	5	4.04	ALSO_OTHER_PART_OF_SPEECH
kediler	7	4.04	NOT_A_LEMMA
kenarı	6	4.04	NOT_A_LEMMA
kesilir	7	4.04	NOT_A_LEMMA
kocam	5	4.04	NOT_A_LEMMA
kurbanı	7	4.04	NOT_A_LEMMA
liginde	7	4.04	NOT_A_LEMMA
mahir	5	4.04	NOT_A_NOUN
mahsur	6	4.04	NOT_A_NOUN
meraklı	7	4.04	NOT_A_LEMMA
milyona	7	4.04	NOT_A_LEMMA
mineral	7	4.04	ALSO_OTHER_PART_OF_SPEECH
niyeti	6	4.04	NOT_A_LEMMA
okuduğu	7	4.04	NOT_A_LEMMA
olayla	6	4.04	NOT_A_LEMMA
olmadım	7	4.04	NOT_A_LEMMA
orayı	5	4.04	NOT_A_LEMMA
saçı	4	4.04	NOT_A_LEMMA
sağlama	7	4.04	NOT_A_LEMMA
sporu	5	4.04	NOT_A_LEMMA
taşın	5	4.04	NOT_A_LEMMA
turgay	6	4.04	MANUAL_BLOCK
tutulur	7	4.04	NOT_A_LEMMA
unutmuş	7	4.04	NOT_A_LEMMA
usul	4	4.04	ALSO_OTHER_PART_OF_SPEECH
verirse	7	4.04	NOT_A_LEMMA
yakıp	5	4.04	NOT_A_LEMMA
yaralar	7	4.04	NOT_A_LEMMA
yararı	6	4.04	NOT_A_LEMMA
yargıç	6	4.04	TOPIC:crime
yatmak	6	4.04	NOT_A_NOUN
yiyin	5	4.04	NOT_A_LEMMA
yüzümü	6	4.04	NOT_A_LEMMA
yıkıcı	6	4.04	NOT_A_LEMMA
zirvede	7	4.04	NOT_A_LEMMA
üretici	7	4.04	NOT_A_LEMMA
anla	4	4.03	NOT_A_LEMMA
anormal	7	4.03	NOT_A_NOUN
asılı	5	4.03	NOT_A_LEMMA
ateşin	6	4.03	NOT_A_NOUN
atılır	6	4.03	NOT_A_LEMMA
avşar	5	4.03	MANUAL_BLOCK
ayağına	7	4.03	NOT_A_LEMMA
ayları	6	4.03	NOT_A_LEMMA
azami	5	4.03	NOT_A_NOUN
bakımı	6	4.03	NOT_A_LEMMA
beğen	5	4.03	NOT_A_LEMMA
bilecek	7	4.03	NOT_A_LEMMA
buca	4	4.03	NOT_A_LEMMA
cahil	5	4.03	NOT_A_NOUN
canan	5	4.03	MANUAL_BLOCK
cins	4	4.03	ALSO_OTHER_PART_OF_SPEECH
davaya	6	4.03	NOT_A_LEMMA
dersen	6	4.03	NOT_A_LEMMA
diller	6	4.03	NOT_A_LEMMA
diriliş	7	4.03	NOT_A_LEMMA
doğada	6	4.03	NOT_A_LEMMA
duası	5	4.03	NOT_A_LEMMA
duruş	5	4.03	NOT_A_LEMMA
dönüşür	7	4.03	NOT_A_LEMMA
edene	5	4.03	NOT_A_LEMMA
ergen	5	4.03	NOT_A_NOUN
ezik	4	4.03	ALSO_OTHER_PART_OF_SPEECH
eşyalar	7	4.03	NOT_A_LEMMA
fuarı	5	4.03	NOT_A_LEMMA
geçmez	6	4.03	NOT_A_LEMMA
girince	7	4.03	NOT_A_LEMMA
göründü	7	4.03	NOT_A_LEMMA
götüren	7	4.03	NOT_A_LEMMA
güvenin	7	4.03	NOT_A_LEMMA
halife	6	4.03	TOPIC:religion
halife	6	4.03	MANUAL_BLOCK
hayvanı	7	4.03	NOT_A_LEMMA
insanda	7	4.03	NOT_A_LEMMA
istekli	7	4.03	NOT_A_LEMMA
kabuğu	6	4.03	NOT_A_LEMMA
kadeh	5	4.03	ALSO_OTHER_PART_OF_SPEECH
kaderin	7	4.03	NOT_A_LEMMA
kaldın	6	4.03	NOT_A_LEMMA
karaya	6	4.03	VERB_FORM
kavuştu	7	4.03	NOT_A_LEMMA
kesen	5	4.03	NOT_A_LEMMA
kimisi	6	4.03	NOT_A_NOUN
kova	4	4.03	ALSO_OTHER_PART_OF_SPEECH
kulübe	6	4.03	INFLECTED_FORM
kızımız	7	4.03	NOT_A_LEMMA
lake	4	4.03	NOT_A_NOUN
madeni	6	4.03	NOT_A_NOUN
nakil	5	4.03	ALSO_OTHER_PART_OF_SPEECH
olduysa	7	4.03	NOT_A_LEMMA
oluşum	6	4.03	VERB_FORM
poker	5	4.03	TOPIC:gambling
sahili	6	4.03	NOT_A_LEMMA
salonda	7	4.03	NOT_A_LEMMA
savundu	7	4.03	NOT_A_LEMMA
sevdi	5	4.03	NOT_A_LEMMA
sinsi	5	4.03	NOT_A_NOUN
sinyali	7	4.03	NOT_A_LEMMA
sonları	7	4.03	NOT_A_LEMMA
soyunma	7	4.03	NOT_A_LEMMA
soğutma	7	4.03	NOT_A_LEMMA
sıkma	5	4.03	NOT_A_LEMMA
tozu	4	4.03	NOT_A_LEMMA
ucuna	5	4.03	NOT_A_LEMMA
ufacık	6	4.03	NOT_A_NOUN
vuruş	5	4.03	NOT_A_LEMMA
yaşayıp	7	4.03	NOT_A_LEMMA
yerime	6	4.03	NOT_A_LEMMA
zara	4	4.03	NOT_A_LEMMA
şeyle	5	4.03	NOT_A_LEMMA
adıma	5	4.02	NOT_A_LEMMA
akut	4	4.02	NOT_A_NOUN
alamaz	6	4.02	NOT_A_LEMMA
aslına	6	4.02	NOT_A_LEMMA
atmayı	6	4.02	NOT_A_LEMMA
azalır	6	4.02	NOT_A_LEMMA
babamı	6	4.02	NOT_A_LEMMA
bencil	6	4.02	NOT_A_NOUN
berk	4	4.02	NOT_A_NOUN
binaya	6	4.02	NOT_A_LEMMA
birader	7	4.02	ALSO_OTHER_PART_OF_SPEECH
birebir	7	4.02	NOT_A_NOUN
birimiz	7	4.02	NOT_A_LEMMA
biriniz	7	4.02	NOT_A_LEMMA
birçoğu	7	4.02	NOT_A_NOUN
boka	4	4.02	NOT_A_LEMMA
bozucu	6	4.02	NOT_A_LEMMA
demirci	7	4.02	NOT_A_LEMMA
derviş	6	4.02	TOPIC:religion
dosyayı	7	4.02	NOT_A_LEMMA
duruşma	7	4.02	TOPIC:crime
dönmeye	7	4.02	NOT_A_LEMMA
edeceği	7	4.02	NOT_A_LEMMA
ekranda	7	4.02	NOT_A_LEMMA
erişimi	7	4.02	NOT_A_LEMMA
erotik	6	4.02	NOT_A_NOUN
fiilen	6	4.02	NOT_A_NOUN
geçidi	6	4.02	NOT_A_LEMMA
gitsem	6	4.02	NOT_A_LEMMA
görüştü	7	4.02	NOT_A_LEMMA
gücüyle	7	4.02	NOT_A_LEMMA
güveni	6	4.02	NOT_A_LEMMA
halleri	7	4.02	NOT_A_LEMMA
harekat	7	4.02	CIRCUMFLEX
hüzünlü	7	4.02	NOT_A_LEMMA
iyisin	6	4.02	NOT_A_LEMMA
işinin	6	4.02	NOT_A_LEMMA
kanadı	6	4.02	NOT_A_LEMMA
kapsar	6	4.02	NOT_A_LEMMA
kesik	5	4.02	ALSO_OTHER_PART_OF_SPEECH
kesimi	6	4.02	NOT_A_LEMMA
kitaba	6	4.02	NOT_A_LEMMA
kokan	5	4.02	NOT_A_LEMMA
konuldu	7	4.02	NOT_A_LEMMA
kurdum	6	4.02	NOT_A_LEMMA
kurtar	6	4.02	NOT_A_LEMMA
kızına	6	4.02	NOT_A_LEMMA
mallar	6	4.02	NOT_A_LEMMA
mezhep	6	4.02	TOPIC:religion
mezhep	6	4.02	MANUAL_BLOCK
meğer	5	4.02	NOT_A_NOUN
nevzat	6	4.02	MANUAL_BLOCK
okunan	6	4.02	NOT_A_LEMMA
parçayı	7	4.02	NOT_A_LEMMA
resmin	6	4.02	NOT_A_LEMMA
ruhuna	6	4.02	NOT_A_LEMMA
sarp	4	4.02	NOT_A_NOUN
sağda	5	4.02	NOT_A_LEMMA
sema	4	4.02	MANUAL_BLOCK
serseri	7	4.02	NOT_A_NOUN
seçtim	6	4.02	NOT_A_LEMMA
sorunlu	7	4.02	NOT_A_LEMMA
susuz	5	4.02	NOT_A_NOUN
temelde	7	4.02	NOT_A_LEMMA
treni	5	4.02	NOT_A_LEMMA
türde	5	4.02	NOT_A_LEMMA
unvanı	6	4.02	NOT_A_LEMMA
uzayda	6	4.02	NOT_A_LEMMA
videoda	7	4.02	NOT_A_LEMMA
yabani	6	4.02	CIRCUMFLEX
yakası	6	4.02	NOT_A_LEMMA
yapımcı	7	4.02	NOT_A_LEMMA
yaya	4	4.02	ALSO_OTHER_PART_OF_SPEECH
yağıyor	7	4.02	NOT_A_LEMMA
yuvası	6	4.02	NOT_A_LEMMA
çekilir	7	4.02	NOT_A_LEMMA
çevrili	7	4.02	NOT_A_LEMMA
çiftin	6	4.02	NOT_A_LEMMA
özgürce	7	4.02	NOT_A_LEMMA
özlü	4	4.02	NOT_A_LEMMA
öğrenin	7	4.02	NOT_A_LEMMA
şansım	6	4.02	NOT_A_LEMMA
şarkıya	7	4.02	NOT_A_LEMMA
şebnem	6	4.02	MANUAL_BLOCK
abisi	5	4.01	NOT_A_LEMMA
ailede	6	4.01	NOT_A_LEMMA
aralığı	7	4.01	NOT_A_LEMMA
asma	4	4.01	ALSO_OTHER_PART_OF_SPEECH
asıllı	6	4.01	NOT_A_LEMMA
attın	5	4.01	NOT_A_LEMMA
ayına	5	4.01	NOT_A_LEMMA
aşığım	6	4.01	NOT_A_LEMMA
bahçede	7	4.01	NOT_A_LEMMA
candan	6	4.01	NOT_A_NOUN
dibe	4	4.01	NOT_A_LEMMA
dişleri	7	4.01	NOT_A_LEMMA
dokunma	7	4.01	NOT_A_LEMMA
dolaşıp	7	4.01	NOT_A_LEMMA
duracak	7	4.01	NOT_A_LEMMA
dönmez	6	4.01	NOT_A_LEMMA
düşündü	7	4.01	NOT_A_LEMMA
eşine	5	4.01	NOT_A_LEMMA
farkla	6	4.01	NOT_A_LEMMA
gemiler	7	4.01	NOT_A_LEMMA
görürüz	7	4.01	NOT_A_LEMMA
gündü	5	4.01	NOT_A_LEMMA
hasret	6	4.01	VERB_FORM
havuzu	6	4.01	NOT_A_LEMMA
hayranı	7	4.01	NOT_A_LEMMA
iftira	6	4.01	TOPIC:crime
ikizler	7	4.01	NOT_A_LEMMA
indirin	7	4.01	NOT_A_LEMMA
itibarı	7	4.01	NOT_A_LEMMA
içtim	5	4.01	NOT_A_LEMMA
kararın	7	4.01	NOT_A_LEMMA
karım	5	4.01	NOT_A_LEMMA
kazık	5	4.01	ALSO_OTHER_PART_OF_SPEECH
konuma	6	4.01	NOT_A_LEMMA
konunun	7	4.01	NOT_A_LEMMA
kökü	4	4.01	NOT_A_LEMMA
lisansı	7	4.01	NOT_A_LEMMA
masalı	6	4.01	NOT_A_LEMMA
mazhar	6	4.01	ALSO_OTHER_PART_OF_SPEECH
misali	6	4.01	NOT_A_LEMMA
nişancı	7	4.01	NOT_A_LEMMA
nöbetçi	7	4.01	NOT_A_LEMMA
oyları	6	4.01	NOT_A_LEMMA
oğluna	6	4.01	NOT_A_LEMMA
parkta	6	4.01	NOT_A_LEMMA
penis	5	4.01	MANUAL_BLOCK
salim	5	4.01	NOT_A_NOUN
sandığı	7	4.01	NOT_A_LEMMA
sarayın	7	4.01	NOT_A_LEMMA
takıldı	7	4.01	NOT_A_LEMMA
turda	5	4.01	NOT_A_LEMMA
tüfeği	6	4.01	NOT_A_LEMMA
ultra	5	4.01	MANUAL_BLOCK
uyandım	7	4.01	NOT_A_LEMMA
valilik	7	4.01	NOT_A_LEMMA
yakmak	6	4.01	NOT_A_NOUN
yaman	5	4.01	NOT_A_NOUN
yardim	6	4.01	NOT_A_LEMMA
yarınki	7	4.01	NOT_A_LEMMA
çantası	7	4.01	NOT_A_LEMMA
çatısı	6	4.01	NOT_A_LEMMA
çağın	5	4.01	NOT_A_LEMMA
çözmeye	7	4.01	NOT_A_LEMMA
ışıl	4	4.01	ALSO_OTHER_PART_OF_SPEECH
alem	4	4.00	ALSO_OTHER_PART_OF_SPEECH
amaçlar	7	4.00	NOT_A_LEMMA
atak	4	4.00	ALSO_OTHER_PART_OF_SPEECH
atarım	6	4.00	NOT_A_LEMMA
ağzıma	6	4.00	NOT_A_LEMMA
ağzında	7	4.00	NOT_A_LEMMA
bandı	5	4.00	NOT_A_LEMMA
bankaya	7	4.00	NOT_A_LEMMA
biricik	7	4.00	NOT_A_NOUN
bozmak	6	4.00	NOT_A_NOUN
cenneti	7	4.00	NOT_A_LEMMA
demedi	6	4.00	NOT_A_LEMMA
demeli	6	4.00	NOT_A_LEMMA
demem	5	4.00	NOT_A_LEMMA
denizci	7	4.00	NOT_A_LEMMA
derisi	6	4.00	NOT_A_LEMMA
dilimi	6	4.00	NOT_A_LEMMA
dilleri	7	4.00	NOT_A_LEMMA
dinsel	6	4.00	NOT_A_LEMMA
ekle	4	4.00	NOT_A_LEMMA
ellerim	7	4.00	NOT_A_LEMMA
evladım	7	4.00	NOT_A_LEMMA
finanse	7	4.00	NOT_A_NOUN
gelişi	6	4.00	NOT_A_LEMMA
gemiyi	6	4.00	NOT_A_LEMMA
götür	5	4.00	NOT_A_LEMMA
güneşe	6	4.00	NOT_A_LEMMA
güya	4	4.00	NOT_A_NOUN
islamcı	7	4.00	MANUAL_BLOCK
izole	5	4.00	NOT_A_NOUN
işlenen	7	4.00	NOT_A_LEMMA
kalkmış	7	4.00	NOT_A_LEMMA
kampüsü	7	4.00	NOT_A_LEMMA
kamusal	7	4.00	NOT_A_LEMMA
kaplama	7	4.00	ALSO_OTHER_PART_OF_SPEECH
kararla	7	4.00	NOT_A_LEMMA
kodları	7	4.00	NOT_A_LEMMA
konuğu	6	4.00	NOT_A_LEMMA
konuşun	7	4.00	NOT_A_LEMMA
kursu	5	4.00	NOT_A_LEMMA
kurumun	7	4.00	NOT_A_LEMMA
köyüne	6	4.00	NOT_A_LEMMA
light	5	4.00	NOT_A_NOUN
mimarı	6	4.00	NOT_A_LEMMA
nazlı	5	4.00	NOT_A_LEMMA
patronu	7	4.00	NOT_A_LEMMA
reklamı	7	4.00	NOT_A_LEMMA
rengini	7	4.00	NOT_A_LEMMA
saatini	7	4.00	NOT_A_LEMMA
saran	5	4.00	NOT_A_LEMMA
saraya	6	4.00	NOT_A_LEMMA
satıyor	7	4.00	NOT_A_LEMMA
seçin	5	4.00	NOT_A_LEMMA
sikiş	5	4.00	NOT_A_LEMMA
soracak	7	4.00	NOT_A_LEMMA
suyla	5	4.00	NOT_A_LEMMA
tevfik	6	4.00	MANUAL_BLOCK
ulaşın	6	4.00	NOT_A_LEMMA
uçar	4	4.00	NOT_A_NOUN
vuruyor	7	4.00	NOT_A_LEMMA
yanıp	5	4.00	NOT_A_LEMMA
yarayan	7	4.00	NOT_A_LEMMA
yarıya	6	4.00	NOT_A_LEMMA
yazıldı	7	4.00	NOT_A_LEMMA
yediği	6	4.00	NOT_A_LEMMA
yürüdü	6	4.00	NOT_A_LEMMA
çalınan	7	4.00	NOT_A_LEMMA
çalıp	5	4.00	NOT_A_LEMMA
çürük	5	4.00	ALSO_OTHER_PART_OF_SPEECH
şekeri	6	4.00	NOT_A_LEMMA
adalar	6	3.99	NOT_A_LEMMA
adaları	7	3.99	NOT_A_LEMMA
akıncı	6	3.99	TOPIC:violence
anılar	6	3.99	NOT_A_LEMMA
atlar	5	3.99	NOT_A_LEMMA
ayaklar	7	3.99	NOT_A_LEMMA
aylarca	7	3.99	NOT_A_NOUN
ağaca	5	3.99	NOT_A_LEMMA
başımız	7	3.99	NOT_A_LEMMA
bozma	5	3.99	NOT_A_LEMMA
bulaşık	7	3.99	ALSO_OTHER_PART_OF_SPEECH
cömert	6	3.99	NOT_A_NOUN
dalış	5	3.99	NOT_A_LEMMA
davayı	6	3.99	NOT_A_LEMMA
deposu	6	3.99	NOT_A_LEMMA
dersini	7	3.99	NOT_A_LEMMA
doğuş	5	3.99	NOT_A_LEMMA
dualar	6	3.99	NOT_A_LEMMA
durduk	6	3.99	NOT_A_LEMMA
eksi	4	3.99	ALSO_OTHER_PART_OF_SPEECH
emriyle	7	3.99	NOT_A_LEMMA
esrar	5	3.99	TOPIC:drugs
esrar	5	3.99	MANUAL_BLOCK
eşittir	7	3.99	NOT_A_LEMMA
fiziki	6	3.99	CIRCUMFLEX
geçmedi	7	3.99	NOT_A_LEMMA
gülüyor	7	3.99	NOT_A_LEMMA
günlere	7	3.99	NOT_A_LEMMA
harap	5	3.99	NOT_A_NOUN
ilçeye	6	3.99	NOT_A_LEMMA
işimizi	7	3.99	NOT_A_LEMMA
kabus	5	3.99	CIRCUMFLEX
karınca	7	3.99	VERB_FORM
kaçıyor	7	3.99	NOT_A_LEMMA
kurmay	6	3.99	ALSO_OTHER_PART_OF_SPEECH
kuşları	7	3.99	NOT_A_LEMMA
kızdan	6	3.99	NOT_A_LEMMA
malları	7	3.99	NOT_A_LEMMA
malta	5	3.99	NOT_A_LEMMA
maskeli	7	3.99	NOT_A_LEMMA
mobile	6	3.99	NOT_A_LEMMA
müebbet	7	3.99	ALSO_OTHER_PART_OF_SPEECH
numaram	7	3.99	NOT_A_LEMMA
olanağı	7	3.99	NOT_A_LEMMA
olmakta	7	3.99	NOT_A_LEMMA
partiyi	7	3.99	NOT_A_LEMMA
rektörü	7	3.99	NOT_A_LEMMA
riskini	7	3.99	NOT_A_LEMMA
saatin	6	3.99	NOT_A_LEMMA
sahra	5	3.99	MANUAL_BLOCK
salgın	6	3.99	ALSO_OTHER_PART_OF_SPEECH
savcısı	7	3.99	NOT_A_LEMMA
sayfayı	7	3.99	NOT_A_LEMMA
seninki	7	3.99	NOT_A_LEMMA
seçtiği	7	3.99	NOT_A_LEMMA
spora	5	3.99	NOT_A_LEMMA
sönmez	6	3.99	NOT_A_LEMMA
sınavda	7	3.99	NOT_A_LEMMA
tarihçi	7	3.99	NOT_A_LEMMA
telsiz	6	3.99	ALSO_OTHER_PART_OF_SPEECH
tespiti	7	3.99	NOT_A_LEMMA
travma	6	3.99	TOPIC:disease
tutarlı	7	3.99	NOT_A_LEMMA
türünün	7	3.99	NOT_A_LEMMA
veririz	7	3.99	NOT_A_LEMMA
viyana	6	3.99	NOT_A_LEMMA
vurup	5	3.99	NOT_A_LEMMA
yapamam	7	3.99	NOT_A_LEMMA
yapıda	6	3.99	NOT_A_LEMMA
yüzeyi	6	3.99	NOT_A_LEMMA
zekalı	6	3.99	NOT_A_LEMMA
çekiliş	7	3.99	VERB_FORM
ödünç	5	3.99	NOT_A_NOUN
önemsiz	7	3.99	NOT_A_LEMMA
öteye	5	3.99	NOT_A_LEMMA
şekline	7	3.99	NOT_A_LEMMA
akşamki	7	3.98	NOT_A_LEMMA
arabesk	7	3.98	ALSO_OTHER_PART_OF_SPEECH
açığı	5	3.98	NOT_A_LEMMA
aşaması	7	3.98	NOT_A_LEMMA
aşkını	6	3.98	NOT_A_LEMMA
bakara	6	3.98	TOPIC:gambling
bense	5	3.98	NOT_A_LEMMA
bezi	4	3.98	NOT_A_LEMMA
bilimin	7	3.98	NOT_A_LEMMA
biliriz	7	3.98	NOT_A_LEMMA
binip	5	3.98	NOT_A_LEMMA
bitene	6	3.98	NOT_A_LEMMA
buyurun	7	3.98	NOT_A_LEMMA
böceği	6	3.98	NOT_A_LEMMA
cana	4	3.98	NOT_A_NOUN
ceviz	5	3.98	ALSO_OTHER_PART_OF_SPEECH
demeyi	6	3.98	NOT_A_LEMMA
dikkati	7	3.98	NOT_A_LEMMA
diziye	6	3.98	NOT_A_LEMMA
durağı	6	3.98	NOT_A_LEMMA
duyduk	6	3.98	NOT_A_LEMMA
ediniz	6	3.98	NOT_A_LEMMA
ekin	4	3.98	VERB_FORM
eklenen	7	3.98	NOT_A_LEMMA
eklenir	7	3.98	NOT_A_LEMMA
etmemek	7	3.98	NOT_A_LEMMA
gemiye	6	3.98	NOT_A_LEMMA
gezmek	6	3.98	NOT_A_NOUN
gibiyiz	7	3.98	NOT_A_LEMMA
giyip	5	3.98	NOT_A_LEMMA
golünü	6	3.98	NOT_A_LEMMA
günlüğü	7	3.98	NOT_A_LEMMA
hanımı	6	3.98	NOT_A_LEMMA
hasarı	6	3.98	NOT_A_LEMMA
hızıyla	7	3.98	NOT_A_LEMMA
ilin	4	3.98	NOT_A_LEMMA
isteme	6	3.98	NOT_A_LEMMA
içer	4	3.98	NOT_A_LEMMA
kalkanı	7	3.98	NOT_A_LEMMA
kanın	5	3.98	NOT_A_LEMMA
karlı	5	3.98	NOT_A_LEMMA
kata	4	3.98	NOT_A_LEMMA
katan	5	3.98	NOT_A_LEMMA
kemiği	6	3.98	NOT_A_LEMMA
kente	5	3.98	NOT_A_LEMMA
kesilen	7	3.98	NOT_A_LEMMA
konulan	7	3.98	NOT_A_LEMMA
kopyası	7	3.98	NOT_A_LEMMA
koymaya	7	3.98	NOT_A_LEMMA
kupon	5	3.98	ALSO_OTHER_PART_OF_SPEECH
kurar	5	3.98	NOT_A_LEMMA
kurmayı	7	3.98	NOT_A_LEMMA
kuruyor	7	3.98	NOT_A_LEMMA
kırıp	5	3.98	NOT_A_LEMMA
mezarı	6	3.98	NOT_A_LEMMA
miting	6	3.98	TOPIC:politics
modası	6	3.98	NOT_A_LEMMA
müzikal	7	3.98	ALSO_OTHER_PART_OF_SPEECH
olsanız	7	3.98	NOT_A_LEMMA
organı	6	3.98	NOT_A_LEMMA
ormanda	7	3.98	NOT_A_LEMMA
ormanı	6	3.98	NOT_A_LEMMA
otelin	6	3.98	NOT_A_LEMMA
riske	5	3.98	NOT_A_LEMMA
ruhani	6	3.98	NOT_A_NOUN
ruhları	7	3.98	NOT_A_LEMMA
sağdan	6	3.98	NOT_A_LEMMA
serinin	7	3.98	NOT_A_LEMMA
sevgiyi	7	3.98	NOT_A_LEMMA
sözcüğü	7	3.98	NOT_A_LEMMA
tanıdım	7	3.98	NOT_A_LEMMA
tanışma	7	3.98	NOT_A_LEMMA
tatilde	7	3.98	NOT_A_LEMMA
tehdidi	7	3.98	NOT_A_LEMMA
tezi	4	3.98	NOT_A_LEMMA
topları	7	3.98	NOT_A_LEMMA
türüne	6	3.98	NOT_A_LEMMA
uzağa	5	3.98	NOT_A_LEMMA
vaftiz	6	3.98	MANUAL_BLOCK
yapman	6	3.98	NOT_A_LEMMA
yatağı	6	3.98	NOT_A_LEMMA
yedin	5	3.98	NOT_A_LEMMA
yerinin	7	3.98	NOT_A_LEMMA
yükünü	6	3.98	NOT_A_LEMMA
çağlar	6	3.98	VERB_FORM
çeki	4	3.98	INFLECTED_FORM
çevrede	7	3.98	NOT_A_LEMMA
çiğdem	6	3.98	MANUAL_BLOCK
özge	4	3.98	NOT_A_NOUN
öğüt	4	3.98	VERB_FORM
ılık	4	3.98	NOT_A_NOUN
ışın	4	3.98	VERB_FORM
şanlı	5	3.98	NOT_A_LEMMA
şifreli	7	3.98	NOT_A_LEMMA
acılar	6	3.97	NOT_A_LEMMA
aksini	6	3.97	NOT_A_LEMMA
aletler	7	3.97	NOT_A_LEMMA
altta	5	3.97	NOT_A_LEMMA
anlaştı	7	3.97	NOT_A_LEMMA
attılar	7	3.97	NOT_A_LEMMA
bahadır	7	3.97	MANUAL_BLOCK
basitçe	7	3.97	NOT_A_LEMMA
bedelli	7	3.97	NOT_A_LEMMA
borsası	7	3.97	NOT_A_LEMMA
bulanık	7	3.97	NOT_A_NOUN
büyümüş	7	3.97	NOT_A_LEMMA
dalgası	7	3.97	NOT_A_LEMMA
darp	4	3.97	MANUAL_BLOCK
dişli	5	3.97	ALSO_OTHER_PART_OF_SPEECH
ederdim	7	3.97	NOT_A_LEMMA
eninde	6	3.97	NOT_A_LEMMA
eyleme	6	3.97	NOT_A_LEMMA
ezan	4	3.97	TOPIC:religion
ezan	4	3.97	MANUAL_BLOCK
eşdeğer	7	3.97	ALSO_OTHER_PART_OF_SPEECH
fiili	5	3.97	NOT_A_NOUN
geçince	7	3.97	NOT_A_LEMMA
gözlüğü	7	3.97	NOT_A_LEMMA
hadise	6	3.97	CIRCUMFLEX
halim	5	3.97	NOT_A_NOUN
işinden	7	3.97	NOT_A_LEMMA
işinizi	7	3.97	NOT_A_LEMMA
kemeri	6	3.97	NOT_A_LEMMA
kilitli	7	3.97	NOT_A_LEMMA
kırma	5	3.97	ALSO_OTHER_PART_OF_SPEECH
mantığı	7	3.97	NOT_A_LEMMA
müge	4	3.97	MANUAL_BLOCK
nazaran	7	3.97	NOT_A_NOUN
oranın	6	3.97	NOT_A_LEMMA
puanlar	7	3.97	NOT_A_LEMMA
reisi	5	3.97	NOT_A_LEMMA
reşit	5	3.97	NOT_A_NOUN
sanık	5	3.97	TOPIC:crime
sesimi	6	3.97	NOT_A_LEMMA
seyret	6	3.97	NOT_A_LEMMA
sürecin	7	3.97	NOT_A_LEMMA
sürmek	6	3.97	NOT_A_NOUN
tabloda	7	3.97	NOT_A_LEMMA
takılıp	7	3.97	NOT_A_LEMMA
tarikat	7	3.97	TOPIC:religion
tarikat	7	3.97	MANUAL_BLOCK
tipleri	7	3.97	NOT_A_LEMMA
trilyon	7	3.97	NOT_A_NOUN
tövbe	5	3.97	MANUAL_BLOCK
yaka	4	3.97	VERB_FORM
yanlısı	7	3.97	NOT_A_LEMMA
yazarım	7	3.97	NOT_A_LEMMA
yenilen	7	3.97	NOT_A_LEMMA
yolumuz	7	3.97	NOT_A_LEMMA
yoğurt	6	3.97	VERB_FORM
çekmeyi	7	3.97	NOT_A_LEMMA
çiçekli	7	3.97	NOT_A_LEMMA
çıktın	6	3.97	NOT_A_LEMMA
ölmeye	6	3.97	NOT_A_LEMMA
özerk	5	3.97	ALSO_OTHER_PART_OF_SPEECH
şehrine	7	3.97	NOT_A_LEMMA
şeyini	6	3.97	NOT_A_LEMMA
amacım	6	3.96	NOT_A_LEMMA
anlatın	7	3.96	NOT_A_LEMMA
anın	4	3.96	NOT_A_LEMMA
atışı	5	3.96	NOT_A_LEMMA
aynaya	6	3.96	NOT_A_LEMMA
açıkta	6	3.96	NOT_A_LEMMA
ağızdan	7	3.96	NOT_A_NOUN
bardağı	7	3.96	NOT_A_LEMMA
bebeğe	6	3.96	NOT_A_LEMMA
birisin	7	3.96	NOT_A_LEMMA
boyutta	7	3.96	NOT_A_LEMMA
büyüsü	6	3.96	NOT_A_LEMMA
dille	5	3.96	NOT_A_LEMMA
doğacak	7	3.96	NOT_A_LEMMA
doğdun	6	3.96	NOT_A_LEMMA
doğruya	7	3.96	NOT_A_LEMMA
dönerek	7	3.96	NOT_A_LEMMA
dünden	6	3.96	NOT_A_NOUN
düşmek	6	3.96	NOT_A_NOUN
edemem	6	3.96	NOT_A_LEMMA
elinin	6	3.96	NOT_A_LEMMA
esasen	6	3.96	NOT_A_NOUN
eviniz	6	3.96	NOT_A_LEMMA
evlere	6	3.96	NOT_A_LEMMA
eyvah	5	3.96	ALSO_OTHER_PART_OF_SPEECH
feneri	6	3.96	NOT_A_LEMMA
gecen	5	3.96	NOT_A_LEMMA
gitmedi	7	3.96	NOT_A_LEMMA
gururla	7	3.96	NOT_A_LEMMA
haftaki	7	3.96	NOT_A_LEMMA
hızda	5	3.96	NOT_A_LEMMA
iddialı	7	3.96	NOT_A_LEMMA
ilgimi	6	3.96	NOT_A_LEMMA
inde	4	3.96	NOT_A_LEMMA
ismim	5	3.96	NOT_A_LEMMA
istesem	7	3.96	NOT_A_LEMMA
istila	6	3.96	CIRCUMFLEX
izlenme	7	3.96	NOT_A_LEMMA
işimi	5	3.96	NOT_A_LEMMA
iştir	5	3.96	NOT_A_LEMMA
kadim	5	3.96	NOT_A_NOUN
katılır	7	3.96	NOT_A_LEMMA
koltuğa	7	3.96	NOT_A_LEMMA
konan	5	3.96	NOT_A_LEMMA
kulağa	6	3.96	NOT_A_LEMMA
kurduk	6	3.96	NOT_A_LEMMA
kısımda	7	3.96	NOT_A_LEMMA
makamı	6	3.96	NOT_A_LEMMA
marş	4	3.96	ALSO_OTHER_PART_OF_SPEECH
mevlüt	6	3.96	MANUAL_BLOCK
midem	5	3.96	NOT_A_LEMMA
olmayın	7	3.96	NOT_A_LEMMA
oranını	7	3.96	NOT_A_LEMMA
ortası	6	3.96	NOT_A_LEMMA
restore	7	3.96	NOT_A_NOUN
salona	6	3.96	NOT_A_LEMMA
sarayda	7	3.96	NOT_A_LEMMA
senato	6	3.96	TOPIC:politics
sendin	6	3.96	NOT_A_LEMMA
silmek	6	3.96	NOT_A_NOUN
siteden	7	3.96	NOT_A_LEMMA
start	5	3.96	MANUAL_BLOCK
tanıttı	7	3.96	NOT_A_LEMMA
teşhisi	7	3.96	NOT_A_LEMMA
toptan	6	3.96	NOT_A_NOUN
trans	5	3.96	MANUAL_BLOCK
türüdür	7	3.96	NOT_A_LEMMA
tıkla	5	3.96	NOT_A_LEMMA
vurur	5	3.96	NOT_A_LEMMA
yanmış	6	3.96	NOT_A_LEMMA
yapsam	6	3.96	NOT_A_LEMMA
yarıyor	7	3.96	NOT_A_LEMMA
yemekte	7	3.96	NOT_A_LEMMA
yetti	5	3.96	NOT_A_LEMMA
yöresel	7	3.96	NOT_A_LEMMA
çalmak	6	3.96	NOT_A_NOUN
çevreye	7	3.96	NOT_A_LEMMA
ablası	6	3.95	NOT_A_LEMMA
acılı	5	3.95	NOT_A_LEMMA
adaylık	7	3.95	NOT_A_LEMMA
akıp	4	3.95	NOT_A_LEMMA
apaçık	6	3.95	NOT_A_NOUN
arşivi	6	3.95	NOT_A_LEMMA
atlama	6	3.95	NOT_A_LEMMA
attık	5	3.95	NOT_A_LEMMA
bariz	5	3.95	NOT_A_NOUN
bağları	7	3.95	NOT_A_LEMMA
bilinci	7	3.95	NOT_A_LEMMA
boynuna	7	3.95	NOT_A_LEMMA
camı	4	3.95	NOT_A_LEMMA
cihat	5	3.95	TOPIC:religion
cihat	5	3.95	MANUAL_BLOCK
delice	6	3.95	ALSO_OTHER_PART_OF_SPEECH
desteğe	7	3.95	NOT_A_LEMMA
doların	7	3.95	NOT_A_LEMMA
doludur	7	3.95	NOT_A_LEMMA
düşeni	6	3.95	NOT_A_LEMMA
ekranı	6	3.95	NOT_A_LEMMA
ellen	5	3.95	NOT_A_LEMMA
enfes	5	3.95	NOT_A_NOUN
eğilimi	7	3.95	NOT_A_LEMMA
gasp	4	3.95	MANUAL_BLOCK
geleyim	7	3.95	NOT_A_LEMMA
gelirdi	7	3.95	NOT_A_LEMMA
gelmeyi	7	3.95	NOT_A_LEMMA
gezisi	6	3.95	NOT_A_LEMMA
giymek	6	3.95	NOT_A_NOUN
gözümü	6	3.95	NOT_A_LEMMA
hakimi	6	3.95	NOT_A_LEMMA
halidir	7	3.95	NOT_A_LEMMA
ihlali	6	3.95	NOT_A_LEMMA
ihtiyar	7	3.95	ALSO_OTHER_PART_OF_SPEECH
ilmi	4	3.95	NOT_A_NOUN
isteğim	7	3.95	NOT_A_LEMMA
izniyle	7	3.95	NOT_A_LEMMA
işlerde	7	3.95	NOT_A_LEMMA
karen	5	3.95	NOT_A_LEMMA
korktum	7	3.95	NOT_A_LEMMA
koyarak	7	3.95	NOT_A_LEMMA
kılar	5	3.95	NOT_A_LEMMA
kırılma	7	3.95	NOT_A_LEMMA
mani	4	3.95	CIRCUMFLEX
müjde	5	3.95	ALSO_OTHER_PART_OF_SPEECH
müziğe	6	3.95	NOT_A_LEMMA
nelere	6	3.95	NOT_A_LEMMA
olamadı	7	3.95	NOT_A_LEMMA
paneli	6	3.95	NOT_A_LEMMA
pusu	4	3.95	TOPIC:violence
sayende	7	3.95	NOT_A_LEMMA
senatör	7	3.95	TOPIC:politics
sezgin	6	3.95	NOT_A_LEMMA
stili	5	3.95	NOT_A_LEMMA
tepkisi	7	3.95	NOT_A_LEMMA
tokyo	5	3.95	MANUAL_BLOCK
topal	5	3.95	NOT_A_NOUN
trafiği	7	3.95	NOT_A_LEMMA
tutarak	7	3.95	VERB_FORM
unuttun	7	3.95	NOT_A_LEMMA
uyuyan	6	3.95	NOT_A_LEMMA
uçakla	6	3.95	NOT_A_LEMMA
yakala	6	3.95	NOT_A_LEMMA
yaktı	5	3.95	NOT_A_LEMMA
yakını	6	3.95	NOT_A_LEMMA
yansıdı	7	3.95	NOT_A_LEMMA
yatar	5	3.95	NOT_A_LEMMA
yatılı	6	3.95	NOT_A_NOUN
yönleri	7	3.95	NOT_A_LEMMA
zombi	5	3.95	TOPIC:death
ödüyor	6	3.95	NOT_A_LEMMA
ölürüm	6	3.95	NOT_A_LEMMA
önerdi	6	3.95	NOT_A_LEMMA
özürlü	6	3.95	NOT_A_NOUN
üretime	7	3.95	NOT_A_LEMMA
şeffaf	6	3.95	NOT_A_NOUN
şeydi	5	3.95	NOT_A_LEMMA
şifresi	7	3.95	NOT_A_LEMMA
şudur	5	3.95	NOT_A_LEMMA
acar	4	3.94	NOT_A_NOUN
aciz	4	3.94	ALSO_OTHER_PART_OF_SPEECH
agresif	7	3.94	NOT_A_NOUN
aileyi	6	3.94	NOT_A_LEMMA
akışını	7	3.94	NOT_A_LEMMA
alim	4	3.94	ALSO_OTHER_PART_OF_SPEECH
araplar	7	3.94	NOT_A_LEMMA
bakarız	7	3.94	NOT_A_LEMMA
buldun	6	3.94	NOT_A_LEMMA
büyür	5	3.94	NOT_A_LEMMA
cebinde	7	3.94	NOT_A_LEMMA
cezayı	6	3.94	NOT_A_LEMMA
delilik	7	3.94	NOT_A_LEMMA
demesi	6	3.94	NOT_A_LEMMA
demeyin	7	3.94	NOT_A_LEMMA
değerin	7	3.94	NOT_A_LEMMA
diyemem	7	3.94	NOT_A_LEMMA
döndük	6	3.94	NOT_A_LEMMA
dönümü	6	3.94	NOT_A_LEMMA
düğüne	6	3.94	NOT_A_LEMMA
düşmana	7	3.94	NOT_A_LEMMA
elinizi	7	3.94	NOT_A_LEMMA
erkin	5	3.94	NOT_A_NOUN
esenler	7	3.94	NOT_A_LEMMA
etrafta	7	3.94	NOT_A_LEMMA
evrende	7	3.94	NOT_A_LEMMA
fast	4	3.94	MANUAL_BLOCK
gemide	6	3.94	NOT_A_LEMMA
gevşek	6	3.94	NOT_A_NOUN
gezgin	6	3.94	NOT_A_NOUN
girmez	6	3.94	NOT_A_LEMMA
gürsel	6	3.94	NOT_A_LEMMA
habere	6	3.94	NOT_A_LEMMA
hocalar	7	3.94	NOT_A_LEMMA
istendi	7	3.94	NOT_A_LEMMA
izini	5	3.94	NOT_A_LEMMA
içiyor	6	3.94	NOT_A_LEMMA
kafan	5	3.94	NOT_A_LEMMA
kanalda	7	3.94	NOT_A_LEMMA
kapanış	7	3.94	NOT_A_LEMMA
kasıtlı	7	3.94	NOT_A_LEMMA
keyifle	7	3.94	NOT_A_LEMMA
koyduk	6	3.94	NOT_A_LEMMA
kucak	5	3.94	ALSO_OTHER_PART_OF_SPEECH
kuzeyde	7	3.94	NOT_A_LEMMA
kılıcı	6	3.94	NOT_A_LEMMA
laiklik	7	3.94	NOT_A_LEMMA
maskesi	7	3.94	NOT_A_LEMMA
mutfağa	7	3.94	NOT_A_LEMMA
neleri	6	3.94	NOT_A_LEMMA
neyim	5	3.94	NOT_A_LEMMA
oranına	7	3.94	NOT_A_LEMMA
parçalı	7	3.94	NOT_A_LEMMA
paylaş	6	3.94	NOT_A_LEMMA
pete	4	3.94	NOT_A_LEMMA
pilotu	6	3.94	NOT_A_LEMMA
prensi	6	3.94	NOT_A_LEMMA
rutin	5	3.94	ALSO_OTHER_PART_OF_SPEECH
rüyası	6	3.94	NOT_A_LEMMA
rızası	6	3.94	NOT_A_LEMMA
sahipti	7	3.94	NOT_A_LEMMA
satıcı	6	3.94	VERB_FORM
sevinci	7	3.94	NOT_A_LEMMA
soyut	5	3.94	ALSO_OTHER_PART_OF_SPEECH
talip	5	3.94	ALSO_OTHER_PART_OF_SPEECH
tapınak	7	3.94	TOPIC:religion
tercihi	7	3.94	NOT_A_LEMMA
tuttum	6	3.94	NOT_A_LEMMA
yapsak	6	3.94	NOT_A_LEMMA
yapınca	7	3.94	NOT_A_LEMMA
yarının	7	3.94	NOT_A_LEMMA
yatıp	5	3.94	NOT_A_LEMMA
yazıcı	6	3.94	NOT_A_LEMMA
ziyan	5	3.94	INFLECTED_FORM
çapa	4	3.94	VERB_FORM
çatlak	6	3.94	ALSO_OTHER_PART_OF_SPEECH
çizgisi	7	3.94	NOT_A_LEMMA
çöktü	5	3.94	NOT_A_LEMMA
öldüm	5	3.94	NOT_A_LEMMA
ölmeyi	6	3.94	NOT_A_LEMMA
ölümünü	7	3.94	NOT_A_LEMMA
ömürlü	6	3.94	NOT_A_LEMMA
şairin	6	3.94	NOT_A_LEMMA
şevket	6	3.94	MANUAL_BLOCK
şiirin	6	3.94	NOT_A_LEMMA
ahmak	5	3.93	NOT_A_NOUN
akalın	6	3.93	NOT_A_LEMMA
aktarma	7	3.93	NOT_A_LEMMA
almamış	7	3.93	NOT_A_LEMMA
almayın	7	3.93	NOT_A_LEMMA
april	5	3.93	MANUAL_BLOCK
açıklık	7	3.93	NOT_A_LEMMA
babamla	7	3.93	NOT_A_LEMMA
babaya	6	3.93	NOT_A_LEMMA
basım	5	3.93	INFLECTED_FORM
basıp	5	3.93	NOT_A_LEMMA
batıda	6	3.93	NOT_A_LEMMA
bayım	5	3.93	NOT_A_LEMMA
başının	7	3.93	NOT_A_LEMMA
bedenin	7	3.93	NOT_A_LEMMA
birbiri	7	3.93	NOT_A_NOUN
bordo	5	3.93	ALSO_OTHER_PART_OF_SPEECH
dansçı	6	3.93	NOT_A_LEMMA
dağa	4	3.93	NOT_A_LEMMA
devirde	7	3.93	NOT_A_LEMMA
düşerek	7	3.93	NOT_A_LEMMA
ekibine	7	3.93	NOT_A_LEMMA
emekçi	6	3.93	NOT_A_LEMMA
ersin	5	3.93	NOT_A_LEMMA
evlenir	7	3.93	NOT_A_LEMMA
gelsene	7	3.93	NOT_A_LEMMA
gezip	5	3.93	NOT_A_LEMMA
giydi	5	3.93	NOT_A_LEMMA
götürüp	7	3.93	NOT_A_LEMMA
hafifçe	7	3.93	NOT_A_LEMMA
hakemi	6	3.93	NOT_A_LEMMA
harbiye	7	3.93	MANUAL_BLOCK
hatlar	6	3.93	NOT_A_LEMMA
hukuka	6	3.93	NOT_A_LEMMA
imzası	6	3.93	NOT_A_LEMMA
inanma	6	3.93	NOT_A_LEMMA
isyanı	6	3.93	NOT_A_LEMMA
içen	4	3.93	NOT_A_LEMMA
işliyor	7	3.93	NOT_A_LEMMA
kamuya	6	3.93	NOT_A_LEMMA
kimle	5	3.93	NOT_A_LEMMA
korunma	7	3.93	NOT_A_LEMMA
koyacak	7	3.93	VERB_FORM
lazımdı	7	3.93	NOT_A_LEMMA
linki	5	3.93	NOT_A_LEMMA
masanın	7	3.93	NOT_A_LEMMA
mümin	5	3.93	ALSO_OTHER_PART_OF_SPEECH
normale	7	3.93	NOT_A_LEMMA
onarım	6	3.93	VERB_FORM
parçaya	7	3.93	NOT_A_LEMMA
pazara	6	3.93	NOT_A_LEMMA
pişmiş	6	3.93	NOT_A_LEMMA
rahmi	5	3.93	NOT_A_LEMMA
resimli	7	3.93	NOT_A_LEMMA
risale	6	3.93	MANUAL_BLOCK
sahibiz	7	3.93	NOT_A_LEMMA
seyit	5	3.93	MANUAL_BLOCK
seçer	5	3.93	NOT_A_LEMMA
seçilir	7	3.93	NOT_A_LEMMA
sorunum	7	3.93	NOT_A_LEMMA
sosu	4	3.93	NOT_A_LEMMA
söze	4	3.93	NOT_A_LEMMA
sürüldü	7	3.93	NOT_A_LEMMA
takibe	6	3.93	NOT_A_LEMMA
takiben	7	3.93	NOT_A_NOUN
takipçi	7	3.93	NOT_A_LEMMA
tatar	5	3.93	MANUAL_BLOCK
taştan	6	3.93	NOT_A_LEMMA
temyiz	6	3.93	TOPIC:crime
uydurma	7	3.93	ALSO_OTHER_PART_OF_SPEECH
uzaylı	6	3.93	NOT_A_LEMMA
uzunca	6	3.93	NOT_A_LEMMA
vardım	6	3.93	NOT_A_LEMMA
vazgeç	6	3.93	NOT_A_LEMMA
yoludur	7	3.93	NOT_A_LEMMA
yıkılan	7	3.93	NOT_A_LEMMA
çetesi	6	3.93	NOT_A_LEMMA
çevir	5	3.93	NOT_A_LEMMA
öğretti	7	3.93	NOT_A_LEMMA
üzerini	7	3.93	NOT_A_LEMMA
şeriat	6	3.93	MANUAL_BLOCK
anlamam	7	3.92	NOT_A_LEMMA
araca	5	3.92	NOT_A_LEMMA
ateşle	6	3.92	NOT_A_LEMMA
ayarı	5	3.92	NOT_A_LEMMA
açtık	5	3.92	NOT_A_LEMMA
bakmayı	7	3.92	NOT_A_LEMMA
barut	5	3.92	TOPIC:weapons
barışın	7	3.92	NOT_A_LEMMA
basan	5	3.92	NOT_A_LEMMA
baskını	7	3.92	NOT_A_LEMMA
bağışla	7	3.92	NOT_A_LEMMA
binden	6	3.92	NOT_A_LEMMA
binin	5	3.92	NOT_A_LEMMA
bitiş	5	3.92	NOT_A_LEMMA
bizimki	7	3.92	NOT_A_NOUN
bugünü	6	3.92	NOT_A_LEMMA
dedem	5	3.92	NOT_A_LEMMA
destanı	7	3.92	NOT_A_LEMMA
dolmuş	6	3.92	ALSO_OTHER_PART_OF_SPEECH
durmaya	7	3.92	NOT_A_LEMMA
duvarın	7	3.92	NOT_A_LEMMA
dörtte	6	3.92	NOT_A_LEMMA
düşürdü	7	3.92	NOT_A_LEMMA
etmen	5	3.92	VERB_FORM
evladı	6	3.92	NOT_A_LEMMA
eğri	4	3.92	ALSO_OTHER_PART_OF_SPEECH
eşleri	6	3.92	NOT_A_LEMMA
eşref	5	3.92	NOT_A_NOUN
ferah	5	3.92	ALSO_OTHER_PART_OF_SPEECH
food	4	3.92	MANUAL_BLOCK
futbola	7	3.92	NOT_A_LEMMA
fıkıh	5	3.92	MANUAL_BLOCK
galata	6	3.92	NOT_A_LEMMA
göle	4	3.92	NOT_A_LEMMA
hafife	6	3.92	NOT_A_LEMMA
hızında	7	3.92	NOT_A_LEMMA
ikincil	7	3.92	NOT_A_NOUN
iner	4	3.92	NOT_A_LEMMA
işgali	6	3.92	NOT_A_LEMMA
kasten	6	3.92	NOT_A_NOUN
kaçmayı	7	3.92	NOT_A_LEMMA
kaçırdı	7	3.92	NOT_A_LEMMA
kedisi	6	3.92	NOT_A_LEMMA
koluna	6	3.92	NOT_A_LEMMA
korkar	6	3.92	NOT_A_LEMMA
kurulur	7	3.92	NOT_A_LEMMA
köyleri	7	3.92	NOT_A_LEMMA
küre	4	3.92	VERB_FORM
maddede	7	3.92	NOT_A_LEMMA
medyası	7	3.92	NOT_A_LEMMA
mine	4	3.92	INFLECTED_FORM
nine	4	3.92	ALSO_OTHER_PART_OF_SPEECH
olayına	7	3.92	NOT_A_LEMMA
partide	7	3.92	NOT_A_LEMMA
payını	6	3.92	NOT_A_LEMMA
peşin	5	3.92	ALSO_OTHER_PART_OF_SPEECH
pilav	5	3.92	CIRCUMFLEX
rüyada	6	3.92	NOT_A_LEMMA
satıldı	7	3.92	NOT_A_LEMMA
sayının	7	3.92	NOT_A_LEMMA
seçici	6	3.92	NOT_A_LEMMA
stand	5	3.92	MANUAL_BLOCK
turları	7	3.92	NOT_A_LEMMA
tutkulu	7	3.92	NOT_A_LEMMA
uçaklar	7	3.92	NOT_A_LEMMA
uçağa	5	3.92	NOT_A_LEMMA
yakıyor	7	3.92	NOT_A_LEMMA
yanma	5	3.92	NOT_A_LEMMA
yaşanır	7	3.92	NOT_A_LEMMA
yaşları	7	3.92	NOT_A_LEMMA
yemeyi	6	3.92	NOT_A_LEMMA
yenisi	6	3.92	NOT_A_LEMMA
çağda	5	3.92	NOT_A_LEMMA
ödüller	7	3.92	NOT_A_LEMMA
önleme	6	3.92	NOT_A_LEMMA
ürünün	6	3.92	NOT_A_LEMMA
üstte	5	3.92	NOT_A_LEMMA
ışıklı	6	3.92	NOT_A_LEMMA
şunun	5	3.92	NOT_A_LEMMA
aleyhi	6	3.91	NOT_A_LEMMA
amazon	6	3.91	MANUAL_BLOCK
amel	4	3.91	MANUAL_BLOCK
antika	6	3.91	ALSO_OTHER_PART_OF_SPEECH
anıtı	5	3.91	NOT_A_LEMMA
aslen	5	3.91	NOT_A_NOUN
atarken	7	3.91	NOT_A_LEMMA
ayaklı	6	3.91	NOT_A_LEMMA
ayından	7	3.91	NOT_A_LEMMA
bine	4	3.91	NOT_A_LEMMA
bini	4	3.91	MANUAL_BLOCK
bulvarı	7	3.91	NOT_A_LEMMA
derde	5	3.91	NOT_A_LEMMA
diler	5	3.91	NOT_A_LEMMA
dilinin	7	3.91	NOT_A_LEMMA
doğaya	6	3.91	NOT_A_LEMMA
döndüğü	7	3.91	NOT_A_LEMMA
emrine	6	3.91	NOT_A_LEMMA
endeksi	7	3.91	NOT_A_LEMMA
erdemli	7	3.91	NOT_A_LEMMA
eriyor	6	3.91	NOT_A_LEMMA
etkiye	6	3.91	NOT_A_LEMMA
ettiren	7	3.91	NOT_A_LEMMA
eyaleti	7	3.91	NOT_A_LEMMA
filosu	6	3.91	NOT_A_LEMMA
formayı	7	3.91	NOT_A_LEMMA
formda	6	3.91	NOT_A_LEMMA
gecikme	7	3.91	NOT_A_LEMMA
gelişir	7	3.91	NOT_A_LEMMA
gelişti	7	3.91	NOT_A_LEMMA
gezici	6	3.91	NOT_A_LEMMA
görerek	7	3.91	NOT_A_LEMMA
güvenen	7	3.91	NOT_A_LEMMA
hidayet	7	3.91	MANUAL_BLOCK
isimle	6	3.91	NOT_A_LEMMA
iskelet	7	3.91	ALSO_OTHER_PART_OF_SPEECH
isminde	7	3.91	NOT_A_LEMMA
işime	5	3.91	NOT_A_LEMMA
işlerle	7	3.91	NOT_A_LEMMA
işçisi	6	3.91	NOT_A_LEMMA
kafalı	6	3.91	NOT_A_LEMMA
kalırım	7	3.91	NOT_A_LEMMA
kanatlı	7	3.91	NOT_A_LEMMA
kanunla	7	3.91	NOT_A_LEMMA
kapanan	7	3.91	NOT_A_LEMMA
katılın	7	3.91	NOT_A_LEMMA
kazada	6	3.91	NOT_A_LEMMA
kağıda	6	3.91	NOT_A_LEMMA
keyfine	7	3.91	NOT_A_LEMMA
koltuğu	7	3.91	NOT_A_LEMMA
koşuyor	7	3.91	NOT_A_LEMMA
kulu	4	3.91	NOT_A_LEMMA
malın	5	3.91	NOT_A_LEMMA
mayın	5	3.91	MANUAL_BLOCK
motive	6	3.91	MANUAL_BLOCK
muammer	7	3.91	NOT_A_NOUN
otopsi	6	3.91	MANUAL_BLOCK
ruhumu	6	3.91	NOT_A_LEMMA
sahile	6	3.91	NOT_A_LEMMA
sahneyi	7	3.91	NOT_A_LEMMA
saçımı	6	3.91	NOT_A_LEMMA
sağcı	5	3.91	NOT_A_NOUN
sağolun	7	3.91	NOT_A_LEMMA
sokan	5	3.91	NOT_A_LEMMA
sokağın	7	3.91	NOT_A_LEMMA
sokmaya	7	3.91	NOT_A_LEMMA
statik	6	3.91	ALSO_OTHER_PART_OF_SPEECH
subayı	6	3.91	NOT_A_LEMMA
suçsuz	6	3.91	NOT_A_NOUN
sırayı	6	3.91	NOT_A_LEMMA
sırrını	7	3.91	NOT_A_LEMMA
tarzına	7	3.91	NOT_A_LEMMA
tekli	5	3.91	NOT_A_LEMMA
tepesi	6	3.91	NOT_A_LEMMA
tüylü	5	3.91	NOT_A_LEMMA
uçakta	6	3.91	NOT_A_LEMMA
uçuyor	6	3.91	NOT_A_LEMMA
vakası	6	3.91	NOT_A_LEMMA
yazacak	7	3.91	NOT_A_LEMMA
yağışlı	7	3.91	NOT_A_LEMMA
yetmedi	7	3.91	NOT_A_LEMMA
yudum	5	3.91	ALSO_OTHER_PART_OF_SPEECH
yönüne	6	3.91	NOT_A_LEMMA
yürekli	7	3.91	NOT_A_LEMMA
yürür	5	3.91	NOT_A_LEMMA
çaldığı	7	3.91	NOT_A_LEMMA
çalma	5	3.91	ALSO_OTHER_PART_OF_SPEECH
çapta	5	3.91	NOT_A_LEMMA
ödemeyi	7	3.91	NOT_A_LEMMA
öldür	5	3.91	NOT_A_LEMMA
öldürüp	7	3.91	NOT_A_LEMMA
ötede	5	3.91	NOT_A_LEMMA
acıktım	7	3.90	NOT_A_LEMMA
ahiret	6	3.90	MANUAL_BLOCK
alarmı	6	3.90	NOT_A_LEMMA
alkollü	7	3.90	NOT_A_LEMMA
alttaki	7	3.90	NOT_A_LEMMA
alttan	6	3.90	NOT_A_LEMMA
amacını	7	3.90	NOT_A_LEMMA
anneye	6	3.90	NOT_A_LEMMA
azar	4	3.90	ALSO_OTHER_PART_OF_SPEECH
ağabey	6	3.90	ALSO_OTHER_PART_OF_SPEECH
ağabeyi	7	3.90	NOT_A_LEMMA
bakışta	7	3.90	NOT_A_LEMMA
bilemez	7	3.90	NOT_A_LEMMA
bitirip	7	3.90	NOT_A_LEMMA
bitsin	6	3.90	NOT_A_LEMMA
boyuna	6	3.90	NOT_A_NOUN
bozulur	7	3.90	NOT_A_LEMMA
bulurum	7	3.90	NOT_A_LEMMA
cebine	6	3.90	NOT_A_LEMMA
cümlesi	7	3.90	NOT_A_NOUN
duymaya	7	3.90	NOT_A_LEMMA
düşkün	6	3.90	NOT_A_NOUN
ekber	5	3.90	MANUAL_BLOCK
forumu	6	3.90	NOT_A_LEMMA
gelenin	7	3.90	NOT_A_LEMMA
golcü	5	3.90	NOT_A_LEMMA
gökten	6	3.90	NOT_A_LEMMA
gücümüz	7	3.90	NOT_A_LEMMA
gürcü	5	3.90	NOT_A_LEMMA
hiçe	4	3.90	NOT_A_LEMMA
isteğe	6	3.90	NOT_A_LEMMA
izleyip	7	3.90	NOT_A_LEMMA
kadroda	7	3.90	NOT_A_LEMMA
kahvesi	7	3.90	NOT_A_LEMMA
kalenin	7	3.90	NOT_A_LEMMA
kalsa	5	3.90	NOT_A_LEMMA
kanını	6	3.90	NOT_A_LEMMA
kazanıp	7	3.90	NOT_A_LEMMA
korkut	6	3.90	NOT_A_LEMMA
koşmak	6	3.90	NOT_A_NOUN
kulluk	6	3.90	NOT_A_LEMMA
köse	4	3.90	NOT_A_NOUN
kıyıya	6	3.90	NOT_A_LEMMA
mega	4	3.90	MANUAL_BLOCK
mekanın	7	3.90	NOT_A_LEMMA
meşe	4	3.90	ALSO_OTHER_PART_OF_SPEECH
nede	4	3.90	NOT_A_LEMMA
olamam	6	3.90	NOT_A_LEMMA
olunan	6	3.90	NOT_A_LEMMA
orduyu	6	3.90	NOT_A_LEMMA
paran	5	3.90	NOT_A_LEMMA
parmağı	7	3.90	NOT_A_LEMMA
sanma	5	3.90	NOT_A_LEMMA
sarıl	5	3.90	NOT_A_LEMMA
saçlar	6	3.90	NOT_A_LEMMA
selin	5	3.90	NOT_A_LEMMA
sevişme	7	3.90	NOT_A_LEMMA
silip	5	3.90	NOT_A_LEMMA
single	6	3.90	MANUAL_BLOCK
siper	5	3.90	ALSO_OTHER_PART_OF_SPEECH
soyu	4	3.90	NOT_A_LEMMA
sultanı	7	3.90	NOT_A_LEMMA
suça	4	3.90	NOT_A_LEMMA
sıcacık	7	3.90	NOT_A_NOUN
tatlısı	7	3.90	NOT_A_LEMMA
tavrı	5	3.90	NOT_A_LEMMA
tembel	6	3.90	NOT_A_NOUN
topuklu	7	3.90	NOT_A_LEMMA
topun	5	3.90	NOT_A_LEMMA
tüneli	6	3.90	NOT_A_LEMMA
ulaş	4	3.90	NOT_A_LEMMA
uzlaşma	7	3.90	NOT_A_LEMMA
uğraş	5	3.90	VERB_FORM
vücuda	6	3.90	NOT_A_LEMMA
yattı	5	3.90	NOT_A_LEMMA
yemeğin	7	3.90	NOT_A_LEMMA
yüzleri	7	3.90	NOT_A_LEMMA
ölümler	7	3.90	NOT_A_LEMMA
öyledir	7	3.90	NOT_A_LEMMA
ısınma	6	3.90	NOT_A_LEMMA
ışığa	5	3.90	NOT_A_LEMMA
ışığını	7	3.90	NOT_A_LEMMA
şansın	6	3.90	NOT_A_LEMMA
şaşkın	6	3.90	NOT_A_NOUN
alayı	5	3.89	NOT_A_LEMMA
altmış	6	3.89	NOT_A_NOUN
amacına	7	3.89	NOT_A_LEMMA
anlarda	7	3.89	NOT_A_LEMMA
annelik	7	3.89	NOT_A_LEMMA
arazide	7	3.89	NOT_A_LEMMA
ateist	6	3.89	NOT_A_NOUN
azalma	6	3.89	NOT_A_LEMMA
aştı	4	3.89	NOT_A_LEMMA
baki	4	3.89	NOT_A_NOUN
baktın	6	3.89	NOT_A_LEMMA
basını	6	3.89	NOT_A_LEMMA
batıl	5	3.89	NOT_A_NOUN
boğazı	6	3.89	NOT_A_LEMMA
bulamaz	7	3.89	NOT_A_LEMMA
bulunup	7	3.89	NOT_A_LEMMA
bölücü	6	3.89	NOT_A_NOUN
davran	6	3.89	NOT_A_LEMMA
dayı	4	3.89	ALSO_OTHER_PART_OF_SPEECH
dedesi	6	3.89	NOT_A_LEMMA
defol	5	3.89	NOT_A_LEMMA
dinine	6	3.89	NOT_A_LEMMA
diziyi	6	3.89	NOT_A_LEMMA
duyarız	7	3.89	NOT_A_LEMMA
dökülür	7	3.89	NOT_A_LEMMA
ekleyin	7	3.89	NOT_A_LEMMA
emretti	7	3.89	NOT_A_LEMMA
etli	4	3.89	NOT_A_LEMMA
fırın	5	3.89	ALSO_OTHER_PART_OF_SPEECH
gezmeye	7	3.89	NOT_A_LEMMA
gölcük	6	3.89	NOT_A_LEMMA
gölün	5	3.89	NOT_A_LEMMA
görsün	6	3.89	NOT_A_LEMMA
gülşen	6	3.89	MANUAL_BLOCK
güneyde	7	3.89	NOT_A_LEMMA
hazreti	7	3.89	NOT_A_LEMMA
inşası	6	3.89	NOT_A_LEMMA
joker	5	3.89	ALSO_OTHER_PART_OF_SPEECH
kafamın	7	3.89	NOT_A_LEMMA
kapa	4	3.89	NOT_A_LEMMA
kavgaya	7	3.89	NOT_A_LEMMA
kişide	6	3.89	NOT_A_LEMMA
koptu	5	3.89	NOT_A_LEMMA
kula	4	3.89	ALSO_OTHER_PART_OF_SPEECH
kuşağı	6	3.89	NOT_A_LEMMA
kökeni	6	3.89	NOT_A_LEMMA
köyden	6	3.89	NOT_A_LEMMA
köyler	6	3.89	NOT_A_LEMMA
kısık	5	3.89	ALSO_OTHER_PART_OF_SPEECH
medrese	7	3.89	MANUAL_BLOCK
medyaya	7	3.89	NOT_A_LEMMA
mercan	6	3.89	ALSO_OTHER_PART_OF_SPEECH
modunda	7	3.89	NOT_A_LEMMA
motorun	7	3.89	NOT_A_LEMMA
narin	5	3.89	NOT_A_NOUN
peyniri	7	3.89	NOT_A_LEMMA
rahman	6	3.89	NOT_A_NOUN
seferi	6	3.89	ALSO_OTHER_PART_OF_SPEECH
seçilme	7	3.89	NOT_A_LEMMA
sitenin	7	3.89	NOT_A_LEMMA
siyahi	6	3.89	NOT_A_NOUN
sırtına	7	3.89	NOT_A_LEMMA
turbo	5	3.89	NOT_A_NOUN
tuzu	4	3.89	NOT_A_LEMMA
tükendi	7	3.89	NOT_A_LEMMA
ulaşımı	7	3.89	NOT_A_LEMMA
unsuru	6	3.89	NOT_A_LEMMA
vardi	5	3.89	NOT_A_LEMMA
varmak	6	3.89	NOT_A_NOUN
varış	5	3.89	NOT_A_LEMMA
vurmaya	7	3.89	NOT_A_LEMMA
yakar	5	3.89	NOT_A_LEMMA
yanar	5	3.89	NOT_A_LEMMA
yapıyı	6	3.89	NOT_A_LEMMA
yeridir	7	3.89	MANUAL_BLOCK
yurda	5	3.89	NOT_A_LEMMA
yüzyıla	7	3.89	NOT_A_LEMMA
çağında	7	3.89	NOT_A_LEMMA
çevirip	7	3.89	NOT_A_LEMMA
çoğunda	7	3.89	NOT_A_LEMMA
çubuğu	6	3.89	NOT_A_LEMMA
ödemiş	6	3.89	NOT_A_LEMMA
ölüp	4	3.89	NOT_A_LEMMA
önümüze	7	3.89	NOT_A_LEMMA
şakası	6	3.89	NOT_A_LEMMA
şunlar	6	3.89	NOT_A_LEMMA
acemi	5	3.88	ALSO_OTHER_PART_OF_SPEECH
adapte	6	3.88	NOT_A_NOUN
almadım	7	3.88	NOT_A_LEMMA
almalı	6	3.88	NOT_A_LEMMA
alsam	5	3.88	NOT_A_LEMMA
amcası	6	3.88	NOT_A_LEMMA
arkana	6	3.88	NOT_A_LEMMA
atması	6	3.88	NOT_A_LEMMA
ayla	4	3.88	VERB_FORM
azaltır	7	3.88	NOT_A_LEMMA
bayat	5	3.88	ALSO_OTHER_PART_OF_SPEECH
bilip	5	3.88	NOT_A_LEMMA
bulunca	7	3.88	NOT_A_LEMMA
cephede	7	3.88	NOT_A_LEMMA
demiyor	7	3.88	NOT_A_LEMMA
dokusu	6	3.88	NOT_A_LEMMA
duyarım	7	3.88	NOT_A_LEMMA
duyguyu	7	3.88	NOT_A_LEMMA
dönüşen	7	3.88	NOT_A_LEMMA
düğme	5	3.88	VERB_FORM
evimiz	6	3.88	NOT_A_LEMMA
evlerde	7	3.88	NOT_A_LEMMA
evliya	6	3.88	MANUAL_BLOCK
felsefi	7	3.88	ALSO_OTHER_PART_OF_SPEECH
gaziler	7	3.88	NOT_A_LEMMA
gerilla	7	3.88	CIRCUMFLEX
gibisi	6	3.88	NOT_A_NOUN
girsin	6	3.88	NOT_A_LEMMA
göreyim	7	3.88	NOT_A_LEMMA
haddini	7	3.88	NOT_A_LEMMA
hattını	7	3.88	NOT_A_LEMMA
hırsızı	7	3.88	NOT_A_LEMMA
hızına	6	3.88	NOT_A_LEMMA
işimize	7	3.88	NOT_A_LEMMA
kampa	5	3.88	NOT_A_LEMMA
kaydını	7	3.88	NOT_A_LEMMA
kaçacak	7	3.88	NOT_A_LEMMA
kimmiş	6	3.88	NOT_A_LEMMA
kitlesi	7	3.88	NOT_A_LEMMA
koyalım	7	3.88	NOT_A_LEMMA
krem	4	3.88	ALSO_OTHER_PART_OF_SPEECH
kulüpte	7	3.88	NOT_A_LEMMA
kıskanç	7	3.88	NOT_A_NOUN
menkul	6	3.88	ALSO_OTHER_PART_OF_SPEECH
metodu	6	3.88	NOT_A_LEMMA
neyle	5	3.88	NOT_A_LEMMA
odalar	6	3.88	NOT_A_LEMMA
onayı	5	3.88	NOT_A_LEMMA
patlak	6	3.88	ALSO_OTHER_PART_OF_SPEECH
ruhlar	6	3.88	NOT_A_LEMMA
sanata	6	3.88	NOT_A_LEMMA
sayımı	6	3.88	NOT_A_LEMMA
sokup	5	3.88	NOT_A_LEMMA
soya	4	3.88	VERB_FORM
stadı	5	3.88	NOT_A_LEMMA
söküp	5	3.88	NOT_A_LEMMA
takıp	5	3.88	NOT_A_LEMMA
temasa	6	3.88	NOT_A_LEMMA
topluca	7	3.88	NOT_A_LEMMA
trajik	6	3.88	NOT_A_NOUN
tutmayı	7	3.88	NOT_A_LEMMA
tutuldu	7	3.88	NOT_A_LEMMA
türünde	7	3.88	NOT_A_LEMMA
tüzel	5	3.88	NOT_A_NOUN
uyardı	6	3.88	NOT_A_LEMMA
uçtu	4	3.88	NOT_A_LEMMA
vahim	5	3.88	NOT_A_NOUN
yarışa	6	3.88	NOT_A_LEMMA
yazımı	6	3.88	NOT_A_LEMMA
yiyorum	7	3.88	NOT_A_LEMMA
çekil	5	3.88	NOT_A_LEMMA
çinko	5	3.88	ALSO_OTHER_PART_OF_SPEECH
çolak	5	3.88	NOT_A_NOUN
çorlu	5	3.88	NOT_A_NOUN
ölmedi	6	3.88	NOT_A_LEMMA
ölçümü	6	3.88	NOT_A_LEMMA
önümde	6	3.88	NOT_A_LEMMA
önüme	5	3.88	NOT_A_LEMMA
abdest	6	3.87	TOPIC:religion
abdest	6	3.87	MANUAL_BLOCK
aksam	5	3.87	VERB_FORM
albümün	7	3.87	NOT_A_LEMMA
amcık	5	3.87	NOT_A_LEMMA
anıldı	6	3.87	NOT_A_LEMMA
artmış	6	3.87	NOT_A_LEMMA
avcısı	6	3.87	NOT_A_LEMMA
azabı	5	3.87	NOT_A_LEMMA
ağlayan	7	3.87	NOT_A_LEMMA
basılı	6	3.87	NOT_A_LEMMA
dalları	7	3.87	NOT_A_LEMMA
deliler	7	3.87	NOT_A_LEMMA
depremi	7	3.87	NOT_A_LEMMA
desin	5	3.87	NOT_A_LEMMA
diyabet	7	3.87	MANUAL_BLOCK
dönelim	7	3.87	NOT_A_LEMMA
düşerse	7	3.87	NOT_A_LEMMA
düşmez	6	3.87	NOT_A_LEMMA
engeli	6	3.87	NOT_A_LEMMA
etmemiş	7	3.87	NOT_A_LEMMA
evlerin	7	3.87	NOT_A_LEMMA
faktörü	7	3.87	NOT_A_LEMMA
geçirin	7	3.87	NOT_A_LEMMA
golleri	7	3.87	NOT_A_LEMMA
gökçen	6	3.87	NOT_A_LEMMA
götünü	6	3.87	NOT_A_LEMMA
günümü	6	3.87	NOT_A_LEMMA
gününün	7	3.87	NOT_A_LEMMA
halkalı	7	3.87	NOT_A_LEMMA
here	4	3.87	NOT_A_LEMMA
huzura	6	3.87	NOT_A_LEMMA
içerim	6	3.87	NOT_A_LEMMA
jersey	6	3.87	MANUAL_BLOCK
kadı	4	3.87	TOPIC:crime
kalbe	5	3.87	NOT_A_LEMMA
kalınca	7	3.87	NOT_A_LEMMA
kapatır	7	3.87	NOT_A_LEMMA
kasap	5	3.87	ALSO_OTHER_PART_OF_SPEECH
konumuz	7	3.87	NOT_A_LEMMA
kutladı	7	3.87	NOT_A_LEMMA
kuzeni	6	3.87	NOT_A_LEMMA
kötüdür	7	3.87	NOT_A_LEMMA
kütle	5	3.87	VERB_FORM
lafını	6	3.87	NOT_A_LEMMA
limited	7	3.87	ALSO_OTHER_PART_OF_SPEECH
liseye	6	3.87	NOT_A_LEMMA
mekanda	7	3.87	NOT_A_LEMMA
metreye	7	3.87	NOT_A_LEMMA
onuncu	6	3.87	NOT_A_NOUN
onursal	7	3.87	NOT_A_LEMMA
oturdum	7	3.87	NOT_A_LEMMA
paradan	7	3.87	NOT_A_LEMMA
radyoda	7	3.87	NOT_A_LEMMA
remzi	5	3.87	NOT_A_LEMMA
satarak	7	3.87	NOT_A_LEMMA
sayfada	7	3.87	NOT_A_LEMMA
saçın	5	3.87	NOT_A_LEMMA
sebebim	7	3.87	NOT_A_LEMMA
seyi	4	3.87	NOT_A_LEMMA
sure	4	3.87	TOPIC:religion
sürün	5	3.87	NOT_A_LEMMA
sürüp	5	3.87	NOT_A_LEMMA
sıkıca	6	3.87	NOT_A_LEMMA
tabela	6	3.87	CIRCUMFLEX
tadında	7	3.87	NOT_A_LEMMA
takar	5	3.87	NOT_A_LEMMA
takımla	7	3.87	NOT_A_LEMMA
taşınan	7	3.87	NOT_A_LEMMA
taşınır	7	3.87	NOT_A_LEMMA
tipler	6	3.87	NOT_A_LEMMA
uçmak	5	3.87	ALSO_OTHER_PART_OF_SPEECH
verene	6	3.87	NOT_A_LEMMA
yakan	5	3.87	NOT_A_LEMMA
yavrusu	7	3.87	NOT_A_LEMMA
yazlık	6	3.87	ALSO_OTHER_PART_OF_SPEECH
yüzünün	7	3.87	NOT_A_LEMMA
öksüz	5	3.87	NOT_A_NOUN
öpmek	5	3.87	NOT_A_NOUN
ülkücü	6	3.87	NOT_A_LEMMA
ılımlı	6	3.87	NOT_A_LEMMA
ısıtma	6	3.87	NOT_A_LEMMA
şekerli	7	3.87	NOT_A_LEMMA
anlamaz	7	3.86	NOT_A_LEMMA
araçla	6	3.86	NOT_A_LEMMA
artırır	7	3.86	NOT_A_LEMMA
ayvalık	7	3.86	NOT_A_LEMMA
başınız	7	3.86	NOT_A_LEMMA
derste	6	3.86	NOT_A_LEMMA
desek	5	3.86	NOT_A_LEMMA
desene	6	3.86	NOT_A_LEMMA
doldur	6	3.86	NOT_A_LEMMA
düşüren	7	3.86	NOT_A_LEMMA
edinen	6	3.86	NOT_A_LEMMA
eklemek	7	3.86	NOT_A_NOUN
elmalı	6	3.86	NOT_A_LEMMA
erecek	6	3.86	NOT_A_LEMMA
esin	4	3.86	VERB_FORM
eşinden	7	3.86	NOT_A_LEMMA
geçmeyi	7	3.86	NOT_A_LEMMA
gidene	6	3.86	NOT_A_LEMMA
grubunu	7	3.86	NOT_A_LEMMA
halime	6	3.86	NOT_A_LEMMA
hattına	7	3.86	NOT_A_LEMMA
hayalim	7	3.86	NOT_A_LEMMA
hocanın	7	3.86	NOT_A_LEMMA
izledik	7	3.86	NOT_A_LEMMA
içinse	6	3.86	NOT_A_LEMMA
işle	4	3.86	NOT_A_LEMMA
kanunun	7	3.86	NOT_A_LEMMA
kartını	7	3.86	NOT_A_LEMMA
kattı	5	3.86	NOT_A_LEMMA
kavgası	7	3.86	NOT_A_LEMMA
kaybına	7	3.86	NOT_A_LEMMA
kaçıran	7	3.86	NOT_A_LEMMA
kilosu	6	3.86	NOT_A_LEMMA
koskoca	7	3.86	NOT_A_NOUN
kurun	5	3.86	NOT_A_LEMMA
kuyruğu	7	3.86	NOT_A_LEMMA
kırıcı	6	3.86	NOT_A_LEMMA
kısır	5	3.86	ALSO_OTHER_PART_OF_SPEECH
mala	4	3.86	INFLECTED_FORM
manası	6	3.86	NOT_A_LEMMA
maçlara	7	3.86	NOT_A_LEMMA
mezara	6	3.86	NOT_A_LEMMA
meçhul	6	3.86	ALSO_OTHER_PART_OF_SPEECH
müzikle	7	3.86	NOT_A_LEMMA
odadan	6	3.86	NOT_A_LEMMA
okuyucu	7	3.86	NOT_A_LEMMA
olmanı	6	3.86	NOT_A_LEMMA
rahim	5	3.86	ALSO_OTHER_PART_OF_SPEECH
raporda	7	3.86	NOT_A_LEMMA
safi	4	3.86	NOT_A_NOUN
sahiden	7	3.86	NOT_A_NOUN
satmaya	7	3.86	NOT_A_LEMMA
sesiyle	7	3.86	NOT_A_LEMMA
seçimle	7	3.86	NOT_A_LEMMA
side	4	3.86	NOT_A_LEMMA
sokar	5	3.86	NOT_A_LEMMA
statüsü	7	3.86	NOT_A_LEMMA
sözüne	6	3.86	NOT_A_LEMMA
sırları	7	3.86	NOT_A_LEMMA
tefek	5	3.86	ALSO_OTHER_PART_OF_SPEECH
teli	4	3.86	NOT_A_LEMMA
total	5	3.86	ALSO_OTHER_PART_OF_SPEECH
tuba	4	3.86	MANUAL_BLOCK
uçuşlar	7	3.86	NOT_A_LEMMA
uçuşu	5	3.86	NOT_A_LEMMA
uğrar	5	3.86	NOT_A_LEMMA
vaktim	6	3.86	NOT_A_LEMMA
vuracak	7	3.86	NOT_A_LEMMA
yasaya	6	3.86	NOT_A_LEMMA
yetiyor	7	3.86	NOT_A_LEMMA
yolladı	7	3.86	NOT_A_LEMMA
yurtta	6	3.86	NOT_A_LEMMA
yürüme	6	3.86	NOT_A_LEMMA
yüzüm	5	3.86	NOT_A_LEMMA
yıkama	6	3.86	NOT_A_LEMMA
zorladı	7	3.86	NOT_A_LEMMA
çabucak	7	3.86	NOT_A_NOUN
çektik	6	3.86	NOT_A_LEMMA
çizdi	5	3.86	NOT_A_LEMMA
ölürken	7	3.86	NOT_A_LEMMA
ırkı	4	3.86	NOT_A_LEMMA
şerefli	7	3.86	NOT_A_LEMMA
alırsa	6	3.85	NOT_A_LEMMA
amir	4	3.85	ALSO_OTHER_PART_OF_SPEECH
arzusu	6	3.85	NOT_A_LEMMA
astım	5	3.85	VERB_FORM
ataması	7	3.85	NOT_A_LEMMA
atanmış	7	3.85	NOT_A_LEMMA
ateşten	7	3.85	NOT_A_LEMMA
ayık	4	3.85	NOT_A_NOUN
ağlamak	7	3.85	NOT_A_NOUN
battı	5	3.85	NOT_A_LEMMA
bekledi	7	3.85	NOT_A_LEMMA
bilsem	6	3.85	NOT_A_LEMMA
bitmesi	7	3.85	NOT_A_LEMMA
boşalan	7	3.85	NOT_A_LEMMA
bıçakla	7	3.85	NOT_A_LEMMA
damadı	6	3.85	NOT_A_LEMMA
demin	5	3.85	NOT_A_NOUN
dengeli	7	3.85	NOT_A_LEMMA
dengesi	7	3.85	NOT_A_LEMMA
dersten	7	3.85	NOT_A_LEMMA
değere	6	3.85	NOT_A_LEMMA
değiş	5	3.85	NOT_A_LEMMA
dilden	6	3.85	NOT_A_LEMMA
dilemek	7	3.85	NOT_A_NOUN
dokuma	6	3.85	ALSO_OTHER_PART_OF_SPEECH
doğdum	6	3.85	NOT_A_LEMMA
duydu	5	3.85	NOT_A_LEMMA
duymaz	6	3.85	NOT_A_LEMMA
dümdüz	6	3.85	NOT_A_NOUN
enjekte	7	3.85	NOT_A_NOUN
eylesin	7	3.85	NOT_A_LEMMA
farkını	7	3.85	NOT_A_LEMMA
geçerse	7	3.85	NOT_A_LEMMA
giremez	7	3.85	NOT_A_LEMMA
gitmeli	7	3.85	NOT_A_LEMMA
gururlu	7	3.85	NOT_A_LEMMA
gülü	4	3.85	NOT_A_LEMMA
güvenle	7	3.85	NOT_A_LEMMA
havuza	6	3.85	NOT_A_LEMMA
hilesi	6	3.85	NOT_A_LEMMA
inat	4	3.85	ALSO_OTHER_PART_OF_SPEECH
inatçı	6	3.85	NOT_A_NOUN
iradesi	7	3.85	NOT_A_LEMMA
kalkın	6	3.85	NOT_A_LEMMA
katılıp	7	3.85	NOT_A_LEMMA
korkan	6	3.85	NOT_A_LEMMA
köpeğe	6	3.85	NOT_A_LEMMA
laneti	6	3.85	NOT_A_LEMMA
mazlum	6	3.85	NOT_A_NOUN
melez	5	3.85	NOT_A_NOUN
meta	4	3.85	MANUAL_BLOCK
nazilli	7	3.85	NOT_A_LEMMA
niyetim	7	3.85	NOT_A_LEMMA
orgazm	6	3.85	MANUAL_BLOCK
oynadım	7	3.85	NOT_A_LEMMA
oyununa	7	3.85	NOT_A_LEMMA
planın	6	3.85	NOT_A_LEMMA
sardı	5	3.85	NOT_A_LEMMA
sesine	6	3.85	NOT_A_LEMMA
sikim	5	3.85	NOT_A_LEMMA
sinde	5	3.85	NOT_A_LEMMA
sokuyor	7	3.85	NOT_A_LEMMA
solcu	5	3.85	NOT_A_NOUN
soygun	6	3.85	TOPIC:crime
soygun	6	3.85	MANUAL_BLOCK
sunuyor	7	3.85	NOT_A_LEMMA
susun	5	3.85	NOT_A_LEMMA
sözlüğü	7	3.85	NOT_A_LEMMA
tefsir	6	3.85	MANUAL_BLOCK
uyandı	6	3.85	NOT_A_LEMMA
uyumu	5	3.85	NOT_A_LEMMA
uçları	6	3.85	NOT_A_LEMMA
vatanı	6	3.85	NOT_A_LEMMA
verim	5	3.85	INFLECTED_FORM
vermeli	7	3.85	NOT_A_LEMMA
vuruşu	6	3.85	NOT_A_LEMMA
yapılı	6	3.85	NOT_A_LEMMA
yaratma	7	3.85	NOT_A_LEMMA
yetmiş	6	3.85	NOT_A_NOUN
yeğeni	6	3.85	NOT_A_LEMMA
yitiren	7	3.85	NOT_A_LEMMA
yıkmak	6	3.85	NOT_A_NOUN
zina	4	3.85	MANUAL_BLOCK
çamlıca	7	3.85	NOT_A_LEMMA
çarpma	6	3.85	VERB_FORM
çatal	5	3.85	ALSO_OTHER_PART_OF_SPEECH
çekilme	7	3.85	NOT_A_LEMMA
ölenler	7	3.85	NOT_A_LEMMA
ömrünün	7	3.85	NOT_A_LEMMA
önerim	6	3.85	NOT_A_LEMMA
üyemiz	6	3.85	NOT_A_LEMMA
şovu	4	3.85	NOT_A_LEMMA
adalete	7	3.84	NOT_A_LEMMA
algısı	6	3.84	NOT_A_LEMMA
amını	5	3.84	NOT_A_LEMMA
açmayı	6	3.84	NOT_A_LEMMA
ağzının	7	3.84	NOT_A_LEMMA
babacan	7	3.84	NOT_A_NOUN
babanız	7	3.84	NOT_A_LEMMA
baka	4	3.84	NOT_A_LEMMA
bakire	6	3.84	NOT_A_NOUN
baksın	6	3.84	NOT_A_LEMMA
bide	4	3.84	MANUAL_BLOCK
bozdu	5	3.84	NOT_A_LEMMA
buluş	5	3.84	VERB_FORM
ceset	5	3.84	TOPIC:death
cezalar	7	3.84	NOT_A_LEMMA
cici	4	3.84	NOT_A_NOUN
dayan	5	3.84	NOT_A_LEMMA
deliği	6	3.84	NOT_A_LEMMA
devrin	6	3.84	NOT_A_LEMMA
değin	5	3.84	NOT_A_NOUN
dimi	4	3.84	MANUAL_BLOCK
dişler	6	3.84	NOT_A_LEMMA
dönün	5	3.84	NOT_A_LEMMA
dörtlü	6	3.84	ALSO_OTHER_PART_OF_SPEECH
düzenin	7	3.84	NOT_A_LEMMA
düğmeye	7	3.84	NOT_A_LEMMA
ekler	5	3.84	VERB_FORM
erer	4	3.84	NOT_A_LEMMA
evimin	6	3.84	NOT_A_LEMMA
fıkra	5	3.84	VERB_FORM
göksel	6	3.84	NOT_A_LEMMA
halis	5	3.84	NOT_A_NOUN
hatırı	6	3.84	NOT_A_LEMMA
hersek	6	3.84	NOT_A_LEMMA
iklimi	6	3.84	NOT_A_LEMMA
ismine	6	3.84	NOT_A_LEMMA
içerken	7	3.84	NOT_A_LEMMA
işlemiş	7	3.84	NOT_A_LEMMA
kadrolu	7	3.84	NOT_A_LEMMA
kandil	6	3.84	MANUAL_BLOCK
karnım	6	3.84	NOT_A_LEMMA
karışım	7	3.84	VERB_FORM
karşıt	6	3.84	ALSO_OTHER_PART_OF_SPEECH
kattan	6	3.84	NOT_A_LEMMA
kaçma	5	3.84	NOT_A_LEMMA
kilidi	6	3.84	NOT_A_LEMMA
kimdi	5	3.84	NOT_A_LEMMA
kolum	5	3.84	NOT_A_LEMMA
kulağı	6	3.84	NOT_A_LEMMA
modelin	7	3.84	NOT_A_LEMMA
modülü	6	3.84	NOT_A_LEMMA
odama	5	3.84	NOT_A_LEMMA
ofiste	6	3.84	NOT_A_LEMMA
okurum	6	3.84	NOT_A_LEMMA
onla	4	3.84	NOT_A_LEMMA
prime	5	3.84	NOT_A_LEMMA
projede	7	3.84	NOT_A_LEMMA
projeye	7	3.84	NOT_A_LEMMA
rehine	6	3.84	TOPIC:crime
resme	5	3.84	NOT_A_LEMMA
rüzgarı	7	3.84	NOT_A_LEMMA
sanatın	7	3.84	NOT_A_LEMMA
skorla	6	3.84	NOT_A_LEMMA
tacı	4	3.84	NOT_A_LEMMA
takmak	6	3.84	NOT_A_NOUN
takılı	6	3.84	NOT_A_LEMMA
teröre	6	3.84	NOT_A_LEMMA
tevhid	6	3.84	MANUAL_BLOCK
trafiğe	7	3.84	NOT_A_LEMMA
turuna	6	3.84	NOT_A_LEMMA
turşu	5	3.84	ALSO_OTHER_PART_OF_SPEECH
tutucu	6	3.84	NOT_A_LEMMA
tutumu	6	3.84	NOT_A_LEMMA
türküsü	7	3.84	NOT_A_LEMMA
vurarak	7	3.84	NOT_A_LEMMA
vurdum	6	3.84	NOT_A_LEMMA
yakma	5	3.84	NOT_A_LEMMA
yapardı	7	3.84	NOT_A_LEMMA
yaşatan	7	3.84	NOT_A_LEMMA
yemini	6	3.84	NOT_A_LEMMA
çakıl	5	3.84	VERB_FORM
çalındı	7	3.84	NOT_A_LEMMA
çapı	4	3.84	NOT_A_LEMMA
çığır	5	3.84	VERB_FORM
ölçüsü	6	3.84	NOT_A_LEMMA
öngören	7	3.84	NOT_A_LEMMA
üretir	6	3.84	NOT_A_LEMMA
şenliği	7	3.84	NOT_A_LEMMA
acıklı	6	3.83	NOT_A_NOUN
acıya	5	3.83	NOT_A_LEMMA
adımda	6	3.83	NOT_A_LEMMA
ayırıp	6	3.83	NOT_A_LEMMA
ağları	6	3.83	NOT_A_LEMMA
aşkla	5	3.83	NOT_A_LEMMA
banyoda	7	3.83	NOT_A_LEMMA
basılan	7	3.83	NOT_A_LEMMA
bayar	5	3.83	NOT_A_LEMMA
bağladı	7	3.83	NOT_A_LEMMA
beridir	7	3.83	NOT_A_LEMMA
bilime	6	3.83	NOT_A_LEMMA
binayı	6	3.83	NOT_A_LEMMA
büyüdüm	7	3.83	NOT_A_LEMMA
cansız	6	3.83	NOT_A_LEMMA
cevabım	7	3.83	NOT_A_LEMMA
devrede	7	3.83	NOT_A_LEMMA
doğayı	6	3.83	NOT_A_LEMMA
doğulu	6	3.83	NOT_A_LEMMA
doğup	5	3.83	NOT_A_LEMMA
duble	5	3.83	ALSO_OTHER_PART_OF_SPEECH
durduğu	7	3.83	NOT_A_LEMMA
esma	4	3.83	MANUAL_BLOCK
etmesin	7	3.83	NOT_A_LEMMA
etsek	5	3.83	NOT_A_LEMMA
ettirdi	7	3.83	NOT_A_LEMMA
evreni	6	3.83	NOT_A_LEMMA
eşimin	6	3.83	NOT_A_LEMMA
fikrine	7	3.83	NOT_A_LEMMA
gitgide	7	3.83	NOT_A_NOUN
gözümde	7	3.83	NOT_A_LEMMA
hanımın	7	3.83	NOT_A_LEMMA
hocamız	7	3.83	NOT_A_LEMMA
homo	4	3.83	MANUAL_BLOCK
imamı	5	3.83	NOT_A_LEMMA
imiş	4	3.83	NOT_A_LEMMA
iniyor	6	3.83	NOT_A_LEMMA
iyiymiş	7	3.83	NOT_A_LEMMA
içsel	5	3.83	NOT_A_LEMMA
kabak	5	3.83	ALSO_OTHER_PART_OF_SPEECH
kablolu	7	3.83	NOT_A_LEMMA
kampına	7	3.83	NOT_A_LEMMA
kamuda	6	3.83	NOT_A_LEMMA
kanda	5	3.83	NOT_A_LEMMA
kanla	5	3.83	NOT_A_LEMMA
kapatan	7	3.83	NOT_A_LEMMA
kartlar	7	3.83	NOT_A_LEMMA
karış	5	3.83	VERB_FORM
karışan	7	3.83	NOT_A_LEMMA
kimde	5	3.83	NOT_A_LEMMA
kısma	5	3.83	NOT_A_LEMMA
kızımın	7	3.83	NOT_A_LEMMA
logosu	6	3.83	NOT_A_LEMMA
muaf	4	3.83	NOT_A_NOUN
orduda	6	3.83	NOT_A_LEMMA
oynamış	7	3.83	NOT_A_LEMMA
oynayıp	7	3.83	NOT_A_LEMMA
oğlumun	7	3.83	NOT_A_LEMMA
parasız	7	3.83	NOT_A_LEMMA
parka	5	3.83	INFLECTED_FORM
ruhum	5	3.83	NOT_A_LEMMA
sadaka	6	3.83	MANUAL_BLOCK
satılır	7	3.83	NOT_A_LEMMA
sağdaki	7	3.83	NOT_A_LEMMA
sine	4	3.83	VERB_FORM
soldaki	7	3.83	NOT_A_LEMMA
sonun	5	3.83	NOT_A_LEMMA
sonuncu	7	3.83	MANUAL_BLOCK
sürerek	7	3.83	NOT_A_LEMMA
sürüş	5	3.83	NOT_A_LEMMA
sıralı	6	3.83	NOT_A_LEMMA
takmış	6	3.83	NOT_A_LEMMA
tanış	5	3.83	NOT_A_NOUN
taziye	6	3.83	TOPIC:death
teyzem	6	3.83	NOT_A_LEMMA
verince	7	3.83	NOT_A_LEMMA
vurma	5	3.83	NOT_A_LEMMA
yanıtı	6	3.83	NOT_A_LEMMA
yarışta	7	3.83	NOT_A_LEMMA
yaylası	7	3.83	NOT_A_LEMMA
yayıldı	7	3.83	NOT_A_LEMMA
yazdın	6	3.83	NOT_A_LEMMA
yazması	7	3.83	NOT_A_LEMMA
yerimiz	7	3.83	NOT_A_LEMMA
yiyelim	7	3.83	NOT_A_LEMMA
yüreği	6	3.83	NOT_A_LEMMA
çıkana	6	3.83	NOT_A_LEMMA
çıkarım	7	3.83	VERB_FORM
ödemeye	7	3.83	NOT_A_LEMMA
ülkedir	7	3.83	NOT_A_LEMMA
üstteki	7	3.83	NOT_A_LEMMA
şarkıda	7	3.83	NOT_A_LEMMA
şarttır	7	3.83	NOT_A_LEMMA
aitti	5	3.82	NOT_A_LEMMA
aleyküm	7	3.82	MANUAL_BLOCK
alınma	6	3.82	NOT_A_LEMMA
amaca	5	3.82	NOT_A_LEMMA
amanda	6	3.82	NOT_A_LEMMA
anmak	5	3.82	NOT_A_NOUN
anıl	4	3.82	NOT_A_LEMMA
aptalca	7	3.82	NOT_A_LEMMA
armut	5	3.82	ALSO_OTHER_PART_OF_SPEECH
azalan	6	3.82	NOT_A_LEMMA
besleme	7	3.82	ALSO_OTHER_PART_OF_SPEECH
beynine	7	3.82	NOT_A_LEMMA
beşeri	6	3.82	NOT_A_NOUN
birşeyi	7	3.82	NOT_A_LEMMA
borusu	6	3.82	NOT_A_LEMMA
boyalı	6	3.82	NOT_A_LEMMA
bozuyor	7	3.82	NOT_A_LEMMA
burjuva	7	3.82	NOT_A_NOUN
cazip	5	3.82	NOT_A_NOUN
cevizi	6	3.82	NOT_A_NOUN
devi	4	3.82	NOT_A_LEMMA
deşifre	7	3.82	NOT_A_NOUN
direnci	7	3.82	NOT_A_LEMMA
dönünce	7	3.82	NOT_A_LEMMA
düğünde	7	3.82	NOT_A_LEMMA
egzotik	7	3.82	NOT_A_NOUN
ekledim	7	3.82	NOT_A_LEMMA
ellerde	7	3.82	NOT_A_LEMMA
emirler	7	3.82	NOT_A_LEMMA
erkeğim	7	3.82	NOT_A_LEMMA
evlenen	7	3.82	NOT_A_LEMMA
evlenip	7	3.82	NOT_A_LEMMA
filmden	7	3.82	NOT_A_LEMMA
giyer	5	3.82	NOT_A_LEMMA
gülme	5	3.82	NOT_A_LEMMA
havai	5	3.82	CIRCUMFLEX
hoşnut	6	3.82	NOT_A_NOUN
hükmü	5	3.82	NOT_A_LEMMA
ilacın	6	3.82	NOT_A_LEMMA
illerde	7	3.82	NOT_A_LEMMA
iple	4	3.82	NOT_A_LEMMA
isimsiz	7	3.82	NOT_A_LEMMA
isteyin	7	3.82	NOT_A_LEMMA
ivme	4	3.82	VERB_FORM
kabaca	6	3.82	NOT_A_NOUN
kaleyi	6	3.82	NOT_A_LEMMA
kanuna	6	3.82	NOT_A_LEMMA
karesi	6	3.82	NOT_A_LEMMA
karnı	5	3.82	NOT_A_LEMMA
kazadan	7	3.82	NOT_A_LEMMA
kaşar	5	3.82	VERB_FORM
kenarda	7	3.82	NOT_A_LEMMA
kollu	5	3.82	NOT_A_LEMMA
koşup	5	3.82	NOT_A_LEMMA
kökleri	7	3.82	NOT_A_LEMMA
kürtaj	6	3.82	TOPIC:disease
kılmak	6	3.82	NOT_A_NOUN
liseden	7	3.82	NOT_A_LEMMA
makyajı	7	3.82	NOT_A_LEMMA
martı	5	3.82	INFLECTED_FORM
memeli	6	3.82	ALSO_OTHER_PART_OF_SPEECH
mızrak	6	3.82	TOPIC:weapons
nota	4	3.82	INFLECTED_FORM
nöbeti	6	3.82	NOT_A_LEMMA
okey	4	3.82	MANUAL_BLOCK
olandan	7	3.82	NOT_A_LEMMA
olmadık	7	3.82	NOT_A_NOUN
onuruna	7	3.82	NOT_A_LEMMA
oyla	4	3.82	NOT_A_LEMMA
projeyi	7	3.82	NOT_A_LEMMA
rejimin	7	3.82	NOT_A_LEMMA
renge	5	3.82	NOT_A_LEMMA
romanın	7	3.82	NOT_A_LEMMA
ruhunun	7	3.82	NOT_A_LEMMA
saatine	7	3.82	NOT_A_LEMMA
sabırla	7	3.82	NOT_A_NOUN
salla	5	3.82	NOT_A_LEMMA
sanayii	7	3.82	MANUAL_BLOCK
sevecek	7	3.82	NOT_A_LEMMA
sevmeye	7	3.82	NOT_A_LEMMA
silahın	7	3.82	NOT_A_LEMMA
sokma	5	3.82	NOT_A_LEMMA
sormaya	7	3.82	NOT_A_LEMMA
suni	4	3.82	NOT_A_NOUN
taşkın	6	3.82	ALSO_OTHER_PART_OF_SPEECH
tepenin	7	3.82	NOT_A_LEMMA
tuşu	4	3.82	NOT_A_LEMMA
unutmam	7	3.82	NOT_A_LEMMA
vatana	6	3.82	NOT_A_LEMMA
yatın	5	3.82	NOT_A_LEMMA
yersin	6	3.82	NOT_A_LEMMA
yönüyle	7	3.82	NOT_A_LEMMA
zafere	6	3.82	NOT_A_LEMMA
çaylak	6	3.82	ALSO_OTHER_PART_OF_SPEECH
çayın	5	3.82	NOT_A_LEMMA
çevirme	7	3.82	ALSO_OTHER_PART_OF_SPEECH
çevreyi	7	3.82	NOT_A_LEMMA
çizgili	7	3.82	NOT_A_LEMMA
özenle	6	3.82	NOT_A_LEMMA
özetle	6	3.82	NOT_A_LEMMA
ızgara	6	3.82	ALSO_OTHER_PART_OF_SPEECH
akıcı	5	3.81	NOT_A_LEMMA
amcam	5	3.81	NOT_A_LEMMA
ansızın	7	3.81	NOT_A_NOUN
artarak	7	3.81	NOT_A_LEMMA
açıkla	6	3.81	NOT_A_LEMMA
bahçeye	7	3.81	NOT_A_LEMMA
baktık	6	3.81	NOT_A_LEMMA
bazında	7	3.81	NOT_A_LEMMA
bağırıp	7	3.81	NOT_A_LEMMA
beylere	7	3.81	NOT_A_LEMMA
beyleri	7	3.81	NOT_A_LEMMA
bilgili	7	3.81	NOT_A_LEMMA
bilsin	6	3.81	NOT_A_LEMMA
binbir	6	3.81	NOT_A_NOUN
borcun	6	3.81	NOT_A_LEMMA
bölme	5	3.81	VERB_FORM
bıçağı	6	3.81	NOT_A_LEMMA
cadılar	7	3.81	NOT_A_LEMMA
dalda	5	3.81	NOT_A_LEMMA
dağlık	6	3.81	NOT_A_NOUN
diliyle	7	3.81	NOT_A_LEMMA
dinini	6	3.81	NOT_A_LEMMA
durdum	6	3.81	NOT_A_LEMMA
durması	7	3.81	NOT_A_LEMMA
durmaz	6	3.81	NOT_A_LEMMA
döngüsü	7	3.81	NOT_A_LEMMA
düştük	6	3.81	NOT_A_LEMMA
elimize	7	3.81	NOT_A_LEMMA
elçisi	6	3.81	NOT_A_LEMMA
epeyce	6	3.81	NOT_A_NOUN
farsça	6	3.81	NOT_A_LEMMA
gururu	6	3.81	NOT_A_LEMMA
görevin	7	3.81	NOT_A_LEMMA
götüne	6	3.81	NOT_A_LEMMA
haberde	7	3.81	NOT_A_LEMMA
halin	5	3.81	NOT_A_LEMMA
harfler	7	3.81	NOT_A_LEMMA
hastayı	7	3.81	NOT_A_LEMMA
hattın	6	3.81	NOT_A_LEMMA
hibrit	6	3.81	ALSO_OTHER_PART_OF_SPEECH
hücresi	7	3.81	NOT_A_LEMMA
ikişer	6	3.81	NOT_A_NOUN
indirip	7	3.81	NOT_A_LEMMA
iyimser	7	3.81	NOT_A_NOUN
kaplar	6	3.81	NOT_A_LEMMA
karadan	7	3.81	NOT_A_LEMMA
kaçarak	7	3.81	NOT_A_LEMMA
kaçıncı	7	3.81	NOT_A_NOUN
kebap	5	3.81	ALSO_OTHER_PART_OF_SPEECH
kokain	6	3.81	TOPIC:drugs
kokain	6	3.81	MANUAL_BLOCK
kozmik	6	3.81	NOT_A_NOUN
koşar	5	3.81	NOT_A_LEMMA
kıldı	5	3.81	NOT_A_LEMMA
kısmet	6	3.81	ALSO_OTHER_PART_OF_SPEECH
mahsus	6	3.81	NOT_A_NOUN
markete	7	3.81	NOT_A_LEMMA
mistik	6	3.81	NOT_A_NOUN
nüfusa	6	3.81	NOT_A_LEMMA
olmamı	6	3.81	NOT_A_LEMMA
olurduk	7	3.81	NOT_A_LEMMA
oyların	7	3.81	NOT_A_LEMMA
oyundur	7	3.81	NOT_A_LEMMA
parasal	7	3.81	NOT_A_LEMMA
parkın	6	3.81	NOT_A_LEMMA
ruhi	4	3.81	NOT_A_NOUN
sakallı	7	3.81	NOT_A_LEMMA
senenin	7	3.81	NOT_A_LEMMA
silme	5	3.81	ALSO_OTHER_PART_OF_SPEECH
stresli	7	3.81	NOT_A_LEMMA
suyunun	7	3.81	NOT_A_LEMMA
sürüsü	6	3.81	NOT_A_LEMMA
sıkan	5	3.81	NOT_A_LEMMA
sıkıyor	7	3.81	NOT_A_LEMMA
taburcu	7	3.81	NOT_A_LEMMA
tanem	5	3.81	NOT_A_LEMMA
tanıştı	7	3.81	NOT_A_LEMMA
taşıt	5	3.81	VERB_FORM
telli	5	3.81	NOT_A_LEMMA
tenisi	6	3.81	NOT_A_LEMMA
terimi	6	3.81	NOT_A_LEMMA
turizmi	7	3.81	NOT_A_LEMMA
unutun	6	3.81	NOT_A_LEMMA
urla	4	3.81	NOT_A_LEMMA
uysal	5	3.81	NOT_A_NOUN
versene	7	3.81	NOT_A_LEMMA
yaprağı	7	3.81	NOT_A_LEMMA
yarasa	6	3.81	VERB_FORM
yattım	6	3.81	NOT_A_LEMMA
yağmuru	7	3.81	NOT_A_LEMMA
yetişir	7	3.81	NOT_A_LEMMA
çakal	5	3.81	ALSO_OTHER_PART_OF_SPEECH
çizdiği	7	3.81	NOT_A_LEMMA
ödevi	5	3.81	NOT_A_LEMMA
ödüle	5	3.81	NOT_A_LEMMA
ören	4	3.81	VERB_FORM
özünde	6	3.81	NOT_A_LEMMA
ünün	4	3.81	NOT_A_LEMMA
şansa	5	3.81	NOT_A_LEMMA
adanmış	7	3.80	NOT_A_LEMMA
amiri	5	3.80	NOT_A_LEMMA
aram	4	3.80	NOT_A_LEMMA
arkanda	7	3.80	NOT_A_LEMMA
atladı	6	3.80	NOT_A_LEMMA
açalım	6	3.80	NOT_A_LEMMA
baktığı	7	3.80	NOT_A_LEMMA
başımın	7	3.80	NOT_A_LEMMA
berrak	6	3.80	NOT_A_NOUN
bilgim	6	3.80	NOT_A_LEMMA
bilmeli	7	3.80	NOT_A_LEMMA
bomboş	6	3.80	NOT_A_NOUN
boyama	6	3.80	NOT_A_LEMMA
bülteni	7	3.80	NOT_A_LEMMA
davalar	7	3.80	NOT_A_LEMMA
dağlara	7	3.80	NOT_A_LEMMA
değecek	7	3.80	NOT_A_LEMMA
durumla	7	3.80	NOT_A_LEMMA
edinmek	7	3.80	NOT_A_NOUN
esaslı	6	3.80	NOT_A_LEMMA
fikrin	6	3.80	NOT_A_LEMMA
geliş	5	3.80	NOT_A_LEMMA
genci	5	3.80	NOT_A_LEMMA
gitsek	6	3.80	NOT_A_LEMMA
göğe	4	3.80	NOT_A_LEMMA
havalar	7	3.80	NOT_A_LEMMA
hazırda	7	3.80	NOT_A_LEMMA
ibret	5	3.80	ALSO_OTHER_PART_OF_SPEECH
ihlas	5	3.80	CIRCUMFLEX
inancım	7	3.80	NOT_A_LEMMA
istedin	7	3.80	NOT_A_LEMMA
kestim	6	3.80	NOT_A_LEMMA
konur	5	3.80	NOT_A_NOUN
koçu	4	3.80	INFLECTED_FORM
kurak	5	3.80	NOT_A_NOUN
leziz	5	3.80	NOT_A_NOUN
maddeyi	7	3.80	NOT_A_LEMMA
meleği	6	3.80	NOT_A_LEMMA
meyvesi	7	3.80	NOT_A_LEMMA
müzede	6	3.80	NOT_A_LEMMA
peşini	6	3.80	NOT_A_LEMMA
pist	4	3.80	ALSO_OTHER_PART_OF_SPEECH
seksen	6	3.80	NOT_A_NOUN
seneki	6	3.80	NOT_A_LEMMA
sesinin	7	3.80	NOT_A_LEMMA
seyyar	6	3.80	NOT_A_NOUN
siteyi	6	3.80	NOT_A_LEMMA
sivilce	7	3.80	TOPIC:disease
soruna	6	3.80	NOT_A_LEMMA
sütlü	5	3.80	ALSO_OTHER_PART_OF_SPEECH
tankı	5	3.80	NOT_A_LEMMA
titiz	5	3.80	NOT_A_NOUN
tohumu	6	3.80	NOT_A_LEMMA
turunda	7	3.80	NOT_A_LEMMA
tümünü	6	3.80	NOT_A_LEMMA
türbesi	7	3.80	NOT_A_LEMMA
türler	6	3.80	NOT_A_LEMMA
türünü	6	3.80	NOT_A_LEMMA
umudunu	7	3.80	NOT_A_LEMMA
utangaç	7	3.80	NOT_A_NOUN
uyanın	6	3.80	NOT_A_LEMMA
uykuda	6	3.80	NOT_A_LEMMA
versen	6	3.80	NOT_A_LEMMA
yalanı	6	3.80	NOT_A_LEMMA
yapılıp	7	3.80	NOT_A_LEMMA
yatsın	6	3.80	NOT_A_LEMMA
yaşım	5	3.80	NOT_A_LEMMA
yaşıma	6	3.80	NOT_A_LEMMA
yetkin	6	3.80	NOT_A_NOUN
yüzen	5	3.80	NOT_A_LEMMA
çekerim	7	3.80	NOT_A_LEMMA
çözme	5	3.80	NOT_A_LEMMA
ölmez	5	3.80	NOT_A_NOUN
şeridi	6	3.80	NOT_A_LEMMA
şeytana	7	3.80	NOT_A_LEMMA
adamda	6	3.79	NOT_A_LEMMA
adrese	6	3.79	NOT_A_LEMMA
adımını	7	3.79	NOT_A_LEMMA
albümde	7	3.79	NOT_A_LEMMA
aldırma	7	3.79	NOT_A_LEMMA
alemdar	7	3.79	MANUAL_BLOCK
almamız	7	3.79	NOT_A_LEMMA
alsa	4	3.79	NOT_A_LEMMA
alçı	4	3.79	ALSO_OTHER_PART_OF_SPEECH
araması	7	3.79	NOT_A_LEMMA
arenada	7	3.79	NOT_A_LEMMA
aşina	5	3.79	NOT_A_NOUN
babadan	7	3.79	NOT_A_LEMMA
barosu	6	3.79	NOT_A_LEMMA
basa	4	3.79	NOT_A_LEMMA
belle	5	3.79	NOT_A_LEMMA
bulana	6	3.79	NOT_A_LEMMA
bursu	5	3.79	NOT_A_LEMMA
bütçesi	7	3.79	NOT_A_LEMMA
camide	6	3.79	NOT_A_LEMMA
cümleyi	7	3.79	NOT_A_LEMMA
darbeye	7	3.79	NOT_A_LEMMA
dersem	6	3.79	NOT_A_LEMMA
detayı	6	3.79	NOT_A_LEMMA
didem	5	3.79	NOT_A_LEMMA
diledi	6	3.79	NOT_A_LEMMA
dillere	7	3.79	NOT_A_LEMMA
dimdik	6	3.79	NOT_A_NOUN
dinden	6	3.79	NOT_A_LEMMA
dizüstü	7	3.79	MANUAL_BLOCK
doğumu	6	3.79	NOT_A_LEMMA
düşürme	7	3.79	NOT_A_LEMMA
ekleme	6	3.79	NOT_A_LEMMA
ermiş	5	3.79	NOT_A_LEMMA
eroin	5	3.79	TOPIC:drugs
fahişe	6	3.79	MANUAL_BLOCK
farkın	6	3.79	NOT_A_LEMMA
fırında	7	3.79	NOT_A_LEMMA
gebelik	7	3.79	NOT_A_LEMMA
geliriz	7	3.79	NOT_A_LEMMA
geneli	6	3.79	NOT_A_LEMMA
giderdi	7	3.79	NOT_A_LEMMA
giyecek	7	3.79	VERB_FORM
giyme	5	3.79	NOT_A_LEMMA
görse	5	3.79	NOT_A_LEMMA
görüşe	6	3.79	NOT_A_LEMMA
gözüken	7	3.79	NOT_A_LEMMA
günümde	7	3.79	NOT_A_LEMMA
güçle	5	3.79	NOT_A_LEMMA
hapı	4	3.79	NOT_A_LEMMA
hurda	5	3.79	ALSO_OTHER_PART_OF_SPEECH
kalktım	7	3.79	NOT_A_LEMMA
kapanır	7	3.79	NOT_A_LEMMA
kediyi	6	3.79	NOT_A_LEMMA
komşusu	7	3.79	NOT_A_LEMMA
konağı	6	3.79	NOT_A_LEMMA
korudu	6	3.79	NOT_A_LEMMA
kuşun	5	3.79	NOT_A_LEMMA
kökten	6	3.79	NOT_A_NOUN
kölelik	7	3.79	NOT_A_LEMMA
kürk	4	3.79	ALSO_OTHER_PART_OF_SPEECH
kışı	4	3.79	NOT_A_LEMMA
lafın	5	3.79	NOT_A_LEMMA
limiti	6	3.79	NOT_A_LEMMA
lösemi	6	3.79	MANUAL_BLOCK
oynanır	7	3.79	NOT_A_LEMMA
pisti	5	3.79	NOT_A_LEMMA
planına	7	3.79	NOT_A_LEMMA
rahibe	6	3.79	TOPIC:religion
rahibe	6	3.79	MANUAL_BLOCK
safa	4	3.79	INFLECTED_FORM
safa	4	3.79	MANUAL_BLOCK
sesim	5	3.79	NOT_A_LEMMA
seçimin	7	3.79	NOT_A_LEMMA
seçmeli	7	3.79	NOT_A_LEMMA
siki	4	3.79	NOT_A_LEMMA
solar	5	3.79	NOT_A_LEMMA
söke	4	3.79	NOT_A_LEMMA
sürmüş	6	3.79	NOT_A_LEMMA
taklidi	7	3.79	NOT_A_NOUN
tarıma	6	3.79	NOT_A_LEMMA
tepede	6	3.79	NOT_A_LEMMA
terörü	6	3.79	NOT_A_LEMMA
tuzağa	6	3.79	NOT_A_LEMMA
ucunu	5	3.79	NOT_A_LEMMA
umre	4	3.79	MANUAL_BLOCK
unuttu	6	3.79	NOT_A_LEMMA
viski	5	3.79	TOPIC:alcohol
yakacak	7	3.79	VERB_FORM
yatağın	7	3.79	NOT_A_LEMMA
yazıda	6	3.79	NOT_A_LEMMA
yazının	7	3.79	NOT_A_LEMMA
yaşayın	7	3.79	NOT_A_LEMMA
yaştan	6	3.79	NOT_A_LEMMA
yenir	5	3.79	NOT_A_LEMMA
yersiz	6	3.79	NOT_A_NOUN
yiyerek	7	3.79	NOT_A_LEMMA
yunanca	7	3.79	NOT_A_LEMMA
yığın	5	3.79	VERB_FORM
zordu	5	3.79	NOT_A_LEMMA
ölçekte	7	3.79	NOT_A_LEMMA
özlüyor	7	3.79	NOT_A_LEMMA
üncü	4	3.79	NOT_A_LEMMA
şeytani	7	3.79	NOT_A_NOUN
şımarık	7	3.79	NOT_A_NOUN
aileyiz	7	3.78	NOT_A_LEMMA
akışına	7	3.78	NOT_A_LEMMA
analog	6	3.78	NOT_A_NOUN
artacak	7	3.78	NOT_A_LEMMA
ayağım	6	3.78	NOT_A_LEMMA
aşıklar	7	3.78	NOT_A_LEMMA
barışa	6	3.78	NOT_A_LEMMA
bayanın	7	3.78	NOT_A_LEMMA
belası	6	3.78	NOT_A_LEMMA
bulmaca	7	3.78	VERB_FORM
bulunma	7	3.78	NOT_A_LEMMA
camiler	7	3.78	NOT_A_LEMMA
canınız	7	3.78	NOT_A_LEMMA
dağıldı	7	3.78	NOT_A_LEMMA
deneyi	6	3.78	NOT_A_LEMMA
denince	7	3.78	NOT_A_LEMMA
dikmen	6	3.78	VERB_FORM
dokunur	7	3.78	NOT_A_LEMMA
dolan	5	3.78	NOT_A_LEMMA
doğuyor	7	3.78	NOT_A_LEMMA
duncan	6	3.78	NOT_A_LEMMA
durgun	6	3.78	NOT_A_NOUN
durumum	7	3.78	NOT_A_LEMMA
dördü	5	3.78	NOT_A_LEMMA
ekibe	5	3.78	NOT_A_LEMMA
elvan	5	3.78	ALSO_OTHER_PART_OF_SPEECH
eskort	6	3.78	MANUAL_BLOCK
evimize	7	3.78	NOT_A_LEMMA
faili	5	3.78	NOT_A_LEMMA
filmine	7	3.78	NOT_A_LEMMA
geziyor	7	3.78	NOT_A_LEMMA
gidilir	7	3.78	NOT_A_LEMMA
grevi	5	3.78	NOT_A_LEMMA
görünüş	7	3.78	VERB_FORM
güller	6	3.78	NOT_A_LEMMA
hatunu	6	3.78	NOT_A_LEMMA
hukukçu	7	3.78	NOT_A_LEMMA
ilgiyi	6	3.78	NOT_A_LEMMA
illere	6	3.78	NOT_A_LEMMA
izine	5	3.78	NOT_A_LEMMA
izlenir	7	3.78	NOT_A_LEMMA
işidir	6	3.78	NOT_A_LEMMA
karşına	7	3.78	NOT_A_LEMMA
kaçamak	7	3.78	ALSO_OTHER_PART_OF_SPEECH
kesiyor	7	3.78	NOT_A_LEMMA
konudan	7	3.78	NOT_A_LEMMA
kremi	5	3.78	NOT_A_LEMMA
laflar	6	3.78	NOT_A_LEMMA
liseyi	6	3.78	NOT_A_LEMMA
mesajın	7	3.78	NOT_A_LEMMA
mikrop	6	3.78	VERB_FORM
nisa	4	3.78	MANUAL_BLOCK
odayı	5	3.78	NOT_A_LEMMA
okulunu	7	3.78	NOT_A_LEMMA
omuza	5	3.78	NOT_A_LEMMA
onaylı	6	3.78	NOT_A_LEMMA
onuru	5	3.78	NOT_A_LEMMA
ordudan	7	3.78	NOT_A_LEMMA
ormanın	7	3.78	NOT_A_LEMMA
oynayın	7	3.78	NOT_A_LEMMA
paramı	6	3.78	NOT_A_LEMMA
pişirme	7	3.78	NOT_A_LEMMA
pornosu	7	3.78	NOT_A_LEMMA
rakı	4	3.78	TOPIC:alcohol
rengine	7	3.78	NOT_A_LEMMA
saklama	7	3.78	NOT_A_LEMMA
sandığa	7	3.78	NOT_A_LEMMA
sayfaya	7	3.78	NOT_A_LEMMA
sinin	5	3.78	NOT_A_LEMMA
skoru	5	3.78	NOT_A_LEMMA
sorup	5	3.78	NOT_A_LEMMA
sularda	7	3.78	NOT_A_LEMMA
süsü	4	3.78	NOT_A_LEMMA
takı	4	3.78	INFLECTED_FORM
tesbih	6	3.78	MANUAL_BLOCK
tipine	6	3.78	NOT_A_LEMMA
vadede	6	3.78	NOT_A_LEMMA
viral	5	3.78	NOT_A_NOUN
yaradı	6	3.78	NOT_A_LEMMA
yemem	5	3.78	NOT_A_LEMMA
yeşili	6	3.78	NOT_A_LEMMA
yokluğu	7	3.78	NOT_A_LEMMA
yüzüğü	6	3.78	NOT_A_LEMMA
zihni	5	3.78	NOT_A_NOUN
çevirir	7	3.78	NOT_A_LEMMA
çocuklu	7	3.78	NOT_A_NOUN
çölde	5	3.78	NOT_A_LEMMA
ödülüne	7	3.78	NOT_A_LEMMA
şarabı	6	3.78	NOT_A_LEMMA
şartsız	7	3.78	NOT_A_LEMMA
alemde	6	3.77	NOT_A_LEMMA
alemi	5	3.77	NOT_A_LEMMA
alışkın	7	3.77	NOT_A_NOUN
andıran	7	3.77	NOT_A_LEMMA
arasın	6	3.77	NOT_A_LEMMA
arasını	7	3.77	NOT_A_LEMMA
arayüzü	7	3.77	NOT_A_LEMMA
arazisi	7	3.77	NOT_A_LEMMA
atları	6	3.77	NOT_A_LEMMA
aydemir	7	3.77	MANUAL_BLOCK
azap	4	3.77	TOPIC:religion
açılıp	6	3.77	NOT_A_LEMMA
aşamaya	7	3.77	NOT_A_LEMMA
bacağı	6	3.77	NOT_A_LEMMA
başbaşa	7	3.77	NOT_A_NOUN
bileşik	7	3.77	ALSO_OTHER_PART_OF_SPEECH
binmek	6	3.77	NOT_A_NOUN
biran	5	3.77	NOT_A_LEMMA
bozar	5	3.77	NOT_A_LEMMA
bölünme	7	3.77	NOT_A_LEMMA
coşkulu	7	3.77	NOT_A_LEMMA
darbeyi	7	3.77	NOT_A_LEMMA
dikenli	7	3.77	NOT_A_LEMMA
dokunan	7	3.77	NOT_A_LEMMA
donmuş	6	3.77	NOT_A_LEMMA
döküp	5	3.77	NOT_A_LEMMA
düşürür	7	3.77	NOT_A_LEMMA
edersek	7	3.77	NOT_A_LEMMA
edinme	6	3.77	NOT_A_LEMMA
etmedik	7	3.77	NOT_A_LEMMA
eşin	4	3.77	NOT_A_LEMMA
fiziği	6	3.77	NOT_A_LEMMA
gelmem	6	3.77	NOT_A_LEMMA
gence	5	3.77	NOT_A_LEMMA
gerekti	7	3.77	NOT_A_LEMMA
geçemez	7	3.77	NOT_A_LEMMA
gidi	4	3.77	NOT_A_NOUN
girdin	6	3.77	NOT_A_LEMMA
girelim	7	3.77	NOT_A_LEMMA
gönlünü	7	3.77	NOT_A_LEMMA
güçlere	7	3.77	NOT_A_LEMMA
hanı	4	3.77	NOT_A_LEMMA
hastaya	7	3.77	NOT_A_LEMMA
ibadete	7	3.77	NOT_A_LEMMA
ilinin	6	3.77	NOT_A_LEMMA
içmeyi	6	3.77	NOT_A_LEMMA
kafadan	7	3.77	NOT_A_NOUN
kalkmak	7	3.77	NOT_A_NOUN
karnına	7	3.77	NOT_A_LEMMA
kibirli	7	3.77	NOT_A_LEMMA
kollar	6	3.77	NOT_A_LEMMA
kondu	5	3.77	VERB_FORM
korunan	7	3.77	NOT_A_LEMMA
köşesi	6	3.77	NOT_A_LEMMA
kılıyor	7	3.77	NOT_A_LEMMA
kırılan	7	3.77	NOT_A_LEMMA
molası	6	3.77	NOT_A_LEMMA
moruk	5	3.77	ALSO_OTHER_PART_OF_SPEECH
nefesi	6	3.77	NOT_A_LEMMA
olmasan	7	3.77	NOT_A_LEMMA
onurunu	7	3.77	NOT_A_LEMMA
ormana	6	3.77	NOT_A_LEMMA
oturun	6	3.77	NOT_A_LEMMA
pazarda	7	3.77	NOT_A_LEMMA
piksel	6	3.77	NOT_A_LEMMA
piyango	7	3.77	TOPIC:gambling
pusula	6	3.77	VERB_FORM
revize	6	3.77	NOT_A_NOUN
ricam	5	3.77	NOT_A_LEMMA
sedef	5	3.77	ALSO_OTHER_PART_OF_SPEECH
seneler	7	3.77	NOT_A_LEMMA
seçen	5	3.77	NOT_A_LEMMA
soslu	5	3.77	NOT_A_LEMMA
sürtük	6	3.77	MANUAL_BLOCK
tersini	7	3.77	NOT_A_LEMMA
toksik	6	3.77	MANUAL_BLOCK
uçlu	4	3.77	NOT_A_LEMMA
vurduğu	7	3.77	NOT_A_LEMMA
yatacak	7	3.77	NOT_A_LEMMA
yediğim	7	3.77	NOT_A_LEMMA
yemeden	7	3.77	NOT_A_LEMMA
çalmayı	7	3.77	NOT_A_LEMMA
çuval	5	3.77	ALSO_OTHER_PART_OF_SPEECH
çökmüş	6	3.77	NOT_A_LEMMA
çıksa	5	3.77	NOT_A_LEMMA
öder	4	3.77	NOT_A_LEMMA
ölümlü	6	3.77	NOT_A_LEMMA
öncede	6	3.77	NOT_A_LEMMA
öptüm	5	3.77	NOT_A_LEMMA
öğrenip	7	3.77	NOT_A_LEMMA
öğreten	7	3.77	NOT_A_LEMMA
şantaj	6	3.77	TOPIC:crime
acıdan	6	3.76	NOT_A_LEMMA
ahlakı	6	3.76	NOT_A_LEMMA
andaki	6	3.76	NOT_A_LEMMA
arttığı	7	3.76	NOT_A_LEMMA
asli	4	3.76	NOT_A_NOUN
bakımlı	7	3.76	NOT_A_LEMMA
barbar	6	3.76	NOT_A_NOUN
barda	5	3.76	INFLECTED_FORM
başkana	7	3.76	NOT_A_LEMMA
başları	7	3.76	NOT_A_LEMMA
beldesi	7	3.76	NOT_A_LEMMA
beşer	5	3.76	ALSO_OTHER_PART_OF_SPEECH
bildim	6	3.76	NOT_A_LEMMA
bitirir	7	3.76	NOT_A_LEMMA
boynu	5	3.76	NOT_A_LEMMA
cildi	5	3.76	NOT_A_LEMMA
cinsten	7	3.76	NOT_A_LEMMA
dağıttı	7	3.76	NOT_A_LEMMA
demez	5	3.76	NOT_A_LEMMA
dersine	7	3.76	NOT_A_LEMMA
doksan	6	3.76	NOT_A_NOUN
dolabı	6	3.76	NOT_A_LEMMA
dolma	5	3.76	ALSO_OTHER_PART_OF_SPEECH
doya	4	3.76	NOT_A_LEMMA
esiri	5	3.76	NOT_A_LEMMA
evlen	5	3.76	NOT_A_LEMMA
grupla	6	3.76	NOT_A_LEMMA
halklar	7	3.76	NOT_A_LEMMA
hekimi	6	3.76	NOT_A_LEMMA
hisleri	7	3.76	NOT_A_LEMMA
hıza	4	3.76	NOT_A_LEMMA
inancın	7	3.76	NOT_A_LEMMA
inandım	7	3.76	NOT_A_LEMMA
inecek	6	3.76	NOT_A_LEMMA
iyileri	7	3.76	NOT_A_LEMMA
işçinin	7	3.76	NOT_A_LEMMA
kareler	7	3.76	NOT_A_LEMMA
katını	6	3.76	NOT_A_LEMMA
kodlama	7	3.76	NOT_A_LEMMA
konsere	7	3.76	NOT_A_LEMMA
kurşuna	7	3.76	NOT_A_LEMMA
medyayı	7	3.76	NOT_A_LEMMA
melike	6	3.76	MANUAL_BLOCK
meyilli	7	3.76	NOT_A_LEMMA
okuması	7	3.76	NOT_A_LEMMA
oval	4	3.76	ALSO_OTHER_PART_OF_SPEECH
saygıyı	7	3.76	NOT_A_LEMMA
sinem	5	3.76	NOT_A_LEMMA
sorarım	7	3.76	NOT_A_LEMMA
sormuş	6	3.76	NOT_A_LEMMA
sözünün	7	3.76	NOT_A_LEMMA
tanrıya	7	3.76	NOT_A_LEMMA
tanrıça	7	3.76	MANUAL_BLOCK
tekrarı	7	3.76	NOT_A_LEMMA
tipte	5	3.76	NOT_A_LEMMA
türün	5	3.76	NOT_A_LEMMA
ulusun	6	3.76	NOT_A_LEMMA
unutup	6	3.76	NOT_A_LEMMA
uykusuz	7	3.76	NOT_A_LEMMA
uğraşma	7	3.76	NOT_A_LEMMA
yapsa	5	3.76	NOT_A_LEMMA
yasanın	7	3.76	NOT_A_LEMMA
yayılır	7	3.76	NOT_A_LEMMA
yağan	5	3.76	NOT_A_LEMMA
yegane	6	3.76	NOT_A_NOUN
yerimde	7	3.76	NOT_A_LEMMA
yüzler	6	3.76	NOT_A_LEMMA
zamanım	7	3.76	NOT_A_LEMMA
çaresi	6	3.76	NOT_A_LEMMA
çağırır	7	3.76	NOT_A_LEMMA
çizer	5	3.76	VERB_FORM
çoktur	6	3.76	NOT_A_LEMMA
örgü	4	3.76	ALSO_OTHER_PART_OF_SPEECH
örgüte	6	3.76	NOT_A_LEMMA
ünitesi	7	3.76	NOT_A_LEMMA
üretme	6	3.76	NOT_A_LEMMA
şairler	7	3.76	NOT_A_LEMMA
şekle	5	3.76	NOT_A_LEMMA
acıları	7	3.75	NOT_A_LEMMA
acının	6	3.75	NOT_A_LEMMA
ailemiz	7	3.75	NOT_A_LEMMA
anası	5	3.75	NOT_A_LEMMA
anketi	6	3.75	NOT_A_LEMMA
ağaçtan	7	3.75	NOT_A_LEMMA
bayanı	6	3.75	NOT_A_LEMMA
biat	4	3.75	MANUAL_BLOCK
bitişik	7	3.75	ALSO_OTHER_PART_OF_SPEECH
bulalım	7	3.75	NOT_A_LEMMA
buzlu	5	3.75	NOT_A_LEMMA
bölmek	6	3.75	NOT_A_NOUN
büyümek	7	3.75	NOT_A_NOUN
daveti	6	3.75	NOT_A_LEMMA
diliyor	7	3.75	NOT_A_LEMMA
diyorsa	7	3.75	NOT_A_LEMMA
dolarla	7	3.75	NOT_A_LEMMA
dönerim	7	3.75	NOT_A_LEMMA
emrinde	7	3.75	NOT_A_LEMMA
enerjik	7	3.75	NOT_A_NOUN
eğitmen	7	3.75	VERB_FORM
fitne	5	3.75	ALSO_OTHER_PART_OF_SPEECH
fişi	4	3.75	NOT_A_LEMMA
gezdi	5	3.75	NOT_A_LEMMA
gökçek	6	3.75	NOT_A_NOUN
görüşte	7	3.75	NOT_A_LEMMA
gövdesi	7	3.75	NOT_A_LEMMA
güldü	5	3.75	NOT_A_LEMMA
güvenme	7	3.75	NOT_A_LEMMA
ilgisiz	7	3.75	NOT_A_LEMMA
isimdir	7	3.75	NOT_A_LEMMA
işgalci	7	3.75	NOT_A_LEMMA
kadri	5	3.75	NOT_A_LEMMA
kalede	6	3.75	NOT_A_LEMMA
kampta	6	3.75	NOT_A_LEMMA
kanalın	7	3.75	NOT_A_LEMMA
karada	6	3.75	NOT_A_LEMMA
kaymak	6	3.75	ALSO_OTHER_PART_OF_SPEECH
kederli	7	3.75	NOT_A_LEMMA
kedinin	7	3.75	NOT_A_LEMMA
kelam	5	3.75	CIRCUMFLEX
kopan	5	3.75	NOT_A_LEMMA
koruyun	7	3.75	NOT_A_LEMMA
koştu	5	3.75	NOT_A_LEMMA
linç	4	3.75	MANUAL_BLOCK
malını	6	3.75	NOT_A_LEMMA
mecnun	6	3.75	NOT_A_NOUN
miydim	6	3.75	NOT_A_LEMMA
olandır	7	3.75	NOT_A_LEMMA
olmasam	7	3.75	NOT_A_LEMMA
olurmuş	7	3.75	NOT_A_LEMMA
oranlı	6	3.75	NOT_A_LEMMA
oynadık	7	3.75	NOT_A_LEMMA
roller	6	3.75	NOT_A_LEMMA
satıp	5	3.75	NOT_A_LEMMA
savaştı	7	3.75	NOT_A_LEMMA
sayar	5	3.75	NOT_A_LEMMA
sayıyı	6	3.75	NOT_A_LEMMA
senedi	6	3.75	NOT_A_LEMMA
serpil	6	3.75	NOT_A_LEMMA
siteler	7	3.75	NOT_A_LEMMA
sınırın	7	3.75	NOT_A_LEMMA
taarruz	7	3.75	TOPIC:violence
tabloyu	7	3.75	NOT_A_LEMMA
tara	4	3.75	NOT_A_LEMMA
taşa	4	3.75	NOT_A_LEMMA
terörün	7	3.75	NOT_A_LEMMA
tüyler	6	3.75	NOT_A_LEMMA
uymayan	7	3.75	NOT_A_LEMMA
uzanıp	6	3.75	NOT_A_LEMMA
vahşice	7	3.75	NOT_A_LEMMA
varis	5	3.75	CIRCUMFLEX
vurulan	7	3.75	NOT_A_LEMMA
yenmek	6	3.75	NOT_A_NOUN
yeriz	5	3.75	NOT_A_LEMMA
yöneldi	7	3.75	NOT_A_LEMMA
çatalca	7	3.75	NOT_A_LEMMA
çingene	7	3.75	MANUAL_BLOCK
ödemesi	7	3.75	NOT_A_LEMMA
ölçmek	6	3.75	NOT_A_NOUN
şartlı	6	3.75	NOT_A_LEMMA
şekerim	7	3.75	NOT_A_LEMMA
adınızı	7	3.74	NOT_A_LEMMA
aklının	7	3.74	NOT_A_LEMMA
altüst	6	3.74	NOT_A_NOUN
amacın	6	3.74	NOT_A_LEMMA
anlı	4	3.74	NOT_A_LEMMA
ağladı	6	3.74	NOT_A_LEMMA
baharı	6	3.74	NOT_A_LEMMA
bakıcı	6	3.74	ALSO_OTHER_PART_OF_SPEECH
bedenim	7	3.74	NOT_A_LEMMA
bulsun	6	3.74	NOT_A_LEMMA
dahaki	6	3.74	NOT_A_LEMMA
davetli	7	3.74	NOT_A_LEMMA
demekle	7	3.74	NOT_A_LEMMA
derine	6	3.74	NOT_A_LEMMA
değdi	5	3.74	NOT_A_LEMMA
dileyen	7	3.74	NOT_A_LEMMA
direnen	7	3.74	NOT_A_LEMMA
direği	6	3.74	NOT_A_LEMMA
dumanı	6	3.74	NOT_A_LEMMA
duymuş	6	3.74	NOT_A_LEMMA
dökümü	6	3.74	NOT_A_LEMMA
düğmesi	7	3.74	NOT_A_LEMMA
editörü	7	3.74	NOT_A_LEMMA
ekipler	7	3.74	NOT_A_LEMMA
eskiye	6	3.74	NOT_A_LEMMA
etini	5	3.74	NOT_A_LEMMA
ezeli	5	3.74	NOT_A_NOUN
faal	4	3.74	NOT_A_NOUN
gebe	4	3.74	NOT_A_NOUN
gelemez	7	3.74	NOT_A_LEMMA
gerici	6	3.74	ALSO_OTHER_PART_OF_SPEECH
goller	6	3.74	NOT_A_LEMMA
göremez	7	3.74	NOT_A_LEMMA
gününüz	7	3.74	NOT_A_LEMMA
güçtür	6	3.74	NOT_A_LEMMA
hamamı	6	3.74	NOT_A_LEMMA
hatunun	7	3.74	NOT_A_LEMMA
hayvana	7	3.74	NOT_A_LEMMA
hindi	5	3.74	ALSO_OTHER_PART_OF_SPEECH
ikilisi	7	3.74	NOT_A_LEMMA
illegal	7	3.74	ALSO_OTHER_PART_OF_SPEECH
imajı	5	3.74	NOT_A_LEMMA
inançlı	7	3.74	NOT_A_LEMMA
inme	4	3.74	VERB_FORM
istese	6	3.74	NOT_A_LEMMA
kafede	6	3.74	NOT_A_LEMMA
karasu	6	3.74	MANUAL_BLOCK
katmak	6	3.74	NOT_A_NOUN
kentler	7	3.74	NOT_A_LEMMA
kesmeye	7	3.74	NOT_A_LEMMA
kitabım	7	3.74	NOT_A_LEMMA
kodlu	5	3.74	NOT_A_LEMMA
kredisi	7	3.74	NOT_A_LEMMA
kölesi	6	3.74	NOT_A_LEMMA
körfezi	7	3.74	NOT_A_LEMMA
maddeye	7	3.74	NOT_A_LEMMA
mili	4	3.74	NOT_A_LEMMA
minicik	7	3.74	NOT_A_NOUN
mozaik	6	3.74	ALSO_OTHER_PART_OF_SPEECH
müdürün	7	3.74	NOT_A_LEMMA
nail	4	3.74	NOT_A_NOUN
odamda	6	3.74	NOT_A_LEMMA
parklar	7	3.74	NOT_A_LEMMA
rakamı	6	3.74	NOT_A_LEMMA
sandı	5	3.74	NOT_A_LEMMA
sayıca	6	3.74	NOT_A_NOUN
sekse	5	3.74	NOT_A_LEMMA
sikmek	6	3.74	NOT_A_NOUN
sporda	6	3.74	NOT_A_LEMMA
suların	7	3.74	NOT_A_LEMMA
sunumu	6	3.74	NOT_A_LEMMA
suçtur	6	3.74	NOT_A_LEMMA
sürme	5	3.74	ALSO_OTHER_PART_OF_SPEECH
sımsıkı	7	3.74	NOT_A_NOUN
sızan	5	3.74	NOT_A_LEMMA
sığınma	7	3.74	NOT_A_LEMMA
tahtası	7	3.74	NOT_A_LEMMA
takın	5	3.74	NOT_A_LEMMA
taşlı	5	3.74	NOT_A_LEMMA
tekil	5	3.74	ALSO_OTHER_PART_OF_SPEECH
telaş	5	3.74	CIRCUMFLEX
tutam	5	3.74	ALSO_OTHER_PART_OF_SPEECH
tüfekle	7	3.74	NOT_A_LEMMA
uymak	5	3.74	NOT_A_NOUN
uyuma	5	3.74	NOT_A_LEMMA
vakum	5	3.74	NOT_A_NOUN
varisi	6	3.74	NOT_A_LEMMA
varolan	7	3.74	NOT_A_LEMMA
varır	5	3.74	NOT_A_LEMMA
vince	5	3.74	NOT_A_LEMMA
vücutta	7	3.74	NOT_A_LEMMA
yanal	5	3.74	NOT_A_NOUN
yarışın	7	3.74	NOT_A_LEMMA
yazayım	7	3.74	NOT_A_LEMMA
yeğenim	7	3.74	NOT_A_LEMMA
yiyoruz	7	3.74	NOT_A_LEMMA
yoktan	6	3.74	NOT_A_LEMMA
yoon	4	3.74	NOT_A_LEMMA
yırtıcı	7	3.74	NOT_A_NOUN
yırtık	6	3.74	ALSO_OTHER_PART_OF_SPEECH
zevkten	7	3.74	NOT_A_LEMMA
çalıntı	7	3.74	NOT_A_NOUN
çapkın	6	3.74	NOT_A_NOUN
çıkışlı	7	3.74	NOT_A_LEMMA
öldürün	7	3.74	NOT_A_LEMMA
ölürse	6	3.74	NOT_A_LEMMA
adadan	6	3.73	NOT_A_LEMMA
adamış	6	3.73	NOT_A_LEMMA
ankete	6	3.73	NOT_A_LEMMA
ayin	4	3.73	MANUAL_BLOCK
açılımı	7	3.73	NOT_A_LEMMA
bakmam	6	3.73	NOT_A_LEMMA
baskıya	7	3.73	NOT_A_LEMMA
basmak	6	3.73	NOT_A_NOUN
bedene	6	3.73	NOT_A_LEMMA
bilsen	6	3.73	NOT_A_LEMMA
biriken	7	3.73	NOT_A_LEMMA
bitirme	7	3.73	NOT_A_LEMMA
bozulan	7	3.73	NOT_A_LEMMA
boşluğa	7	3.73	NOT_A_LEMMA
bularak	7	3.73	NOT_A_LEMMA
buluşup	7	3.73	NOT_A_LEMMA
camisi	6	3.73	NOT_A_LEMMA
değişme	7	3.73	NOT_A_LEMMA
dökme	5	3.73	ALSO_OTHER_PART_OF_SPEECH
edemedi	7	3.73	NOT_A_LEMMA
eminiz	6	3.73	NOT_A_LEMMA
evsiz	5	3.73	NOT_A_LEMMA
eyle	4	3.73	NOT_A_LEMMA
eşiyle	6	3.73	NOT_A_LEMMA
fuhuş	5	3.73	TOPIC:sexual
geçildi	7	3.73	NOT_A_LEMMA
görüşlü	7	3.73	NOT_A_LEMMA
götten	6	3.73	NOT_A_LEMMA
göçer	5	3.73	NOT_A_NOUN
gülmek	6	3.73	NOT_A_NOUN
günüdür	7	3.73	NOT_A_LEMMA
haftayı	7	3.73	NOT_A_LEMMA
hasarlı	7	3.73	NOT_A_LEMMA
hırslı	6	3.73	NOT_A_LEMMA
ikisine	7	3.73	NOT_A_LEMMA
iline	5	3.73	NOT_A_LEMMA
inanmam	7	3.73	NOT_A_LEMMA
inerken	7	3.73	NOT_A_LEMMA
inmek	5	3.73	NOT_A_NOUN
inmiş	5	3.73	NOT_A_LEMMA
iyiyiz	6	3.73	NOT_A_LEMMA
izinden	7	3.73	NOT_A_LEMMA
kahveyi	7	3.73	NOT_A_LEMMA
kalbime	7	3.73	NOT_A_LEMMA
karışır	7	3.73	NOT_A_LEMMA
kaçağı	6	3.73	NOT_A_LEMMA
keserek	7	3.73	NOT_A_LEMMA
kiloda	6	3.73	NOT_A_LEMMA
kovuldu	7	3.73	NOT_A_LEMMA
koyarım	7	3.73	NOT_A_LEMMA
koşmaya	7	3.73	NOT_A_LEMMA
krallar	7	3.73	NOT_A_LEMMA
kuponu	6	3.73	NOT_A_LEMMA
kültüre	7	3.73	NOT_A_LEMMA
kızsın	6	3.73	NOT_A_LEMMA
limana	6	3.73	NOT_A_LEMMA
listeyi	7	3.73	NOT_A_LEMMA
meleğim	7	3.73	NOT_A_LEMMA
miranda	7	3.73	NOT_A_LEMMA
misyonu	7	3.73	NOT_A_LEMMA
müzeye	6	3.73	NOT_A_LEMMA
nafile	6	3.73	ALSO_OTHER_PART_OF_SPEECH
patlar	6	3.73	NOT_A_LEMMA
pisliği	7	3.73	NOT_A_LEMMA
rakibin	7	3.73	NOT_A_LEMMA
rolleri	7	3.73	NOT_A_LEMMA
sakla	5	3.73	NOT_A_LEMMA
sapma	5	3.73	NOT_A_LEMMA
sese	4	3.73	NOT_A_LEMMA
sevip	5	3.73	NOT_A_LEMMA
seçip	5	3.73	NOT_A_LEMMA
sınırda	7	3.73	NOT_A_LEMMA
sırtı	5	3.73	NOT_A_LEMMA
takan	5	3.73	NOT_A_LEMMA
tankın	6	3.73	NOT_A_LEMMA
tanıtan	7	3.73	NOT_A_LEMMA
tavana	6	3.73	NOT_A_LEMMA
teri	4	3.73	NOT_A_LEMMA
termik	6	3.73	ALSO_OTHER_PART_OF_SPEECH
tutması	7	3.73	NOT_A_LEMMA
tutmaz	6	3.73	NOT_A_LEMMA
tüpü	4	3.73	NOT_A_LEMMA
ulaştık	7	3.73	NOT_A_LEMMA
umutla	6	3.73	NOT_A_LEMMA
uykusu	6	3.73	NOT_A_LEMMA
uyuz	4	3.73	ALSO_OTHER_PART_OF_SPEECH
veriş	5	3.73	NOT_A_LEMMA
versem	6	3.73	NOT_A_LEMMA
virüsün	7	3.73	NOT_A_LEMMA
yakalar	7	3.73	NOT_A_LEMMA
yakışan	7	3.73	NOT_A_LEMMA
yarışan	7	3.73	NOT_A_LEMMA
yaymak	6	3.73	NOT_A_NOUN
yaşamda	7	3.73	NOT_A_LEMMA
yeriniz	7	3.73	NOT_A_LEMMA
zanlı	5	3.73	NOT_A_NOUN
zora	4	3.73	NOT_A_LEMMA
çarpar	6	3.73	NOT_A_LEMMA
çağır	5	3.73	NOT_A_LEMMA
çağıran	7	3.73	NOT_A_LEMMA
ölürsün	7	3.73	NOT_A_LEMMA
öğretir	7	3.73	NOT_A_LEMMA
öğün	4	3.73	VERB_FORM
şike	4	3.73	TOPIC:crime
şimdide	7	3.73	NOT_A_LEMMA
aktive	6	3.72	MANUAL_BLOCK
almakla	7	3.72	NOT_A_LEMMA
alta	4	3.72	NOT_A_LEMMA
anam	4	3.72	NOT_A_LEMMA
artırdı	7	3.72	NOT_A_LEMMA
asılsız	7	3.72	NOT_A_LEMMA
atlayıp	7	3.72	NOT_A_LEMMA
ayça	4	3.72	MANUAL_BLOCK
ağına	5	3.72	NOT_A_LEMMA
aşamalı	7	3.72	NOT_A_LEMMA
aşmış	5	3.72	NOT_A_LEMMA
batan	5	3.72	NOT_A_LEMMA
bağırdı	7	3.72	NOT_A_LEMMA
birazda	7	3.72	NOT_A_LEMMA
bizle	5	3.72	NOT_A_LEMMA
boynunu	7	3.72	NOT_A_LEMMA
cama	4	3.72	NOT_A_LEMMA
dağda	5	3.72	NOT_A_LEMMA
dekore	6	3.72	NOT_A_NOUN
dendi	5	3.72	NOT_A_LEMMA
denedi	6	3.72	NOT_A_LEMMA
dergide	7	3.72	NOT_A_LEMMA
doluyor	7	3.72	NOT_A_LEMMA
düştün	6	3.72	NOT_A_LEMMA
etsen	5	3.72	NOT_A_LEMMA
girmedi	7	3.72	NOT_A_LEMMA
gitse	5	3.72	NOT_A_LEMMA
giyin	5	3.72	NOT_A_LEMMA
gölgesi	7	3.72	NOT_A_LEMMA
gömüldü	7	3.72	NOT_A_LEMMA
hakka	5	3.72	NOT_A_LEMMA
havan	5	3.72	INFLECTED_FORM
hicret	6	3.72	MANUAL_BLOCK
içtik	5	3.72	NOT_A_LEMMA
kalmalı	7	3.72	NOT_A_LEMMA
kase	4	3.72	CIRCUMFLEX
kauçuk	6	3.72	ALSO_OTHER_PART_OF_SPEECH
kayalar	7	3.72	NOT_A_LEMMA
kayma	5	3.72	NOT_A_LEMMA
kodunu	6	3.72	NOT_A_LEMMA
kompakt	7	3.72	MANUAL_BLOCK
koşulda	7	3.72	NOT_A_LEMMA
krom	4	3.72	ALSO_OTHER_PART_OF_SPEECH
kurumuş	7	3.72	NOT_A_LEMMA
kızıyla	7	3.72	NOT_A_LEMMA
linke	5	3.72	NOT_A_LEMMA
marley	6	3.72	MANUAL_BLOCK
medikal	7	3.72	NOT_A_NOUN
metnin	6	3.72	NOT_A_LEMMA
mevkii	6	3.72	MANUAL_BLOCK
moduna	6	3.72	NOT_A_LEMMA
mısırlı	7	3.72	NOT_A_LEMMA
olmana	6	3.72	NOT_A_LEMMA
pompalı	7	3.72	NOT_A_LEMMA
puana	5	3.72	NOT_A_LEMMA
rafa	4	3.72	NOT_A_LEMMA
robotik	7	3.72	MANUAL_BLOCK
ruhlu	5	3.72	NOT_A_LEMMA
sanan	5	3.72	NOT_A_LEMMA
sarıp	5	3.72	NOT_A_LEMMA
saymak	6	3.72	NOT_A_NOUN
sefa	4	3.72	MANUAL_BLOCK
sevdin	6	3.72	NOT_A_LEMMA
severiz	7	3.72	NOT_A_LEMMA
seçmiş	6	3.72	NOT_A_LEMMA
sokacak	7	3.72	NOT_A_LEMMA
sualtı	6	3.72	MANUAL_BLOCK
suçlama	7	3.72	NOT_A_LEMMA
süresiz	7	3.72	NOT_A_LEMMA
sıfatı	6	3.72	NOT_A_LEMMA
sıfıra	6	3.72	NOT_A_LEMMA
sıçrama	7	3.72	NOT_A_LEMMA
tekmeyi	7	3.72	NOT_A_LEMMA
timsah	6	3.72	ALSO_OTHER_PART_OF_SPEECH
tüyleri	7	3.72	NOT_A_LEMMA
uyanıp	6	3.72	NOT_A_LEMMA
uyudu	5	3.72	NOT_A_LEMMA
uzaklık	7	3.72	NOT_A_LEMMA
vaktini	7	3.72	NOT_A_LEMMA
vardık	6	3.72	NOT_A_LEMMA
veba	4	3.72	TOPIC:disease
yapsan	6	3.72	NOT_A_LEMMA
yapıcı	6	3.72	NOT_A_LEMMA
yayıncı	7	3.72	NOT_A_LEMMA
yazıya	6	3.72	NOT_A_LEMMA
yağma	5	3.72	ALSO_OTHER_PART_OF_SPEECH
yılki	5	3.72	NOT_A_LEMMA
zaferle	7	3.72	NOT_A_LEMMA
zulme	5	3.72	NOT_A_LEMMA
çekilip	7	3.72	NOT_A_LEMMA
çekmesi	7	3.72	NOT_A_LEMMA
çemberi	7	3.72	NOT_A_LEMMA
önderi	6	3.72	NOT_A_LEMMA
özlük	5	3.72	NOT_A_LEMMA
üretken	7	3.72	NOT_A_NOUN
üstümde	7	3.72	NOT_A_LEMMA
ışını	5	3.72	NOT_A_LEMMA
ışığına	7	3.72	NOT_A_LEMMA
şeysin	6	3.72	NOT_A_LEMMA
şiirini	7	3.72	NOT_A_LEMMA
alla	4	3.71	NOT_A_LEMMA
almanız	7	3.71	NOT_A_LEMMA
aracını	7	3.71	NOT_A_LEMMA
araziye	7	3.71	NOT_A_LEMMA
asrın	5	3.71	NOT_A_LEMMA
atayım	6	3.71	NOT_A_LEMMA
atla	4	3.71	NOT_A_LEMMA
atmadan	7	3.71	NOT_A_LEMMA
aşktan	6	3.71	NOT_A_LEMMA
bakması	7	3.71	NOT_A_LEMMA
batıyor	7	3.71	NOT_A_LEMMA
bağışı	6	3.71	NOT_A_LEMMA
beynim	6	3.71	NOT_A_LEMMA
beşte	5	3.71	NOT_A_LEMMA
birkaçı	7	3.71	NOT_A_NOUN
bozulma	7	3.71	NOT_A_LEMMA
buralar	7	3.71	NOT_A_LEMMA
dağıtan	7	3.71	NOT_A_LEMMA
deliye	6	3.71	NOT_A_LEMMA
diyarı	6	3.71	NOT_A_LEMMA
dozda	5	3.71	NOT_A_LEMMA
döken	5	3.71	NOT_A_LEMMA
dünyevi	7	3.71	NOT_A_NOUN
düzelir	7	3.71	NOT_A_LEMMA
edilme	6	3.71	NOT_A_LEMMA
ekibini	7	3.71	NOT_A_LEMMA
elimle	6	3.71	NOT_A_LEMMA
ezilen	6	3.71	NOT_A_LEMMA
fikirde	7	3.71	NOT_A_LEMMA
formunu	7	3.71	NOT_A_LEMMA
geçse	5	3.71	NOT_A_LEMMA
girerim	7	3.71	NOT_A_LEMMA
görsem	6	3.71	NOT_A_LEMMA
günahı	6	3.71	NOT_A_LEMMA
havuzda	7	3.71	NOT_A_LEMMA
hedefin	7	3.71	NOT_A_LEMMA
hisler	6	3.71	NOT_A_LEMMA
itirazı	7	3.71	NOT_A_LEMMA
kadarda	7	3.71	NOT_A_LEMMA
kadında	7	3.71	NOT_A_LEMMA
kalalım	7	3.71	NOT_A_LEMMA
kanala	6	3.71	NOT_A_LEMMA
kangal	6	3.71	MANUAL_BLOCK
kapaklı	7	3.71	NOT_A_LEMMA
karardı	7	3.71	NOT_A_LEMMA
karışma	7	3.71	NOT_A_LEMMA
kasları	7	3.71	NOT_A_LEMMA
katilin	7	3.71	NOT_A_LEMMA
kayın	5	3.71	ALSO_OTHER_PART_OF_SPEECH
kese	4	3.71	ALSO_OTHER_PART_OF_SPEECH
klişe	5	3.71	ALSO_OTHER_PART_OF_SPEECH
kolunda	7	3.71	NOT_A_LEMMA
kovan	5	3.71	VERB_FORM
koymayı	7	3.71	NOT_A_LEMMA
kozan	5	3.71	NOT_A_LEMMA
kuracak	7	3.71	NOT_A_LEMMA
kurumda	7	3.71	NOT_A_LEMMA
kırarak	7	3.71	NOT_A_LEMMA
mahcup	6	3.71	NOT_A_NOUN
makama	6	3.71	NOT_A_LEMMA
mumcu	5	3.71	NOT_A_LEMMA
namuslu	7	3.71	NOT_A_LEMMA
odağı	5	3.71	NOT_A_LEMMA
oysaki	6	3.71	NOT_A_NOUN
paranız	7	3.71	NOT_A_LEMMA
plajı	5	3.71	NOT_A_LEMMA
plakası	7	3.71	NOT_A_LEMMA
rüyanda	7	3.71	NOT_A_LEMMA
rüyayı	6	3.71	NOT_A_LEMMA
saldır	6	3.71	NOT_A_LEMMA
sarıldı	7	3.71	NOT_A_LEMMA
satar	5	3.71	NOT_A_LEMMA
satma	5	3.71	NOT_A_LEMMA
saçım	5	3.71	NOT_A_LEMMA
selanik	7	3.71	MANUAL_BLOCK
servise	7	3.71	NOT_A_LEMMA
sitem	5	3.71	INFLECTED_FORM
sonda	5	3.71	INFLECTED_FORM
sorduk	6	3.71	NOT_A_LEMMA
suna	4	3.71	VERB_FORM
suçunu	6	3.71	NOT_A_LEMMA
sırlar	6	3.71	NOT_A_LEMMA
takdire	7	3.71	NOT_A_LEMMA
tanırım	7	3.71	NOT_A_LEMMA
teknesi	7	3.71	NOT_A_LEMMA
tenli	5	3.71	NOT_A_LEMMA
tepeye	6	3.71	NOT_A_LEMMA
tonluk	6	3.71	NOT_A_LEMMA
transit	7	3.71	ALSO_OTHER_PART_OF_SPEECH
törende	7	3.71	NOT_A_LEMMA
uzaydan	7	3.71	NOT_A_LEMMA
uçsuz	5	3.71	NOT_A_LEMMA
yakıtı	6	3.71	NOT_A_LEMMA
yanlışı	7	3.71	NOT_A_LEMMA
yapana	6	3.71	NOT_A_LEMMA
yasayı	6	3.71	NOT_A_LEMMA
yoldur	6	3.71	NOT_A_LEMMA
yukarda	7	3.71	NOT_A_LEMMA
zekası	6	3.71	NOT_A_LEMMA
çalarak	7	3.71	NOT_A_LEMMA
çubuklu	7	3.71	NOT_A_LEMMA
çözüldü	7	3.71	NOT_A_LEMMA
ödemeli	7	3.71	NOT_A_LEMMA
ölme	4	3.71	NOT_A_LEMMA
ölürsem	7	3.71	NOT_A_LEMMA
özgül	5	3.71	NOT_A_NOUN
üzüyor	6	3.71	NOT_A_LEMMA
ısrarcı	7	3.71	NOT_A_LEMMA
ışıkta	6	3.71	NOT_A_LEMMA
şamil	5	3.71	NOT_A_NOUN
şansına	7	3.71	NOT_A_LEMMA
akbaba	6	3.70	ALSO_OTHER_PART_OF_SPEECH
akli	4	3.70	NOT_A_NOUN
akılda	6	3.70	NOT_A_LEMMA
alandan	7	3.70	NOT_A_LEMMA
ayırdı	6	3.70	NOT_A_LEMMA
ayırın	6	3.70	NOT_A_LEMMA
açıktan	7	3.70	NOT_A_NOUN
ağzımı	6	3.70	NOT_A_LEMMA
aşısı	5	3.70	NOT_A_LEMMA
bakmış	6	3.70	NOT_A_LEMMA
bakımda	7	3.70	NOT_A_LEMMA
banyoya	7	3.70	NOT_A_LEMMA
basarak	7	3.70	NOT_A_LEMMA
basınca	7	3.70	NOT_A_LEMMA
başar	5	3.70	NOT_A_LEMMA
bendeki	7	3.70	NOT_A_LEMMA
bitkisi	7	3.70	NOT_A_LEMMA
burdaki	7	3.70	NOT_A_LEMMA
dalıp	5	3.70	NOT_A_LEMMA
dandik	6	3.70	NOT_A_NOUN
dibi	4	3.70	NOT_A_LEMMA
dilsiz	6	3.70	NOT_A_LEMMA
diski	5	3.70	NOT_A_LEMMA
divanı	6	3.70	NOT_A_LEMMA
dize	4	3.70	VERB_FORM
dizin	5	3.70	VERB_FORM
dumanlı	7	3.70	NOT_A_LEMMA
düşmeye	7	3.70	NOT_A_LEMMA
etkiyi	6	3.70	NOT_A_LEMMA
eylemde	7	3.70	NOT_A_LEMMA
favorim	7	3.70	NOT_A_LEMMA
geçtin	6	3.70	NOT_A_LEMMA
gide	4	3.70	NOT_A_LEMMA
girişte	7	3.70	NOT_A_LEMMA
görürüm	7	3.70	NOT_A_LEMMA
göçü	4	3.70	INFLECTED_FORM
hataya	6	3.70	NOT_A_LEMMA
hiçte	5	3.70	NOT_A_LEMMA
iadesi	6	3.70	NOT_A_LEMMA
ironik	6	3.70	NOT_A_NOUN
isme	4	3.70	NOT_A_LEMMA
kapsamı	7	3.70	NOT_A_LEMMA
kartın	6	3.70	NOT_A_LEMMA
katman	6	3.70	VERB_FORM
kavgada	7	3.70	NOT_A_LEMMA
kazancı	7	3.70	NOT_A_LEMMA
kaça	4	3.70	NOT_A_LEMMA
kelepçe	7	3.70	TOPIC:crime
kesimin	7	3.70	NOT_A_LEMMA
kokteyl	7	3.70	TOPIC:alcohol
kurnaz	6	3.70	NOT_A_NOUN
kırdım	6	3.70	NOT_A_LEMMA
lambası	7	3.70	NOT_A_LEMMA
liderin	7	3.70	NOT_A_LEMMA
mührü	5	3.70	NOT_A_LEMMA
pekin	5	3.70	NOT_A_LEMMA
polisle	7	3.70	NOT_A_LEMMA
refahı	6	3.70	NOT_A_LEMMA
sarma	5	3.70	ALSO_OTHER_PART_OF_SPEECH
sarılıp	7	3.70	NOT_A_LEMMA
sarısı	6	3.70	NOT_A_LEMMA
seren	5	3.70	VERB_FORM
sevmeyi	7	3.70	NOT_A_LEMMA
sikiyor	7	3.70	NOT_A_LEMMA
sizle	5	3.70	NOT_A_LEMMA
soralım	7	3.70	NOT_A_LEMMA
sorulan	7	3.70	NOT_A_LEMMA
sorunuz	7	3.70	NOT_A_LEMMA
sunmaya	7	3.70	NOT_A_LEMMA
suçtan	6	3.70	NOT_A_LEMMA
söylemi	7	3.70	NOT_A_LEMMA
sözümü	6	3.70	NOT_A_LEMMA
tabağı	6	3.70	NOT_A_LEMMA
takılır	7	3.70	NOT_A_LEMMA
ulaşma	6	3.70	NOT_A_LEMMA
uyudum	6	3.70	NOT_A_LEMMA
uyuya	5	3.70	NOT_A_LEMMA
vaktin	6	3.70	NOT_A_LEMMA
valimiz	7	3.70	NOT_A_LEMMA
yanını	6	3.70	NOT_A_LEMMA
yargıya	7	3.70	NOT_A_LEMMA
yasaklı	7	3.70	NOT_A_LEMMA
yatkın	6	3.70	NOT_A_NOUN
yenildi	7	3.70	NOT_A_LEMMA
yolunuz	7	3.70	NOT_A_LEMMA
çatıdan	7	3.70	NOT_A_LEMMA
çekilin	7	3.70	NOT_A_LEMMA
çimen	5	3.70	VERB_FORM
çoğumuz	7	3.70	NOT_A_LEMMA
öncüsü	6	3.70	NOT_A_LEMMA
öğeleri	7	3.70	NOT_A_LEMMA
ülkem	5	3.70	NOT_A_LEMMA
üstten	6	3.70	NOT_A_NOUN
şirk	4	3.70	MANUAL_BLOCK
abiye	5	3.69	INFLECTED_FORM
adamdı	6	3.69	NOT_A_LEMMA
adımın	6	3.69	NOT_A_LEMMA
aksa	4	3.69	NOT_A_LEMMA
alamadı	7	3.69	NOT_A_LEMMA
alırsak	7	3.69	NOT_A_LEMMA
anlayıp	7	3.69	NOT_A_LEMMA
arkamda	7	3.69	NOT_A_LEMMA
arılar	6	3.69	VERB_FORM
asım	4	3.69	INFLECTED_FORM
ateşini	7	3.69	NOT_A_LEMMA
ayırır	6	3.69	NOT_A_LEMMA
açması	6	3.69	NOT_A_LEMMA
aşarak	6	3.69	NOT_A_LEMMA
aşikar	6	3.69	NOT_A_NOUN
aşmak	5	3.69	NOT_A_NOUN
bahse	5	3.69	NOT_A_LEMMA
basar	5	3.69	VERB_FORM
basıyor	7	3.69	NOT_A_LEMMA
beğendi	7	3.69	VERB_FORM
birliğe	7	3.69	NOT_A_LEMMA
bitir	5	3.69	NOT_A_LEMMA
borcum	6	3.69	NOT_A_LEMMA
botu	4	3.69	NOT_A_LEMMA
buluruz	7	3.69	NOT_A_LEMMA
cüzdanı	7	3.69	NOT_A_LEMMA
dahada	6	3.69	NOT_A_LEMMA
dalgalı	7	3.69	NOT_A_NOUN
demi	4	3.69	NOT_A_LEMMA
dengeyi	7	3.69	NOT_A_LEMMA
dolgun	6	3.69	NOT_A_NOUN
doğurur	7	3.69	NOT_A_LEMMA
duyacak	7	3.69	NOT_A_LEMMA
dökmek	6	3.69	NOT_A_NOUN
dönmeyi	7	3.69	NOT_A_LEMMA
dönsün	6	3.69	NOT_A_LEMMA
düne	4	3.69	NOT_A_LEMMA
eczacı	6	3.69	NOT_A_LEMMA
ekranın	7	3.69	NOT_A_LEMMA
eserini	7	3.69	NOT_A_LEMMA
esnafı	6	3.69	NOT_A_LEMMA
farklar	7	3.69	NOT_A_LEMMA
faşizm	6	3.69	MANUAL_BLOCK
fire	4	3.69	ALSO_OTHER_PART_OF_SPEECH
geber	5	3.69	NOT_A_LEMMA
grafiği	7	3.69	NOT_A_LEMMA
hakkımı	7	3.69	NOT_A_LEMMA
hasara	6	3.69	NOT_A_LEMMA
hasır	5	3.69	ALSO_OTHER_PART_OF_SPEECH
indirdi	7	3.69	NOT_A_LEMMA
ismimi	6	3.69	NOT_A_LEMMA
izlemiş	7	3.69	NOT_A_LEMMA
kabulü	6	3.69	NOT_A_LEMMA
kaslı	5	3.69	NOT_A_LEMMA
kaygısı	7	3.69	NOT_A_LEMMA
kesmiş	6	3.69	NOT_A_LEMMA
kimsem	6	3.69	NOT_A_LEMMA
kişiydi	7	3.69	NOT_A_LEMMA
koşun	5	3.69	VERB_FORM
krize	5	3.69	NOT_A_LEMMA
kuduz	5	3.69	ALSO_OTHER_PART_OF_SPEECH
kurşunu	7	3.69	NOT_A_LEMMA
kusma	5	3.69	NOT_A_LEMMA
kuşatma	7	3.69	NOT_A_LEMMA
legal	5	3.69	ALSO_OTHER_PART_OF_SPEECH
maaşını	7	3.69	NOT_A_LEMMA
mesleğe	7	3.69	NOT_A_LEMMA
messi	5	3.69	NOT_A_LEMMA
midemi	6	3.69	NOT_A_LEMMA
okundu	6	3.69	NOT_A_LEMMA
ortamın	7	3.69	NOT_A_LEMMA
oynatma	7	3.69	NOT_A_LEMMA
piçi	4	3.69	NOT_A_LEMMA
plajda	6	3.69	NOT_A_LEMMA
pusuya	6	3.69	NOT_A_LEMMA
ritmi	5	3.69	NOT_A_LEMMA
rütbeli	7	3.69	NOT_A_LEMMA
sayımız	7	3.69	NOT_A_LEMMA
sağlığa	7	3.69	NOT_A_LEMMA
severdi	7	3.69	NOT_A_LEMMA
seyrek	6	3.69	NOT_A_NOUN
sıçan	5	3.69	VERB_FORM
tabiri	6	3.69	NOT_A_LEMMA
taktı	5	3.69	NOT_A_LEMMA
taktım	6	3.69	NOT_A_LEMMA
temizle	7	3.69	NOT_A_LEMMA
tutkusu	7	3.69	NOT_A_LEMMA
uzayın	6	3.69	NOT_A_LEMMA
yanacak	7	3.69	NOT_A_LEMMA
yaza	4	3.69	NOT_A_LEMMA
yeminli	7	3.69	NOT_A_LEMMA
yönelen	7	3.69	NOT_A_LEMMA
yılanı	6	3.69	NOT_A_LEMMA
zemine	6	3.69	NOT_A_LEMMA
zili	4	3.69	NOT_A_LEMMA
çukuru	6	3.69	NOT_A_LEMMA
ödeyen	6	3.69	NOT_A_LEMMA
özden	5	3.69	ALSO_OTHER_PART_OF_SPEECH
özledin	7	3.69	NOT_A_LEMMA
şelale	6	3.69	CIRCUMFLEX
acıdı	5	3.68	NOT_A_LEMMA
aklımın	7	3.68	NOT_A_LEMMA
alaycı	6	3.68	NOT_A_LEMMA
aldatma	7	3.68	NOT_A_LEMMA
aliye	5	3.68	NOT_A_LEMMA
anını	5	3.68	NOT_A_LEMMA
araçta	6	3.68	NOT_A_LEMMA
atlamak	7	3.68	NOT_A_NOUN
attığım	7	3.68	NOT_A_LEMMA
atıfta	6	3.68	NOT_A_LEMMA
avcılık	7	3.68	NOT_A_LEMMA
aylarda	7	3.68	NOT_A_LEMMA
açtılar	7	3.68	NOT_A_LEMMA
bakanın	7	3.68	NOT_A_LEMMA
balığın	7	3.68	NOT_A_LEMMA
basma	5	3.68	ALSO_OTHER_PART_OF_SPEECH
bastım	6	3.68	NOT_A_LEMMA
bayana	6	3.68	NOT_A_LEMMA
bendim	6	3.68	NOT_A_LEMMA
beye	4	3.68	NOT_A_LEMMA
biteni	6	3.68	NOT_A_LEMMA
boyuta	6	3.68	NOT_A_LEMMA
bulaşma	7	3.68	NOT_A_LEMMA
canları	7	3.68	NOT_A_LEMMA
cari	4	3.68	NOT_A_NOUN
cephane	7	3.68	TOPIC:weapons
deresi	6	3.68	NOT_A_LEMMA
diyene	6	3.68	NOT_A_LEMMA
diziden	7	3.68	NOT_A_LEMMA
dolup	5	3.68	NOT_A_LEMMA
doğudan	7	3.68	NOT_A_LEMMA
duşa	4	3.68	NOT_A_LEMMA
eldeki	6	3.68	NOT_A_LEMMA
emeğin	6	3.68	NOT_A_LEMMA
ermesi	6	3.68	NOT_A_LEMMA
eşimle	6	3.68	NOT_A_LEMMA
fareler	7	3.68	NOT_A_LEMMA
fikre	5	3.68	NOT_A_LEMMA
gelemem	7	3.68	NOT_A_LEMMA
gemiden	7	3.68	NOT_A_LEMMA
giderir	7	3.68	NOT_A_LEMMA
gömleği	7	3.68	NOT_A_LEMMA
görüşün	7	3.68	NOT_A_LEMMA
göğsüne	7	3.68	NOT_A_LEMMA
güneşte	7	3.68	NOT_A_LEMMA
gıcık	5	3.68	ALSO_OTHER_PART_OF_SPEECH
hart	4	3.68	NOT_A_NOUN
hazırla	7	3.68	NOT_A_LEMMA
hoşça	5	3.68	NOT_A_LEMMA
hızının	7	3.68	NOT_A_LEMMA
ihbarı	6	3.68	NOT_A_LEMMA
inkılap	7	3.68	CIRCUMFLEX
iptali	6	3.68	NOT_A_LEMMA
iskan	5	3.68	CIRCUMFLEX
isveçli	7	3.68	ALSO_OTHER_PART_OF_SPEECH
itin	4	3.68	NOT_A_LEMMA
içerek	6	3.68	NOT_A_LEMMA
içindi	6	3.68	NOT_A_LEMMA
içli	4	3.68	NOT_A_LEMMA
kabri	5	3.68	NOT_A_LEMMA
kardan	6	3.68	NOT_A_LEMMA
kişiyiz	7	3.68	NOT_A_LEMMA
korkup	6	3.68	NOT_A_LEMMA
kusurlu	7	3.68	NOT_A_LEMMA
körü	4	3.68	NOT_A_LEMMA
kıyak	5	3.68	ALSO_OTHER_PART_OF_SPEECH
manyağı	7	3.68	NOT_A_LEMMA
masajı	6	3.68	NOT_A_LEMMA
metalik	7	3.68	NOT_A_NOUN
miydin	6	3.68	NOT_A_LEMMA
neslin	6	3.68	NOT_A_LEMMA
nüfuslu	7	3.68	NOT_A_LEMMA
olimpik	7	3.68	NOT_A_NOUN
pers	4	3.68	MANUAL_BLOCK
piri	4	3.68	NOT_A_LEMMA
piçler	6	3.68	NOT_A_LEMMA
profile	7	3.68	NOT_A_LEMMA
raylı	5	3.68	NOT_A_LEMMA
reformu	7	3.68	NOT_A_LEMMA
rolünde	7	3.68	NOT_A_LEMMA
sanmam	6	3.68	NOT_A_LEMMA
sevgiye	7	3.68	NOT_A_LEMMA
seçtik	6	3.68	NOT_A_LEMMA
soktum	6	3.68	NOT_A_LEMMA
stabil	6	3.68	NOT_A_NOUN
stresi	6	3.68	NOT_A_LEMMA
suçladı	7	3.68	NOT_A_LEMMA
sütyen	6	3.68	MANUAL_BLOCK
sıktı	5	3.68	NOT_A_LEMMA
sınavın	7	3.68	NOT_A_LEMMA
tabloya	7	3.68	NOT_A_LEMMA
tanıdı	6	3.68	NOT_A_LEMMA
tanışıp	7	3.68	NOT_A_LEMMA
tava	4	3.68	ALSO_OTHER_PART_OF_SPEECH
taşla	5	3.68	NOT_A_LEMMA
tezgah	6	3.68	CIRCUMFLEX
trene	5	3.68	NOT_A_LEMMA
tuşuna	6	3.68	NOT_A_LEMMA
ukala	5	3.68	NOT_A_NOUN
uyanır	6	3.68	NOT_A_LEMMA
uykular	7	3.68	NOT_A_LEMMA
uzattı	6	3.68	NOT_A_LEMMA
uzatır	6	3.68	NOT_A_LEMMA
uçuk	4	3.68	ALSO_OTHER_PART_OF_SPEECH
uçup	4	3.68	NOT_A_LEMMA
veriyi	6	3.68	NOT_A_LEMMA
vinci	5	3.68	NOT_A_LEMMA
yandaki	7	3.68	NOT_A_LEMMA
yapılma	7	3.68	NOT_A_LEMMA
yaşımda	7	3.68	NOT_A_LEMMA
yorumcu	7	3.68	NOT_A_LEMMA
yüreğim	7	3.68	NOT_A_LEMMA
zarara	6	3.68	NOT_A_LEMMA
zile	4	3.68	NOT_A_LEMMA
çabalar	7	3.68	NOT_A_LEMMA
çarpık	6	3.68	NOT_A_NOUN
çağla	5	3.68	VERB_FORM
çizen	5	3.68	NOT_A_LEMMA
çokta	5	3.68	NOT_A_LEMMA
çözüme	6	3.68	NOT_A_LEMMA
ölçek	5	3.68	ALSO_OTHER_PART_OF_SPEECH
örten	5	3.68	NOT_A_LEMMA
şahsın	6	3.68	NOT_A_LEMMA
şairi	5	3.68	NOT_A_LEMMA
şifalı	6	3.68	NOT_A_LEMMA
şiire	5	3.68	NOT_A_LEMMA
ajanlar	7	3.67	NOT_A_LEMMA
anlarız	7	3.67	NOT_A_LEMMA
aracına	7	3.67	NOT_A_LEMMA
arayışı	7	3.67	NOT_A_LEMMA
araçtan	7	3.67	NOT_A_LEMMA
artmaya	7	3.67	NOT_A_LEMMA
asırlık	7	3.67	NOT_A_LEMMA
ayarlar	7	3.67	NOT_A_LEMMA
aynada	6	3.67	NOT_A_LEMMA
azmi	4	3.67	NOT_A_LEMMA
ağladım	7	3.67	NOT_A_LEMMA
balcı	5	3.67	NOT_A_LEMMA
banko	5	3.67	ALSO_OTHER_PART_OF_SPEECH
basının	7	3.67	NOT_A_LEMMA
batının	7	3.67	NOT_A_LEMMA
başlat	6	3.67	NOT_A_LEMMA
beleş	5	3.67	NOT_A_NOUN
bittim	6	3.67	NOT_A_LEMMA
burnuna	7	3.67	NOT_A_LEMMA
canlısı	7	3.67	NOT_A_LEMMA
denilir	7	3.67	NOT_A_LEMMA
dinç	4	3.67	NOT_A_NOUN
duaları	7	3.67	NOT_A_LEMMA
duyup	5	3.67	NOT_A_LEMMA
döküldü	7	3.67	NOT_A_LEMMA
dönüşte	7	3.67	NOT_A_LEMMA
düdük	5	3.67	ALSO_OTHER_PART_OF_SPEECH
eksen	5	3.67	VERB_FORM
etapta	6	3.67	NOT_A_LEMMA
etmeme	6	3.67	NOT_A_LEMMA
evimi	5	3.67	NOT_A_LEMMA
eşkıya	6	3.67	MANUAL_BLOCK
fazlaca	7	3.67	NOT_A_LEMMA
gelini	6	3.67	NOT_A_LEMMA
gelmeli	7	3.67	NOT_A_LEMMA
girerse	7	3.67	NOT_A_LEMMA
giydim	6	3.67	NOT_A_LEMMA
golüyle	7	3.67	NOT_A_LEMMA
götürün	7	3.67	NOT_A_LEMMA
gözlere	7	3.67	NOT_A_LEMMA
gülünç	6	3.67	NOT_A_NOUN
hacca	5	3.67	NOT_A_LEMMA
haini	5	3.67	NOT_A_LEMMA
hayalin	7	3.67	NOT_A_LEMMA
hayatla	7	3.67	NOT_A_LEMMA
huylu	5	3.67	NOT_A_LEMMA
hıyar	5	3.67	ALSO_OTHER_PART_OF_SPEECH
ilah	4	3.67	CIRCUMFLEX
imzala	6	3.67	NOT_A_LEMMA
izinli	6	3.67	NOT_A_LEMMA
kadere	6	3.67	NOT_A_LEMMA
kafanın	7	3.67	NOT_A_LEMMA
kalırız	7	3.67	NOT_A_LEMMA
karnını	7	3.67	NOT_A_LEMMA
karımı	6	3.67	NOT_A_LEMMA
karını	6	3.67	NOT_A_LEMMA
kayan	5	3.67	VERB_FORM
kaynağa	7	3.67	NOT_A_LEMMA
kaçı	4	3.67	NOT_A_LEMMA
kolumu	6	3.67	NOT_A_LEMMA
kondom	6	3.67	MANUAL_BLOCK
kopmuş	6	3.67	NOT_A_LEMMA
korosu	6	3.67	NOT_A_LEMMA
kumral	6	3.67	ALSO_OTHER_PART_OF_SPEECH
kıllı	5	3.67	NOT_A_LEMMA
kısacık	7	3.67	NOT_A_LEMMA
limonlu	7	3.67	NOT_A_LEMMA
liseler	7	3.67	NOT_A_LEMMA
mavisi	6	3.67	NOT_A_LEMMA
müftüsü	7	3.67	NOT_A_LEMMA
müsün	5	3.67	NOT_A_LEMMA
nefsi	5	3.67	NOT_A_LEMMA
paniğe	6	3.67	NOT_A_LEMMA
rengin	6	3.67	NOT_A_LEMMA
sahanın	7	3.67	NOT_A_LEMMA
sayma	5	3.67	NOT_A_LEMMA
sayıya	6	3.67	NOT_A_LEMMA
sevecen	7	3.67	NOT_A_NOUN
sığınan	7	3.67	NOT_A_LEMMA
taksiye	7	3.67	NOT_A_LEMMA
taktiği	7	3.67	NOT_A_LEMMA
tanışın	7	3.67	NOT_A_LEMMA
taslağı	7	3.67	NOT_A_LEMMA
taylan	6	3.67	NOT_A_LEMMA
teke	4	3.67	INFLECTED_FORM
trenin	6	3.67	NOT_A_LEMMA
umumi	5	3.67	ALSO_OTHER_PART_OF_SPEECH
uyarıcı	7	3.67	NOT_A_LEMMA
uyur	4	3.67	NOT_A_NOUN
uzanır	6	3.67	NOT_A_LEMMA
vajina	6	3.67	MANUAL_BLOCK
yanlı	5	3.67	ALSO_OTHER_PART_OF_SPEECH
yarını	6	3.67	NOT_A_LEMMA
yayan	5	3.67	NOT_A_NOUN
yaşadın	7	3.67	NOT_A_LEMMA
yaşarız	7	3.67	NOT_A_LEMMA
yemi	4	3.67	NOT_A_LEMMA
yükle	5	3.67	NOT_A_LEMMA
yüzeyde	7	3.67	NOT_A_LEMMA
zaferin	7	3.67	NOT_A_LEMMA
zerrin	6	3.67	ALSO_OTHER_PART_OF_SPEECH
çarpıp	6	3.67	NOT_A_LEMMA
çağına	6	3.67	NOT_A_LEMMA
çünki	5	3.67	NOT_A_NOUN
ödülün	6	3.67	NOT_A_LEMMA
ölçülür	7	3.67	NOT_A_LEMMA
önünüze	7	3.67	NOT_A_LEMMA
ünde	4	3.67	NOT_A_LEMMA
ürününü	7	3.67	NOT_A_LEMMA
üzgünüz	7	3.67	NOT_A_LEMMA
şanslar	7	3.67	NOT_A_LEMMA
şekilli	7	3.67	NOT_A_LEMMA
şeytanı	7	3.67	NOT_A_LEMMA
aileme	6	3.66	NOT_A_LEMMA
alkolik	7	3.66	NOT_A_NOUN
amcanın	7	3.66	NOT_A_LEMMA
ararım	6	3.66	NOT_A_LEMMA
arıtma	6	3.66	NOT_A_LEMMA
aynalar	7	3.66	NOT_A_LEMMA
ayyaş	5	3.66	NOT_A_NOUN
azalmış	7	3.66	NOT_A_LEMMA
azaltma	7	3.66	NOT_A_LEMMA
açıları	7	3.66	NOT_A_LEMMA
açısını	7	3.66	NOT_A_LEMMA
ağla	4	3.66	NOT_A_LEMMA
ağzın	5	3.66	NOT_A_LEMMA
bekçisi	7	3.66	NOT_A_LEMMA
belgeyi	7	3.66	NOT_A_LEMMA
bulutlu	7	3.66	NOT_A_LEMMA
büyüktü	7	3.66	NOT_A_LEMMA
bıyıklı	7	3.66	NOT_A_LEMMA
caiz	4	3.66	NOT_A_NOUN
camları	7	3.66	NOT_A_LEMMA
cani	4	3.66	ALSO_OTHER_PART_OF_SPEECH
cebimde	7	3.66	NOT_A_LEMMA
cümlede	7	3.66	NOT_A_LEMMA
defolup	7	3.66	NOT_A_LEMMA
delisi	6	3.66	NOT_A_LEMMA
denildi	7	3.66	NOT_A_LEMMA
dese	4	3.66	NOT_A_LEMMA
duyma	5	3.66	NOT_A_LEMMA
döküm	5	3.66	ALSO_OTHER_PART_OF_SPEECH
düzeye	6	3.66	NOT_A_LEMMA
elimizi	7	3.66	NOT_A_LEMMA
erimiş	6	3.66	NOT_A_LEMMA
ezmesi	6	3.66	NOT_A_LEMMA
geceki	6	3.66	NOT_A_LEMMA
golün	5	3.66	NOT_A_LEMMA
gölde	5	3.66	NOT_A_LEMMA
gönlüm	6	3.66	NOT_A_LEMMA
görülme	7	3.66	NOT_A_LEMMA
halkası	7	3.66	NOT_A_LEMMA
halkım	6	3.66	NOT_A_LEMMA
haller	6	3.66	NOT_A_LEMMA
herkül	6	3.66	MANUAL_BLOCK
ilerici	7	3.66	NOT_A_LEMMA
ileriki	7	3.66	NOT_A_LEMMA
illeri	6	3.66	NOT_A_LEMMA
inanca	6	3.66	NOT_A_LEMMA
isen	4	3.66	NOT_A_LEMMA
iyiyi	5	3.66	NOT_A_LEMMA
içeriz	6	3.66	NOT_A_LEMMA
içmiş	5	3.66	NOT_A_LEMMA
işlemek	7	3.66	NOT_A_NOUN
kadife	6	3.66	ALSO_OTHER_PART_OF_SPEECH
kazaya	6	3.66	NOT_A_LEMMA
kefalet	7	3.66	TOPIC:crime
keşfi	5	3.66	NOT_A_LEMMA
kimim	5	3.66	NOT_A_LEMMA
kocan	5	3.66	NOT_A_LEMMA
krizine	7	3.66	NOT_A_LEMMA
kurulum	7	3.66	INFLECTED_FORM
kusuru	6	3.66	NOT_A_LEMMA
köprülü	7	3.66	NOT_A_LEMMA
köprüyü	7	3.66	NOT_A_LEMMA
kütlesi	7	3.66	NOT_A_LEMMA
kıraç	5	3.66	NOT_A_NOUN
kırmış	6	3.66	NOT_A_LEMMA
kıyısı	6	3.66	NOT_A_LEMMA
kıçını	6	3.66	NOT_A_LEMMA
kışlık	6	3.66	NOT_A_LEMMA
lirası	6	3.66	NOT_A_LEMMA
mescit	6	3.66	TOPIC:religion
mescit	6	3.66	MANUAL_BLOCK
meyveli	7	3.66	NOT_A_LEMMA
militan	7	3.66	MANUAL_BLOCK
naif	4	3.66	ALSO_OTHER_PART_OF_SPEECH
odalı	5	3.66	NOT_A_LEMMA
odasını	7	3.66	NOT_A_LEMMA
otonom	6	3.66	NOT_A_NOUN
rapora	6	3.66	NOT_A_LEMMA
sahabe	6	3.66	MANUAL_BLOCK
sahadan	7	3.66	NOT_A_LEMMA
saklar	6	3.66	NOT_A_LEMMA
sefil	5	3.66	NOT_A_NOUN
semti	5	3.66	NOT_A_LEMMA
seneden	7	3.66	NOT_A_LEMMA
sonuçla	7	3.66	NOT_A_LEMMA
subaşı	6	3.66	MANUAL_BLOCK
sunarım	7	3.66	NOT_A_LEMMA
sürmeye	7	3.66	NOT_A_LEMMA
tahran	6	3.66	NOT_A_LEMMA
talebe	6	3.66	INFLECTED_FORM
tanınır	7	3.66	NOT_A_LEMMA
tarımda	7	3.66	NOT_A_LEMMA
tarımı	6	3.66	NOT_A_LEMMA
teneke	6	3.66	ALSO_OTHER_PART_OF_SPEECH
tozlu	5	3.66	NOT_A_LEMMA
tropik	6	3.66	NOT_A_NOUN
uzatmak	7	3.66	NOT_A_NOUN
uğrunda	7	3.66	NOT_A_NOUN
uşağı	5	3.66	NOT_A_LEMMA
varol	5	3.66	NOT_A_LEMMA
vasat	5	3.66	ALSO_OTHER_PART_OF_SPEECH
verse	5	3.66	NOT_A_LEMMA
yattığı	7	3.66	NOT_A_LEMMA
yaşının	7	3.66	NOT_A_LEMMA
yerdi	5	3.66	NOT_A_LEMMA
yokuş	5	3.66	ALSO_OTHER_PART_OF_SPEECH
yoluma	6	3.66	NOT_A_LEMMA
yordu	5	3.66	NOT_A_LEMMA
zarı	4	3.66	NOT_A_LEMMA
zevkin	6	3.66	NOT_A_LEMMA
çizmek	6	3.66	NOT_A_NOUN
çözülür	7	3.66	NOT_A_LEMMA
ölçme	5	3.66	NOT_A_LEMMA
öptü	4	3.66	NOT_A_LEMMA
üretti	6	3.66	NOT_A_LEMMA
üçer	4	3.66	NOT_A_NOUN
şevki	5	3.66	NOT_A_LEMMA
adınız	6	3.65	NOT_A_LEMMA
adınıza	7	3.65	NOT_A_LEMMA
akdoğan	7	3.65	MANUAL_BLOCK
atarlar	7	3.65	NOT_A_LEMMA
ayağın	6	3.65	NOT_A_LEMMA
ayısı	5	3.65	NOT_A_LEMMA
aşar	4	3.65	VERB_FORM
baskıcı	7	3.65	NOT_A_LEMMA
basımı	6	3.65	NOT_A_LEMMA
bebe	4	3.65	MANUAL_BLOCK
beşi	4	3.65	NOT_A_LEMMA
bindi	5	3.65	VERB_FORM
bozmaya	7	3.65	NOT_A_LEMMA
bütçeli	7	3.65	NOT_A_LEMMA
büyüyüp	7	3.65	NOT_A_LEMMA
cebeci	6	3.65	MANUAL_BLOCK
dikili	6	3.65	NOT_A_NOUN
dileği	6	3.65	NOT_A_LEMMA
dinde	5	3.65	NOT_A_LEMMA
dinledi	7	3.65	NOT_A_LEMMA
diyip	5	3.65	NOT_A_LEMMA
dokundu	7	3.65	NOT_A_LEMMA
duvarda	7	3.65	NOT_A_LEMMA
duyulur	7	3.65	NOT_A_LEMMA
ellere	6	3.65	NOT_A_LEMMA
eylemin	7	3.65	NOT_A_LEMMA
eşiniz	6	3.65	NOT_A_LEMMA
farksız	7	3.65	NOT_A_LEMMA
figürü	6	3.65	NOT_A_LEMMA
görünse	7	3.65	NOT_A_LEMMA
göçebe	6	3.65	NOT_A_NOUN
gücünde	7	3.65	NOT_A_LEMMA
hesabın	7	3.65	NOT_A_LEMMA
ihanete	7	3.65	NOT_A_LEMMA
ilkeler	7	3.65	NOT_A_LEMMA
imdat	5	3.65	ALSO_OTHER_PART_OF_SPEECH
imzalar	7	3.65	NOT_A_LEMMA
iten	4	3.65	NOT_A_LEMMA
içerden	7	3.65	NOT_A_LEMMA
kabuklu	7	3.65	NOT_A_LEMMA
kalksın	7	3.65	NOT_A_LEMMA
kanım	5	3.65	NOT_A_LEMMA
kazalar	7	3.65	NOT_A_LEMMA
kaçtım	6	3.65	NOT_A_LEMMA
kaçın	5	3.65	NOT_A_LEMMA
kişisi	6	3.65	NOT_A_LEMMA
konmuş	6	3.65	NOT_A_LEMMA
koruyup	7	3.65	NOT_A_LEMMA
kotu	4	3.65	NOT_A_LEMMA
kursuna	7	3.65	NOT_A_LEMMA
kuruma	6	3.65	NOT_A_LEMMA
köleler	7	3.65	NOT_A_LEMMA
köylere	7	3.65	NOT_A_LEMMA
kümesi	6	3.65	NOT_A_LEMMA
maması	6	3.65	NOT_A_LEMMA
mecburi	7	3.65	NOT_A_NOUN
mescidi	7	3.65	NOT_A_LEMMA
milliye	7	3.65	NOT_A_LEMMA
mitingi	7	3.65	NOT_A_LEMMA
motora	6	3.65	NOT_A_LEMMA
nasıldı	7	3.65	NOT_A_LEMMA
paramız	7	3.65	NOT_A_LEMMA
pike	4	3.65	ALSO_OTHER_PART_OF_SPEECH
polatlı	7	3.65	NOT_A_LEMMA
ruha	4	3.65	NOT_A_LEMMA
savunur	7	3.65	NOT_A_LEMMA
service	7	3.65	NOT_A_LEMMA
sevap	5	3.65	ALSO_OTHER_PART_OF_SPEECH
suçum	5	3.65	NOT_A_LEMMA
tanımaz	7	3.65	NOT_A_LEMMA
tanımlı	7	3.65	NOT_A_LEMMA
tatmak	6	3.65	NOT_A_NOUN
tatsız	6	3.65	NOT_A_NOUN
timi	4	3.65	NOT_A_LEMMA
topbaş	6	3.65	MANUAL_BLOCK
tutamaz	7	3.65	NOT_A_LEMMA
tıpta	5	3.65	NOT_A_LEMMA
uyanmak	7	3.65	NOT_A_NOUN
uçaktan	7	3.65	NOT_A_LEMMA
vaaz	4	3.65	TOPIC:religion
vaaz	4	3.65	MANUAL_BLOCK
vakitte	7	3.65	NOT_A_LEMMA
vatanın	7	3.65	NOT_A_LEMMA
verirdi	7	3.65	NOT_A_LEMMA
yemiyor	7	3.65	NOT_A_LEMMA
yolumu	6	3.65	NOT_A_LEMMA
zemini	6	3.65	NOT_A_LEMMA
çarşısı	7	3.65	NOT_A_LEMMA
çıkmam	6	3.65	NOT_A_LEMMA
ölürüz	6	3.65	NOT_A_LEMMA
ömrüm	5	3.65	NOT_A_LEMMA
öyküler	7	3.65	NOT_A_LEMMA
ısıl	4	3.65	NOT_A_NOUN
şanssız	7	3.65	NOT_A_LEMMA
şurası	6	3.65	NOT_A_LEMMA
adadaki	7	3.64	NOT_A_LEMMA
ailemin	7	3.64	NOT_A_LEMMA
aileniz	7	3.64	NOT_A_LEMMA
alaca	5	3.64	ALSO_OTHER_PART_OF_SPEECH
alıştım	7	3.64	NOT_A_LEMMA
anlatıp	7	3.64	NOT_A_LEMMA
araziyi	7	3.64	NOT_A_LEMMA
aslanı	6	3.64	NOT_A_LEMMA
ateşte	6	3.64	NOT_A_LEMMA
atmıştı	7	3.64	NOT_A_LEMMA
attığın	7	3.64	NOT_A_LEMMA
bankada	7	3.64	NOT_A_LEMMA
barolar	7	3.64	NOT_A_LEMMA
basıldı	7	3.64	NOT_A_LEMMA
batmış	6	3.64	NOT_A_LEMMA
batıdan	7	3.64	NOT_A_LEMMA
belaya	6	3.64	NOT_A_LEMMA
beyinde	7	3.64	NOT_A_LEMMA
bilmiş	6	3.64	NOT_A_LEMMA
bozacak	7	3.64	NOT_A_LEMMA
boğuldu	7	3.64	NOT_A_LEMMA
boşta	5	3.64	NOT_A_LEMMA
buruk	5	3.64	ALSO_OTHER_PART_OF_SPEECH
buymuş	6	3.64	NOT_A_LEMMA
derdini	7	3.64	NOT_A_LEMMA
dileğim	7	3.64	NOT_A_LEMMA
durmayı	7	3.64	NOT_A_LEMMA
düşüşü	6	3.64	NOT_A_LEMMA
edinmiş	7	3.64	NOT_A_LEMMA
elektro	7	3.64	MANUAL_BLOCK
emici	5	3.64	NOT_A_LEMMA
ensest	6	3.64	MANUAL_BLOCK
erin	4	3.64	NOT_A_LEMMA
esaret	6	3.64	TOPIC:crime
eşleşme	7	3.64	NOT_A_LEMMA
gelinin	7	3.64	NOT_A_LEMMA
görsen	6	3.64	NOT_A_LEMMA
görürse	7	3.64	NOT_A_LEMMA
götü	4	3.64	NOT_A_LEMMA
güçte	5	3.64	NOT_A_LEMMA
hatasız	7	3.64	NOT_A_LEMMA
hepatit	7	3.64	MANUAL_BLOCK
ilgini	6	3.64	NOT_A_LEMMA
ille	4	3.64	NOT_A_NOUN
inceler	7	3.64	NOT_A_LEMMA
işlemin	7	3.64	NOT_A_LEMMA
jale	4	3.64	MANUAL_BLOCK
kaka	4	3.64	ALSO_OTHER_PART_OF_SPEECH
katma	5	3.64	NOT_A_LEMMA
katın	5	3.64	NOT_A_LEMMA
kayması	7	3.64	NOT_A_LEMMA
kayyum	6	3.64	MANUAL_BLOCK
kimsede	7	3.64	NOT_A_LEMMA
kokular	7	3.64	NOT_A_LEMMA
kuralım	7	3.64	NOT_A_LEMMA
kurtul	6	3.64	NOT_A_LEMMA
lokal	5	3.64	ALSO_OTHER_PART_OF_SPEECH
makro	5	3.64	NOT_A_NOUN
maymunu	7	3.64	NOT_A_LEMMA
mağduru	7	3.64	NOT_A_LEMMA
melisa	6	3.64	MANUAL_BLOCK
müzenin	7	3.64	NOT_A_LEMMA
okunuşu	7	3.64	NOT_A_LEMMA
oyunla	6	3.64	NOT_A_LEMMA
pastayı	7	3.64	NOT_A_LEMMA
rejime	6	3.64	NOT_A_LEMMA
reyhan	6	3.64	MANUAL_BLOCK
role	4	3.64	NOT_A_LEMMA
saydam	6	3.64	ALSO_OTHER_PART_OF_SPEECH
sayıyor	7	3.64	NOT_A_LEMMA
seçiyor	7	3.64	NOT_A_LEMMA
solu	4	3.64	NOT_A_LEMMA
sorduğu	7	3.64	NOT_A_LEMMA
strese	6	3.64	NOT_A_LEMMA
sözlere	7	3.64	NOT_A_LEMMA
tanısı	6	3.64	NOT_A_LEMMA
tatilin	7	3.64	NOT_A_LEMMA
trenle	6	3.64	NOT_A_LEMMA
ulusu	5	3.64	NOT_A_LEMMA
umutlu	6	3.64	NOT_A_LEMMA
usulüne	7	3.64	NOT_A_LEMMA
utandım	7	3.64	NOT_A_LEMMA
uyarak	6	3.64	NOT_A_LEMMA
vahşet	6	3.64	MANUAL_BLOCK
videoya	7	3.64	NOT_A_LEMMA
vücudum	7	3.64	NOT_A_LEMMA
yakıcı	6	3.64	NOT_A_LEMMA
yazmam	6	3.64	NOT_A_LEMMA
yağdı	5	3.64	NOT_A_LEMMA
yemedim	7	3.64	NOT_A_LEMMA
yoklama	7	3.64	NOT_A_LEMMA
yoktun	6	3.64	NOT_A_LEMMA
yolum	5	3.64	NOT_A_LEMMA
yurdun	6	3.64	NOT_A_LEMMA
zevkini	7	3.64	NOT_A_LEMMA
çalmış	6	3.64	NOT_A_LEMMA
çizgide	7	3.64	NOT_A_LEMMA
çocukta	7	3.64	NOT_A_LEMMA
ödedi	5	3.64	NOT_A_LEMMA
öksürük	7	3.64	TOPIC:disease
ölçer	5	3.64	VERB_FORM
özünü	5	3.64	NOT_A_LEMMA
üzdü	4	3.64	NOT_A_LEMMA
şehvet	6	3.64	TOPIC:sexual
şehvet	6	3.64	MANUAL_BLOCK
şifreyi	7	3.64	NOT_A_LEMMA
şoku	4	3.64	NOT_A_LEMMA
adayın	6	3.63	NOT_A_LEMMA
ailecek	7	3.63	NOT_A_NOUN
ailen	5	3.63	NOT_A_LEMMA
akman	5	3.63	NOT_A_NOUN
almışım	7	3.63	NOT_A_LEMMA
andı	4	3.63	NOT_A_LEMMA
anneniz	7	3.63	NOT_A_LEMMA
artıran	7	3.63	NOT_A_LEMMA
ayeti	5	3.63	NOT_A_LEMMA
açarım	6	3.63	NOT_A_LEMMA
açıcı	5	3.63	NOT_A_LEMMA
baskıyı	7	3.63	NOT_A_LEMMA
başımda	7	3.63	NOT_A_LEMMA
binen	5	3.63	NOT_A_LEMMA
bulmam	6	3.63	NOT_A_LEMMA
buysa	5	3.63	NOT_A_LEMMA
canlar	6	3.63	NOT_A_LEMMA
chat	4	3.63	MANUAL_BLOCK
damarı	6	3.63	NOT_A_LEMMA
dememiş	7	3.63	NOT_A_LEMMA
dengi	5	3.63	NOT_A_LEMMA
dininin	7	3.63	NOT_A_LEMMA
dolması	7	3.63	NOT_A_LEMMA
dövdü	5	3.63	NOT_A_LEMMA
döşeme	6	3.63	VERB_FORM
efeler	6	3.63	NOT_A_LEMMA
erişkin	7	3.63	NOT_A_NOUN
etabı	5	3.63	NOT_A_LEMMA
etmede	6	3.63	NOT_A_LEMMA
eğimli	6	3.63	NOT_A_LEMMA
eşimi	5	3.63	NOT_A_LEMMA
görece	6	3.63	NOT_A_NOUN
görmem	6	3.63	NOT_A_LEMMA
gözleme	7	3.63	VERB_FORM
hapsi	5	3.63	NOT_A_LEMMA
harcı	5	3.63	NOT_A_LEMMA
hikayem	7	3.63	NOT_A_LEMMA
hissine	7	3.63	NOT_A_LEMMA
hissini	7	3.63	NOT_A_LEMMA
hukuken	7	3.63	NOT_A_NOUN
iletken	7	3.63	NOT_A_NOUN
iltica	6	3.63	TOPIC:politics
insandı	7	3.63	NOT_A_LEMMA
ithafen	7	3.63	NOT_A_NOUN
içti	4	3.63	NOT_A_LEMMA
işitsel	7	3.63	NOT_A_NOUN
kalpten	7	3.63	NOT_A_LEMMA
kavgayı	7	3.63	NOT_A_LEMMA
kavuşur	7	3.63	NOT_A_LEMMA
kaçırır	7	3.63	NOT_A_LEMMA
kiraya	6	3.63	NOT_A_LEMMA
koydun	6	3.63	NOT_A_LEMMA
koşa	4	3.63	NOT_A_NOUN
kuma	4	3.63	INFLECTED_FORM
kurması	7	3.63	NOT_A_LEMMA
kurusu	6	3.63	NOT_A_LEMMA
kurutma	7	3.63	NOT_A_LEMMA
kışla	5	3.63	VERB_FORM
masadan	7	3.63	NOT_A_LEMMA
mekana	6	3.63	NOT_A_LEMMA
memeler	7	3.63	NOT_A_LEMMA
metrede	7	3.63	NOT_A_LEMMA
namaza	6	3.63	NOT_A_LEMMA
nereli	6	3.63	NOT_A_LEMMA
niyetle	7	3.63	NOT_A_LEMMA
nötr	4	3.63	NOT_A_NOUN
pili	4	3.63	NOT_A_LEMMA
rast	4	3.63	ALSO_OTHER_PART_OF_SPEECH
rotası	6	3.63	NOT_A_LEMMA
safiye	6	3.63	NOT_A_LEMMA
sanatta	7	3.63	NOT_A_LEMMA
sette	5	3.63	NOT_A_LEMMA
siteniz	7	3.63	NOT_A_LEMMA
süreyi	6	3.63	NOT_A_LEMMA
tarlada	7	3.63	NOT_A_LEMMA
tarzım	6	3.63	NOT_A_LEMMA
tavanı	6	3.63	NOT_A_LEMMA
tuttuk	6	3.63	NOT_A_LEMMA
ulvi	4	3.63	CIRCUMFLEX
utku	4	3.63	MANUAL_BLOCK
valinin	7	3.63	NOT_A_LEMMA
yakmaya	7	3.63	NOT_A_LEMMA
yatma	5	3.63	NOT_A_LEMMA
yatmış	6	3.63	NOT_A_LEMMA
yerimi	6	3.63	NOT_A_LEMMA
yoruma	6	3.63	NOT_A_LEMMA
zeminde	7	3.63	NOT_A_LEMMA
zümrüt	6	3.63	ALSO_OTHER_PART_OF_SPEECH
çizilen	7	3.63	NOT_A_LEMMA
çizimi	6	3.63	NOT_A_LEMMA
çöpü	4	3.63	NOT_A_LEMMA
çözdüm	6	3.63	NOT_A_LEMMA
ödenen	6	3.63	NOT_A_LEMMA
öldün	5	3.63	NOT_A_LEMMA
öteden	6	3.63	NOT_A_LEMMA
özlemi	6	3.63	NOT_A_LEMMA
şehrini	7	3.63	NOT_A_LEMMA
şeyimiz	7	3.63	NOT_A_LEMMA
şiirde	6	3.63	NOT_A_LEMMA
şişko	5	3.63	NOT_A_NOUN
abur	4	3.62	NOT_A_NOUN
acıyla	6	3.62	NOT_A_LEMMA
ahlaklı	7	3.62	NOT_A_LEMMA
ailemle	7	3.62	NOT_A_LEMMA
alamam	6	3.62	NOT_A_LEMMA
arayı	5	3.62	NOT_A_LEMMA
araştır	7	3.62	NOT_A_LEMMA
arta	4	3.62	NOT_A_LEMMA
asmak	5	3.62	NOT_A_NOUN
ataman	6	3.62	VERB_FORM
atmam	5	3.62	NOT_A_LEMMA
atsız	5	3.62	NOT_A_LEMMA
avına	5	3.62	NOT_A_LEMMA
aşıp	4	3.62	NOT_A_LEMMA
baharda	7	3.62	NOT_A_LEMMA
baharın	7	3.62	NOT_A_LEMMA
ballı	5	3.62	NOT_A_LEMMA
banyosu	7	3.62	NOT_A_LEMMA
bara	4	3.62	INFLECTED_FORM
bayanla	7	3.62	NOT_A_LEMMA
besteci	7	3.62	NOT_A_LEMMA
bildi	5	3.62	NOT_A_LEMMA
bombayı	7	3.62	NOT_A_LEMMA
böreği	6	3.62	NOT_A_LEMMA
büyüdük	7	3.62	NOT_A_LEMMA
cepheye	7	3.62	NOT_A_LEMMA
dekanı	6	3.62	NOT_A_LEMMA
demekti	7	3.62	NOT_A_LEMMA
demen	5	3.62	NOT_A_LEMMA
dengede	7	3.62	NOT_A_LEMMA
dilenci	7	3.62	VERB_FORM
dönerse	7	3.62	NOT_A_LEMMA
ekmeğin	7	3.62	NOT_A_LEMMA
ekseni	6	3.62	NOT_A_LEMMA
enayi	5	3.62	NOT_A_NOUN
eserde	6	3.62	NOT_A_LEMMA
etmeyiz	7	3.62	NOT_A_LEMMA
ettirir	7	3.62	NOT_A_LEMMA
eğik	4	3.62	ALSO_OTHER_PART_OF_SPEECH
faciası	7	3.62	NOT_A_LEMMA
fanatik	7	3.62	NOT_A_NOUN
faresi	6	3.62	NOT_A_LEMMA
firari	6	3.62	CIRCUMFLEX
fırına	6	3.62	NOT_A_LEMMA
fıstığı	7	3.62	NOT_A_LEMMA
galaksi	7	3.62	CIRCUMFLEX
gama	4	3.62	MANUAL_BLOCK
gezer	5	3.62	NOT_A_LEMMA
giyerek	7	3.62	NOT_A_LEMMA
gülerek	7	3.62	NOT_A_LEMMA
haneli	6	3.62	NOT_A_LEMMA
havuzun	7	3.62	NOT_A_LEMMA
hevesli	7	3.62	NOT_A_LEMMA
hileli	6	3.62	NOT_A_LEMMA
hisset	6	3.62	NOT_A_LEMMA
ilişkim	7	3.62	NOT_A_LEMMA
imanın	6	3.62	NOT_A_LEMMA
inanmış	7	3.62	NOT_A_LEMMA
indim	5	3.62	NOT_A_LEMMA
insanca	7	3.62	NOT_A_LEMMA
itme	4	3.62	NOT_A_LEMMA
içermez	7	3.62	NOT_A_LEMMA
jenerik	7	3.62	MANUAL_BLOCK
kalamaz	7	3.62	NOT_A_LEMMA
kalemin	7	3.62	NOT_A_LEMMA
kandıra	7	3.62	NOT_A_LEMMA
kanlar	6	3.62	NOT_A_LEMMA
karının	7	3.62	NOT_A_LEMMA
kayalık	7	3.62	NOT_A_LEMMA
kayar	5	3.62	VERB_FORM
kazma	5	3.62	NOT_A_LEMMA
kaşığı	6	3.62	NOT_A_LEMMA
kebabı	6	3.62	NOT_A_LEMMA
kesesi	6	3.62	NOT_A_LEMMA
keten	5	3.62	ALSO_OTHER_PART_OF_SPEECH
kliniği	7	3.62	NOT_A_LEMMA
kodlar	6	3.62	NOT_A_LEMMA
kontak	6	3.62	ALSO_OTHER_PART_OF_SPEECH
krala	5	3.62	NOT_A_LEMMA
krizin	6	3.62	NOT_A_LEMMA
kuramı	6	3.62	NOT_A_LEMMA
kutunun	7	3.62	NOT_A_LEMMA
kuzeyi	6	3.62	NOT_A_LEMMA
kötüydü	7	3.62	NOT_A_LEMMA
köydeki	7	3.62	NOT_A_LEMMA
kılacak	7	3.62	NOT_A_LEMMA
kızdı	5	3.62	NOT_A_LEMMA
kızıma	6	3.62	NOT_A_LEMMA
lanse	5	3.62	NOT_A_NOUN
ligine	6	3.62	NOT_A_LEMMA
lordu	5	3.62	NOT_A_LEMMA
meğerse	7	3.62	NOT_A_NOUN
misli	5	3.62	NOT_A_LEMMA
modelde	7	3.62	NOT_A_LEMMA
mülkü	5	3.62	NOT_A_LEMMA
nankör	6	3.62	NOT_A_NOUN
nuru	4	3.62	NOT_A_LEMMA
odamız	6	3.62	NOT_A_LEMMA
otlar	5	3.62	NOT_A_LEMMA
otoyolu	7	3.62	NOT_A_LEMMA
pala	4	3.62	TOPIC:weapons
salonun	7	3.62	NOT_A_LEMMA
sapı	4	3.62	NOT_A_LEMMA
seküler	7	3.62	NOT_A_NOUN
sevmiş	6	3.62	NOT_A_LEMMA
solunda	7	3.62	NOT_A_LEMMA
sonunun	7	3.62	NOT_A_LEMMA
sunulur	7	3.62	NOT_A_LEMMA
suyuna	6	3.62	NOT_A_LEMMA
sürmesi	7	3.62	NOT_A_LEMMA
tahtı	5	3.62	NOT_A_LEMMA
takipte	7	3.62	NOT_A_LEMMA
tayini	6	3.62	NOT_A_LEMMA
ulaşıp	6	3.62	NOT_A_LEMMA
utanma	6	3.62	NOT_A_LEMMA
uykum	5	3.62	NOT_A_LEMMA
vardın	6	3.62	NOT_A_LEMMA
verem	5	3.62	ALSO_OTHER_PART_OF_SPEECH
verimi	6	3.62	NOT_A_LEMMA
vicdanı	7	3.62	NOT_A_LEMMA
yaktım	6	3.62	NOT_A_LEMMA
yatarak	7	3.62	NOT_A_LEMMA
yayımı	6	3.62	NOT_A_LEMMA
yaşarım	7	3.62	NOT_A_LEMMA
yönetme	7	3.62	NOT_A_LEMMA
yükler	6	3.62	NOT_A_LEMMA
zorluğu	7	3.62	NOT_A_LEMMA
zırhı	5	3.62	NOT_A_LEMMA
çile	4	3.62	VERB_FORM
çokluğu	7	3.62	NOT_A_LEMMA
çıkamaz	7	3.62	NOT_A_LEMMA
öpmeye	6	3.62	NOT_A_LEMMA
şeymiş	6	3.62	NOT_A_LEMMA
şifalar	7	3.62	NOT_A_LEMMA
şoke	4	3.62	NOT_A_NOUN
ailemi	6	3.61	NOT_A_LEMMA
akil	4	3.61	NOT_A_NOUN
akışkan	7	3.61	NOT_A_NOUN
alevler	7	3.61	NOT_A_LEMMA
altının	7	3.61	NOT_A_LEMMA
aramayı	7	3.61	NOT_A_LEMMA
arayla	6	3.61	NOT_A_LEMMA
araçtır	7	3.61	NOT_A_LEMMA
aslını	6	3.61	NOT_A_LEMMA
atların	7	3.61	NOT_A_LEMMA
ağda	4	3.61	INFLECTED_FORM
baksan	6	3.61	NOT_A_LEMMA
bileşen	7	3.61	VERB_FORM
binadan	7	3.61	NOT_A_LEMMA
binde	5	3.61	NOT_A_LEMMA
bizdeki	7	3.61	NOT_A_LEMMA
boyları	7	3.61	NOT_A_LEMMA
boyum	5	3.61	NOT_A_LEMMA
buram	5	3.61	NOT_A_LEMMA
burnum	6	3.61	NOT_A_LEMMA
casino	6	3.61	TOPIC:gambling
cimri	5	3.61	NOT_A_NOUN
cismin	6	3.61	NOT_A_LEMMA
damgası	7	3.61	NOT_A_LEMMA
derleme	7	3.61	NOT_A_LEMMA
dink	4	3.61	MANUAL_BLOCK
doğuran	7	3.61	NOT_A_LEMMA
doğuşu	6	3.61	NOT_A_LEMMA
durağan	7	3.61	NOT_A_NOUN
duydun	6	3.61	NOT_A_LEMMA
döktü	5	3.61	NOT_A_LEMMA
elendi	6	3.61	NOT_A_LEMMA
emme	4	3.61	VERB_FORM
enine	5	3.61	NOT_A_LEMMA
ettikçe	7	3.61	NOT_A_LEMMA
fatiha	6	3.61	TOPIC:religion
gayrı	5	3.61	NOT_A_NOUN
gazla	5	3.61	NOT_A_LEMMA
gelsen	6	3.61	NOT_A_LEMMA
geyiği	6	3.61	NOT_A_LEMMA
göğsünü	7	3.61	NOT_A_LEMMA
gürel	5	3.61	NOT_A_NOUN
güvenim	7	3.61	NOT_A_LEMMA
hadisi	6	3.61	NOT_A_LEMMA
hanıma	6	3.61	NOT_A_LEMMA
harcadı	7	3.61	NOT_A_LEMMA
homojen	7	3.61	NOT_A_NOUN
huysuz	6	3.61	NOT_A_LEMMA
iyiliğe	7	3.61	NOT_A_LEMMA
izinde	6	3.61	NOT_A_LEMMA
izlerim	7	3.61	NOT_A_LEMMA
kaderim	7	3.61	NOT_A_LEMMA
kalkma	6	3.61	NOT_A_LEMMA
kalmam	6	3.61	NOT_A_LEMMA
katiyen	7	3.61	NOT_A_NOUN
kattaki	7	3.61	NOT_A_LEMMA
kentine	7	3.61	NOT_A_LEMMA
kesecek	7	3.61	NOT_A_LEMMA
keserim	7	3.61	NOT_A_LEMMA
kimleri	7	3.61	NOT_A_LEMMA
kitleye	7	3.61	NOT_A_LEMMA
klasiği	7	3.61	NOT_A_LEMMA
korkuyu	7	3.61	NOT_A_LEMMA
koçluk	6	3.61	NOT_A_LEMMA
koçum	5	3.61	NOT_A_LEMMA
kutlar	6	3.61	NOT_A_LEMMA
köprüye	7	3.61	NOT_A_LEMMA
kıpır	5	3.61	NOT_A_NOUN
kırarım	7	3.61	NOT_A_LEMMA
kıymeti	7	3.61	NOT_A_LEMMA
lenin	5	3.61	NOT_A_LEMMA
masayı	6	3.61	NOT_A_LEMMA
mental	6	3.61	NOT_A_NOUN
mücahit	7	3.61	TOPIC:religion
nesnel	6	3.61	NOT_A_NOUN
nominal	7	3.61	ALSO_OTHER_PART_OF_SPEECH
olurda	6	3.61	NOT_A_LEMMA
olurdun	7	3.61	NOT_A_LEMMA
oluş	4	3.61	NOT_A_LEMMA
oturduk	7	3.61	NOT_A_LEMMA
sancağı	7	3.61	NOT_A_LEMMA
satmış	6	3.61	NOT_A_LEMMA
sattığı	7	3.61	NOT_A_LEMMA
saygım	6	3.61	NOT_A_LEMMA
sağında	7	3.61	NOT_A_LEMMA
silindi	7	3.61	NOT_A_LEMMA
sohbete	7	3.61	NOT_A_LEMMA
soyup	5	3.61	NOT_A_LEMMA
sıkışıp	7	3.61	NOT_A_LEMMA
teller	6	3.61	NOT_A_LEMMA
torbalı	7	3.61	NOT_A_LEMMA
tutulma	7	3.61	NOT_A_LEMMA
umarız	6	3.61	NOT_A_LEMMA
umudum	6	3.61	NOT_A_LEMMA
unutur	6	3.61	NOT_A_LEMMA
uyarmak	7	3.61	NOT_A_NOUN
uzadı	5	3.61	NOT_A_LEMMA
uzan	4	3.61	NOT_A_LEMMA
uğrayıp	7	3.61	NOT_A_LEMMA
valiler	7	3.61	NOT_A_LEMMA
varlığa	7	3.61	NOT_A_LEMMA
yakut	5	3.61	ALSO_OTHER_PART_OF_SPEECH
yakılan	7	3.61	NOT_A_LEMMA
yanım	5	3.61	NOT_A_LEMMA
yastığı	7	3.61	NOT_A_LEMMA
yazında	7	3.61	NOT_A_LEMMA
yokluk	6	3.61	NOT_A_LEMMA
yükün	5	3.61	NOT_A_LEMMA
zekice	6	3.61	NOT_A_LEMMA
çaldım	6	3.61	NOT_A_LEMMA
çağırıp	7	3.61	NOT_A_LEMMA
çizgiyi	7	3.61	NOT_A_LEMMA
çukurca	7	3.61	NOT_A_LEMMA
çöküş	5	3.61	NOT_A_LEMMA
çözecek	7	3.61	NOT_A_LEMMA
çözer	5	3.61	NOT_A_LEMMA
öndeki	6	3.61	NOT_A_LEMMA
övgüler	7	3.61	NOT_A_LEMMA
şems	4	3.61	MANUAL_BLOCK
adasına	7	3.60	NOT_A_LEMMA
akşamın	7	3.60	NOT_A_LEMMA
alınmaz	7	3.60	NOT_A_LEMMA
amansız	7	3.60	NOT_A_NOUN
ankette	7	3.60	NOT_A_LEMMA
ararsın	7	3.60	NOT_A_LEMMA
armutlu	7	3.60	NOT_A_LEMMA
avlanma	7	3.60	NOT_A_LEMMA
ayan	4	3.60	ALSO_OTHER_PART_OF_SPEECH
ayağımı	7	3.60	NOT_A_LEMMA
açısına	7	3.60	NOT_A_LEMMA
ağıt	4	3.60	TOPIC:death
basmış	6	3.60	NOT_A_LEMMA
başarır	7	3.60	NOT_A_LEMMA
boşalma	7	3.60	NOT_A_LEMMA
bulaşan	7	3.60	NOT_A_LEMMA
bulutu	6	3.60	NOT_A_LEMMA
damlası	7	3.60	NOT_A_LEMMA
darbeci	7	3.60	NOT_A_LEMMA
dağının	7	3.60	NOT_A_LEMMA
dilli	5	3.60	NOT_A_LEMMA
dolaş	5	3.60	NOT_A_LEMMA
domuzu	6	3.60	NOT_A_LEMMA
dosyada	7	3.60	NOT_A_LEMMA
doğurdu	7	3.60	NOT_A_LEMMA
dövmesi	7	3.60	NOT_A_LEMMA
edenin	6	3.60	NOT_A_LEMMA
edilse	6	3.60	NOT_A_LEMMA
eşiğine	7	3.60	NOT_A_LEMMA
fesat	5	3.60	ALSO_OTHER_PART_OF_SPEECH
filler	6	3.60	NOT_A_LEMMA
formüle	7	3.60	NOT_A_NOUN
gemlik	6	3.60	NOT_A_LEMMA
gezmiş	6	3.60	NOT_A_LEMMA
gidemez	7	3.60	NOT_A_LEMMA
girmem	6	3.60	NOT_A_LEMMA
gitsen	6	3.60	NOT_A_LEMMA
gölgede	7	3.60	NOT_A_LEMMA
görene	6	3.60	NOT_A_LEMMA
gözümüz	7	3.60	NOT_A_LEMMA
hainler	7	3.60	NOT_A_LEMMA
haklara	7	3.60	NOT_A_LEMMA
hedefim	7	3.60	NOT_A_LEMMA
hücreli	7	3.60	NOT_A_LEMMA
hücreye	7	3.60	NOT_A_LEMMA
icadı	5	3.60	NOT_A_LEMMA
ihalesi	7	3.60	NOT_A_LEMMA
ikindi	6	3.60	ALSO_OTHER_PART_OF_SPEECH
iseniz	6	3.60	NOT_A_LEMMA
kalemle	7	3.60	NOT_A_LEMMA
kansere	7	3.60	NOT_A_LEMMA
kaynar	6	3.60	ALSO_OTHER_PART_OF_SPEECH
koştum	6	3.60	NOT_A_LEMMA
kulenin	7	3.60	NOT_A_LEMMA
külliye	7	3.60	MANUAL_BLOCK
kürsüye	7	3.60	NOT_A_LEMMA
kılıfı	6	3.60	NOT_A_LEMMA
kınadı	6	3.60	NOT_A_LEMMA
kırmaya	7	3.60	NOT_A_LEMMA
kısası	6	3.60	NOT_A_LEMMA
makbul	6	3.60	ALSO_OTHER_PART_OF_SPEECH
manada	6	3.60	NOT_A_LEMMA
namına	6	3.60	NOT_A_NOUN
nelerin	7	3.60	NOT_A_LEMMA
nişanı	6	3.60	NOT_A_LEMMA
olasın	6	3.60	NOT_A_LEMMA
onunda	6	3.60	NOT_A_LEMMA
oralara	7	3.60	NOT_A_LEMMA
oranlar	7	3.60	NOT_A_LEMMA
oylar	5	3.60	NOT_A_LEMMA
pastası	7	3.60	NOT_A_LEMMA
pepe	4	3.60	NOT_A_NOUN
radyosu	7	3.60	NOT_A_LEMMA
salgını	7	3.60	NOT_A_LEMMA
sapanca	7	3.60	NOT_A_LEMMA
satırı	6	3.60	NOT_A_LEMMA
saygısı	7	3.60	NOT_A_LEMMA
saçan	5	3.60	NOT_A_LEMMA
senesi	6	3.60	NOT_A_LEMMA
sikini	6	3.60	NOT_A_LEMMA
sizinki	7	3.60	NOT_A_LEMMA
sorguya	7	3.60	NOT_A_LEMMA
sorunla	7	3.60	NOT_A_LEMMA
sürmez	6	3.60	NOT_A_LEMMA
tetikçi	7	3.60	MANUAL_BLOCK
tombul	6	3.60	NOT_A_NOUN
törene	6	3.60	NOT_A_LEMMA
uzat	4	3.60	NOT_A_LEMMA
uçucu	5	3.60	NOT_A_LEMMA
varoluş	7	3.60	VERB_FORM
vefatı	6	3.60	NOT_A_LEMMA
verinin	7	3.60	NOT_A_LEMMA
vizyonu	7	3.60	NOT_A_LEMMA
yanları	7	3.60	NOT_A_LEMMA
yapanın	7	3.60	NOT_A_LEMMA
yarayı	6	3.60	NOT_A_LEMMA
yazdık	6	3.60	NOT_A_LEMMA
yağlar	6	3.60	NOT_A_LEMMA
yemesi	6	3.60	NOT_A_LEMMA
yenice	6	3.60	NOT_A_LEMMA
yufka	5	3.60	ALSO_OTHER_PART_OF_SPEECH
çalacak	7	3.60	VERB_FORM
çarmıha	7	3.60	NOT_A_LEMMA
çileden	7	3.60	NOT_A_LEMMA
çizme	5	3.60	VERB_FORM
çürümüş	7	3.60	NOT_A_LEMMA
örnekte	7	3.60	NOT_A_LEMMA
öğret	5	3.60	NOT_A_LEMMA
şaşkına	7	3.60	NOT_A_LEMMA
şunlara	7	3.60	NOT_A_LEMMA
acıma	5	3.59	NOT_A_LEMMA
aldırış	7	3.59	NOT_A_LEMMA
alenen	6	3.59	NOT_A_NOUN
allan	5	3.59	NOT_A_LEMMA
alırsan	7	3.59	NOT_A_LEMMA
annemiz	7	3.59	NOT_A_LEMMA
anılır	6	3.59	NOT_A_LEMMA
açmadan	7	3.59	NOT_A_LEMMA
açsın	5	3.59	NOT_A_LEMMA
açıktı	6	3.59	NOT_A_LEMMA
ağzım	5	3.59	NOT_A_LEMMA
babana	6	3.59	NOT_A_LEMMA
babayı	6	3.59	NOT_A_LEMMA
bağır	5	3.59	VERB_FORM
berke	5	3.59	NOT_A_LEMMA
bilelim	7	3.59	NOT_A_LEMMA
bilse	5	3.59	NOT_A_LEMMA
birimin	7	3.59	NOT_A_LEMMA
bloke	5	3.59	NOT_A_NOUN
camın	5	3.59	NOT_A_LEMMA
canıma	6	3.59	NOT_A_LEMMA
canının	7	3.59	NOT_A_LEMMA
davadan	7	3.59	NOT_A_LEMMA
dağılan	7	3.59	NOT_A_LEMMA
delili	6	3.59	NOT_A_LEMMA
derdine	7	3.59	NOT_A_LEMMA
desenli	7	3.59	NOT_A_LEMMA
dolaşır	7	3.59	NOT_A_LEMMA
doluydu	7	3.59	NOT_A_LEMMA
duymayı	7	3.59	NOT_A_LEMMA
düşler	6	3.59	NOT_A_LEMMA
erişmek	7	3.59	NOT_A_NOUN
ettirme	7	3.59	NOT_A_LEMMA
evinizi	7	3.59	NOT_A_LEMMA
ezbere	6	3.59	NOT_A_NOUN
eğlen	5	3.59	NOT_A_LEMMA
feride	6	3.59	NOT_A_LEMMA
filmle	6	3.59	NOT_A_LEMMA
formatı	7	3.59	NOT_A_LEMMA
füzeler	7	3.59	NOT_A_LEMMA
gelinen	7	3.59	NOT_A_LEMMA
gevrek	6	3.59	ALSO_OTHER_PART_OF_SPEECH
güdümlü	7	3.59	NOT_A_LEMMA
gülün	5	3.59	NOT_A_LEMMA
hayra	5	3.59	NOT_A_LEMMA
hormonu	7	3.59	NOT_A_LEMMA
ikide	5	3.59	NOT_A_LEMMA
ilçeler	7	3.59	NOT_A_LEMMA
infilak	7	3.59	CIRCUMFLEX
ipin	4	3.59	NOT_A_LEMMA
ispatı	6	3.59	NOT_A_LEMMA
itti	4	3.59	NOT_A_LEMMA
izne	4	3.59	NOT_A_LEMMA
işledi	6	3.59	NOT_A_LEMMA
kahire	6	3.59	NOT_A_LEMMA
kalpler	7	3.59	NOT_A_LEMMA
kanayan	7	3.59	NOT_A_LEMMA
kapama	6	3.59	VERB_FORM
kaslar	6	3.59	NOT_A_LEMMA
katarak	7	3.59	NOT_A_LEMMA
katip	5	3.59	CIRCUMFLEX
kavuşan	7	3.59	NOT_A_LEMMA
kayanın	7	3.59	NOT_A_LEMMA
kaçmaz	6	3.59	NOT_A_LEMMA
koçak	5	3.59	NOT_A_NOUN
kuyuya	6	3.59	NOT_A_LEMMA
köyünün	7	3.59	NOT_A_LEMMA
köşeli	6	3.59	NOT_A_LEMMA
kılıklı	7	3.59	NOT_A_LEMMA
kırdın	6	3.59	NOT_A_LEMMA
kırılır	7	3.59	NOT_A_LEMMA
lakaplı	7	3.59	NOT_A_LEMMA
lastiği	7	3.59	NOT_A_LEMMA
marta	5	3.59	NOT_A_LEMMA
muydun	6	3.59	NOT_A_LEMMA
okuduk	6	3.59	NOT_A_LEMMA
olanını	7	3.59	NOT_A_LEMMA
onayını	7	3.59	NOT_A_LEMMA
preston	7	3.59	NOT_A_LEMMA
renksiz	7	3.59	NOT_A_LEMMA
sabret	6	3.59	NOT_A_LEMMA
salladı	7	3.59	NOT_A_LEMMA
saydım	6	3.59	NOT_A_LEMMA
sedan	5	3.59	NOT_A_LEMMA
sena	4	3.59	MANUAL_BLOCK
sikerim	7	3.59	NOT_A_LEMMA
sofrası	7	3.59	NOT_A_LEMMA
soğukta	7	3.59	NOT_A_LEMMA
sporun	6	3.59	NOT_A_LEMMA
stadın	6	3.59	NOT_A_LEMMA
söylese	7	3.59	NOT_A_LEMMA
sürenin	7	3.59	NOT_A_LEMMA
sıçayım	7	3.59	NOT_A_LEMMA
tacize	6	3.59	NOT_A_LEMMA
tahtaya	7	3.59	NOT_A_LEMMA
tanışır	7	3.59	NOT_A_LEMMA
tarafım	7	3.59	NOT_A_LEMMA
temize	6	3.59	NOT_A_LEMMA
tesiri	6	3.59	NOT_A_LEMMA
tutmadı	7	3.59	NOT_A_LEMMA
umudun	6	3.59	NOT_A_LEMMA
unuttuk	7	3.59	NOT_A_LEMMA
uygular	7	3.59	NOT_A_LEMMA
uçağını	7	3.59	NOT_A_LEMMA
uçurtma	7	3.59	NOT_A_LEMMA
veremem	7	3.59	NOT_A_LEMMA
vicdani	7	3.59	CIRCUMFLEX
vokal	5	3.59	ALSO_OTHER_PART_OF_SPEECH
vururum	7	3.59	NOT_A_LEMMA
yakarak	7	3.59	NOT_A_LEMMA
yakınız	7	3.59	NOT_A_LEMMA
yanyana	7	3.59	MANUAL_BLOCK
yayı	4	3.59	NOT_A_LEMMA
yayılma	7	3.59	NOT_A_LEMMA
yemez	5	3.59	NOT_A_LEMMA
yönetti	7	3.59	NOT_A_LEMMA
yörenin	7	3.59	NOT_A_LEMMA
yürüdüm	7	3.59	NOT_A_LEMMA
yıkamak	7	3.59	NOT_A_NOUN
zoru	4	3.59	NOT_A_LEMMA
çevirin	7	3.59	NOT_A_LEMMA
çeçen	5	3.59	NOT_A_LEMMA
öyleyim	7	3.59	NOT_A_LEMMA
öğeler	6	3.59	NOT_A_LEMMA
üstat	5	3.59	ALSO_OTHER_PART_OF_SPEECH
ılıcalı	7	3.59	NOT_A_LEMMA
ıraklı	6	3.59	NOT_A_LEMMA
şapşal	6	3.59	NOT_A_NOUN
şayan	5	3.59	NOT_A_NOUN
şaşırdı	7	3.59	NOT_A_LEMMA
şehadet	7	3.59	MANUAL_BLOCK
şiirsel	7	3.59	NOT_A_LEMMA
şüphesi	7	3.59	NOT_A_LEMMA
akit	4	3.58	ALSO_OTHER_PART_OF_SPEECH
alınmak	7	3.58	NOT_A_NOUN
alırdım	7	3.58	NOT_A_LEMMA
arkama	6	3.58	NOT_A_LEMMA
atarsın	7	3.58	NOT_A_LEMMA
atlayan	7	3.58	NOT_A_LEMMA
atıcı	5	3.58	NOT_A_LEMMA
bağını	6	3.58	NOT_A_LEMMA
bezleri	7	3.58	NOT_A_LEMMA
bindim	6	3.58	NOT_A_LEMMA
boyunu	6	3.58	NOT_A_LEMMA
cinler	6	3.58	NOT_A_LEMMA
cüceler	7	3.58	NOT_A_LEMMA
dağdan	6	3.58	NOT_A_LEMMA
demenin	7	3.58	NOT_A_LEMMA
deriden	7	3.58	NOT_A_LEMMA
devler	6	3.58	NOT_A_LEMMA
dizini	6	3.58	NOT_A_LEMMA
doping	6	3.58	MANUAL_BLOCK
dosta	5	3.58	NOT_A_LEMMA
efekti	6	3.58	NOT_A_LEMMA
emiri	5	3.58	NOT_A_LEMMA
erenler	7	3.58	NOT_A_LEMMA
esiyor	6	3.58	NOT_A_LEMMA
ezici	5	3.58	NOT_A_LEMMA
ezip	4	3.58	NOT_A_LEMMA
eşyası	6	3.58	NOT_A_LEMMA
fildişi	7	3.58	ALSO_OTHER_PART_OF_SPEECH
gazın	5	3.58	NOT_A_LEMMA
gere	4	3.58	NOT_A_LEMMA
geçene	6	3.58	NOT_A_LEMMA
haberci	7	3.58	NOT_A_LEMMA
hamlesi	7	3.58	NOT_A_LEMMA
handan	6	3.58	NOT_A_NOUN
ilimler	7	3.58	NOT_A_LEMMA
inanıp	6	3.58	NOT_A_LEMMA
istenir	7	3.58	NOT_A_LEMMA
içiniz	6	3.58	NOT_A_LEMMA
içtiği	6	3.58	NOT_A_LEMMA
işlek	5	3.58	NOT_A_NOUN
işlenir	7	3.58	NOT_A_LEMMA
kafir	5	3.58	ALSO_OTHER_PART_OF_SPEECH
kahveye	7	3.58	NOT_A_LEMMA
kanına	6	3.58	NOT_A_LEMMA
kazayla	7	3.58	NOT_A_LEMMA
kaçtığı	7	3.58	NOT_A_LEMMA
keçisi	6	3.58	NOT_A_LEMMA
kilolu	6	3.58	NOT_A_LEMMA
korkulu	7	3.58	NOT_A_LEMMA
korkuya	7	3.58	NOT_A_LEMMA
koşulu	6	3.58	NOT_A_LEMMA
kötüyüm	7	3.58	NOT_A_LEMMA
lekesi	6	3.58	NOT_A_LEMMA
ligden	6	3.58	NOT_A_LEMMA
macunu	6	3.58	NOT_A_LEMMA
müzeler	7	3.58	NOT_A_LEMMA
nadide	6	3.58	NOT_A_NOUN
naylon	6	3.58	ALSO_OTHER_PART_OF_SPEECH
nebi	4	3.58	MANUAL_BLOCK
neyden	6	3.58	NOT_A_LEMMA
olunuz	6	3.58	NOT_A_LEMMA
oğlanı	6	3.58	NOT_A_LEMMA
poşeti	6	3.58	NOT_A_LEMMA
razıyım	7	3.58	NOT_A_LEMMA
ringe	5	3.58	NOT_A_LEMMA
riskler	7	3.58	NOT_A_LEMMA
saba	4	3.58	MANUAL_BLOCK
sanılan	7	3.58	NOT_A_LEMMA
sanığın	7	3.58	NOT_A_LEMMA
sektöre	7	3.58	NOT_A_LEMMA
semtte	6	3.58	NOT_A_LEMMA
sepet	5	3.58	ALSO_OTHER_PART_OF_SPEECH
sevdik	6	3.58	NOT_A_LEMMA
sokayım	7	3.58	NOT_A_LEMMA
sonraya	7	3.58	NOT_A_LEMMA
sporlar	7	3.58	NOT_A_LEMMA
sütten	6	3.58	NOT_A_LEMMA
sınıra	6	3.58	NOT_A_LEMMA
tanklar	7	3.58	NOT_A_LEMMA
tipini	6	3.58	NOT_A_LEMMA
tuzağı	6	3.58	NOT_A_LEMMA
uydusu	6	3.58	NOT_A_LEMMA
vizesi	6	3.58	NOT_A_LEMMA
vizesiz	7	3.58	NOT_A_LEMMA
vurgun	6	3.58	ALSO_OTHER_PART_OF_SPEECH
vurucu	6	3.58	NOT_A_LEMMA
yala	4	3.58	NOT_A_LEMMA
yansıma	7	3.58	NOT_A_LEMMA
yanıcı	6	3.58	NOT_A_LEMMA
yaşlar	6	3.58	NOT_A_LEMMA
yediniz	7	3.58	NOT_A_LEMMA
yediğin	7	3.58	NOT_A_LEMMA
yürüyün	7	3.58	NOT_A_LEMMA
yürüyüp	7	3.58	NOT_A_LEMMA
yüzümde	7	3.58	NOT_A_LEMMA
yıkıp	5	3.58	NOT_A_LEMMA
zulmü	5	3.58	NOT_A_LEMMA
çağa	4	3.58	VERB_FORM
çetenin	7	3.58	NOT_A_LEMMA
çocukça	7	3.58	NOT_A_NOUN
çoğul	5	3.58	ALSO_OTHER_PART_OF_SPEECH
çıkarız	7	3.58	NOT_A_LEMMA
ölmüştü	7	3.58	NOT_A_LEMMA
önler	5	3.58	NOT_A_LEMMA
üzmek	5	3.58	NOT_A_NOUN
ısısı	5	3.58	NOT_A_LEMMA
şaşmaz	6	3.58	NOT_A_NOUN
şemsi	5	3.58	NOT_A_NOUN
şöleni	6	3.58	NOT_A_LEMMA
adamına	7	3.57	NOT_A_LEMMA
affedin	7	3.57	NOT_A_LEMMA
afişi	5	3.57	NOT_A_LEMMA
alerjik	7	3.57	NOT_A_NOUN
alsan	5	3.57	NOT_A_LEMMA
alırdı	6	3.57	NOT_A_LEMMA
anlayın	7	3.57	NOT_A_LEMMA
asal	4	3.57	NOT_A_NOUN
aslanım	7	3.57	NOT_A_LEMMA
atik	4	3.57	NOT_A_NOUN
ayını	5	3.57	NOT_A_LEMMA
azılı	5	3.57	NOT_A_LEMMA
açarken	7	3.57	NOT_A_LEMMA
aşığı	5	3.57	NOT_A_LEMMA
babalık	7	3.57	NOT_A_LEMMA
bacaklı	7	3.57	NOT_A_LEMMA
bakılır	7	3.57	NOT_A_LEMMA
bastığı	7	3.57	NOT_A_LEMMA
baysal	6	3.57	NOT_A_NOUN
beyazlı	7	3.57	NOT_A_LEMMA
birdir	6	3.57	NOT_A_LEMMA
birşeye	7	3.57	NOT_A_LEMMA
boyası	6	3.57	NOT_A_LEMMA
boydan	6	3.57	NOT_A_LEMMA
bulmayı	7	3.57	NOT_A_LEMMA
büyütme	7	3.57	NOT_A_LEMMA
bıçaklı	7	3.57	NOT_A_LEMMA
caddede	7	3.57	NOT_A_LEMMA
cihazda	7	3.57	NOT_A_LEMMA
dairede	7	3.57	NOT_A_LEMMA
denecek	7	3.57	NOT_A_LEMMA
devresi	7	3.57	NOT_A_LEMMA
duayı	5	3.57	NOT_A_LEMMA
dünyam	6	3.57	NOT_A_LEMMA
erişime	7	3.57	NOT_A_LEMMA
esasına	7	3.57	NOT_A_LEMMA
eşler	5	3.57	NOT_A_LEMMA
fizikçi	7	3.57	NOT_A_LEMMA
gafil	5	3.57	NOT_A_NOUN
gazlı	5	3.57	NOT_A_LEMMA
geçir	5	3.57	NOT_A_LEMMA
göklere	7	3.57	NOT_A_LEMMA
gönen	5	3.57	ALSO_OTHER_PART_OF_SPEECH
götürme	7	3.57	NOT_A_LEMMA
gözünüz	7	3.57	NOT_A_LEMMA
gülüm	5	3.57	NOT_A_LEMMA
gülüp	5	3.57	NOT_A_LEMMA
gürbüz	6	3.57	NOT_A_NOUN
haktan	6	3.57	NOT_A_LEMMA
hançer	6	3.57	TOPIC:weapons
haydut	6	3.57	TOPIC:crime
hesabım	7	3.57	NOT_A_LEMMA
hesapta	7	3.57	NOT_A_LEMMA
ifadeyi	7	3.57	NOT_A_LEMMA
ilginiz	7	3.57	NOT_A_LEMMA
inden	5	3.57	NOT_A_LEMMA
istemi	6	3.57	NOT_A_LEMMA
izlendi	7	3.57	NOT_A_LEMMA
kabarık	7	3.57	NOT_A_NOUN
kahveci	7	3.57	NOT_A_LEMMA
kamyonu	7	3.57	NOT_A_LEMMA
kandan	6	3.57	NOT_A_LEMMA
karda	5	3.57	NOT_A_LEMMA
kavurma	7	3.57	ALSO_OTHER_PART_OF_SPEECH
kavşağı	7	3.57	NOT_A_LEMMA
kaybını	7	3.57	NOT_A_LEMMA
kesime	6	3.57	NOT_A_LEMMA
kokuyu	6	3.57	NOT_A_LEMMA
kolunun	7	3.57	NOT_A_LEMMA
koparıp	7	3.57	NOT_A_LEMMA
korkmak	7	3.57	NOT_A_NOUN
korkun	6	3.57	NOT_A_LEMMA
kutuya	6	3.57	NOT_A_LEMMA
köyünü	6	3.57	NOT_A_LEMMA
kült	4	3.57	TOPIC:religion
küpü	4	3.57	NOT_A_LEMMA
küstah	6	3.57	NOT_A_NOUN
kılınan	7	3.57	NOT_A_LEMMA
kısmın	6	3.57	NOT_A_LEMMA
kızlık	6	3.57	NOT_A_LEMMA
lakabı	6	3.57	NOT_A_LEMMA
lokman	6	3.57	NOT_A_LEMMA
notunu	6	3.57	NOT_A_LEMMA
okçu	4	3.57	NOT_A_LEMMA
omzuna	6	3.57	NOT_A_LEMMA
orucu	5	3.57	NOT_A_LEMMA
pervane	7	3.57	ALSO_OTHER_PART_OF_SPEECH
postası	7	3.57	NOT_A_LEMMA
prostat	7	3.57	MANUAL_BLOCK
rekora	6	3.57	NOT_A_LEMMA
romanda	7	3.57	NOT_A_LEMMA
rüzgara	7	3.57	NOT_A_LEMMA
salman	6	3.57	NOT_A_LEMMA
sarmış	6	3.57	NOT_A_LEMMA
sarılı	6	3.57	NOT_A_LEMMA
satacak	7	3.57	NOT_A_LEMMA
satışta	7	3.57	NOT_A_LEMMA
sokun	5	3.57	NOT_A_LEMMA
sora	4	3.57	NOT_A_LEMMA
sürgüne	7	3.57	NOT_A_LEMMA
süsleme	7	3.57	NOT_A_LEMMA
sıklığı	7	3.57	NOT_A_LEMMA
tarlası	7	3.57	NOT_A_LEMMA
tüketen	7	3.57	NOT_A_LEMMA
tümen	5	3.57	ALSO_OTHER_PART_OF_SPEECH
türe	4	3.57	VERB_FORM
tüyü	4	3.57	NOT_A_LEMMA
ustaca	6	3.57	NOT_A_LEMMA
uyumsuz	7	3.57	NOT_A_LEMMA
uzar	4	3.57	NOT_A_LEMMA
uçuşa	5	3.57	NOT_A_LEMMA
vakfın	6	3.57	NOT_A_LEMMA
yapmama	7	3.57	NOT_A_LEMMA
yarim	5	3.57	NOT_A_LEMMA
yavşak	6	3.57	MANUAL_BLOCK
yazları	7	3.57	NOT_A_LEMMA
yeliz	5	3.57	NOT_A_LEMMA
yenge	5	3.57	ALSO_OTHER_PART_OF_SPEECH
yetişti	7	3.57	NOT_A_LEMMA
yetkiye	7	3.57	NOT_A_LEMMA
yönetir	7	3.57	NOT_A_LEMMA
yöresi	6	3.57	NOT_A_LEMMA
yüzdesi	7	3.57	NOT_A_LEMMA
yüzer	5	3.57	NOT_A_NOUN
yüzyüze	7	3.57	NOT_A_NOUN
yıkmaya	7	3.57	NOT_A_LEMMA
yıkıma	6	3.57	NOT_A_LEMMA
yığını	6	3.57	NOT_A_LEMMA
zihnin	6	3.57	NOT_A_LEMMA
zindan	6	3.57	TOPIC:crime
zorba	5	3.57	NOT_A_NOUN
çakma	5	3.57	ALSO_OTHER_PART_OF_SPEECH
çıkışta	7	3.57	NOT_A_LEMMA
ölesiye	7	3.57	NOT_A_NOUN
ölmemiş	7	3.57	NOT_A_LEMMA
önemine	7	3.57	NOT_A_LEMMA
örgütlü	7	3.57	NOT_A_LEMMA
özeldir	7	3.57	NOT_A_LEMMA
özüne	5	3.57	NOT_A_LEMMA
üzen	4	3.57	NOT_A_LEMMA
affı	4	3.56	NOT_A_LEMMA
ailevi	6	3.56	NOT_A_NOUN
aktı	4	3.56	NOT_A_LEMMA
alandır	7	3.56	NOT_A_LEMMA
asuman	6	3.56	MANUAL_BLOCK
atarız	6	3.56	NOT_A_LEMMA
atletik	7	3.56	NOT_A_NOUN
atılgan	7	3.56	NOT_A_NOUN
aynanın	7	3.56	NOT_A_LEMMA
azimli	6	3.56	NOT_A_LEMMA
açmaz	5	3.56	VERB_FORM
bakmaz	6	3.56	NOT_A_LEMMA
barışık	7	3.56	NOT_A_NOUN
bastır	6	3.56	NOT_A_LEMMA
bayanım	7	3.56	NOT_A_LEMMA
beliren	7	3.56	NOT_A_LEMMA
belleği	7	3.56	NOT_A_LEMMA
beren	5	3.56	NOT_A_LEMMA
beynimi	7	3.56	NOT_A_LEMMA
bildik	6	3.56	NOT_A_NOUN
bölüğü	6	3.56	NOT_A_LEMMA
cemile	6	3.56	ALSO_OTHER_PART_OF_SPEECH
cesedin	7	3.56	NOT_A_LEMMA
darıca	6	3.56	NOT_A_LEMMA
dağılın	7	3.56	NOT_A_LEMMA
dikilen	7	3.56	NOT_A_LEMMA
dildir	6	3.56	NOT_A_LEMMA
duysun	6	3.56	NOT_A_LEMMA
döktüm	6	3.56	NOT_A_LEMMA
eksiği	6	3.56	NOT_A_LEMMA
ekspres	7	3.56	ALSO_OTHER_PART_OF_SPEECH
enfekte	7	3.56	MANUAL_BLOCK
evliyim	7	3.56	NOT_A_LEMMA
fişini	6	3.56	NOT_A_LEMMA
gençken	7	3.56	NOT_A_LEMMA
geçerim	7	3.56	NOT_A_LEMMA
geçeriz	7	3.56	NOT_A_LEMMA
geçilir	7	3.56	NOT_A_LEMMA
gine	4	3.56	NOT_A_NOUN
gökte	5	3.56	NOT_A_LEMMA
gücünüz	7	3.56	NOT_A_LEMMA
günaha	6	3.56	NOT_A_LEMMA
haddi	5	3.56	NOT_A_LEMMA
hakemin	7	3.56	NOT_A_LEMMA
harfli	6	3.56	NOT_A_LEMMA
hicri	5	3.56	NOT_A_NOUN
ilerler	7	3.56	NOT_A_LEMMA
iletir	6	3.56	NOT_A_LEMMA
iletmek	7	3.56	NOT_A_NOUN
ilgim	5	3.56	NOT_A_LEMMA
inanmaz	7	3.56	NOT_A_LEMMA
indiren	7	3.56	NOT_A_LEMMA
isterdi	7	3.56	NOT_A_LEMMA
içeceği	7	3.56	NOT_A_LEMMA
kadardı	7	3.56	NOT_A_LEMMA
kafalar	7	3.56	NOT_A_LEMMA
kafayla	7	3.56	NOT_A_LEMMA
kalırdı	7	3.56	NOT_A_LEMMA
kampın	6	3.56	NOT_A_LEMMA
katır	5	3.56	ALSO_OTHER_PART_OF_SPEECH
kimlere	7	3.56	NOT_A_LEMMA
kimsen	6	3.56	NOT_A_LEMMA
korkum	6	3.56	NOT_A_LEMMA
kupanın	7	3.56	NOT_A_LEMMA
kötüler	7	3.56	NOT_A_LEMMA
küçüğü	6	3.56	NOT_A_LEMMA
kızdır	6	3.56	NOT_A_LEMMA
ligdeki	7	3.56	NOT_A_LEMMA
mezhebi	7	3.56	NOT_A_LEMMA
modele	6	3.56	NOT_A_LEMMA
morali	6	3.56	NOT_A_LEMMA
muhtarı	7	3.56	NOT_A_LEMMA
nehre	5	3.56	NOT_A_LEMMA
okçular	7	3.56	NOT_A_LEMMA
otelden	7	3.56	NOT_A_LEMMA
ovacık	6	3.56	NOT_A_LEMMA
oğlumu	6	3.56	NOT_A_LEMMA
oğluyla	7	3.56	NOT_A_LEMMA
piste	5	3.56	NOT_A_LEMMA
protez	6	3.56	ALSO_OTHER_PART_OF_SPEECH
puşt	4	3.56	ALSO_OTHER_PART_OF_SPEECH
sarar	5	3.56	NOT_A_LEMMA
sendeki	7	3.56	NOT_A_LEMMA
sense	5	3.56	NOT_A_LEMMA
sepeti	6	3.56	NOT_A_LEMMA
serveti	7	3.56	NOT_A_LEMMA
sevin	5	3.56	NOT_A_LEMMA
seçerek	7	3.56	NOT_A_LEMMA
silin	5	3.56	NOT_A_LEMMA
soluğu	6	3.56	NOT_A_LEMMA
tanımam	7	3.56	NOT_A_LEMMA
tanıyıp	7	3.56	NOT_A_LEMMA
tarımın	7	3.56	NOT_A_LEMMA
taşınma	7	3.56	NOT_A_LEMMA
telleri	7	3.56	NOT_A_LEMMA
terslik	7	3.56	NOT_A_LEMMA
tesisin	7	3.56	NOT_A_LEMMA
testine	7	3.56	NOT_A_LEMMA
tire	4	3.56	ALSO_OTHER_PART_OF_SPEECH
tozunu	6	3.56	NOT_A_LEMMA
tırnağa	7	3.56	NOT_A_LEMMA
umutlar	7	3.56	NOT_A_LEMMA
uğradım	7	3.56	NOT_A_LEMMA
vampire	7	3.56	NOT_A_LEMMA
yayma	5	3.56	NOT_A_LEMMA
yayım	5	3.56	INFLECTED_FORM
yağışı	6	3.56	NOT_A_LEMMA
yörede	6	3.56	NOT_A_LEMMA
yıkan	5	3.56	NOT_A_LEMMA
yıkımı	6	3.56	NOT_A_LEMMA
çamura	6	3.56	NOT_A_LEMMA
çizik	5	3.56	ALSO_OTHER_PART_OF_SPEECH
çocuksu	7	3.56	NOT_A_LEMMA
çöküyor	7	3.56	NOT_A_LEMMA
çözücü	6	3.56	NOT_A_LEMMA
öfkeyle	7	3.56	NOT_A_LEMMA
alerji	6	3.55	TOPIC:disease
anneyi	6	3.55	NOT_A_LEMMA
artırma	7	3.55	NOT_A_LEMMA
asık	4	3.55	NOT_A_NOUN
atanır	6	3.55	NOT_A_LEMMA
atomu	5	3.55	NOT_A_LEMMA
azize	5	3.55	INFLECTED_FORM
aşkımı	6	3.55	NOT_A_LEMMA
bakanım	7	3.55	NOT_A_LEMMA
baksam	6	3.55	NOT_A_LEMMA
bala	4	3.55	INFLECTED_FORM
balığa	6	3.55	NOT_A_LEMMA
bambu	5	3.55	ALSO_OTHER_PART_OF_SPEECH
bazısı	6	3.55	NOT_A_NOUN
bağıran	7	3.55	NOT_A_LEMMA
belden	6	3.55	NOT_A_LEMMA
beyazı	6	3.55	NOT_A_LEMMA
beyinli	7	3.55	NOT_A_LEMMA
beyne	5	3.55	NOT_A_LEMMA
bilakis	7	3.55	NOT_A_NOUN
bilme	5	3.55	NOT_A_LEMMA
bilmen	6	3.55	NOT_A_LEMMA
bodur	5	3.55	NOT_A_NOUN
bozguna	7	3.55	NOT_A_LEMMA
burslu	6	3.55	NOT_A_LEMMA
canim	5	3.55	NOT_A_LEMMA
cezai	5	3.55	NOT_A_NOUN
daireye	7	3.55	NOT_A_LEMMA
davulcu	7	3.55	NOT_A_LEMMA
dayandı	7	3.55	NOT_A_LEMMA
deftere	7	3.55	NOT_A_LEMMA
dehşete	7	3.55	NOT_A_LEMMA
derslik	7	3.55	ALSO_OTHER_PART_OF_SPEECH
dikti	5	3.55	NOT_A_LEMMA
diyemez	7	3.55	NOT_A_LEMMA
duyması	7	3.55	NOT_A_LEMMA
dönmedi	7	3.55	NOT_A_LEMMA
dörtlük	7	3.55	ALSO_OTHER_PART_OF_SPEECH
düşüşe	6	3.55	NOT_A_LEMMA
dıştan	6	3.55	NOT_A_NOUN
eğitmek	7	3.55	NOT_A_NOUN
fırçası	7	3.55	NOT_A_LEMMA
gidişle	7	3.55	NOT_A_LEMMA
giyiyor	7	3.55	NOT_A_LEMMA
gözdesi	7	3.55	NOT_A_LEMMA
gülmeye	7	3.55	NOT_A_LEMMA
günüydü	7	3.55	NOT_A_LEMMA
güreşi	6	3.55	NOT_A_LEMMA
hırsı	5	3.55	NOT_A_LEMMA
içilir	6	3.55	NOT_A_LEMMA
karla	5	3.55	NOT_A_LEMMA
karımın	7	3.55	NOT_A_LEMMA
keza	4	3.55	NOT_A_NOUN
kiloluk	7	3.55	NOT_A_LEMMA
kimsesi	7	3.55	NOT_A_LEMMA
komşum	6	3.55	NOT_A_LEMMA
koşul	5	3.55	VERB_FORM
kumaşı	6	3.55	NOT_A_LEMMA
kumlu	5	3.55	NOT_A_LEMMA
latif	5	3.55	NOT_A_NOUN
mantarı	7	3.55	NOT_A_LEMMA
müdürüm	7	3.55	NOT_A_LEMMA
nefreti	7	3.55	NOT_A_LEMMA
nesrin	6	3.55	NOT_A_LEMMA
niyetin	7	3.55	NOT_A_LEMMA
okudun	6	3.55	NOT_A_LEMMA
ovası	5	3.55	NOT_A_LEMMA
parfümü	7	3.55	NOT_A_LEMMA
pilavı	6	3.55	NOT_A_LEMMA
reha	4	3.55	MANUAL_BLOCK
rüyanın	7	3.55	NOT_A_LEMMA
saten	5	3.55	ALSO_OTHER_PART_OF_SPEECH
seriyi	6	3.55	NOT_A_LEMMA
silaha	6	3.55	NOT_A_LEMMA
takıl	5	3.55	NOT_A_LEMMA
tanışan	7	3.55	NOT_A_LEMMA
tespih	6	3.55	MANUAL_BLOCK
usulca	6	3.55	NOT_A_NOUN
uyanış	6	3.55	NOT_A_LEMMA
yanması	7	3.55	NOT_A_LEMMA
yaradan	7	3.55	INFLECTED_FORM
yarin	5	3.55	NOT_A_LEMMA
yassı	5	3.55	NOT_A_NOUN
yağacak	7	3.55	NOT_A_LEMMA
yükümlü	7	3.55	NOT_A_LEMMA
yürüttü	7	3.55	NOT_A_LEMMA
çayını	6	3.55	NOT_A_LEMMA
çağrıda	7	3.55	NOT_A_LEMMA
çağının	7	3.55	NOT_A_LEMMA
çöküp	5	3.55	NOT_A_LEMMA
çöpleri	7	3.55	NOT_A_LEMMA
ölçeği	6	3.55	NOT_A_LEMMA
ölürler	7	3.55	NOT_A_LEMMA
öpüşme	6	3.55	NOT_A_LEMMA
özledik	7	3.55	NOT_A_LEMMA
ücretin	7	3.55	NOT_A_LEMMA
üçünü	5	3.55	NOT_A_LEMMA
adanalı	7	3.54	NOT_A_LEMMA
ailece	6	3.54	NOT_A_LEMMA
akçıl	5	3.54	NOT_A_NOUN
akılcı	6	3.54	NOT_A_LEMMA
almamak	7	3.54	NOT_A_LEMMA
alperen	7	3.54	MANUAL_BLOCK
alsak	5	3.54	NOT_A_LEMMA
alıcısı	7	3.54	NOT_A_LEMMA
alışmak	7	3.54	NOT_A_NOUN
anların	7	3.54	NOT_A_LEMMA
anneni	6	3.54	NOT_A_LEMMA
aradık	6	3.54	NOT_A_LEMMA
atası	5	3.54	NOT_A_LEMMA
ağza	4	3.54	NOT_A_LEMMA
balım	5	3.54	NOT_A_LEMMA
başıboş	7	3.54	NOT_A_NOUN
bedri	5	3.54	NOT_A_LEMMA
beli	4	3.54	NOT_A_NOUN
bitirin	7	3.54	NOT_A_LEMMA
bitter	6	3.54	MANUAL_BLOCK
bişi	4	3.54	MANUAL_BLOCK
burçlar	7	3.54	NOT_A_LEMMA
buse	4	3.54	MANUAL_BLOCK
bütünü	6	3.54	NOT_A_LEMMA
caddeye	7	3.54	NOT_A_LEMMA
delikli	7	3.54	NOT_A_LEMMA
diyeti	6	3.54	NOT_A_LEMMA
dokun	5	3.54	NOT_A_LEMMA
doğusu	6	3.54	NOT_A_LEMMA
dönmem	6	3.54	NOT_A_LEMMA
dörde	5	3.54	NOT_A_LEMMA
düzende	7	3.54	NOT_A_LEMMA
edersem	7	3.54	NOT_A_LEMMA
ekici	5	3.54	NOT_A_LEMMA
ekiple	6	3.54	NOT_A_LEMMA
etin	4	3.54	NOT_A_LEMMA
etmezse	7	3.54	NOT_A_LEMMA
formuna	7	3.54	NOT_A_LEMMA
galibi	6	3.54	NOT_A_LEMMA
gazlar	6	3.54	NOT_A_LEMMA
geriden	7	3.54	NOT_A_LEMMA
geziye	6	3.54	NOT_A_LEMMA
gönlü	5	3.54	NOT_A_LEMMA
güvenip	7	3.54	NOT_A_LEMMA
hücrede	7	3.54	NOT_A_LEMMA
idama	5	3.54	NOT_A_LEMMA
idamı	5	3.54	NOT_A_LEMMA
ilgiyle	7	3.54	NOT_A_LEMMA
inçlik	6	3.54	NOT_A_LEMMA
kalsam	6	3.54	NOT_A_LEMMA
kanatta	7	3.54	NOT_A_LEMMA
kapsülü	7	3.54	NOT_A_LEMMA
karasal	7	3.54	NOT_A_LEMMA
karmaşa	7	3.54	VERB_FORM
kası	4	3.54	NOT_A_LEMMA
kavrama	7	3.54	NOT_A_LEMMA
kazara	6	3.54	NOT_A_NOUN
kaçması	7	3.54	NOT_A_LEMMA
keki	4	3.54	NOT_A_LEMMA
kerede	6	3.54	NOT_A_LEMMA
kokar	5	3.54	NOT_A_LEMMA
konudur	7	3.54	NOT_A_LEMMA
kopar	5	3.54	NOT_A_LEMMA
kursun	6	3.54	NOT_A_LEMMA
kuruşa	6	3.54	NOT_A_LEMMA
kızımı	6	3.54	NOT_A_LEMMA
lanetli	7	3.54	NOT_A_LEMMA
lekeler	7	3.54	NOT_A_LEMMA
linkten	7	3.54	NOT_A_LEMMA
makbule	7	3.54	NOT_A_LEMMA
megan	5	3.54	NOT_A_LEMMA
mektebi	7	3.54	NOT_A_LEMMA
metroda	7	3.54	NOT_A_LEMMA
metrosu	7	3.54	NOT_A_LEMMA
müdahil	7	3.54	NOT_A_NOUN
nemrut	6	3.54	NOT_A_NOUN
nevin	5	3.54	NOT_A_LEMMA
ocakta	6	3.54	NOT_A_LEMMA
ordaki	6	3.54	NOT_A_LEMMA
oynarım	7	3.54	NOT_A_LEMMA
payına	6	3.54	NOT_A_LEMMA
pilotun	7	3.54	NOT_A_LEMMA
psişik	6	3.54	NOT_A_NOUN
rakibe	6	3.54	INFLECTED_FORM
robotu	6	3.54	NOT_A_LEMMA
rolüne	6	3.54	NOT_A_LEMMA
sanır	5	3.54	NOT_A_LEMMA
satayım	7	3.54	NOT_A_LEMMA
sebebin	7	3.54	NOT_A_LEMMA
selamı	6	3.54	NOT_A_LEMMA
sensörü	7	3.54	NOT_A_LEMMA
setinde	7	3.54	NOT_A_LEMMA
silinir	7	3.54	NOT_A_LEMMA
sinsice	7	3.54	NOT_A_LEMMA
sismik	6	3.54	NOT_A_NOUN
soluklu	7	3.54	NOT_A_LEMMA
sonucun	7	3.54	NOT_A_LEMMA
spikeri	7	3.54	NOT_A_LEMMA
sözüyle	7	3.54	NOT_A_LEMMA
süzme	5	3.54	NOT_A_LEMMA
sızma	5	3.54	NOT_A_LEMMA
tamiri	6	3.54	NOT_A_LEMMA
taşıyıp	7	3.54	NOT_A_LEMMA
tepkiyi	7	3.54	NOT_A_LEMMA
tersten	7	3.54	NOT_A_LEMMA
turkuaz	7	3.54	ALSO_OTHER_PART_OF_SPEECH
törenin	7	3.54	NOT_A_LEMMA
ulaştım	7	3.54	NOT_A_LEMMA
unda	4	3.54	NOT_A_LEMMA
uykudan	7	3.54	NOT_A_LEMMA
uyruklu	7	3.54	NOT_A_LEMMA
vaiz	4	3.54	MANUAL_BLOCK
yama	4	3.54	VERB_FORM
yanarak	7	3.54	NOT_A_LEMMA
yanmaz	6	3.54	NOT_A_LEMMA
yapıdır	7	3.54	NOT_A_LEMMA
yapılsa	7	3.54	NOT_A_LEMMA
yatırıp	7	3.54	NOT_A_LEMMA
yolcusu	7	3.54	NOT_A_LEMMA
yıka	4	3.54	NOT_A_LEMMA
yıldıza	7	3.54	NOT_A_LEMMA
zengini	7	3.54	NOT_A_LEMMA
çaya	4	3.54	NOT_A_LEMMA
çekelim	7	3.54	NOT_A_LEMMA
çevreci	7	3.54	NOT_A_LEMMA
çiçeğin	7	3.54	NOT_A_LEMMA
ödediği	7	3.54	NOT_A_LEMMA
öfkesi	6	3.54	NOT_A_LEMMA
ölmedim	7	3.54	NOT_A_LEMMA
ülkeme	6	3.54	NOT_A_LEMMA
üslubu	6	3.54	NOT_A_LEMMA
şehidin	7	3.54	NOT_A_LEMMA
şeması	6	3.54	NOT_A_LEMMA
şerefi	6	3.54	NOT_A_LEMMA
şişesi	6	3.54	NOT_A_LEMMA
şura	4	3.54	CIRCUMFLEX
alimi	5	3.53	NOT_A_LEMMA
annene	6	3.53	NOT_A_LEMMA
arayış	6	3.53	NOT_A_LEMMA
arsız	5	3.53	NOT_A_NOUN
asıldı	6	3.53	NOT_A_LEMMA
ayağıma	7	3.53	NOT_A_LEMMA
aşıksın	7	3.53	NOT_A_LEMMA
barınma	7	3.53	NOT_A_LEMMA
batık	5	3.53	ALSO_OTHER_PART_OF_SPEECH
beşe	4	3.53	NOT_A_LEMMA
bitkin	6	3.53	NOT_A_NOUN
borçlar	7	3.53	NOT_A_LEMMA
boğazın	7	3.53	NOT_A_LEMMA
bulmalı	7	3.53	NOT_A_LEMMA
cevabın	7	3.53	NOT_A_LEMMA
cezalı	6	3.53	NOT_A_LEMMA
cihaza	6	3.53	NOT_A_LEMMA
dedemin	7	3.53	NOT_A_LEMMA
demiri	6	3.53	ALSO_OTHER_PART_OF_SPEECH
derbisi	7	3.53	NOT_A_LEMMA
develi	6	3.53	NOT_A_LEMMA
duasını	7	3.53	NOT_A_LEMMA
durmadı	7	3.53	NOT_A_LEMMA
düello	6	3.53	TOPIC:violence
ekleri	6	3.53	NOT_A_LEMMA
eksikti	7	3.53	NOT_A_LEMMA
emreder	7	3.53	NOT_A_LEMMA
eskiler	7	3.53	NOT_A_LEMMA
ettiyse	7	3.53	NOT_A_LEMMA
evdeyim	7	3.53	NOT_A_LEMMA
evresi	6	3.53	NOT_A_LEMMA
evrimi	6	3.53	NOT_A_LEMMA
eğilip	6	3.53	NOT_A_LEMMA
fail	4	3.53	ALSO_OTHER_PART_OF_SPEECH
faizi	5	3.53	NOT_A_LEMMA
fani	4	3.53	ALSO_OTHER_PART_OF_SPEECH
haberle	7	3.53	NOT_A_LEMMA
halinin	7	3.53	NOT_A_LEMMA
huzurun	7	3.53	NOT_A_LEMMA
hüsrana	7	3.53	NOT_A_LEMMA
ibaresi	7	3.53	NOT_A_LEMMA
iletti	6	3.53	NOT_A_LEMMA
imanı	5	3.53	NOT_A_LEMMA
indirir	7	3.53	NOT_A_LEMMA
isin	4	3.53	NOT_A_LEMMA
kafanda	7	3.53	NOT_A_LEMMA
kafesi	6	3.53	NOT_A_LEMMA
kanıyor	7	3.53	NOT_A_LEMMA
karan	5	3.53	NOT_A_LEMMA
keller	6	3.53	NOT_A_LEMMA
kesimde	7	3.53	NOT_A_LEMMA
koyuldu	7	3.53	NOT_A_LEMMA
koşusu	6	3.53	NOT_A_LEMMA
kurulun	7	3.53	NOT_A_LEMMA
kökünü	6	3.53	NOT_A_LEMMA
köşeyi	6	3.53	NOT_A_LEMMA
köşkü	5	3.53	NOT_A_LEMMA
kılı	4	3.53	NOT_A_LEMMA
kınalı	6	3.53	NOT_A_LEMMA
kıracak	7	3.53	VERB_FORM
lafları	7	3.53	NOT_A_LEMMA
limanda	7	3.53	NOT_A_LEMMA
madenci	7	3.53	NOT_A_LEMMA
marine	6	3.53	NOT_A_NOUN
maçla	5	3.53	NOT_A_LEMMA
mezarın	7	3.53	NOT_A_LEMMA
minare	6	3.53	TOPIC:religion
nedenim	7	3.53	NOT_A_LEMMA
nesneyi	7	3.53	NOT_A_LEMMA
okçuluk	7	3.53	NOT_A_LEMMA
olaydır	7	3.53	NOT_A_LEMMA
oyma	4	3.53	NOT_A_LEMMA
oyum	4	3.53	INFLECTED_FORM
oğlun	5	3.53	NOT_A_LEMMA
perdeyi	7	3.53	NOT_A_LEMMA
safkan	6	3.53	NOT_A_NOUN
sahih	5	3.53	NOT_A_NOUN
sancısı	7	3.53	NOT_A_LEMMA
saymaya	7	3.53	NOT_A_LEMMA
setini	6	3.53	NOT_A_LEMMA
seçecek	7	3.53	NOT_A_LEMMA
sildim	6	3.53	NOT_A_LEMMA
sinden	6	3.53	NOT_A_LEMMA
sitemiz	7	3.53	NOT_A_LEMMA
sonumuz	7	3.53	NOT_A_LEMMA
sorunca	7	3.53	NOT_A_LEMMA
sosa	4	3.53	NOT_A_LEMMA
spiral	6	3.53	ALSO_OTHER_PART_OF_SPEECH
suçüstü	7	3.53	ALSO_OTHER_PART_OF_SPEECH
sözel	5	3.53	NOT_A_NOUN
sürmedi	7	3.53	NOT_A_LEMMA
sıkmak	6	3.53	NOT_A_NOUN
sıkıp	5	3.53	NOT_A_LEMMA
sıvısı	6	3.53	NOT_A_LEMMA
takdiri	7	3.53	NOT_A_LEMMA
tamına	6	3.53	NOT_A_LEMMA
tanığı	6	3.53	NOT_A_LEMMA
tavşanı	7	3.53	NOT_A_LEMMA
taşını	6	3.53	NOT_A_LEMMA
tele	4	3.53	NOT_A_LEMMA
tetikte	7	3.53	NOT_A_LEMMA
trende	6	3.53	NOT_A_LEMMA
tümörü	6	3.53	NOT_A_LEMMA
tıkır	5	3.53	ALSO_OTHER_PART_OF_SPEECH
uncu	4	3.53	NOT_A_LEMMA
uyaran	6	3.53	NOT_A_LEMMA
uygar	5	3.53	NOT_A_NOUN
yamuk	5	3.53	ALSO_OTHER_PART_OF_SPEECH
yatmaya	7	3.53	NOT_A_LEMMA
yaştaki	7	3.53	NOT_A_LEMMA
yıkık	5	3.53	NOT_A_NOUN
zevkine	7	3.53	NOT_A_LEMMA
çakar	5	3.53	VERB_FORM
çekinme	7	3.53	NOT_A_LEMMA
çektin	6	3.53	NOT_A_LEMMA
çizdim	6	3.53	NOT_A_LEMMA
çorak	5	3.53	ALSO_OTHER_PART_OF_SPEECH
çöker	5	3.53	NOT_A_LEMMA
ödedim	6	3.53	NOT_A_LEMMA
öner	4	3.53	NOT_A_LEMMA
ücretle	7	3.53	NOT_A_LEMMA
ümmetin	7	3.53	NOT_A_LEMMA
ünlüdür	7	3.53	NOT_A_LEMMA
üzümlü	6	3.53	NOT_A_LEMMA
üzümü	5	3.53	NOT_A_LEMMA
ısıyı	5	3.53	NOT_A_LEMMA
ışıktan	7	3.53	NOT_A_LEMMA
şeyhi	5	3.53	NOT_A_LEMMA
şişme	5	3.53	NOT_A_LEMMA
şoka	4	3.53	NOT_A_LEMMA
şundan	6	3.53	NOT_A_LEMMA
şurubu	6	3.53	NOT_A_LEMMA
şüphem	6	3.53	NOT_A_LEMMA
abluka	6	3.52	TOPIC:violence
acem	4	3.52	MANUAL_BLOCK
aldatan	7	3.52	NOT_A_LEMMA
alkali	6	3.52	MANUAL_BLOCK
arabam	6	3.52	NOT_A_LEMMA
aromalı	7	3.52	NOT_A_LEMMA
arızalı	7	3.52	NOT_A_LEMMA
aygıtı	6	3.52	NOT_A_LEMMA
ağrılar	7	3.52	NOT_A_LEMMA
aşklar	6	3.52	NOT_A_LEMMA
barı	4	3.52	INFLECTED_FORM
belgede	7	3.52	NOT_A_LEMMA
bileli	6	3.52	NOT_A_LEMMA
bilimci	7	3.52	NOT_A_LEMMA
binek	5	3.52	ALSO_OTHER_PART_OF_SPEECH
bulunsa	7	3.52	NOT_A_LEMMA
buluşan	7	3.52	NOT_A_LEMMA
camiası	7	3.52	NOT_A_LEMMA
cayır	5	3.52	NOT_A_NOUN
cevizli	7	3.52	NOT_A_LEMMA
cinsine	7	3.52	NOT_A_LEMMA
damadın	7	3.52	NOT_A_LEMMA
denmez	6	3.52	NOT_A_LEMMA
dilmen	6	3.52	NOT_A_LEMMA
dolapta	7	3.52	NOT_A_LEMMA
donma	5	3.52	NOT_A_LEMMA
dostça	6	3.52	NOT_A_LEMMA
duyuran	7	3.52	NOT_A_LEMMA
etmekti	7	3.52	NOT_A_LEMMA
evrene	6	3.52	NOT_A_LEMMA
eşime	5	3.52	NOT_A_LEMMA
florya	6	3.52	MANUAL_BLOCK
gani	4	3.52	NOT_A_NOUN
gemiyle	7	3.52	NOT_A_LEMMA
gezdim	6	3.52	NOT_A_LEMMA
giymeye	7	3.52	NOT_A_LEMMA
gizemi	6	3.52	NOT_A_LEMMA
gökmen	6	3.52	NOT_A_NOUN
gölüne	6	3.52	NOT_A_LEMMA
hacimli	7	3.52	NOT_A_LEMMA
hacılar	7	3.52	NOT_A_LEMMA
hatam	5	3.52	NOT_A_LEMMA
helak	5	3.52	CIRCUMFLEX
holden	6	3.52	NOT_A_LEMMA
idiler	6	3.52	NOT_A_LEMMA
ikizi	5	3.52	NOT_A_LEMMA
iletin	6	3.52	NOT_A_LEMMA
içersin	7	3.52	NOT_A_LEMMA
içimize	7	3.52	NOT_A_LEMMA
işgale	6	3.52	NOT_A_LEMMA
kapılı	6	3.52	NOT_A_LEMMA
karin	5	3.52	NOT_A_LEMMA
kasası	6	3.52	NOT_A_LEMMA
kaygan	6	3.52	NOT_A_NOUN
kaçırıp	7	3.52	NOT_A_LEMMA
kiracı	6	3.52	NOT_A_LEMMA
kopuk	5	3.52	NOT_A_NOUN
korkmuş	7	3.52	NOT_A_LEMMA
kuleli	6	3.52	NOT_A_LEMMA
kutular	7	3.52	NOT_A_LEMMA
köprüde	7	3.52	NOT_A_LEMMA
kırıyor	7	3.52	NOT_A_LEMMA
kıtada	6	3.52	NOT_A_LEMMA
kızma	5	3.52	NOT_A_LEMMA
lirayı	6	3.52	NOT_A_LEMMA
masmavi	7	3.52	NOT_A_NOUN
mekiği	6	3.52	NOT_A_LEMMA
memurun	7	3.52	NOT_A_LEMMA
mesaja	6	3.52	NOT_A_LEMMA
mest	4	3.52	ALSO_OTHER_PART_OF_SPEECH
nezih	5	3.52	NOT_A_NOUN
obezite	7	3.52	MANUAL_BLOCK
obsesif	7	3.52	NOT_A_NOUN
ofisine	7	3.52	NOT_A_LEMMA
olaydı	6	3.52	NOT_A_LEMMA
olmadın	7	3.52	NOT_A_LEMMA
oynandı	7	3.52	NOT_A_LEMMA
oğluma	6	3.52	NOT_A_LEMMA
pekala	6	3.52	NOT_A_NOUN
perdesi	7	3.52	NOT_A_LEMMA
planet	6	3.52	MANUAL_BLOCK
polimer	7	3.52	NOT_A_NOUN
rolüyle	7	3.52	NOT_A_LEMMA
ruhuyla	7	3.52	NOT_A_LEMMA
sakalı	6	3.52	NOT_A_LEMMA
sanığı	6	3.52	NOT_A_LEMMA
sarılır	7	3.52	NOT_A_LEMMA
seride	6	3.52	NOT_A_LEMMA
sisli	5	3.52	NOT_A_LEMMA
sonlu	5	3.52	NOT_A_NOUN
sorayım	7	3.52	NOT_A_LEMMA
soruda	6	3.52	NOT_A_LEMMA
sulara	6	3.52	NOT_A_LEMMA
suçlusu	7	3.52	NOT_A_LEMMA
sıkıldı	7	3.52	NOT_A_LEMMA
sırtımı	7	3.52	NOT_A_LEMMA
tadilat	7	3.52	CIRCUMFLEX
tavuğu	6	3.52	NOT_A_LEMMA
tecelli	7	3.52	MANUAL_BLOCK
tetik	5	3.52	ALSO_OTHER_PART_OF_SPEECH
uyacak	6	3.52	NOT_A_LEMMA
uyumam	6	3.52	NOT_A_LEMMA
uçarak	6	3.52	NOT_A_LEMMA
uğraşır	7	3.52	NOT_A_LEMMA
vurdun	6	3.52	NOT_A_LEMMA
yakındı	7	3.52	NOT_A_LEMMA
yakıştı	7	3.52	NOT_A_LEMMA
yapıdan	7	3.52	NOT_A_LEMMA
yazalım	7	3.52	NOT_A_LEMMA
yetkiyi	7	3.52	NOT_A_LEMMA
yürümez	7	3.52	NOT_A_LEMMA
yıkılıp	7	3.52	NOT_A_LEMMA
yılanın	7	3.52	NOT_A_LEMMA
zararın	7	3.52	NOT_A_LEMMA
zarfı	5	3.52	NOT_A_LEMMA
çattı	5	3.52	NOT_A_LEMMA
çekeyim	7	3.52	NOT_A_LEMMA
çilekli	7	3.52	NOT_A_LEMMA
çiziyor	7	3.52	NOT_A_LEMMA
çukura	6	3.52	NOT_A_LEMMA
çöken	5	3.52	NOT_A_LEMMA
çırpıda	7	3.52	NOT_A_LEMMA
öldük	5	3.52	NOT_A_LEMMA
önerir	6	3.52	NOT_A_LEMMA
ücra	4	3.52	NOT_A_NOUN
alimler	7	3.51	NOT_A_LEMMA
almadık	7	3.51	NOT_A_LEMMA
anneden	7	3.51	NOT_A_LEMMA
atarsan	7	3.51	NOT_A_LEMMA
ateşler	7	3.51	NOT_A_LEMMA
açınca	6	3.51	NOT_A_LEMMA
ağını	5	3.51	NOT_A_LEMMA
ağının	6	3.51	NOT_A_LEMMA
aşkta	5	3.51	NOT_A_LEMMA
babamız	7	3.51	NOT_A_LEMMA
bilmeye	7	3.51	NOT_A_LEMMA
biner	5	3.51	NOT_A_NOUN
borular	7	3.51	NOT_A_LEMMA
boğulma	7	3.51	NOT_A_LEMMA
camlar	6	3.51	NOT_A_LEMMA
canımız	7	3.51	NOT_A_LEMMA
daracık	7	3.51	NOT_A_NOUN
dayım	5	3.51	NOT_A_LEMMA
deliğin	7	3.51	NOT_A_LEMMA
derinin	7	3.51	NOT_A_LEMMA
didik	5	3.51	NOT_A_NOUN
dosyaya	7	3.51	NOT_A_LEMMA
doymuş	6	3.51	NOT_A_LEMMA
düzmece	7	3.51	NOT_A_NOUN
edepsiz	7	3.51	NOT_A_LEMMA
ekimi	5	3.51	NOT_A_LEMMA
elçilik	7	3.51	NOT_A_LEMMA
eskimiş	7	3.51	NOT_A_LEMMA
fonda	5	3.51	ALSO_OTHER_PART_OF_SPEECH
geçe	4	3.51	NOT_A_NOUN
gireriz	7	3.51	NOT_A_LEMMA
gitmeme	7	3.51	NOT_A_LEMMA
göller	6	3.51	NOT_A_LEMMA
görüşüm	7	3.51	NOT_A_LEMMA
gözardı	7	3.51	MANUAL_BLOCK
gülsüm	6	3.51	NOT_A_LEMMA
hediyem	7	3.51	NOT_A_LEMMA
hırçın	6	3.51	NOT_A_NOUN
ilmek	5	3.51	ALSO_OTHER_PART_OF_SPEECH
imalatı	7	3.51	NOT_A_LEMMA
inatla	6	3.51	NOT_A_LEMMA
inmeye	6	3.51	NOT_A_LEMMA
istesin	7	3.51	NOT_A_LEMMA
isyancı	7	3.51	NOT_A_LEMMA
içeriğe	7	3.51	NOT_A_LEMMA
içilen	6	3.51	NOT_A_LEMMA
içinin	6	3.51	NOT_A_LEMMA
içleri	6	3.51	NOT_A_LEMMA
içtin	5	3.51	NOT_A_LEMMA
işleten	7	3.51	NOT_A_LEMMA
kabil	5	3.51	NOT_A_NOUN
kahpe	5	3.51	ALSO_OTHER_PART_OF_SPEECH
katıyor	7	3.51	NOT_A_LEMMA
kazayı	6	3.51	NOT_A_LEMMA
kemiğe	6	3.51	NOT_A_LEMMA
kepçe	5	3.51	ALSO_OTHER_PART_OF_SPEECH
komutu	6	3.51	NOT_A_LEMMA
kopuyor	7	3.51	NOT_A_LEMMA
korumuş	7	3.51	NOT_A_LEMMA
korunur	7	3.51	NOT_A_LEMMA
koşma	5	3.51	NOT_A_LEMMA
kursa	5	3.51	NOT_A_LEMMA
kuyusu	6	3.51	NOT_A_LEMMA
köpüklü	7	3.51	NOT_A_LEMMA
kırar	5	3.51	NOT_A_LEMMA
kıyıda	6	3.51	NOT_A_LEMMA
kızar	5	3.51	NOT_A_LEMMA
levhası	7	3.51	NOT_A_LEMMA
markalı	7	3.51	NOT_A_LEMMA
maskeyi	7	3.51	NOT_A_LEMMA
masrafı	7	3.51	NOT_A_LEMMA
memura	6	3.51	NOT_A_LEMMA
mesajla	7	3.51	NOT_A_LEMMA
nargile	7	3.51	TOPIC:tobacco
odam	4	3.51	NOT_A_LEMMA
otursun	7	3.51	NOT_A_LEMMA
paketin	7	3.51	NOT_A_LEMMA
paşanın	7	3.51	NOT_A_LEMMA
rahatım	7	3.51	NOT_A_LEMMA
rencide	7	3.51	NOT_A_NOUN
reçeli	6	3.51	NOT_A_LEMMA
sabotaj	7	3.51	TOPIC:crime
saki	4	3.51	MANUAL_BLOCK
sapkın	6	3.51	NOT_A_NOUN
sunacak	7	3.51	NOT_A_LEMMA
suratı	6	3.51	NOT_A_LEMMA
sıkkın	6	3.51	NOT_A_NOUN
taktığı	7	3.51	NOT_A_LEMMA
teoride	7	3.51	NOT_A_LEMMA
tipinde	7	3.51	NOT_A_LEMMA
trenler	7	3.51	NOT_A_LEMMA
tümünün	7	3.51	NOT_A_LEMMA
tıklım	6	3.51	NOT_A_NOUN
uyanmış	7	3.51	NOT_A_LEMMA
uğrattı	7	3.51	NOT_A_LEMMA
vahdet	6	3.51	MANUAL_BLOCK
vurgusu	7	3.51	NOT_A_LEMMA
yaktın	6	3.51	NOT_A_LEMMA
yanın	5	3.51	NOT_A_LEMMA
yapanı	6	3.51	NOT_A_LEMMA
yaranın	7	3.51	NOT_A_LEMMA
yağda	5	3.51	NOT_A_LEMMA
yollu	5	3.51	NOT_A_LEMMA
yıktı	5	3.51	NOT_A_LEMMA
çeşmesi	7	3.51	NOT_A_LEMMA
çizgiye	7	3.51	NOT_A_LEMMA
çözmüş	6	3.51	NOT_A_LEMMA
çıkarı	6	3.51	NOT_A_LEMMA
ödüm	4	3.51	NOT_A_LEMMA
öpücüğü	7	3.51	NOT_A_LEMMA
öyleydi	7	3.51	NOT_A_LEMMA
ıran	4	3.51	NOT_A_LEMMA
ışıkla	6	3.51	NOT_A_LEMMA
şeyiyle	7	3.51	NOT_A_LEMMA
şoförün	7	3.51	NOT_A_LEMMA
şule	4	3.51	MANUAL_BLOCK
abimin	6	3.50	NOT_A_LEMMA
aceleci	7	3.50	NOT_A_NOUN
acınası	7	3.50	NOT_A_LEMMA
aksak	5	3.50	ALSO_OTHER_PART_OF_SPEECH
alışmış	7	3.50	NOT_A_LEMMA
aramda	6	3.50	NOT_A_LEMMA
askıda	6	3.50	NOT_A_LEMMA
atlara	6	3.50	NOT_A_LEMMA
atmayın	7	3.50	NOT_A_LEMMA
ayrık	5	3.50	ALSO_OTHER_PART_OF_SPEECH
azdı	4	3.50	NOT_A_LEMMA
açtın	5	3.50	NOT_A_LEMMA
açığını	7	3.50	NOT_A_LEMMA
ağası	5	3.50	NOT_A_LEMMA
ağlayıp	7	3.50	NOT_A_LEMMA
ağızlı	6	3.50	NOT_A_LEMMA
bakin	5	3.50	NOT_A_LEMMA
bakir	5	3.50	NOT_A_NOUN
bağırma	7	3.50	NOT_A_LEMMA
beyaza	6	3.50	NOT_A_LEMMA
borsada	7	3.50	NOT_A_LEMMA
bugünde	7	3.50	NOT_A_LEMMA
buldan	6	3.50	NOT_A_LEMMA
canla	5	3.50	NOT_A_LEMMA
dalaman	7	3.50	NOT_A_LEMMA
daldı	5	3.50	NOT_A_LEMMA
delici	6	3.50	NOT_A_LEMMA
deyimi	6	3.50	NOT_A_LEMMA
donuk	5	3.50	NOT_A_NOUN
duyun	5	3.50	NOT_A_LEMMA
dövmek	6	3.50	NOT_A_NOUN
düşkünü	7	3.50	NOT_A_LEMMA
ekimde	6	3.50	NOT_A_LEMMA
elastik	7	3.50	NOT_A_NOUN
elimin	6	3.50	NOT_A_LEMMA
elması	6	3.50	NOT_A_LEMMA
elçin	5	3.50	NOT_A_LEMMA
esere	5	3.50	NOT_A_LEMMA
etseniz	7	3.50	NOT_A_LEMMA
garı	4	3.50	NOT_A_LEMMA
geni	4	3.50	NOT_A_LEMMA
gülle	5	3.50	INFLECTED_FORM
güzide	6	3.50	NOT_A_NOUN
herifin	7	3.50	NOT_A_LEMMA
himmet	6	3.50	MANUAL_BLOCK
ifadeye	7	3.50	NOT_A_LEMMA
illaki	6	3.50	NOT_A_NOUN
imajını	7	3.50	NOT_A_LEMMA
iyiyse	6	3.50	NOT_A_LEMMA
iznini	6	3.50	NOT_A_LEMMA
kabı	4	3.50	NOT_A_LEMMA
kandaki	7	3.50	NOT_A_LEMMA
kanıyla	7	3.50	NOT_A_LEMMA
katları	7	3.50	NOT_A_LEMMA
kattığı	7	3.50	NOT_A_LEMMA
kaydet	6	3.50	NOT_A_LEMMA
kediye	6	3.50	NOT_A_LEMMA
kesilip	7	3.50	NOT_A_LEMMA
kitapla	7	3.50	NOT_A_LEMMA
klas	4	3.50	CIRCUMFLEX
kolun	5	3.50	NOT_A_LEMMA
koyuncu	7	3.50	NOT_A_LEMMA
kriteri	7	3.50	NOT_A_LEMMA
kulun	5	3.50	INFLECTED_FORM
kurala	6	3.50	NOT_A_LEMMA
kurdun	6	3.50	NOT_A_LEMMA
kurgusu	7	3.50	NOT_A_LEMMA
kuvvete	7	3.50	NOT_A_LEMMA
köründe	7	3.50	NOT_A_LEMMA
kıyma	5	3.50	VERB_FORM
mahrem	6	3.50	ALSO_OTHER_PART_OF_SPEECH
medet	5	3.50	ALSO_OTHER_PART_OF_SPEECH
mermisi	7	3.50	NOT_A_LEMMA
metinde	7	3.50	NOT_A_LEMMA
mideye	6	3.50	NOT_A_LEMMA
mumu	4	3.50	NOT_A_LEMMA
mümtaz	6	3.50	NOT_A_NOUN
nabzını	7	3.50	NOT_A_LEMMA
nefsin	6	3.50	NOT_A_LEMMA
ofise	5	3.50	NOT_A_LEMMA
olanla	6	3.50	NOT_A_LEMMA
olmuşsa	7	3.50	NOT_A_LEMMA
perdeye	7	3.50	NOT_A_LEMMA
peşe	4	3.50	NOT_A_LEMMA
pistte	6	3.50	NOT_A_LEMMA
pompası	7	3.50	NOT_A_LEMMA
puanını	7	3.50	NOT_A_LEMMA
puzzle	6	3.50	MANUAL_BLOCK
rezervi	7	3.50	NOT_A_LEMMA
salağı	6	3.50	NOT_A_LEMMA
savaşla	7	3.50	NOT_A_LEMMA
sayemde	7	3.50	NOT_A_LEMMA
sevil	5	3.50	NOT_A_LEMMA
seyri	5	3.50	NOT_A_LEMMA
sözle	5	3.50	NOT_A_LEMMA
sünneti	7	3.50	NOT_A_LEMMA
sürdüm	6	3.50	NOT_A_LEMMA
sıkılan	7	3.50	NOT_A_LEMMA
sıkışan	7	3.50	NOT_A_LEMMA
tabut	5	3.50	TOPIC:death
taksici	7	3.50	NOT_A_LEMMA
tanımış	7	3.50	NOT_A_LEMMA
tavla	5	3.50	VERB_FORM
temini	6	3.50	NOT_A_LEMMA
testin	6	3.50	NOT_A_LEMMA
teyzesi	7	3.50	NOT_A_LEMMA
tezini	6	3.50	NOT_A_LEMMA
tişörtü	7	3.50	NOT_A_LEMMA
turizme	7	3.50	NOT_A_LEMMA
tutarım	7	3.50	NOT_A_LEMMA
unun	4	3.50	NOT_A_LEMMA
uymuyor	7	3.50	NOT_A_LEMMA
uçarken	7	3.50	NOT_A_LEMMA
uçma	4	3.50	NOT_A_LEMMA
uğursuz	7	3.50	NOT_A_LEMMA
vakalar	7	3.50	NOT_A_LEMMA
veliler	7	3.50	NOT_A_LEMMA
verisi	6	3.50	NOT_A_LEMMA
yakınım	7	3.50	NOT_A_LEMMA
yangına	7	3.50	NOT_A_LEMMA
yapsana	7	3.50	NOT_A_LEMMA
yediler	7	3.50	VERB_FORM
yekta	5	3.50	NOT_A_NOUN
yoldaki	7	3.50	NOT_A_LEMMA
yükseğe	7	3.50	NOT_A_LEMMA
yüzmek	6	3.50	NOT_A_NOUN
zekat	5	3.50	CIRCUMFLEX
zülfü	5	3.50	NOT_A_LEMMA
çalışsa	7	3.50	NOT_A_LEMMA
çini	4	3.50	ALSO_OTHER_PART_OF_SPEECH
çökme	5	3.50	NOT_A_LEMMA
çıkmaza	7	3.50	NOT_A_LEMMA
ölsün	5	3.50	NOT_A_LEMMA
şarjı	5	3.50	NOT_A_LEMMA
şüpheye	7	3.50	NOT_A_LEMMA
abinin	6	3.49	NOT_A_LEMMA
adim	4	3.49	NOT_A_LEMMA
almama	6	3.49	NOT_A_LEMMA
araban	6	3.49	INFLECTED_FORM
ayarlı	6	3.49	NOT_A_LEMMA
açılma	6	3.49	NOT_A_LEMMA
ağın	4	3.49	NOT_A_LEMMA
aşkının	7	3.49	NOT_A_LEMMA
barlar	6	3.49	NOT_A_LEMMA
bağırır	7	3.49	NOT_A_LEMMA
beline	6	3.49	NOT_A_LEMMA
besmele	7	3.49	MANUAL_BLOCK
bildin	6	3.49	NOT_A_LEMMA
bilirdi	7	3.49	NOT_A_LEMMA
binlik	6	3.49	ALSO_OTHER_PART_OF_SPEECH
bozmuş	6	3.49	NOT_A_LEMMA
buharlı	7	3.49	NOT_A_LEMMA
bunla	5	3.49	NOT_A_LEMMA
burnuma	7	3.49	NOT_A_LEMMA
cabası	6	3.49	NOT_A_LEMMA
dara	4	3.49	INFLECTED_FORM
davacı	6	3.49	TOPIC:crime
demirin	7	3.49	NOT_A_LEMMA
dertli	6	3.49	NOT_A_LEMMA
değerdi	7	3.49	NOT_A_LEMMA
dizaynı	7	3.49	NOT_A_LEMMA
dolanan	7	3.49	NOT_A_LEMMA
duyuldu	7	3.49	NOT_A_LEMMA
düpedüz	7	3.49	NOT_A_NOUN
ekinci	6	3.49	NOT_A_LEMMA
ekipte	6	3.49	NOT_A_LEMMA
elimiz	6	3.49	NOT_A_LEMMA
eliniz	6	3.49	NOT_A_LEMMA
ersun	5	3.49	NOT_A_LEMMA
etiği	5	3.49	NOT_A_LEMMA
etmeyip	7	3.49	NOT_A_LEMMA
ezilmiş	7	3.49	NOT_A_LEMMA
falı	4	3.49	NOT_A_LEMMA
fars	4	3.49	MANUAL_BLOCK
fazlı	5	3.49	NOT_A_LEMMA
gencim	6	3.49	NOT_A_LEMMA
gitmen	6	3.49	NOT_A_LEMMA
güllü	5	3.49	NOT_A_LEMMA
güreşçi	7	3.49	NOT_A_LEMMA
gıdalar	7	3.49	NOT_A_LEMMA
hamuru	6	3.49	NOT_A_LEMMA
harfini	7	3.49	NOT_A_LEMMA
hiper	5	3.49	NOT_A_NOUN
idareci	7	3.49	NOT_A_LEMMA
ihtilal	7	3.49	CIRCUMFLEX
ikiniz	6	3.49	NOT_A_LEMMA
ilden	5	3.49	NOT_A_LEMMA
ilkin	5	3.49	NOT_A_NOUN
imzayı	6	3.49	NOT_A_LEMMA
incirli	7	3.49	NOT_A_LEMMA
ipleri	6	3.49	NOT_A_LEMMA
istesen	7	3.49	NOT_A_LEMMA
itilaf	6	3.49	CIRCUMFLEX
içinize	7	3.49	NOT_A_LEMMA
kadındı	7	3.49	NOT_A_LEMMA
kalayım	7	3.49	NOT_A_LEMMA
kalpsiz	7	3.49	NOT_A_LEMMA
kaosa	5	3.49	NOT_A_LEMMA
kapsama	7	3.49	NOT_A_LEMMA
kestiği	7	3.49	NOT_A_LEMMA
kupada	6	3.49	NOT_A_LEMMA
kızdım	6	3.49	NOT_A_LEMMA
kışa	4	3.49	NOT_A_LEMMA
lama	4	3.49	INFLECTED_FORM
lineer	6	3.49	NOT_A_NOUN
mantığa	7	3.49	NOT_A_LEMMA
meali	5	3.49	NOT_A_LEMMA
mezarda	7	3.49	NOT_A_LEMMA
mülki	5	3.49	NOT_A_NOUN
oluşunu	7	3.49	NOT_A_LEMMA
oydu	4	3.49	NOT_A_LEMMA
oğlumuz	7	3.49	NOT_A_LEMMA
raporun	7	3.49	NOT_A_LEMMA
regl	4	3.49	MANUAL_BLOCK
sakince	7	3.49	NOT_A_LEMMA
satmayı	7	3.49	NOT_A_LEMMA
sayıp	5	3.49	NOT_A_LEMMA
seksin	6	3.49	NOT_A_LEMMA
sikimde	7	3.49	NOT_A_LEMMA
sondan	6	3.49	NOT_A_LEMMA
sorulur	7	3.49	NOT_A_LEMMA
sulak	5	3.49	ALSO_OTHER_PART_OF_SPEECH
suratlı	7	3.49	NOT_A_LEMMA
tamda	5	3.49	NOT_A_LEMMA
tarife	6	3.49	INFLECTED_FORM
tavrını	7	3.49	NOT_A_LEMMA
tokuş	5	3.49	NOT_A_NOUN
turlar	6	3.49	NOT_A_LEMMA
tutalım	7	3.49	NOT_A_LEMMA
tuşa	4	3.49	NOT_A_LEMMA
tüccarı	7	3.49	NOT_A_LEMMA
tünelin	7	3.49	NOT_A_LEMMA
uyduruk	7	3.49	NOT_A_NOUN
uyup	4	3.49	NOT_A_LEMMA
uzanmış	7	3.49	NOT_A_LEMMA
uzatıp	6	3.49	NOT_A_LEMMA
uzundur	7	3.49	NOT_A_LEMMA
uçmayı	6	3.49	NOT_A_LEMMA
uğraştı	7	3.49	NOT_A_LEMMA
uğurda	6	3.49	NOT_A_LEMMA
vakte	5	3.49	NOT_A_LEMMA
versek	6	3.49	NOT_A_LEMMA
yanmaya	7	3.49	NOT_A_LEMMA
yapış	5	3.49	NOT_A_LEMMA
yaratıp	7	3.49	NOT_A_LEMMA
yarık	5	3.49	ALSO_OTHER_PART_OF_SPEECH
yarıştı	7	3.49	NOT_A_LEMMA
yemekle	7	3.49	NOT_A_LEMMA
yenip	5	3.49	NOT_A_LEMMA
yoklar	6	3.49	NOT_A_LEMMA
yorma	5	3.49	NOT_A_LEMMA
yürüdük	7	3.49	NOT_A_LEMMA
yüzücü	6	3.49	NOT_A_LEMMA
yüzüncü	7	3.49	NOT_A_NOUN
zorlar	6	3.49	NOT_A_LEMMA
çalık	5	3.49	ALSO_OTHER_PART_OF_SPEECH
çamurlu	7	3.49	NOT_A_LEMMA
çantayı	7	3.49	NOT_A_LEMMA
çağırma	7	3.49	NOT_A_LEMMA
çeteler	7	3.49	NOT_A_LEMMA
çölü	4	3.49	NOT_A_LEMMA
çıkmalı	7	3.49	NOT_A_LEMMA
çığlığı	7	3.49	NOT_A_LEMMA
ödeyip	6	3.49	NOT_A_LEMMA
öldüler	7	3.49	NOT_A_LEMMA
ölünün	6	3.49	NOT_A_LEMMA
örgüsü	6	3.49	NOT_A_LEMMA
öylemi	6	3.49	NOT_A_LEMMA
üyenin	6	3.49	NOT_A_LEMMA
ablamın	7	3.48	NOT_A_LEMMA
affeder	7	3.48	NOT_A_LEMMA
akıbeti	7	3.48	NOT_A_LEMMA
akımın	6	3.48	NOT_A_LEMMA
alarma	6	3.48	NOT_A_LEMMA
alçakça	7	3.48	NOT_A_LEMMA
aramış	6	3.48	NOT_A_LEMMA
arısı	5	3.48	NOT_A_LEMMA
asan	4	3.48	NOT_A_LEMMA
asidi	5	3.48	NOT_A_LEMMA
asırlar	7	3.48	NOT_A_LEMMA
ayetler	7	3.48	NOT_A_LEMMA
aylak	5	3.48	NOT_A_NOUN
ayırdım	7	3.48	NOT_A_LEMMA
ayırıcı	7	3.48	NOT_A_LEMMA
açmıştı	7	3.48	NOT_A_LEMMA
açtığım	7	3.48	NOT_A_LEMMA
bahri	5	3.48	ALSO_OTHER_PART_OF_SPEECH
bipolar	7	3.48	NOT_A_NOUN
birsen	6	3.48	NOT_A_LEMMA
bitip	5	3.48	NOT_A_LEMMA
bizce	5	3.48	NOT_A_NOUN
boşu	4	3.48	NOT_A_LEMMA
bölen	5	3.48	NOT_A_LEMMA
dayanma	7	3.48	NOT_A_LEMMA
dağıtma	7	3.48	NOT_A_LEMMA
denedik	7	3.48	NOT_A_LEMMA
dibini	6	3.48	NOT_A_LEMMA
dikmek	6	3.48	NOT_A_NOUN
dokunuş	7	3.48	NOT_A_LEMMA
dondu	5	3.48	NOT_A_LEMMA
doğumda	7	3.48	NOT_A_LEMMA
elebaşı	7	3.48	TOPIC:crime
emaneti	7	3.48	NOT_A_LEMMA
erkekte	7	3.48	NOT_A_LEMMA
esprili	7	3.48	NOT_A_LEMMA
etmeni	6	3.48	NOT_A_LEMMA
etsene	6	3.48	NOT_A_LEMMA
eylülde	7	3.48	NOT_A_LEMMA
formlar	7	3.48	NOT_A_LEMMA
gelirli	7	3.48	NOT_A_LEMMA
gerilme	7	3.48	NOT_A_LEMMA
geçmeli	7	3.48	NOT_A_LEMMA
görseli	7	3.48	NOT_A_LEMMA
görüşen	7	3.48	NOT_A_LEMMA
gülden	6	3.48	NOT_A_LEMMA
gülmeyi	7	3.48	NOT_A_LEMMA
güneyi	6	3.48	NOT_A_LEMMA
halkçı	6	3.48	NOT_A_LEMMA
hana	4	3.48	NOT_A_LEMMA
havzası	7	3.48	NOT_A_LEMMA
hazret	6	3.48	ALSO_OTHER_PART_OF_SPEECH
hocalı	6	3.48	NOT_A_LEMMA
hocaya	6	3.48	NOT_A_LEMMA
hızları	7	3.48	NOT_A_LEMMA
ilçemiz	7	3.48	NOT_A_LEMMA
ipekçi	6	3.48	NOT_A_LEMMA
içerisi	7	3.48	NOT_A_LEMMA
içinizi	7	3.48	NOT_A_LEMMA
kant	4	3.48	MANUAL_BLOCK
kapan	5	3.48	VERB_FORM
keyfin	6	3.48	NOT_A_LEMMA
klibini	7	3.48	NOT_A_LEMMA
kocanın	7	3.48	NOT_A_LEMMA
koyması	7	3.48	NOT_A_LEMMA
külleri	7	3.48	NOT_A_LEMMA
kızda	5	3.48	NOT_A_LEMMA
mayısta	7	3.48	NOT_A_LEMMA
nana	4	3.48	NOT_A_LEMMA
nefesin	7	3.48	NOT_A_LEMMA
okumam	6	3.48	NOT_A_LEMMA
olmuşum	7	3.48	NOT_A_LEMMA
outlook	7	3.48	MANUAL_BLOCK
papazı	6	3.48	NOT_A_LEMMA
prize	5	3.48	NOT_A_LEMMA
rahibi	6	3.48	NOT_A_LEMMA
sabrı	5	3.48	NOT_A_LEMMA
setleri	7	3.48	NOT_A_LEMMA
sikimi	6	3.48	NOT_A_LEMMA
sokarak	7	3.48	NOT_A_LEMMA
sokarım	7	3.48	NOT_A_LEMMA
sopayla	7	3.48	NOT_A_LEMMA
sormadı	7	3.48	NOT_A_LEMMA
soruldu	7	3.48	NOT_A_LEMMA
sunarak	7	3.48	NOT_A_LEMMA
sönük	5	3.48	NOT_A_NOUN
sürülür	7	3.48	NOT_A_LEMMA
sıkıştı	7	3.48	NOT_A_LEMMA
sızmış	6	3.48	NOT_A_LEMMA
tempolu	7	3.48	NOT_A_LEMMA
tepeler	7	3.48	NOT_A_LEMMA
tesiste	7	3.48	NOT_A_LEMMA
testini	7	3.48	NOT_A_LEMMA
tezgahı	7	3.48	NOT_A_LEMMA
tonunu	6	3.48	NOT_A_LEMMA
torbası	7	3.48	NOT_A_LEMMA
torku	5	3.48	NOT_A_LEMMA
tulum	5	3.48	ALSO_OTHER_PART_OF_SPEECH
tutsun	6	3.48	NOT_A_LEMMA
uyumayı	7	3.48	NOT_A_LEMMA
vadinin	7	3.48	NOT_A_LEMMA
yakmış	6	3.48	NOT_A_LEMMA
yanayım	7	3.48	NOT_A_LEMMA
yaydığı	7	3.48	NOT_A_LEMMA
yaylı	5	3.48	NOT_A_LEMMA
yazılıp	7	3.48	NOT_A_LEMMA
yazıyla	7	3.48	NOT_A_LEMMA
yengem	6	3.48	NOT_A_LEMMA
yenilir	7	3.48	NOT_A_LEMMA
yüreğin	7	3.48	NOT_A_LEMMA
çakıcı	6	3.48	NOT_A_LEMMA
çaylar	6	3.48	NOT_A_LEMMA
çekçe	5	3.48	NOT_A_LEMMA
çiller	6	3.48	NOT_A_LEMMA
çizerek	7	3.48	NOT_A_LEMMA
çiğli	5	3.48	NOT_A_LEMMA
çözen	5	3.48	NOT_A_LEMMA
çılgına	7	3.48	NOT_A_LEMMA
ödedik	6	3.48	NOT_A_LEMMA
ölçülü	6	3.48	NOT_A_LEMMA
öven	4	3.48	NOT_A_LEMMA
ürüne	5	3.48	NOT_A_LEMMA
üçlüsü	6	3.48	NOT_A_LEMMA
ırkının	7	3.48	NOT_A_LEMMA
ısıya	5	3.48	NOT_A_LEMMA
şerife	6	3.48	NOT_A_LEMMA
şiirle	6	3.48	NOT_A_LEMMA
şuradan	7	3.48	NOT_A_LEMMA
aktüel	6	3.47	NOT_A_NOUN
ananı	5	3.47	NOT_A_LEMMA
aranır	6	3.47	NOT_A_LEMMA
atıl	4	3.47	NOT_A_NOUN
açıkken	7	3.47	NOT_A_LEMMA
açılı	5	3.47	NOT_A_LEMMA
bahset	6	3.47	NOT_A_LEMMA
balonu	6	3.47	NOT_A_LEMMA
balıklı	7	3.47	NOT_A_LEMMA
bankacı	7	3.47	NOT_A_LEMMA
bağın	5	3.47	INFLECTED_FORM
bedende	7	3.47	NOT_A_LEMMA
benin	5	3.47	NOT_A_LEMMA
camiyi	6	3.47	NOT_A_LEMMA
cemaate	7	3.47	NOT_A_LEMMA
cezanın	7	3.47	NOT_A_LEMMA
cildin	6	3.47	NOT_A_LEMMA
dalmak	6	3.47	NOT_A_NOUN
dalına	6	3.47	NOT_A_LEMMA
dersek	6	3.47	NOT_A_LEMMA
değerde	7	3.47	NOT_A_LEMMA
dişini	6	3.47	NOT_A_LEMMA
durakta	7	3.47	NOT_A_LEMMA
duramaz	7	3.47	NOT_A_LEMMA
edilsin	7	3.47	NOT_A_LEMMA
edindi	6	3.47	NOT_A_LEMMA
elenen	6	3.47	NOT_A_LEMMA
elite	5	3.47	NOT_A_LEMMA
emile	5	3.47	NOT_A_LEMMA
evvela	6	3.47	NOT_A_NOUN
eğil	4	3.47	NOT_A_LEMMA
faslı	5	3.47	NOT_A_LEMMA
faşizme	7	3.47	NOT_A_LEMMA
felci	5	3.47	NOT_A_LEMMA
fuller	6	3.47	NOT_A_LEMMA
gelsem	6	3.47	NOT_A_LEMMA
gireyim	7	3.47	NOT_A_LEMMA
göndere	7	3.47	NOT_A_LEMMA
göğsü	5	3.47	NOT_A_LEMMA
halimi	6	3.47	NOT_A_LEMMA
hilafet	7	3.47	CIRCUMFLEX
iddiayı	7	3.47	NOT_A_LEMMA
ikiden	6	3.47	NOT_A_LEMMA
ildeki	6	3.47	NOT_A_LEMMA
inançla	7	3.47	NOT_A_LEMMA
izleriz	7	3.47	NOT_A_LEMMA
kadehi	6	3.47	NOT_A_LEMMA
kalana	6	3.47	NOT_A_LEMMA
kaptı	5	3.47	NOT_A_LEMMA
kapılıp	7	3.47	NOT_A_LEMMA
karakaş	7	3.47	MANUAL_BLOCK
karlar	6	3.47	NOT_A_LEMMA
kartına	7	3.47	NOT_A_LEMMA
klan	4	3.47	CIRCUMFLEX
kocamın	7	3.47	NOT_A_LEMMA
koldan	6	3.47	NOT_A_LEMMA
konulur	7	3.47	NOT_A_LEMMA
kumluca	7	3.47	NOT_A_LEMMA
kumsal	6	3.47	ALSO_OTHER_PART_OF_SPEECH
körüne	6	3.47	NOT_A_LEMMA
kışlar	6	3.47	NOT_A_LEMMA
metresi	7	3.47	NOT_A_LEMMA
metreyi	7	3.47	NOT_A_LEMMA
moloz	5	3.47	ALSO_OTHER_PART_OF_SPEECH
naklen	6	3.47	NOT_A_NOUN
nevada	6	3.47	NOT_A_LEMMA
olmamın	7	3.47	NOT_A_LEMMA
pamuklu	7	3.47	NOT_A_LEMMA
planım	6	3.47	NOT_A_LEMMA
reddi	5	3.47	NOT_A_LEMMA
renkten	7	3.47	NOT_A_LEMMA
sakinim	7	3.47	NOT_A_LEMMA
savaşma	7	3.47	NOT_A_LEMMA
sertçe	6	3.47	NOT_A_LEMMA
sevmesi	7	3.47	NOT_A_LEMMA
seçmesi	7	3.47	NOT_A_LEMMA
seçtin	6	3.47	NOT_A_LEMMA
sikmeye	7	3.47	NOT_A_LEMMA
söndü	5	3.47	NOT_A_LEMMA
sözünde	7	3.47	NOT_A_LEMMA
süreden	7	3.47	NOT_A_LEMMA
sütünü	6	3.47	NOT_A_LEMMA
sının	5	3.47	NOT_A_LEMMA
takvime	7	3.47	NOT_A_LEMMA
tayyar	6	3.47	NOT_A_NOUN
temalar	7	3.47	NOT_A_LEMMA
tıka	4	3.47	NOT_A_LEMMA
ucube	5	3.47	NOT_A_NOUN
uçuruma	7	3.47	NOT_A_LEMMA
vadide	6	3.47	NOT_A_LEMMA
vurmayı	7	3.47	NOT_A_LEMMA
yakıldı	7	3.47	NOT_A_LEMMA
yapa	4	3.47	NOT_A_LEMMA
yasayla	7	3.47	NOT_A_LEMMA
yağmura	7	3.47	NOT_A_LEMMA
yenecek	7	3.47	NOT_A_LEMMA
yesin	5	3.47	NOT_A_LEMMA
yeten	5	3.47	NOT_A_LEMMA
yorumda	7	3.47	NOT_A_LEMMA
yüzle	5	3.47	NOT_A_LEMMA
yüzmeyi	7	3.47	NOT_A_LEMMA
yıkar	5	3.47	NOT_A_LEMMA
zanlısı	7	3.47	NOT_A_LEMMA
çadırı	6	3.47	NOT_A_LEMMA
çağırın	7	3.47	NOT_A_LEMMA
çekiş	5	3.47	VERB_FORM
çeyreği	7	3.47	NOT_A_LEMMA
ölçülen	7	3.47	NOT_A_LEMMA
ürkek	5	3.47	NOT_A_NOUN
şerifi	6	3.47	NOT_A_LEMMA
adamını	7	3.46	NOT_A_LEMMA
adedi	5	3.46	NOT_A_NOUN
afetler	7	3.46	NOT_A_LEMMA
albayım	7	3.46	NOT_A_LEMMA
anısı	5	3.46	NOT_A_LEMMA
arkamı	6	3.46	NOT_A_LEMMA
astı	4	3.46	NOT_A_LEMMA
atadı	5	3.46	NOT_A_LEMMA
attınız	7	3.46	NOT_A_LEMMA
ayır	4	3.46	NOT_A_LEMMA
aşkımız	7	3.46	NOT_A_LEMMA
aşçılık	7	3.46	NOT_A_LEMMA
balkona	7	3.46	NOT_A_LEMMA
belanı	6	3.46	NOT_A_LEMMA
berkin	6	3.46	NOT_A_LEMMA
besler	6	3.46	NOT_A_LEMMA
boran	5	3.46	INFLECTED_FORM
boşaldı	7	3.46	NOT_A_LEMMA
bulursa	7	3.46	NOT_A_LEMMA
celil	5	3.46	NOT_A_NOUN
cevaben	7	3.46	NOT_A_NOUN
cezaya	6	3.46	NOT_A_LEMMA
dallar	6	3.46	NOT_A_LEMMA
darlığı	7	3.46	NOT_A_LEMMA
dağılır	7	3.46	NOT_A_LEMMA
dingil	6	3.46	ALSO_OTHER_PART_OF_SPEECH
direğe	6	3.46	NOT_A_LEMMA
dolacak	7	3.46	NOT_A_LEMMA
dolaştı	7	3.46	NOT_A_LEMMA
donup	5	3.46	NOT_A_LEMMA
dozu	4	3.46	NOT_A_LEMMA
edildim	7	3.46	NOT_A_LEMMA
edindim	7	3.46	NOT_A_LEMMA
ekleyen	7	3.46	NOT_A_LEMMA
emil	4	3.46	NOT_A_LEMMA
engine	6	3.46	NOT_A_LEMMA
eriyen	6	3.46	NOT_A_LEMMA
esastır	7	3.46	NOT_A_LEMMA
etiler	6	3.46	NOT_A_LEMMA
etmişim	7	3.46	NOT_A_LEMMA
fahriye	7	3.46	INFLECTED_FORM
fikrimi	7	3.46	NOT_A_LEMMA
fişeği	6	3.46	NOT_A_LEMMA
fırını	6	3.46	NOT_A_LEMMA
geçinen	7	3.46	NOT_A_LEMMA
gibime	6	3.46	NOT_A_LEMMA
gidişi	6	3.46	NOT_A_LEMMA
girilir	7	3.46	NOT_A_LEMMA
giyinip	7	3.46	NOT_A_LEMMA
greve	5	3.46	NOT_A_LEMMA
görmeli	7	3.46	NOT_A_LEMMA
görüşüp	7	3.46	NOT_A_LEMMA
götün	5	3.46	NOT_A_NOUN
göğüslü	7	3.46	NOT_A_LEMMA
güldüm	6	3.46	NOT_A_LEMMA
halının	7	3.46	NOT_A_LEMMA
harfle	6	3.46	NOT_A_LEMMA
hassan	6	3.46	NOT_A_LEMMA
iliği	5	3.46	NOT_A_LEMMA
imamın	6	3.46	NOT_A_LEMMA
indik	5	3.46	NOT_A_LEMMA
ipini	5	3.46	NOT_A_LEMMA
ipler	5	3.46	NOT_A_LEMMA
isteğin	7	3.46	NOT_A_LEMMA
işlerim	7	3.46	NOT_A_LEMMA
kablosu	7	3.46	NOT_A_LEMMA
kanında	7	3.46	NOT_A_LEMMA
kayıyor	7	3.46	NOT_A_LEMMA
kestik	6	3.46	NOT_A_LEMMA
kolaydı	7	3.46	NOT_A_LEMMA
korkmam	7	3.46	NOT_A_LEMMA
korktu	6	3.46	NOT_A_LEMMA
koyarız	7	3.46	NOT_A_LEMMA
koyulur	7	3.46	NOT_A_LEMMA
kuram	5	3.46	INFLECTED_FORM
kurudu	6	3.46	NOT_A_LEMMA
kuşlara	7	3.46	NOT_A_LEMMA
kıvrak	6	3.46	ALSO_OTHER_PART_OF_SPEECH
kıymalı	7	3.46	NOT_A_LEMMA
menüsü	6	3.46	NOT_A_LEMMA
metroya	7	3.46	NOT_A_LEMMA
modda	5	3.46	NOT_A_LEMMA
nefese	6	3.46	NOT_A_LEMMA
olmayız	7	3.46	NOT_A_LEMMA
parçala	7	3.46	NOT_A_LEMMA
pastel	6	3.46	ALSO_OTHER_PART_OF_SPEECH
pateni	6	3.46	NOT_A_LEMMA
piller	6	3.46	NOT_A_LEMMA
platon	6	3.46	NOT_A_LEMMA
riskine	7	3.46	NOT_A_LEMMA
ruhsuz	6	3.46	NOT_A_LEMMA
sakının	7	3.46	NOT_A_LEMMA
sallama	7	3.46	NOT_A_LEMMA
salsa	5	3.46	VERB_FORM
sendrom	7	3.46	TOPIC:disease
seneyi	6	3.46	NOT_A_LEMMA
silinen	7	3.46	NOT_A_LEMMA
siyaha	6	3.46	NOT_A_LEMMA
sokmuş	6	3.46	NOT_A_LEMMA
soyun	5	3.46	NOT_A_LEMMA
susar	5	3.46	NOT_A_LEMMA
sıvının	7	3.46	NOT_A_LEMMA
taşının	7	3.46	NOT_A_LEMMA
turun	5	3.46	NOT_A_LEMMA
tüzüğü	6	3.46	NOT_A_LEMMA
ufukta	6	3.46	NOT_A_LEMMA
uyanma	6	3.46	NOT_A_LEMMA
valide	6	3.46	INFLECTED_FORM
varılan	7	3.46	NOT_A_LEMMA
veyahut	7	3.46	NOT_A_NOUN
vurduk	6	3.46	NOT_A_LEMMA
yalama	6	3.46	NOT_A_LEMMA
yalana	6	3.46	NOT_A_LEMMA
yaraşır	7	3.46	NOT_A_NOUN
yağız	5	3.46	NOT_A_NOUN
yaşamam	7	3.46	NOT_A_LEMMA
yenmiş	6	3.46	NOT_A_LEMMA
yüzeyin	7	3.46	NOT_A_LEMMA
yüzüstü	7	3.46	NOT_A_NOUN
çatıya	6	3.46	NOT_A_LEMMA
ödem	4	3.46	TOPIC:disease
öleyim	6	3.46	NOT_A_LEMMA
ölmem	5	3.46	NOT_A_LEMMA
ölüleri	7	3.46	NOT_A_LEMMA
önerin	6	3.46	NOT_A_LEMMA
önleyen	7	3.46	NOT_A_LEMMA
özelde	6	3.46	NOT_A_LEMMA
üyeden	6	3.46	NOT_A_LEMMA
üçgeni	6	3.46	NOT_A_LEMMA
şahsı	5	3.46	NOT_A_LEMMA
şansımı	7	3.46	NOT_A_LEMMA
abuk	4	3.45	NOT_A_NOUN
adımla	6	3.45	NOT_A_LEMMA
aklama	6	3.45	NOT_A_LEMMA
aletini	7	3.45	NOT_A_LEMMA
alkolün	7	3.45	NOT_A_LEMMA
anlaşan	7	3.45	NOT_A_LEMMA
araf	4	3.45	MANUAL_BLOCK
araları	7	3.45	NOT_A_LEMMA
aramız	6	3.45	NOT_A_LEMMA
aranıza	7	3.45	NOT_A_LEMMA
ararsan	7	3.45	NOT_A_LEMMA
asimile	7	3.45	NOT_A_NOUN
asılan	6	3.45	NOT_A_LEMMA
ateşine	7	3.45	NOT_A_LEMMA
atmaca	6	3.45	VERB_FORM
atmanın	7	3.45	NOT_A_LEMMA
atmaz	5	3.45	NOT_A_LEMMA
atım	4	3.45	INFLECTED_FORM
aşınma	6	3.45	NOT_A_LEMMA
beylik	6	3.45	ALSO_OTHER_PART_OF_SPEECH
biniyor	7	3.45	NOT_A_LEMMA
buharı	6	3.45	NOT_A_LEMMA
bulantı	7	3.45	TOPIC:disease
bölünür	7	3.45	NOT_A_LEMMA
canımın	7	3.45	NOT_A_LEMMA
cebe	4	3.45	INFLECTED_FORM
cubur	5	3.45	ALSO_OTHER_PART_OF_SPEECH
deliyim	7	3.45	NOT_A_LEMMA
dertte	6	3.45	NOT_A_LEMMA
duyusal	7	3.45	NOT_A_LEMMA
dökün	5	3.45	NOT_A_LEMMA
döneriz	7	3.45	NOT_A_LEMMA
düzeldi	7	3.45	NOT_A_LEMMA
düğümü	6	3.45	NOT_A_LEMMA
eksenli	7	3.45	NOT_A_LEMMA
elinle	6	3.45	NOT_A_LEMMA
emrin	5	3.45	NOT_A_LEMMA
esnafın	7	3.45	NOT_A_LEMMA
etkinin	7	3.45	NOT_A_LEMMA
eylemci	7	3.45	NOT_A_LEMMA
eğitici	7	3.45	NOT_A_LEMMA
fıkrası	7	3.45	NOT_A_LEMMA
gerzek	6	3.45	NOT_A_NOUN
gezme	5	3.45	NOT_A_LEMMA
gideli	6	3.45	NOT_A_LEMMA
gidemem	7	3.45	NOT_A_LEMMA
gideri	6	3.45	NOT_A_LEMMA
gidildi	7	3.45	NOT_A_LEMMA
girilen	7	3.45	NOT_A_LEMMA
girişin	7	3.45	NOT_A_LEMMA
gribi	5	3.45	NOT_A_LEMMA
gurubu	6	3.45	NOT_A_LEMMA
gözdağı	7	3.45	TOPIC:violence
gözüktü	7	3.45	NOT_A_LEMMA
güvene	6	3.45	NOT_A_LEMMA
halimiz	7	3.45	NOT_A_LEMMA
hapise	6	3.45	NOT_A_LEMMA
hasılat	7	3.45	CIRCUMFLEX
haymana	7	3.45	MANUAL_BLOCK
hazin	5	3.45	NOT_A_NOUN
hesapla	7	3.45	NOT_A_LEMMA
hurdaya	7	3.45	NOT_A_LEMMA
huzurla	7	3.45	NOT_A_LEMMA
ilgilen	7	3.45	NOT_A_LEMMA
ilginin	7	3.45	NOT_A_LEMMA
ilgiye	6	3.45	NOT_A_LEMMA
inandı	6	3.45	NOT_A_LEMMA
insanız	7	3.45	NOT_A_LEMMA
iradeye	7	3.45	NOT_A_LEMMA
içler	5	3.45	NOT_A_LEMMA
iğnesi	6	3.45	NOT_A_LEMMA
işlemez	7	3.45	NOT_A_LEMMA
kanının	7	3.45	NOT_A_LEMMA
katacak	7	3.45	NOT_A_LEMMA
kedim	5	3.45	NOT_A_LEMMA
kemerli	7	3.45	NOT_A_LEMMA
koma	4	3.45	TOPIC:disease
kovdu	5	3.45	NOT_A_LEMMA
krizler	7	3.45	NOT_A_LEMMA
kumu	4	3.45	NOT_A_LEMMA
kutuyu	6	3.45	NOT_A_LEMMA
kınama	6	3.45	NOT_A_LEMMA
mahkumu	7	3.45	NOT_A_LEMMA
mazur	5	3.45	NOT_A_NOUN
mitinge	7	3.45	NOT_A_LEMMA
muamma	6	3.45	ALSO_OTHER_PART_OF_SPEECH
müzikli	7	3.45	NOT_A_LEMMA
nihan	5	3.45	NOT_A_NOUN
oley	4	3.45	NOT_A_NOUN
orduyla	7	3.45	NOT_A_LEMMA
otantik	7	3.45	NOT_A_NOUN
plaja	5	3.45	NOT_A_LEMMA
plakalı	7	3.45	NOT_A_LEMMA
ruhen	5	3.45	NOT_A_NOUN
rulo	4	3.45	ALSO_OTHER_PART_OF_SPEECH
saçının	7	3.45	NOT_A_LEMMA
sağı	4	3.45	INFLECTED_FORM
semtin	6	3.45	NOT_A_LEMMA
sevdası	7	3.45	NOT_A_LEMMA
sevgim	6	3.45	NOT_A_LEMMA
sevme	5	3.45	NOT_A_LEMMA
sildi	5	3.45	NOT_A_LEMMA
spreyi	6	3.45	NOT_A_LEMMA
sıcakta	7	3.45	NOT_A_LEMMA
takıyor	7	3.45	NOT_A_LEMMA
tükenen	7	3.45	NOT_A_LEMMA
tıbbı	5	3.45	NOT_A_LEMMA
unlu	4	3.45	NOT_A_LEMMA
uyarır	6	3.45	NOT_A_LEMMA
uygula	6	3.45	NOT_A_LEMMA
uyun	4	3.45	NOT_A_LEMMA
vermen	6	3.45	NOT_A_LEMMA
vesaire	7	3.45	MANUAL_BLOCK
yasam	5	3.45	NOT_A_LEMMA
yataklı	7	3.45	NOT_A_LEMMA
yazardı	7	3.45	NOT_A_LEMMA
yedili	6	3.45	NOT_A_LEMMA
yetiş	5	3.45	NOT_A_LEMMA
yeşile	6	3.45	NOT_A_LEMMA
yoruldu	7	3.45	NOT_A_LEMMA
yumdu	5	3.45	NOT_A_LEMMA
yurtlar	7	3.45	NOT_A_LEMMA
yuvaya	6	3.45	NOT_A_LEMMA
zammı	5	3.45	NOT_A_LEMMA
çarpmış	7	3.45	NOT_A_LEMMA
çağan	5	3.45	NOT_A_LEMMA
çekeriz	7	3.45	NOT_A_LEMMA
çizmiş	6	3.45	NOT_A_LEMMA
çıkart	6	3.45	NOT_A_LEMMA
ölmeli	6	3.45	NOT_A_LEMMA
ölçen	5	3.45	NOT_A_LEMMA
ömrün	5	3.45	NOT_A_LEMMA
önceye	6	3.45	NOT_A_LEMMA
örtmek	6	3.45	NOT_A_NOUN
öğlene	6	3.45	NOT_A_LEMMA
ülkemde	7	3.45	NOT_A_LEMMA
ümidi	5	3.45	NOT_A_LEMMA
ılıman	6	3.45	NOT_A_NOUN
şarabın	7	3.45	NOT_A_LEMMA
şovun	5	3.45	NOT_A_LEMMA
adlar	5	3.44	NOT_A_LEMMA
aletin	6	3.44	NOT_A_LEMMA
alımına	7	3.44	NOT_A_LEMMA
anlaman	7	3.44	NOT_A_LEMMA
apar	4	3.44	NOT_A_NOUN
apayrı	6	3.44	NOT_A_NOUN
askerde	7	3.44	NOT_A_LEMMA
attan	5	3.44	NOT_A_LEMMA
aynası	6	3.44	NOT_A_LEMMA
ayvacık	7	3.44	NOT_A_LEMMA
azaltan	7	3.44	NOT_A_LEMMA
aşıktır	7	3.44	NOT_A_LEMMA
baskılı	7	3.44	NOT_A_LEMMA
batar	5	3.44	VERB_FORM
battal	6	3.44	NOT_A_NOUN
baygın	6	3.44	NOT_A_NOUN
baylar	6	3.44	NOT_A_LEMMA
başrolü	7	3.44	NOT_A_LEMMA
beladan	7	3.44	NOT_A_LEMMA
bert	4	3.44	NOT_A_LEMMA
beyim	5	3.44	NOT_A_LEMMA
binmiş	6	3.44	NOT_A_LEMMA
birime	6	3.44	NOT_A_LEMMA
botlar	6	3.44	NOT_A_LEMMA
buluşur	7	3.44	NOT_A_LEMMA
ciğeri	6	3.44	NOT_A_LEMMA
dala	4	3.44	NOT_A_LEMMA
defolun	7	3.44	NOT_A_LEMMA
deforme	7	3.44	NOT_A_NOUN
delip	5	3.44	NOT_A_LEMMA
deride	6	3.44	NOT_A_LEMMA
dikip	5	3.44	NOT_A_LEMMA
direnme	7	3.44	NOT_A_LEMMA
diyete	6	3.44	NOT_A_LEMMA
dişin	5	3.44	NOT_A_LEMMA
dostane	7	3.44	NOT_A_NOUN
dostunu	7	3.44	NOT_A_LEMMA
duşta	5	3.44	NOT_A_LEMMA
döven	5	3.44	NOT_A_LEMMA
efektif	7	3.44	MANUAL_BLOCK
eflatun	7	3.44	ALSO_OTHER_PART_OF_SPEECH
emmek	5	3.44	NOT_A_NOUN
feodal	6	3.44	ALSO_OTHER_PART_OF_SPEECH
gazisi	6	3.44	NOT_A_LEMMA
geceydi	7	3.44	NOT_A_LEMMA
görevle	7	3.44	NOT_A_LEMMA
hakimin	7	3.44	NOT_A_LEMMA
hakla	5	3.44	NOT_A_LEMMA
haktır	6	3.44	NOT_A_LEMMA
hatunla	7	3.44	NOT_A_LEMMA
hokeyi	6	3.44	NOT_A_LEMMA
horasan	7	3.44	MANUAL_BLOCK
ilaca	5	3.44	NOT_A_LEMMA
isimden	7	3.44	NOT_A_LEMMA
kambur	6	3.44	ALSO_OTHER_PART_OF_SPEECH
kapımı	6	3.44	NOT_A_LEMMA
kararda	7	3.44	NOT_A_LEMMA
kasımda	7	3.44	NOT_A_LEMMA
katmanı	7	3.44	NOT_A_LEMMA
keleş	5	3.44	NOT_A_NOUN
keyfim	6	3.44	NOT_A_LEMMA
komaya	6	3.44	NOT_A_LEMMA
koroner	7	3.44	NOT_A_NOUN
kırın	5	3.44	NOT_A_NOUN
kışlası	7	3.44	NOT_A_LEMMA
leydi	5	3.44	NOT_A_LEMMA
ligler	6	3.44	NOT_A_LEMMA
maçlık	6	3.44	NOT_A_LEMMA
merakı	6	3.44	NOT_A_LEMMA
modüler	7	3.44	NOT_A_NOUN
namlulu	7	3.44	NOT_A_LEMMA
nikotin	7	3.44	MANUAL_BLOCK
noktalı	7	3.44	NOT_A_LEMMA
olmaktı	7	3.44	NOT_A_LEMMA
onarımı	7	3.44	NOT_A_LEMMA
orasını	7	3.44	NOT_A_LEMMA
otları	6	3.44	NOT_A_LEMMA
oturumu	7	3.44	NOT_A_LEMMA
rene	4	3.44	NOT_A_LEMMA
sayıldı	7	3.44	NOT_A_LEMMA
seferki	7	3.44	NOT_A_LEMMA
sevindi	7	3.44	NOT_A_LEMMA
sevmedi	7	3.44	NOT_A_LEMMA
sineği	6	3.44	NOT_A_LEMMA
soruyla	7	3.44	NOT_A_LEMMA
sudaki	6	3.44	NOT_A_LEMMA
süratle	7	3.44	NOT_A_NOUN
sıtma	5	3.44	TOPIC:disease
tahttan	7	3.44	NOT_A_LEMMA
tiran	5	3.44	ALSO_OTHER_PART_OF_SPEECH
uluslu	6	3.44	NOT_A_LEMMA
umman	5	3.44	VERB_FORM
uyudun	6	3.44	NOT_A_LEMMA
uzaktır	7	3.44	NOT_A_LEMMA
uçtan	5	3.44	NOT_A_LEMMA
uğruyor	7	3.44	NOT_A_LEMMA
vaadi	5	3.44	NOT_A_LEMMA
votka	5	3.44	TOPIC:alcohol
yakarım	7	3.44	NOT_A_LEMMA
yargıcı	7	3.44	NOT_A_LEMMA
yayının	7	3.44	NOT_A_LEMMA
yükleri	7	3.44	NOT_A_LEMMA
çantada	7	3.44	NOT_A_LEMMA
çekince	7	3.44	VERB_FORM
çizmeye	7	3.44	NOT_A_LEMMA
çiçekçi	7	3.44	NOT_A_LEMMA
önümden	7	3.44	NOT_A_LEMMA
örgün	5	3.44	NOT_A_NOUN
öğretme	7	3.44	NOT_A_LEMMA
üçünün	6	3.44	NOT_A_LEMMA
şöhreti	7	3.44	NOT_A_LEMMA
abin	4	3.43	NOT_A_LEMMA
adreste	7	3.43	NOT_A_LEMMA
ahlat	5	3.43	VERB_FORM
aktardı	7	3.43	NOT_A_LEMMA
alakam	6	3.43	NOT_A_LEMMA
altılı	6	3.43	ALSO_OTHER_PART_OF_SPEECH
alındım	7	3.43	NOT_A_LEMMA
artışa	6	3.43	NOT_A_LEMMA
asitler	7	3.43	NOT_A_LEMMA
asırda	6	3.43	NOT_A_LEMMA
ayette	6	3.43	NOT_A_LEMMA
aynalı	6	3.43	NOT_A_LEMMA
ayılar	6	3.43	NOT_A_LEMMA
açığım	6	3.43	NOT_A_LEMMA
aşkıyla	7	3.43	NOT_A_LEMMA
babasız	7	3.43	NOT_A_LEMMA
balesi	6	3.43	NOT_A_LEMMA
belini	6	3.43	NOT_A_LEMMA
belirdi	7	3.43	NOT_A_LEMMA
bireyi	6	3.43	NOT_A_LEMMA
biti	4	3.43	NOT_A_LEMMA
bizimde	7	3.43	NOT_A_LEMMA
botları	7	3.43	NOT_A_LEMMA
boyamak	7	3.43	NOT_A_NOUN
boynuma	7	3.43	NOT_A_LEMMA
brüt	4	3.43	NOT_A_NOUN
büyükse	7	3.43	NOT_A_LEMMA
carla	5	3.43	NOT_A_LEMMA
coşkusu	7	3.43	NOT_A_LEMMA
cılız	5	3.43	NOT_A_NOUN
dağıtır	7	3.43	NOT_A_LEMMA
deliğe	6	3.43	NOT_A_LEMMA
depoya	6	3.43	NOT_A_LEMMA
dereli	6	3.43	NOT_A_LEMMA
derince	7	3.43	NOT_A_LEMMA
dertten	7	3.43	NOT_A_LEMMA
deseni	6	3.43	NOT_A_LEMMA
dinleri	7	3.43	NOT_A_LEMMA
dramı	5	3.43	NOT_A_LEMMA
durarak	7	3.43	NOT_A_LEMMA
durdur	6	3.43	NOT_A_LEMMA
ekleyip	7	3.43	NOT_A_LEMMA
esnafa	6	3.43	NOT_A_LEMMA
eteğini	7	3.43	NOT_A_LEMMA
eğilmez	7	3.43	NOT_A_LEMMA
gezmeyi	7	3.43	NOT_A_LEMMA
giymeyi	7	3.43	NOT_A_LEMMA
gömdüm	6	3.43	NOT_A_LEMMA
güçten	6	3.43	NOT_A_LEMMA
halam	5	3.43	NOT_A_LEMMA
harfine	7	3.43	NOT_A_LEMMA
hayrete	7	3.43	NOT_A_LEMMA
idim	4	3.43	NOT_A_LEMMA
ilkini	6	3.43	NOT_A_LEMMA
indeksi	7	3.43	NOT_A_LEMMA
irili	5	3.43	NOT_A_LEMMA
isimde	6	3.43	NOT_A_LEMMA
isyana	6	3.43	NOT_A_LEMMA
işiyle	6	3.43	NOT_A_LEMMA
kansız	6	3.43	NOT_A_LEMMA
kapları	7	3.43	NOT_A_LEMMA
kapsam	6	3.43	VERB_FORM
karalar	7	3.43	NOT_A_LEMMA
karşıda	7	3.43	NOT_A_LEMMA
kayaya	6	3.43	NOT_A_LEMMA
kaçmadı	7	3.43	NOT_A_LEMMA
kimine	6	3.43	NOT_A_LEMMA
kostümü	7	3.43	NOT_A_LEMMA
koyunu	6	3.43	NOT_A_LEMMA
kurula	6	3.43	NOT_A_LEMMA
kurunun	7	3.43	NOT_A_LEMMA
kırgın	6	3.43	ALSO_OTHER_PART_OF_SPEECH
kıyıdan	7	3.43	NOT_A_LEMMA
lezzeti	7	3.43	NOT_A_LEMMA
malına	6	3.43	NOT_A_LEMMA
mavili	6	3.43	NOT_A_LEMMA
maçıyla	7	3.43	NOT_A_LEMMA
menzili	7	3.43	NOT_A_LEMMA
modaya	6	3.43	NOT_A_LEMMA
müzikte	7	3.43	NOT_A_LEMMA
namazın	7	3.43	NOT_A_LEMMA
pilleri	7	3.43	NOT_A_LEMMA
raydan	6	3.43	NOT_A_LEMMA
ritmik	6	3.43	NOT_A_NOUN
sahici	6	3.43	NOT_A_NOUN
salakça	7	3.43	NOT_A_LEMMA
sanıp	5	3.43	NOT_A_LEMMA
sarıyor	7	3.43	NOT_A_LEMMA
savaşır	7	3.43	NOT_A_LEMMA
sayıyla	7	3.43	NOT_A_LEMMA
seansı	6	3.43	NOT_A_LEMMA
senem	5	3.43	NOT_A_LEMMA
seriye	6	3.43	NOT_A_LEMMA
seçmeye	7	3.43	NOT_A_LEMMA
sürmeyi	7	3.43	NOT_A_LEMMA
sığmaz	6	3.43	NOT_A_LEMMA
taşçı	5	3.43	NOT_A_LEMMA
teknede	7	3.43	NOT_A_LEMMA
topar	5	3.43	NOT_A_NOUN
ufaklı	6	3.43	NOT_A_LEMMA
utanmaz	7	3.43	NOT_A_NOUN
uğrak	5	3.43	ALSO_OTHER_PART_OF_SPEECH
vajinal	7	3.43	MANUAL_BLOCK
vilayet	7	3.43	CIRCUMFLEX
vurulur	7	3.43	NOT_A_LEMMA
yalamak	7	3.43	NOT_A_NOUN
yaptır	6	3.43	NOT_A_LEMMA
yapınız	7	3.43	NOT_A_LEMMA
yapıştı	7	3.43	NOT_A_LEMMA
yaraya	6	3.43	NOT_A_LEMMA
yargıda	7	3.43	NOT_A_LEMMA
yatırdı	7	3.43	NOT_A_LEMMA
yendiği	7	3.43	NOT_A_LEMMA
zinde	5	3.43	NOT_A_NOUN
zoraki	6	3.43	NOT_A_NOUN
çıkayım	7	3.43	NOT_A_LEMMA
ömrümün	7	3.43	NOT_A_LEMMA
ötesini	7	3.43	NOT_A_LEMMA
ülkemi	6	3.43	NOT_A_LEMMA
ısrarı	6	3.43	NOT_A_LEMMA
şahidim	7	3.43	NOT_A_LEMMA
şefik	5	3.43	ALSO_OTHER_PART_OF_SPEECH
şuydu	5	3.43	NOT_A_LEMMA
acıdır	6	3.42	NOT_A_LEMMA
akça	4	3.42	ALSO_OTHER_PART_OF_SPEECH
alaya	5	3.42	NOT_A_LEMMA
alırsam	7	3.42	NOT_A_LEMMA
aranda	6	3.42	NOT_A_LEMMA
ararlar	7	3.42	NOT_A_LEMMA
arman	5	3.42	NOT_A_LEMMA
ataları	7	3.42	NOT_A_LEMMA
atağı	5	3.42	NOT_A_LEMMA
atsın	5	3.42	NOT_A_LEMMA
ayakla	6	3.42	NOT_A_LEMMA
ayini	5	3.42	NOT_A_LEMMA
aynıydı	7	3.42	NOT_A_LEMMA
ayrıdır	7	3.42	NOT_A_LEMMA
azat	4	3.42	ALSO_OTHER_PART_OF_SPEECH
açmayın	7	3.42	NOT_A_LEMMA
açımdan	7	3.42	NOT_A_LEMMA
ağacını	7	3.42	NOT_A_LEMMA
ağlara	6	3.42	NOT_A_LEMMA
ağrım	5	3.42	NOT_A_LEMMA
ağırdır	7	3.42	NOT_A_LEMMA
aşırıya	7	3.42	NOT_A_LEMMA
barajın	7	3.42	NOT_A_LEMMA
basta	5	3.42	NOT_A_LEMMA
bağıra	6	3.42	NOT_A_LEMMA
başlasa	7	3.42	NOT_A_LEMMA
bele	4	3.42	NOT_A_LEMMA
beğenen	7	3.42	NOT_A_LEMMA
biterse	7	3.42	NOT_A_LEMMA
biyopsi	7	3.42	MANUAL_BLOCK
biçimli	7	3.42	NOT_A_NOUN
boynuz	6	3.42	ALSO_OTHER_PART_OF_SPEECH
boyunun	7	3.42	NOT_A_LEMMA
bulaştı	7	3.42	NOT_A_LEMMA
cesurca	7	3.42	NOT_A_LEMMA
cevheri	7	3.42	NOT_A_LEMMA
cıva	4	3.42	VERB_FORM
davamız	7	3.42	NOT_A_LEMMA
dayısı	6	3.42	NOT_A_LEMMA
delinin	7	3.42	NOT_A_LEMMA
depoda	6	3.42	NOT_A_LEMMA
dergiyi	7	3.42	NOT_A_LEMMA
deşik	5	3.42	NOT_A_NOUN
dikmiş	6	3.42	NOT_A_LEMMA
dokunun	7	3.42	NOT_A_LEMMA
dolaba	6	3.42	NOT_A_LEMMA
doğunun	7	3.42	NOT_A_LEMMA
dükü	4	3.42	NOT_A_LEMMA
düşürüp	7	3.42	NOT_A_LEMMA
ederdik	7	3.42	NOT_A_LEMMA
eker	4	3.42	NOT_A_LEMMA
erime	5	3.42	NOT_A_LEMMA
eteği	5	3.42	NOT_A_LEMMA
fink	4	3.42	MANUAL_BLOCK
gayesi	6	3.42	NOT_A_LEMMA
gayreti	7	3.42	NOT_A_LEMMA
görmen	6	3.42	NOT_A_LEMMA
görünme	7	3.42	NOT_A_LEMMA
göğün	5	3.42	NOT_A_LEMMA
halden	6	3.42	NOT_A_LEMMA
hatanın	7	3.42	NOT_A_LEMMA
ihaneti	7	3.42	NOT_A_LEMMA
ikimize	7	3.42	NOT_A_LEMMA
itip	4	3.42	NOT_A_LEMMA
itirafı	7	3.42	NOT_A_LEMMA
içkiler	7	3.42	NOT_A_LEMMA
içmem	5	3.42	NOT_A_LEMMA
işledim	7	3.42	NOT_A_LEMMA
işçiye	6	3.42	NOT_A_LEMMA
jürinin	7	3.42	NOT_A_LEMMA
kabusu	6	3.42	NOT_A_LEMMA
kadınsı	7	3.42	NOT_A_LEMMA
kafeye	6	3.42	NOT_A_LEMMA
kalım	5	3.42	INFLECTED_FORM
kanları	7	3.42	NOT_A_LEMMA
kanunen	7	3.42	NOT_A_NOUN
karsı	5	3.42	NOT_A_LEMMA
kasıp	5	3.42	NOT_A_LEMMA
kati	4	3.42	CIRCUMFLEX
komikti	7	3.42	NOT_A_LEMMA
köküne	6	3.42	NOT_A_LEMMA
lafa	4	3.42	NOT_A_LEMMA
madımak	7	3.42	MANUAL_BLOCK
majör	5	3.42	ALSO_OTHER_PART_OF_SPEECH
moralim	7	3.42	NOT_A_LEMMA
nefesim	7	3.42	NOT_A_LEMMA
nesnesi	7	3.42	NOT_A_LEMMA
nida	4	3.42	MANUAL_BLOCK
optimum	7	3.42	NOT_A_NOUN
ortaylı	7	3.42	NOT_A_LEMMA
polar	5	3.42	VERB_FORM
rahmeti	7	3.42	NOT_A_LEMMA
ruhsatı	7	3.42	NOT_A_LEMMA
saflık	6	3.42	NOT_A_LEMMA
sedasız	7	3.42	NOT_A_LEMMA
selefi	6	3.42	NOT_A_LEMMA
sesiniz	7	3.42	NOT_A_LEMMA
siyer	5	3.42	VERB_FORM
sofraya	7	3.42	NOT_A_LEMMA
soluna	6	3.42	NOT_A_LEMMA
sonla	5	3.42	NOT_A_LEMMA
soğanlı	7	3.42	NOT_A_LEMMA
soğuğa	6	3.42	NOT_A_LEMMA
sunmuş	6	3.42	NOT_A_LEMMA
sıkışık	7	3.42	NOT_A_NOUN
tabana	6	3.42	NOT_A_LEMMA
tanıtma	7	3.42	NOT_A_LEMMA
tanıyın	7	3.42	NOT_A_LEMMA
taşımış	7	3.42	NOT_A_LEMMA
tonla	5	3.42	NOT_A_NOUN
tribünü	7	3.42	NOT_A_LEMMA
ustalar	7	3.42	NOT_A_LEMMA
ustanın	7	3.42	NOT_A_LEMMA
uygunsa	7	3.42	NOT_A_LEMMA
uyurum	6	3.42	NOT_A_LEMMA
uzatan	6	3.42	NOT_A_LEMMA
velet	5	3.42	ALSO_OTHER_PART_OF_SPEECH
verilip	7	3.42	NOT_A_LEMMA
veriniz	7	3.42	NOT_A_LEMMA
yarıyı	6	3.42	NOT_A_LEMMA
yazara	6	3.42	NOT_A_LEMMA
yağar	5	3.42	NOT_A_LEMMA
yemenin	7	3.42	NOT_A_LEMMA
öbürü	5	3.42	NOT_A_LEMMA
öykünün	7	3.42	NOT_A_LEMMA
ülkemin	7	3.42	NOT_A_LEMMA
üretip	6	3.42	NOT_A_LEMMA
üssüne	6	3.42	NOT_A_LEMMA
ılgın	5	3.42	ALSO_OTHER_PART_OF_SPEECH
şakalar	7	3.42	NOT_A_LEMMA
şehirli	7	3.42	NOT_A_LEMMA
şeklin	6	3.42	NOT_A_LEMMA
şubatta	7	3.42	NOT_A_LEMMA
abidesi	7	3.41	NOT_A_LEMMA
aceleye	7	3.41	NOT_A_LEMMA
adresim	7	3.41	NOT_A_LEMMA
akacak	6	3.41	NOT_A_LEMMA
aktaran	7	3.41	NOT_A_LEMMA
akülü	5	3.41	NOT_A_LEMMA
akımına	7	3.41	NOT_A_LEMMA
anteni	6	3.41	NOT_A_LEMMA
askerle	7	3.41	NOT_A_LEMMA
atınca	6	3.41	NOT_A_LEMMA
balı	4	3.41	NOT_A_LEMMA
beka	4	3.41	MANUAL_BLOCK
bindiği	7	3.41	NOT_A_LEMMA
branşta	7	3.41	NOT_A_LEMMA
buluşu	6	3.41	NOT_A_LEMMA
burnun	6	3.41	NOT_A_LEMMA
butonu	6	3.41	NOT_A_LEMMA
büyüten	7	3.41	NOT_A_LEMMA
cellat	6	3.41	ALSO_OTHER_PART_OF_SPEECH
cevapla	7	3.41	NOT_A_LEMMA
curt	4	3.41	NOT_A_NOUN
deneyip	7	3.41	NOT_A_LEMMA
dinamit	7	3.41	ALSO_OTHER_PART_OF_SPEECH
dokular	7	3.41	NOT_A_LEMMA
doğma	5	3.41	ALSO_OTHER_PART_OF_SPEECH
doğmak	6	3.41	NOT_A_NOUN
düzelt	6	3.41	NOT_A_LEMMA
emeğine	7	3.41	NOT_A_LEMMA
evimizi	7	3.41	NOT_A_LEMMA
eğirdir	7	3.41	NOT_A_LEMMA
geli	4	3.41	NOT_A_LEMMA
görevim	7	3.41	NOT_A_LEMMA
göynük	6	3.41	ALSO_OTHER_PART_OF_SPEECH
güldür	6	3.41	NOT_A_NOUN
gına	4	3.41	MANUAL_BLOCK
halısı	6	3.41	NOT_A_LEMMA
haneye	6	3.41	NOT_A_LEMMA
hayale	6	3.41	NOT_A_LEMMA
hevesle	7	3.41	NOT_A_LEMMA
hitaben	7	3.41	NOT_A_NOUN
ihaleyi	7	3.41	NOT_A_LEMMA
ilkeli	6	3.41	NOT_A_LEMMA
israfı	6	3.41	NOT_A_LEMMA
iyiden	6	3.41	NOT_A_LEMMA
içmeden	7	3.41	NOT_A_LEMMA
kalıbı	6	3.41	NOT_A_LEMMA
kapını	6	3.41	NOT_A_LEMMA
kasada	6	3.41	NOT_A_LEMMA
koyulan	7	3.41	NOT_A_LEMMA
kutuda	6	3.41	NOT_A_LEMMA
kötüyü	6	3.41	NOT_A_LEMMA
kırdığı	7	3.41	NOT_A_LEMMA
kıçı	4	3.41	NOT_A_LEMMA
lafım	5	3.41	NOT_A_LEMMA
liradan	7	3.41	NOT_A_LEMMA
lisenin	7	3.41	NOT_A_LEMMA
mafyası	7	3.41	NOT_A_LEMMA
mizahi	6	3.41	NOT_A_NOUN
montajı	7	3.41	NOT_A_LEMMA
müdüre	6	3.41	NOT_A_LEMMA
mıydın	6	3.41	NOT_A_LEMMA
nazikçe	7	3.41	NOT_A_LEMMA
nirvana	7	3.41	TOPIC:religion
norma	5	3.41	NOT_A_LEMMA
oklar	5	3.41	NOT_A_LEMMA
ordumuz	7	3.41	NOT_A_LEMMA
oynaya	6	3.41	NOT_A_LEMMA
parkına	7	3.41	NOT_A_LEMMA
puro	4	3.41	TOPIC:tobacco
ruhumun	7	3.41	NOT_A_LEMMA
saatle	6	3.41	NOT_A_LEMMA
safhada	7	3.41	NOT_A_LEMMA
savcıya	7	3.41	NOT_A_LEMMA
saçına	6	3.41	NOT_A_LEMMA
sekteye	7	3.41	NOT_A_LEMMA
sentezi	7	3.41	NOT_A_LEMMA
sevgimi	7	3.41	NOT_A_LEMMA
sikime	6	3.41	NOT_A_LEMMA
skin	4	3.41	NOT_A_LEMMA
sonum	5	3.41	NOT_A_LEMMA
soyunun	7	3.41	NOT_A_LEMMA
spordan	7	3.41	NOT_A_LEMMA
sudur	5	3.41	NOT_A_LEMMA
sözden	6	3.41	NOT_A_LEMMA
sıkın	5	3.41	NOT_A_LEMMA
sıçradı	7	3.41	NOT_A_LEMMA
takılma	7	3.41	NOT_A_LEMMA
tayfası	7	3.41	NOT_A_LEMMA
tedbiri	7	3.41	NOT_A_LEMMA
tefsiri	7	3.41	NOT_A_LEMMA
tesise	6	3.41	NOT_A_LEMMA
titreme	7	3.41	NOT_A_LEMMA
türevi	6	3.41	NOT_A_LEMMA
ucuyla	6	3.41	NOT_A_LEMMA
uydular	7	3.41	NOT_A_LEMMA
uymaz	5	3.41	NOT_A_NOUN
uyuyun	6	3.41	NOT_A_LEMMA
yansır	6	3.41	NOT_A_LEMMA
yarat	5	3.41	NOT_A_LEMMA
yemedi	6	3.41	NOT_A_LEMMA
yöreye	6	3.41	NOT_A_LEMMA
yıkıyor	7	3.41	NOT_A_LEMMA
zoruyla	7	3.41	NOT_A_LEMMA
çatır	5	3.41	NOT_A_NOUN
çekmedi	7	3.41	NOT_A_LEMMA
çekmez	6	3.41	NOT_A_LEMMA
çişim	5	3.41	NOT_A_LEMMA
çıkışa	6	3.41	NOT_A_LEMMA
çıtayı	6	3.41	NOT_A_LEMMA
önlemi	6	3.41	NOT_A_LEMMA
öznel	5	3.41	NOT_A_NOUN
ümitsiz	7	3.41	NOT_A_LEMMA
şapkası	7	3.41	NOT_A_LEMMA
şuana	5	3.41	NOT_A_LEMMA
adak	4	3.40	TOPIC:religion
adile	5	3.40	NOT_A_LEMMA
ahir	4	3.40	NOT_A_NOUN
akılla	6	3.40	NOT_A_LEMMA
algılar	7	3.40	NOT_A_LEMMA
altıma	6	3.40	NOT_A_LEMMA
ananın	6	3.40	NOT_A_LEMMA
anar	4	3.40	NOT_A_LEMMA
andır	5	3.40	NOT_A_LEMMA
arzular	7	3.40	NOT_A_LEMMA
arızası	7	3.40	NOT_A_LEMMA
asın	4	3.40	NOT_A_LEMMA
atılmak	7	3.40	NOT_A_NOUN
ayrımcı	7	3.40	NOT_A_LEMMA
açmanın	7	3.40	NOT_A_LEMMA
aşireti	7	3.40	NOT_A_LEMMA
aşkları	7	3.40	NOT_A_LEMMA
bankayı	7	3.40	NOT_A_LEMMA
batısı	6	3.40	NOT_A_LEMMA
bazan	5	3.40	NOT_A_NOUN
bestesi	7	3.40	NOT_A_LEMMA
bihaber	7	3.40	NOT_A_NOUN
bilgiç	6	3.40	ALSO_OTHER_PART_OF_SPEECH
bittin	6	3.40	NOT_A_LEMMA
boşandı	7	3.40	NOT_A_LEMMA
bulunun	7	3.40	NOT_A_LEMMA
burnumu	7	3.40	NOT_A_LEMMA
buyum	5	3.40	NOT_A_LEMMA
bölümle	7	3.40	NOT_A_LEMMA
bükme	5	3.40	NOT_A_LEMMA
dalıdır	7	3.40	NOT_A_LEMMA
davalı	6	3.40	NOT_A_NOUN
diledim	7	3.40	NOT_A_LEMMA
dileyin	7	3.40	NOT_A_LEMMA
dişinin	7	3.40	NOT_A_LEMMA
durmam	6	3.40	NOT_A_LEMMA
duygulu	7	3.40	NOT_A_LEMMA
dönemli	7	3.40	NOT_A_LEMMA
düdüğü	6	3.40	NOT_A_LEMMA
emektar	7	3.40	NOT_A_NOUN
epik	4	3.40	NOT_A_NOUN
erdiği	6	3.40	NOT_A_LEMMA
etleri	6	3.40	NOT_A_LEMMA
etten	5	3.40	NOT_A_LEMMA
ettir	5	3.40	NOT_A_LEMMA
fatihi	6	3.40	NOT_A_LEMMA
felçli	6	3.40	NOT_A_LEMMA
fili	4	3.40	NOT_A_LEMMA
fırladı	7	3.40	NOT_A_LEMMA
gaddar	6	3.40	NOT_A_NOUN
gecedir	7	3.40	NOT_A_LEMMA
gelirin	7	3.40	NOT_A_LEMMA
gezerek	7	3.40	NOT_A_LEMMA
geçerdi	7	3.40	NOT_A_LEMMA
girene	6	3.40	NOT_A_LEMMA
gitarı	6	3.40	NOT_A_LEMMA
giysisi	7	3.40	NOT_A_LEMMA
gömmek	6	3.40	NOT_A_NOUN
güçlüğü	7	3.40	NOT_A_LEMMA
haldeki	7	3.40	NOT_A_LEMMA
hayrı	5	3.40	NOT_A_LEMMA
hizaya	6	3.40	NOT_A_LEMMA
ilkinde	7	3.40	NOT_A_LEMMA
imamlar	7	3.40	NOT_A_LEMMA
iznine	6	3.40	NOT_A_LEMMA
içmenin	7	3.40	NOT_A_LEMMA
içtiğim	7	3.40	NOT_A_LEMMA
kabahat	7	3.40	TOPIC:crime
karası	6	3.40	NOT_A_LEMMA
katibi	6	3.40	NOT_A_LEMMA
kazanı	6	3.40	NOT_A_LEMMA
kağıdın	7	3.40	NOT_A_LEMMA
kenevir	7	3.40	ALSO_OTHER_PART_OF_SPEECH
konsolu	7	3.40	NOT_A_LEMMA
kulağım	7	3.40	NOT_A_LEMMA
kurmaca	7	3.40	NOT_A_LEMMA
kuşa	4	3.40	NOT_A_LEMMA
kömürü	6	3.40	NOT_A_LEMMA
lekeli	6	3.40	NOT_A_LEMMA
memesi	6	3.40	NOT_A_LEMMA
muazzez	7	3.40	NOT_A_NOUN
muhacir	7	3.40	NOT_A_NOUN
nazır	5	3.40	ALSO_OTHER_PART_OF_SPEECH
nene	4	3.40	INFLECTED_FORM
ninni	5	3.40	ALSO_OTHER_PART_OF_SPEECH
nişanlı	7	3.40	NOT_A_LEMMA
nüshası	7	3.40	NOT_A_LEMMA
odadaki	7	3.40	NOT_A_LEMMA
ordular	7	3.40	NOT_A_LEMMA
pası	4	3.40	NOT_A_LEMMA
perisi	6	3.40	NOT_A_LEMMA
popo	4	3.40	MANUAL_BLOCK
rafine	6	3.40	NOT_A_NOUN
reaktif	7	3.40	MANUAL_BLOCK
sakar	5	3.40	ALSO_OTHER_PART_OF_SPEECH
sayarak	7	3.40	NOT_A_LEMMA
saça	4	3.40	NOT_A_LEMMA
seksüel	7	3.40	NOT_A_NOUN
sergide	7	3.40	NOT_A_LEMMA
solgun	6	3.40	NOT_A_NOUN
solun	5	3.40	NOT_A_LEMMA
sordun	6	3.40	NOT_A_LEMMA
sorgun	6	3.40	NOT_A_LEMMA
stilini	7	3.40	NOT_A_LEMMA
sümüklü	7	3.40	NOT_A_LEMMA
sürsün	6	3.40	NOT_A_LEMMA
sıcağı	6	3.40	NOT_A_LEMMA
sıkıya	6	3.40	NOT_A_LEMMA
talepte	7	3.40	NOT_A_LEMMA
tali	4	3.40	NOT_A_NOUN
teste	5	3.40	NOT_A_LEMMA
tümden	6	3.40	NOT_A_NOUN
unutmaz	7	3.40	NOT_A_LEMMA
uzayan	6	3.40	NOT_A_LEMMA
uçacak	6	3.40	NOT_A_LEMMA
uçağına	7	3.40	NOT_A_LEMMA
uçuşun	6	3.40	NOT_A_LEMMA
yakalı	6	3.40	NOT_A_LEMMA
yakalım	7	3.40	NOT_A_LEMMA
yapışık	7	3.40	NOT_A_NOUN
yaymaya	7	3.40	NOT_A_LEMMA
yayınla	7	3.40	NOT_A_LEMMA
yaşamaz	7	3.40	NOT_A_LEMMA
yersen	6	3.40	NOT_A_LEMMA
yeğen	5	3.40	ALSO_OTHER_PART_OF_SPEECH
yönünün	7	3.40	NOT_A_LEMMA
yüzerek	7	3.40	NOT_A_LEMMA
yıkayıp	7	3.40	NOT_A_LEMMA
yıldaki	7	3.40	NOT_A_LEMMA
zormuş	6	3.40	NOT_A_LEMMA
çağını	6	3.40	NOT_A_LEMMA
çoğuna	6	3.40	NOT_A_LEMMA
örme	4	3.40	NOT_A_LEMMA
özlemle	7	3.40	NOT_A_LEMMA
üyesini	7	3.40	NOT_A_LEMMA
şahidi	6	3.40	NOT_A_LEMMA
şeyiniz	7	3.40	NOT_A_LEMMA
şiirden	7	3.40	NOT_A_LEMMA
şişeyi	6	3.40	NOT_A_LEMMA
şükret	6	3.40	NOT_A_LEMMA
absürt	6	3.39	NOT_A_NOUN
acılara	7	3.39	NOT_A_LEMMA
acısız	6	3.39	NOT_A_LEMMA
aileyle	7	3.39	NOT_A_LEMMA
aktörü	6	3.39	NOT_A_LEMMA
akılsız	7	3.39	NOT_A_LEMMA
albüme	6	3.39	NOT_A_LEMMA
alemin	6	3.39	NOT_A_LEMMA
araz	4	3.39	CIRCUMFLEX
arkanı	6	3.39	NOT_A_LEMMA
arkın	5	3.39	NOT_A_LEMMA
atıklar	7	3.39	NOT_A_LEMMA
açılsın	7	3.39	NOT_A_LEMMA
ağacına	7	3.39	NOT_A_LEMMA
bakana	6	3.39	NOT_A_LEMMA
bayıldı	7	3.39	NOT_A_LEMMA
bağrına	7	3.39	NOT_A_LEMMA
beddua	6	3.39	TOPIC:profanity
benekli	7	3.39	NOT_A_LEMMA
bilesin	7	3.39	NOT_A_LEMMA
binerek	7	3.39	NOT_A_LEMMA
bireye	6	3.39	NOT_A_LEMMA
bloklar	7	3.39	NOT_A_LEMMA
boyda	5	3.39	NOT_A_LEMMA
branşı	6	3.39	NOT_A_LEMMA
bölmeye	7	3.39	NOT_A_LEMMA
bölündü	7	3.39	NOT_A_LEMMA
bütçeye	7	3.39	NOT_A_LEMMA
büyüler	7	3.39	NOT_A_LEMMA
cumaya	6	3.39	NOT_A_LEMMA
dağında	7	3.39	NOT_A_LEMMA
denklik	7	3.39	MANUAL_BLOCK
derenin	7	3.39	NOT_A_LEMMA
dinimiz	7	3.39	NOT_A_LEMMA
dövmeli	7	3.39	NOT_A_LEMMA
dükkana	7	3.39	NOT_A_LEMMA
elmacık	7	3.39	MANUAL_BLOCK
empoze	6	3.39	NOT_A_NOUN
endemik	7	3.39	NOT_A_NOUN
eril	4	3.39	NOT_A_NOUN
eriyip	6	3.39	NOT_A_LEMMA
erler	5	3.39	NOT_A_LEMMA
eros	4	3.39	MANUAL_BLOCK
etmemi	6	3.39	NOT_A_LEMMA
evrede	6	3.39	NOT_A_LEMMA
ezmek	5	3.39	NOT_A_NOUN
eşyayı	6	3.39	NOT_A_LEMMA
freni	5	3.39	NOT_A_LEMMA
gecemiz	7	3.39	NOT_A_LEMMA
geleli	6	3.39	NOT_A_LEMMA
gelinim	7	3.39	NOT_A_LEMMA
gelmen	6	3.39	NOT_A_LEMMA
gelmeni	7	3.39	NOT_A_LEMMA
gezdik	6	3.39	NOT_A_LEMMA
göleti	6	3.39	NOT_A_LEMMA
görünüp	7	3.39	NOT_A_LEMMA
göğü	4	3.39	NOT_A_LEMMA
gülüşü	6	3.39	NOT_A_LEMMA
gündeş	6	3.39	NOT_A_NOUN
hakeme	6	3.39	NOT_A_LEMMA
hanımla	7	3.39	NOT_A_LEMMA
harca	5	3.39	NOT_A_LEMMA
hepten	6	3.39	NOT_A_NOUN
hükümlü	7	3.39	NOT_A_LEMMA
ibneler	7	3.39	NOT_A_LEMMA
icabı	5	3.39	NOT_A_LEMMA
ilmin	5	3.39	NOT_A_LEMMA
imla	4	3.39	CIRCUMFLEX
incecik	7	3.39	NOT_A_LEMMA
incisi	6	3.39	NOT_A_LEMMA
inerek	6	3.39	NOT_A_LEMMA
iyisine	7	3.39	NOT_A_LEMMA
kapanma	7	3.39	NOT_A_LEMMA
kapıcı	6	3.39	NOT_A_LEMMA
karakuş	7	3.39	MANUAL_BLOCK
kararım	7	3.39	NOT_A_LEMMA
katmaya	7	3.39	NOT_A_LEMMA
kaydına	7	3.39	NOT_A_LEMMA
kaçınma	7	3.39	NOT_A_LEMMA
keşfe	5	3.39	NOT_A_LEMMA
kupalar	7	3.39	NOT_A_LEMMA
kupaya	6	3.39	NOT_A_LEMMA
kuranı	6	3.39	NOT_A_LEMMA
kurulda	7	3.39	NOT_A_LEMMA
kılcal	6	3.39	NOT_A_NOUN
lütfu	5	3.39	NOT_A_LEMMA
maviye	6	3.39	NOT_A_LEMMA
memnu	5	3.39	NOT_A_NOUN
mesajda	7	3.39	NOT_A_LEMMA
müjdesi	7	3.39	NOT_A_LEMMA
mıymış	6	3.39	NOT_A_LEMMA
nesneye	7	3.39	NOT_A_LEMMA
otistik	7	3.39	NOT_A_NOUN
peşimi	6	3.39	NOT_A_LEMMA
puanına	7	3.39	NOT_A_LEMMA
revan	5	3.39	NOT_A_NOUN
ruhunda	7	3.39	NOT_A_LEMMA
saplı	5	3.39	NOT_A_LEMMA
sattım	6	3.39	NOT_A_LEMMA
sete	4	3.39	NOT_A_LEMMA
siktim	6	3.39	NOT_A_LEMMA
silecek	7	3.39	VERB_FORM
silmeye	7	3.39	NOT_A_LEMMA
siyanür	7	3.39	MANUAL_BLOCK
sorması	7	3.39	NOT_A_LEMMA
sütün	5	3.39	NOT_A_LEMMA
süzülen	7	3.39	NOT_A_LEMMA
sıkmaya	7	3.39	NOT_A_LEMMA
tabiatı	7	3.39	NOT_A_LEMMA
tahlili	7	3.39	NOT_A_NOUN
tavuğun	7	3.39	NOT_A_LEMMA
taştı	5	3.39	NOT_A_LEMMA
taşına	6	3.39	NOT_A_LEMMA
tepsi	5	3.39	ALSO_OTHER_PART_OF_SPEECH
terleme	7	3.39	NOT_A_LEMMA
tipli	5	3.39	NOT_A_LEMMA
tonları	7	3.39	NOT_A_LEMMA
ustam	5	3.39	NOT_A_LEMMA
uykunun	7	3.39	NOT_A_LEMMA
uçuşan	6	3.39	NOT_A_LEMMA
vardığı	7	3.39	NOT_A_LEMMA
vekalet	7	3.39	CIRCUMFLEX
yalayıp	7	3.39	NOT_A_LEMMA
yamalak	7	3.39	NOT_A_NOUN
yargısı	7	3.39	NOT_A_LEMMA
yeniler	7	3.39	NOT_A_LEMMA
yeşilay	7	3.39	TOPIC:drugs
yumruğu	7	3.39	NOT_A_LEMMA
yüzünüz	7	3.39	NOT_A_LEMMA
yırtıp	6	3.39	NOT_A_LEMMA
zehri	5	3.39	NOT_A_LEMMA
zevkler	7	3.39	NOT_A_LEMMA
çeksin	6	3.39	NOT_A_LEMMA
çökmesi	7	3.39	NOT_A_LEMMA
çözümün	7	3.39	NOT_A_LEMMA
çıkanı	6	3.39	NOT_A_LEMMA
ödevini	7	3.39	NOT_A_LEMMA
öneren	6	3.39	NOT_A_LEMMA
öylesin	7	3.39	NOT_A_LEMMA
üzüldü	6	3.39	NOT_A_LEMMA
ılıcak	6	3.39	NOT_A_NOUN
ısrarlı	7	3.39	NOT_A_LEMMA
abdesti	7	3.38	NOT_A_LEMMA
adayan	6	3.38	NOT_A_LEMMA
aklınız	7	3.38	NOT_A_LEMMA
aktığı	6	3.38	NOT_A_LEMMA
akımını	7	3.38	NOT_A_LEMMA
amcamın	7	3.38	NOT_A_LEMMA
anan	4	3.38	NOT_A_LEMMA
apart	5	3.38	NOT_A_LEMMA
aran	4	3.38	NOT_A_LEMMA
asabi	5	3.38	NOT_A_NOUN
aslanın	7	3.38	NOT_A_LEMMA
avukata	7	3.38	NOT_A_LEMMA
aydınlı	7	3.38	NOT_A_LEMMA
ağızda	6	3.38	NOT_A_LEMMA
bahara	6	3.38	NOT_A_LEMMA
batımı	6	3.38	NOT_A_LEMMA
bedevi	6	3.38	CIRCUMFLEX
bekası	6	3.38	NOT_A_LEMMA
beyhude	7	3.38	NOT_A_NOUN
beyle	5	3.38	NOT_A_LEMMA
birli	5	3.38	NOT_A_LEMMA
borca	5	3.38	NOT_A_LEMMA
boyalar	7	3.38	NOT_A_LEMMA
boğdu	5	3.38	NOT_A_LEMMA
bulaşır	7	3.38	NOT_A_LEMMA
bölüp	5	3.38	NOT_A_LEMMA
büyünün	7	3.38	NOT_A_LEMMA
büyüyü	6	3.38	NOT_A_LEMMA
cevaba	6	3.38	NOT_A_LEMMA
cezasız	7	3.38	NOT_A_LEMMA
civar	5	3.38	ALSO_OTHER_PART_OF_SPEECH
civarda	7	3.38	NOT_A_LEMMA
delirdi	7	3.38	NOT_A_LEMMA
dener	5	3.38	NOT_A_LEMMA
dergiye	7	3.38	NOT_A_LEMMA
dikildi	7	3.38	NOT_A_LEMMA
dişe	4	3.38	NOT_A_LEMMA
doluyum	7	3.38	NOT_A_LEMMA
düşmedi	7	3.38	NOT_A_LEMMA
ecem	4	3.38	NOT_A_LEMMA
ekipten	7	3.38	NOT_A_LEMMA
ekmeğe	6	3.38	NOT_A_LEMMA
etmedin	7	3.38	NOT_A_LEMMA
etseydi	7	3.38	NOT_A_LEMMA
evimden	7	3.38	NOT_A_LEMMA
eğrisi	6	3.38	NOT_A_LEMMA
filmdi	6	3.38	NOT_A_LEMMA
geçişin	7	3.38	NOT_A_LEMMA
gideni	6	3.38	NOT_A_LEMMA
gururum	7	3.38	NOT_A_LEMMA
gömme	5	3.38	ALSO_OTHER_PART_OF_SPEECH
gözükür	7	3.38	NOT_A_LEMMA
halıya	6	3.38	NOT_A_LEMMA
hamlede	7	3.38	NOT_A_LEMMA
hasreti	7	3.38	NOT_A_LEMMA
hukukta	7	3.38	NOT_A_LEMMA
hususi	6	3.38	CIRCUMFLEX
hünkar	6	3.38	CIRCUMFLEX
ibadeti	7	3.38	NOT_A_LEMMA
ilet	4	3.38	NOT_A_LEMMA
iletimi	7	3.38	NOT_A_LEMMA
incele	6	3.38	NOT_A_LEMMA
incitme	7	3.38	NOT_A_LEMMA
istesek	7	3.38	NOT_A_LEMMA
içimizi	7	3.38	NOT_A_LEMMA
kapadı	6	3.38	NOT_A_LEMMA
kapanık	7	3.38	NOT_A_NOUN
kapar	5	3.38	NOT_A_LEMMA
karnın	6	3.38	NOT_A_LEMMA
kasaya	6	3.38	NOT_A_LEMMA
kayık	5	3.38	ALSO_OTHER_PART_OF_SPEECH
kolla	5	3.38	NOT_A_LEMMA
konvoyu	7	3.38	NOT_A_LEMMA
kuleye	6	3.38	NOT_A_LEMMA
kurda	5	3.38	NOT_A_LEMMA
küfürlü	7	3.38	NOT_A_LEMMA
kısadır	7	3.38	NOT_A_LEMMA
martta	6	3.38	NOT_A_LEMMA
mesnevi	7	3.38	CIRCUMFLEX
metnini	7	3.38	NOT_A_LEMMA
mimi	4	3.38	NOT_A_LEMMA
müyüm	5	3.38	NOT_A_LEMMA
nalan	5	3.38	NOT_A_NOUN
namazda	7	3.38	NOT_A_LEMMA
olsana	6	3.38	NOT_A_LEMMA
olunmaz	7	3.38	NOT_A_LEMMA
oynanış	7	3.38	NOT_A_LEMMA
oğludur	7	3.38	NOT_A_LEMMA
pakete	6	3.38	NOT_A_LEMMA
pazarın	7	3.38	NOT_A_LEMMA
posteri	7	3.38	NOT_A_LEMMA
postu	5	3.38	NOT_A_LEMMA
pulu	4	3.38	NOT_A_LEMMA
rolünün	7	3.38	NOT_A_LEMMA
sahayı	6	3.38	NOT_A_LEMMA
sakini	6	3.38	NOT_A_LEMMA
sarması	7	3.38	NOT_A_LEMMA
sarılan	7	3.38	NOT_A_LEMMA
sata	4	3.38	NOT_A_LEMMA
sattın	6	3.38	NOT_A_LEMMA
sayacı	6	3.38	NOT_A_LEMMA
siler	5	3.38	NOT_A_LEMMA
sisi	4	3.38	NOT_A_LEMMA
soydan	6	3.38	NOT_A_LEMMA
soğuma	6	3.38	NOT_A_LEMMA
suretle	7	3.38	NOT_A_LEMMA
sıkarak	7	3.38	NOT_A_LEMMA
sınavla	7	3.38	NOT_A_LEMMA
sıranın	7	3.38	NOT_A_LEMMA
sırtıma	7	3.38	NOT_A_LEMMA
sızdı	5	3.38	NOT_A_LEMMA
tamirci	7	3.38	NOT_A_LEMMA
tart	4	3.38	VERB_FORM
taşan	5	3.38	NOT_A_LEMMA
temasta	7	3.38	NOT_A_LEMMA
tenha	5	3.38	NOT_A_NOUN
tombala	7	3.38	TOPIC:gambling
trol	4	3.38	MANUAL_BLOCK
turlu	5	3.38	NOT_A_LEMMA
tıkalı	6	3.38	NOT_A_NOUN
utan	4	3.38	NOT_A_LEMMA
uyuyup	6	3.38	NOT_A_LEMMA
uğraşıp	7	3.38	NOT_A_LEMMA
varınca	7	3.38	NOT_A_LEMMA
vatani	6	3.38	NOT_A_NOUN
velayet	7	3.38	CIRCUMFLEX
verenin	7	3.38	NOT_A_LEMMA
vurması	7	3.38	NOT_A_LEMMA
yandım	6	3.38	NOT_A_LEMMA
yatarım	7	3.38	NOT_A_LEMMA
yazsın	6	3.38	NOT_A_LEMMA
yemeyin	7	3.38	NOT_A_LEMMA
yenmesi	7	3.38	NOT_A_LEMMA
yıkılır	7	3.38	NOT_A_LEMMA
zekanın	7	3.38	NOT_A_LEMMA
zekidir	7	3.38	NOT_A_LEMMA
zevke	5	3.38	NOT_A_LEMMA
zorda	5	3.38	NOT_A_LEMMA
çekik	5	3.38	NOT_A_NOUN
çoğalır	7	3.38	NOT_A_LEMMA
çöküşü	6	3.38	NOT_A_LEMMA
çözdü	5	3.38	NOT_A_LEMMA
çözmeyi	7	3.38	NOT_A_LEMMA
çözün	5	3.38	NOT_A_LEMMA
özdeş	5	3.38	NOT_A_NOUN
ülken	5	3.38	NOT_A_LEMMA
üstadı	6	3.38	NOT_A_LEMMA
ırkın	5	3.38	NOT_A_LEMMA
şişenin	7	3.38	NOT_A_LEMMA
acile	5	3.37	NOT_A_LEMMA
ailene	6	3.37	NOT_A_LEMMA
ajansın	7	3.37	NOT_A_LEMMA
akmaya	6	3.37	NOT_A_LEMMA
annemde	7	3.37	NOT_A_LEMMA
anım	4	3.37	NOT_A_LEMMA
arınma	6	3.37	NOT_A_LEMMA
asiye	5	3.37	NOT_A_LEMMA
atalar	6	3.37	NOT_A_LEMMA
aylara	6	3.37	NOT_A_LEMMA
azam	4	3.37	NOT_A_LEMMA
azlığı	6	3.37	NOT_A_LEMMA
açılmaz	7	3.37	NOT_A_LEMMA
ağlarda	7	3.37	NOT_A_LEMMA
aşıyor	6	3.37	NOT_A_LEMMA
bağla	5	3.37	NOT_A_LEMMA
baştaki	7	3.37	NOT_A_LEMMA
bebekle	7	3.37	NOT_A_LEMMA
belirir	7	3.37	NOT_A_LEMMA
beğenir	7	3.37	NOT_A_NOUN
beşli	5	3.37	NOT_A_LEMMA
bilimde	7	3.37	NOT_A_LEMMA
bilimle	7	3.37	NOT_A_LEMMA
binaen	6	3.37	NOT_A_NOUN
boğulan	7	3.37	NOT_A_LEMMA
bulayım	7	3.37	NOT_A_LEMMA
buzun	5	3.37	NOT_A_LEMMA
büyükçe	7	3.37	NOT_A_LEMMA
derici	6	3.37	NOT_A_LEMMA
devrik	6	3.37	NOT_A_NOUN
devrine	7	3.37	NOT_A_LEMMA
diskin	6	3.37	NOT_A_LEMMA
duanın	6	3.37	NOT_A_LEMMA
duyayım	7	3.37	NOT_A_LEMMA
döküntü	7	3.37	ALSO_OTHER_PART_OF_SPEECH
döneyim	7	3.37	NOT_A_LEMMA
edeni	5	3.37	NOT_A_LEMMA
edildik	7	3.37	NOT_A_LEMMA
eken	4	3.37	NOT_A_LEMMA
erkeksi	7	3.37	NOT_A_LEMMA
ever	4	3.37	NOT_A_LEMMA
geçeni	6	3.37	NOT_A_LEMMA
grevine	7	3.37	NOT_A_LEMMA
göbeği	6	3.37	NOT_A_LEMMA
gülecek	7	3.37	NOT_A_LEMMA
hamlet	6	3.37	NOT_A_LEMMA
hastada	7	3.37	NOT_A_LEMMA
hüngür	6	3.37	NOT_A_NOUN
ilacını	7	3.37	NOT_A_LEMMA
inekler	7	3.37	NOT_A_LEMMA
insaf	5	3.37	ALSO_OTHER_PART_OF_SPEECH
izlemem	7	3.37	NOT_A_LEMMA
kabini	6	3.37	NOT_A_LEMMA
kafanız	7	3.37	NOT_A_LEMMA
kahin	5	3.37	CIRCUMFLEX
kainat	6	3.37	ALSO_OTHER_PART_OF_SPEECH
kalpte	6	3.37	NOT_A_LEMMA
kamufle	7	3.37	NOT_A_NOUN
kani	4	3.37	NOT_A_NOUN
kareye	6	3.37	NOT_A_LEMMA
kazılar	7	3.37	NOT_A_LEMMA
kimimiz	7	3.37	NOT_A_LEMMA
kişiyim	7	3.37	NOT_A_LEMMA
klipte	6	3.37	NOT_A_LEMMA
kolayı	6	3.37	NOT_A_LEMMA
kopyala	7	3.37	NOT_A_LEMMA
kurulup	7	3.37	NOT_A_LEMMA
kutbu	5	3.37	NOT_A_LEMMA
kuşatan	7	3.37	NOT_A_LEMMA
köşeden	7	3.37	NOT_A_LEMMA
küfre	5	3.37	NOT_A_LEMMA
kılları	7	3.37	NOT_A_LEMMA
kırca	5	3.37	NOT_A_LEMMA
lidere	6	3.37	NOT_A_LEMMA
lifler	6	3.37	NOT_A_LEMMA
martini	7	3.37	INFLECTED_FORM
menşeli	7	3.37	NOT_A_LEMMA
mevkide	7	3.37	NOT_A_LEMMA
meyhane	7	3.37	TOPIC:alcohol
midesi	6	3.37	NOT_A_LEMMA
mika	4	3.37	ALSO_OTHER_PART_OF_SPEECH
milat	5	3.37	CIRCUMFLEX
mülkün	6	3.37	NOT_A_LEMMA
naaşı	5	3.37	NOT_A_LEMMA
nereyi	6	3.37	NOT_A_LEMMA
nisanda	7	3.37	NOT_A_LEMMA
ocağın	6	3.37	NOT_A_LEMMA
olgular	7	3.37	NOT_A_LEMMA
oluruna	7	3.37	NOT_A_LEMMA
resmimi	7	3.37	NOT_A_LEMMA
roketi	6	3.37	NOT_A_LEMMA
rozeti	6	3.37	NOT_A_LEMMA
saatim	6	3.37	NOT_A_LEMMA
salavat	7	3.37	CIRCUMFLEX
sari	4	3.37	ALSO_OTHER_PART_OF_SPEECH
sesidir	7	3.37	NOT_A_LEMMA
seçmeni	7	3.37	NOT_A_LEMMA
siniri	6	3.37	NOT_A_LEMMA
sivilin	7	3.37	NOT_A_LEMMA
soktun	6	3.37	NOT_A_LEMMA
surette	7	3.37	NOT_A_LEMMA
sözümüz	7	3.37	NOT_A_LEMMA
süreler	7	3.37	NOT_A_LEMMA
sürmene	7	3.37	NOT_A_LEMMA
sıçtık	6	3.37	NOT_A_LEMMA
tabidir	7	3.37	NOT_A_LEMMA
takarak	7	3.37	NOT_A_LEMMA
takımız	7	3.37	NOT_A_LEMMA
tanecik	7	3.37	NOT_A_LEMMA
tanındı	7	3.37	NOT_A_LEMMA
tarlaya	7	3.37	NOT_A_LEMMA
tarzın	6	3.37	NOT_A_LEMMA
telaşı	6	3.37	NOT_A_LEMMA
teslimi	7	3.37	NOT_A_LEMMA
tıklama	7	3.37	NOT_A_LEMMA
ufku	4	3.37	NOT_A_LEMMA
ulaşana	7	3.37	NOT_A_LEMMA
uyanan	6	3.37	NOT_A_LEMMA
uğramak	7	3.37	NOT_A_NOUN
vermeme	7	3.37	NOT_A_LEMMA
yağsız	6	3.37	NOT_A_LEMMA
yaşatma	7	3.37	NOT_A_LEMMA
yaşattı	7	3.37	NOT_A_LEMMA
yeniyim	7	3.37	NOT_A_LEMMA
yeterdi	7	3.37	NOT_A_LEMMA
yitik	5	3.37	ALSO_OTHER_PART_OF_SPEECH
yoktum	6	3.37	NOT_A_LEMMA
yöndeki	7	3.37	NOT_A_LEMMA
yürütür	7	3.37	NOT_A_LEMMA
yüzmeye	7	3.37	NOT_A_LEMMA
zekaya	6	3.37	NOT_A_LEMMA
zindana	7	3.37	NOT_A_LEMMA
zirai	5	3.37	CIRCUMFLEX
çekişme	7	3.37	NOT_A_LEMMA
çorabı	6	3.37	NOT_A_LEMMA
çoğunuz	7	3.37	NOT_A_LEMMA
öcünü	5	3.37	NOT_A_LEMMA
öfkeyi	6	3.37	NOT_A_LEMMA
ölsem	5	3.37	NOT_A_LEMMA
önledi	6	3.37	NOT_A_LEMMA
özetini	7	3.37	NOT_A_LEMMA
şefliği	7	3.37	NOT_A_LEMMA
şeyimi	6	3.37	NOT_A_LEMMA
abartma	7	3.36	NOT_A_LEMMA
ahirete	7	3.36	NOT_A_LEMMA
alımlar	7	3.36	NOT_A_LEMMA
anlara	6	3.36	NOT_A_LEMMA
anıyor	6	3.36	NOT_A_LEMMA
asarak	6	3.36	NOT_A_LEMMA
ayların	7	3.36	NOT_A_LEMMA
azimle	6	3.36	NOT_A_LEMMA
açarlar	7	3.36	NOT_A_LEMMA
açayım	6	3.36	NOT_A_LEMMA
açmıyor	7	3.36	NOT_A_LEMMA
açılmak	7	3.36	NOT_A_LEMMA
babanı	6	3.36	NOT_A_LEMMA
bakim	5	3.36	NOT_A_LEMMA
bağışta	7	3.36	NOT_A_LEMMA
besim	5	3.36	NOT_A_LEMMA
bitik	5	3.36	NOT_A_NOUN
biçer	5	3.36	NOT_A_LEMMA
blogu	5	3.36	NOT_A_LEMMA
boynun	6	3.36	NOT_A_LEMMA
bulamam	7	3.36	NOT_A_LEMMA
burunlu	7	3.36	NOT_A_LEMMA
cebime	6	3.36	NOT_A_LEMMA
cepte	5	3.36	NOT_A_LEMMA
cerrahı	7	3.36	NOT_A_LEMMA
cihatçı	7	3.36	NOT_A_LEMMA
cıvıl	5	3.36	NOT_A_NOUN
dağına	6	3.36	NOT_A_LEMMA
defin	5	3.36	INFLECTED_FORM
dinlen	6	3.36	NOT_A_LEMMA
dopdolu	7	3.36	NOT_A_NOUN
durmalı	7	3.36	NOT_A_LEMMA
dökmeye	7	3.36	NOT_A_LEMMA
döver	5	3.36	NOT_A_LEMMA
dünün	5	3.36	NOT_A_LEMMA
eklemiş	7	3.36	NOT_A_LEMMA
else	4	3.36	NOT_A_LEMMA
embesil	7	3.36	NOT_A_NOUN
engelle	7	3.36	NOT_A_LEMMA
erkekli	7	3.36	NOT_A_LEMMA
esası	5	3.36	NOT_A_LEMMA
eserine	7	3.36	NOT_A_LEMMA
eğip	4	3.36	NOT_A_LEMMA
eşleşen	7	3.36	NOT_A_LEMMA
fiyatlı	7	3.36	NOT_A_LEMMA
gecem	5	3.36	NOT_A_LEMMA
girse	5	3.36	NOT_A_LEMMA
gövdeli	7	3.36	NOT_A_LEMMA
gözlüm	6	3.36	NOT_A_LEMMA
gülleri	7	3.36	NOT_A_LEMMA
güvenir	7	3.36	NOT_A_LEMMA
hantal	6	3.36	NOT_A_NOUN
hapları	7	3.36	NOT_A_LEMMA
hazırdı	7	3.36	NOT_A_LEMMA
helvası	7	3.36	NOT_A_LEMMA
huyu	4	3.36	NOT_A_LEMMA
ikame	5	3.36	ALSO_OTHER_PART_OF_SPEECH
ikimizi	7	3.36	NOT_A_LEMMA
imkanım	7	3.36	NOT_A_LEMMA
inince	6	3.36	NOT_A_LEMMA
inmez	5	3.36	NOT_A_LEMMA
içkili	6	3.36	NOT_A_LEMMA
kadroyu	7	3.36	NOT_A_LEMMA
kanallı	7	3.36	NOT_A_LEMMA
kandili	7	3.36	NOT_A_LEMMA
kanımca	7	3.36	NOT_A_LEMMA
kaseti	6	3.36	NOT_A_LEMMA
katıp	5	3.36	NOT_A_LEMMA
kopardı	7	3.36	NOT_A_LEMMA
kuşum	5	3.36	NOT_A_LEMMA
körler	6	3.36	NOT_A_LEMMA
kümede	6	3.36	NOT_A_LEMMA
kırığı	6	3.36	NOT_A_LEMMA
kıtanın	7	3.36	NOT_A_LEMMA
lafımı	6	3.36	NOT_A_LEMMA
maaşlı	6	3.36	NOT_A_LEMMA
makamda	7	3.36	NOT_A_LEMMA
makamın	7	3.36	NOT_A_LEMMA
mecaz	5	3.36	ALSO_OTHER_PART_OF_SPEECH
meleğin	7	3.36	NOT_A_LEMMA
mumlar	6	3.36	NOT_A_LEMMA
nefsini	7	3.36	NOT_A_LEMMA
objeler	7	3.36	NOT_A_LEMMA
ocağına	7	3.36	NOT_A_LEMMA
olgusu	6	3.36	NOT_A_LEMMA
oraları	7	3.36	NOT_A_LEMMA
oynat	5	3.36	NOT_A_LEMMA
pagan	5	3.36	NOT_A_NOUN
paranı	6	3.36	NOT_A_LEMMA
penisi	6	3.36	NOT_A_LEMMA
prensin	7	3.36	NOT_A_LEMMA
rakımlı	7	3.36	NOT_A_LEMMA
rekat	5	3.36	CIRCUMFLEX
sanatla	7	3.36	NOT_A_LEMMA
semte	5	3.36	NOT_A_LEMMA
senkron	7	3.36	NOT_A_NOUN
siken	5	3.36	NOT_A_LEMMA
sikti	5	3.36	NOT_A_LEMMA
soygunu	7	3.36	NOT_A_LEMMA
soğanı	6	3.36	NOT_A_LEMMA
stada	5	3.36	NOT_A_LEMMA
suyuyla	7	3.36	NOT_A_LEMMA
tavuklu	7	3.36	NOT_A_LEMMA
tipim	5	3.36	NOT_A_LEMMA
tipin	5	3.36	NOT_A_LEMMA
tona	4	3.36	NOT_A_LEMMA
topunu	6	3.36	NOT_A_LEMMA
tüplü	5	3.36	NOT_A_LEMMA
usandım	7	3.36	NOT_A_LEMMA
uyandın	7	3.36	NOT_A_LEMMA
uydudan	7	3.36	NOT_A_LEMMA
uzaklaş	7	3.36	NOT_A_LEMMA
varacak	7	3.36	NOT_A_LEMMA
vatanım	7	3.36	NOT_A_LEMMA
vurulma	7	3.36	NOT_A_LEMMA
yalanın	7	3.36	NOT_A_LEMMA
yapıtı	6	3.36	NOT_A_LEMMA
yargıyı	7	3.36	NOT_A_LEMMA
zifiri	6	3.36	NOT_A_NOUN
zulmün	6	3.36	NOT_A_LEMMA
çarşıda	7	3.36	NOT_A_LEMMA
çarşıya	7	3.36	NOT_A_LEMMA
öyküyü	6	3.36	NOT_A_LEMMA
üyelere	7	3.36	NOT_A_LEMMA
ısının	6	3.36	NOT_A_LEMMA
adresin	7	3.35	NOT_A_LEMMA
ahalisi	7	3.35	NOT_A_LEMMA
ahlakın	7	3.35	NOT_A_LEMMA
anlaşıp	7	3.35	NOT_A_LEMMA
arsenik	7	3.35	MANUAL_BLOCK
arzum	5	3.35	NOT_A_LEMMA
atanma	6	3.35	NOT_A_LEMMA
atağa	5	3.35	NOT_A_LEMMA
ayki	4	3.35	NOT_A_LEMMA
açmam	5	3.35	NOT_A_LEMMA
açıyla	6	3.35	NOT_A_LEMMA
ağrılı	6	3.35	NOT_A_LEMMA
aştık	5	3.35	NOT_A_LEMMA
bayılır	7	3.35	NOT_A_LEMMA
bedenen	7	3.35	NOT_A_NOUN
beyanı	6	3.35	NOT_A_LEMMA
bindik	6	3.35	NOT_A_LEMMA
binme	5	3.35	NOT_A_LEMMA
borsaya	7	3.35	NOT_A_LEMMA
boyar	5	3.35	VERB_FORM
bozarak	7	3.35	NOT_A_LEMMA
boğan	5	3.35	NOT_A_LEMMA
bulmaz	6	3.35	NOT_A_LEMMA
buruna	6	3.35	NOT_A_LEMMA
büyüğüm	7	3.35	NOT_A_LEMMA
cepten	6	3.35	NOT_A_LEMMA
dalar	5	3.35	NOT_A_LEMMA
daldım	6	3.35	NOT_A_LEMMA
dağlı	5	3.35	NOT_A_NOUN
deneyen	7	3.35	NOT_A_LEMMA
depolar	7	3.35	NOT_A_LEMMA
devrime	7	3.35	NOT_A_LEMMA
değişse	7	3.35	NOT_A_LEMMA
dipsiz	6	3.35	NOT_A_LEMMA
doluluk	7	3.35	NOT_A_LEMMA
duymadı	7	3.35	NOT_A_LEMMA
döne	4	3.35	NOT_A_LEMMA
eriş	4	3.35	NOT_A_LEMMA
etmezdi	7	3.35	NOT_A_LEMMA
ezelden	7	3.35	NOT_A_LEMMA
fedakar	7	3.35	NOT_A_NOUN
geziler	7	3.35	NOT_A_LEMMA
gönlüne	7	3.35	NOT_A_LEMMA
gövdeye	7	3.35	NOT_A_LEMMA
haiz	4	3.35	NOT_A_NOUN
hattan	6	3.35	NOT_A_LEMMA
havana	6	3.35	NOT_A_LEMMA
hikmeti	7	3.35	NOT_A_LEMMA
hocayı	6	3.35	NOT_A_LEMMA
ihaleye	7	3.35	NOT_A_LEMMA
iklime	6	3.35	NOT_A_LEMMA
ilinden	7	3.35	NOT_A_LEMMA
imana	5	3.35	NOT_A_LEMMA
inadına	7	3.35	NOT_A_NOUN
ismidir	7	3.35	NOT_A_LEMMA
istemci	7	3.35	NOT_A_LEMMA
itiyor	6	3.35	NOT_A_LEMMA
iznin	5	3.35	NOT_A_LEMMA
kafese	6	3.35	NOT_A_LEMMA
kapkara	7	3.35	NOT_A_NOUN
kapılma	7	3.35	NOT_A_LEMMA
kardeşe	7	3.35	NOT_A_LEMMA
kari	4	3.35	MANUAL_BLOCK
karnesi	7	3.35	NOT_A_LEMMA
kavisli	7	3.35	NOT_A_LEMMA
kayyım	6	3.35	INFLECTED_FORM
koluma	6	3.35	NOT_A_LEMMA
kremalı	7	3.35	NOT_A_LEMMA
kudreti	7	3.35	NOT_A_LEMMA
kulları	7	3.35	NOT_A_LEMMA
köpeğim	7	3.35	NOT_A_LEMMA
kılma	5	3.35	NOT_A_LEMMA
kılıçla	7	3.35	NOT_A_LEMMA
kızmış	6	3.35	NOT_A_LEMMA
likit	5	3.35	ALSO_OTHER_PART_OF_SPEECH
mille	5	3.35	NOT_A_LEMMA
modları	7	3.35	NOT_A_LEMMA
mors	4	3.35	MANUAL_BLOCK
motorla	7	3.35	NOT_A_LEMMA
mühürlü	7	3.35	NOT_A_LEMMA
mışıl	5	3.35	NOT_A_NOUN
namı	4	3.35	NOT_A_LEMMA
notalar	7	3.35	NOT_A_LEMMA
okulla	6	3.35	NOT_A_LEMMA
okusun	6	3.35	NOT_A_LEMMA
oluştur	7	3.35	NOT_A_LEMMA
onar	4	3.35	NOT_A_NOUN
oyuyla	6	3.35	NOT_A_LEMMA
pikniğe	7	3.35	NOT_A_LEMMA
puanlı	6	3.35	NOT_A_LEMMA
resmine	7	3.35	NOT_A_LEMMA
safında	7	3.35	NOT_A_LEMMA
sakızı	6	3.35	NOT_A_LEMMA
sanacak	7	3.35	NOT_A_LEMMA
sarmal	6	3.35	NOT_A_NOUN
satarım	7	3.35	NOT_A_LEMMA
sağına	6	3.35	NOT_A_LEMMA
sent	4	3.35	MANUAL_BLOCK
sergiye	7	3.35	NOT_A_LEMMA
seslere	7	3.35	NOT_A_LEMMA
sevince	7	3.35	NOT_A_LEMMA
sicili	6	3.35	NOT_A_LEMMA
sorarsa	7	3.35	NOT_A_LEMMA
soysal	6	3.35	NOT_A_NOUN
soğuğu	6	3.35	NOT_A_LEMMA
sporuna	7	3.35	NOT_A_LEMMA
surları	7	3.35	NOT_A_LEMMA
susamış	7	3.35	NOT_A_LEMMA
suçla	5	3.35	NOT_A_LEMMA
söner	5	3.35	NOT_A_LEMMA
sığındı	7	3.35	NOT_A_LEMMA
tematik	7	3.35	NOT_A_NOUN
teni	4	3.35	NOT_A_LEMMA
tokadı	6	3.35	NOT_A_LEMMA
tümüne	6	3.35	NOT_A_LEMMA
tıbbın	6	3.35	NOT_A_LEMMA
urban	5	3.35	NOT_A_LEMMA
uzamış	6	3.35	NOT_A_LEMMA
uçmaya	6	3.35	NOT_A_LEMMA
uçmuş	5	3.35	NOT_A_LEMMA
varın	5	3.35	NOT_A_LEMMA
yaklaş	6	3.35	NOT_A_LEMMA
yalıyor	7	3.35	NOT_A_LEMMA
yazımız	7	3.35	NOT_A_LEMMA
yedeği	6	3.35	NOT_A_LEMMA
yeminle	7	3.35	NOT_A_LEMMA
yitirir	7	3.35	NOT_A_LEMMA
zatürre	7	3.35	MANUAL_BLOCK
çalması	7	3.35	NOT_A_LEMMA
çağrıyı	7	3.35	NOT_A_LEMMA
çiğneme	7	3.35	NOT_A_LEMMA
çıldır	6	3.35	NOT_A_LEMMA
ödendi	6	3.35	NOT_A_LEMMA
ölümdür	7	3.35	NOT_A_LEMMA
özenli	6	3.35	NOT_A_LEMMA
üniter	6	3.35	NOT_A_NOUN
ünvanı	6	3.35	NOT_A_LEMMA
üşüdüm	6	3.35	NOT_A_LEMMA
şerefe	6	3.35	INFLECTED_FORM
şeyine	6	3.35	NOT_A_LEMMA
şişmiş	6	3.35	NOT_A_LEMMA
adayını	7	3.34	NOT_A_LEMMA
aktarır	7	3.34	NOT_A_LEMMA
alanla	6	3.34	NOT_A_LEMMA
alemine	7	3.34	NOT_A_LEMMA
alıcıya	7	3.34	NOT_A_LEMMA
amaçsız	7	3.34	NOT_A_LEMMA
amblemi	7	3.34	NOT_A_LEMMA
anına	5	3.34	NOT_A_LEMMA
ardışık	7	3.34	NOT_A_NOUN
asar	4	3.34	VERB_FORM
atanlar	7	3.34	NOT_A_LEMMA
atmadım	7	3.34	NOT_A_LEMMA
ağzıyla	7	3.34	NOT_A_LEMMA
balaban	7	3.34	ALSO_OTHER_PART_OF_SPEECH
baltacı	7	3.34	MANUAL_BLOCK
basacak	7	3.34	NOT_A_LEMMA
benli	5	3.34	NOT_A_LEMMA
beynime	7	3.34	NOT_A_LEMMA
beşiği	6	3.34	NOT_A_LEMMA
biden	5	3.34	NOT_A_LEMMA
bildir	6	3.34	NOT_A_LEMMA
bulsam	6	3.34	NOT_A_LEMMA
büyüttü	7	3.34	NOT_A_LEMMA
cebi	4	3.34	NOT_A_LEMMA
cismi	5	3.34	NOT_A_LEMMA
dada	4	3.34	MANUAL_BLOCK
dalını	6	3.34	NOT_A_LEMMA
derdik	6	3.34	NOT_A_LEMMA
dışını	6	3.34	NOT_A_LEMMA
edilene	7	3.34	NOT_A_LEMMA
egon	4	3.34	NOT_A_LEMMA
erişte	6	3.34	VERB_FORM
etmese	6	3.34	NOT_A_LEMMA
ezanı	5	3.34	NOT_A_LEMMA
ezikler	7	3.34	NOT_A_LEMMA
gazını	6	3.34	NOT_A_LEMMA
gelire	6	3.34	NOT_A_LEMMA
genler	6	3.34	NOT_A_LEMMA
gezide	6	3.34	NOT_A_LEMMA
geçmem	6	3.34	NOT_A_LEMMA
giyinen	7	3.34	NOT_A_LEMMA
harcar	6	3.34	NOT_A_LEMMA
hasarın	7	3.34	NOT_A_LEMMA
havayla	7	3.34	NOT_A_LEMMA
hayrola	7	3.34	NOT_A_NOUN
heyelan	7	3.34	CIRCUMFLEX
hissesi	7	3.34	NOT_A_LEMMA
illerin	7	3.34	NOT_A_LEMMA
inandık	7	3.34	NOT_A_LEMMA
insanin	7	3.34	NOT_A_LEMMA
itiş	4	3.34	NOT_A_LEMMA
kabın	5	3.34	NOT_A_LEMMA
kafeste	7	3.34	NOT_A_LEMMA
kakaolu	7	3.34	NOT_A_LEMMA
kalamam	7	3.34	NOT_A_LEMMA
kalsan	6	3.34	NOT_A_LEMMA
kalınan	7	3.34	NOT_A_LEMMA
kaotik	6	3.34	NOT_A_NOUN
kaybol	6	3.34	NOT_A_LEMMA
kayıtta	7	3.34	NOT_A_LEMMA
kesmesi	7	3.34	NOT_A_LEMMA
kimiz	5	3.34	NOT_A_LEMMA
kinetik	7	3.34	ALSO_OTHER_PART_OF_SPEECH
kökler	6	3.34	NOT_A_LEMMA
küle	4	3.34	NOT_A_LEMMA
kılmaya	7	3.34	NOT_A_LEMMA
kızan	5	3.34	VERB_FORM
listen	6	3.34	NOT_A_LEMMA
maaşın	6	3.34	NOT_A_LEMMA
mirasın	7	3.34	NOT_A_LEMMA
musibet	7	3.34	ALSO_OTHER_PART_OF_SPEECH
odamın	6	3.34	NOT_A_LEMMA
ofansif	7	3.34	NOT_A_NOUN
operası	7	3.34	NOT_A_LEMMA
ortanca	7	3.34	ALSO_OTHER_PART_OF_SPEECH
parkuru	7	3.34	NOT_A_LEMMA
partim	6	3.34	NOT_A_LEMMA
patrona	7	3.34	INFLECTED_FORM
penisin	7	3.34	NOT_A_LEMMA
pisi	4	3.34	MANUAL_BLOCK
plağı	5	3.34	NOT_A_LEMMA
porsuk	6	3.34	ALSO_OTHER_PART_OF_SPEECH
rand	4	3.34	MANUAL_BLOCK
reva	4	3.34	NOT_A_NOUN
rotayı	6	3.34	NOT_A_LEMMA
rüyadan	7	3.34	NOT_A_LEMMA
sabrım	6	3.34	NOT_A_LEMMA
salan	5	3.34	NOT_A_LEMMA
sarsan	6	3.34	NOT_A_LEMMA
sarsıcı	7	3.34	VERB_FORM
sesten	6	3.34	NOT_A_LEMMA
sofrada	7	3.34	NOT_A_LEMMA
sokulan	7	3.34	NOT_A_LEMMA
sorsam	6	3.34	NOT_A_LEMMA
soğuktu	7	3.34	NOT_A_LEMMA
sunma	5	3.34	NOT_A_LEMMA
suskun	6	3.34	NOT_A_NOUN
tahtına	7	3.34	NOT_A_LEMMA
tanka	5	3.34	NOT_A_LEMMA
telden	6	3.34	NOT_A_LEMMA
tümörün	7	3.34	NOT_A_LEMMA
tüpleri	7	3.34	NOT_A_LEMMA
uykulu	6	3.34	NOT_A_LEMMA
uyması	6	3.34	NOT_A_LEMMA
uyumuş	6	3.34	NOT_A_LEMMA
uyusun	6	3.34	NOT_A_LEMMA
uğratan	7	3.34	NOT_A_LEMMA
varıyor	7	3.34	NOT_A_LEMMA
vergiyi	7	3.34	NOT_A_LEMMA
yaaa	4	3.34	NOT_A_NOUN
yapmamı	7	3.34	NOT_A_LEMMA
yapımda	7	3.34	NOT_A_LEMMA
yaran	5	3.34	CIRCUMFLEX
yaşardı	7	3.34	NOT_A_LEMMA
yurduna	7	3.34	NOT_A_LEMMA
yönlere	7	3.34	NOT_A_LEMMA
yıkma	5	3.34	NOT_A_LEMMA
çadırda	7	3.34	NOT_A_LEMMA
çarkı	5	3.34	NOT_A_LEMMA
çenesi	6	3.34	NOT_A_LEMMA
ölüyü	5	3.34	NOT_A_LEMMA
önceydi	7	3.34	NOT_A_LEMMA
öneride	7	3.34	NOT_A_LEMMA
özgen	5	3.34	NOT_A_LEMMA
üyeye	5	3.34	NOT_A_LEMMA
ırmağı	6	3.34	NOT_A_LEMMA
ısınmak	7	3.34	NOT_A_NOUN
şapkalı	7	3.34	NOT_A_LEMMA
şişlik	6	3.34	NOT_A_LEMMA
ahbap	5	3.33	ALSO_OTHER_PART_OF_SPEECH
alnına	6	3.33	NOT_A_LEMMA
alsana	6	3.33	NOT_A_LEMMA
alımını	7	3.33	NOT_A_LEMMA
ambarı	6	3.33	NOT_A_LEMMA
atlayış	7	3.33	NOT_A_LEMMA
atmanız	7	3.33	NOT_A_LEMMA
atmıyor	7	3.33	NOT_A_LEMMA
atomik	6	3.33	NOT_A_NOUN
avını	5	3.33	NOT_A_LEMMA
açlığı	6	3.33	NOT_A_LEMMA
belgeye	7	3.33	NOT_A_LEMMA
blokta	6	3.33	NOT_A_LEMMA
boğaza	6	3.33	NOT_A_LEMMA
böle	4	3.33	VERB_FORM
dalan	5	3.33	VERB_FORM
dalmış	6	3.33	NOT_A_LEMMA
dalının	7	3.33	NOT_A_LEMMA
dansa	5	3.33	NOT_A_LEMMA
denizle	7	3.33	NOT_A_LEMMA
dikme	5	3.33	VERB_FORM
dilidir	7	3.33	NOT_A_LEMMA
dindir	6	3.33	NOT_A_LEMMA
dizine	6	3.33	NOT_A_LEMMA
dizleri	7	3.33	NOT_A_LEMMA
dolabın	7	3.33	NOT_A_LEMMA
doymak	6	3.33	NOT_A_NOUN
duymam	6	3.33	NOT_A_LEMMA
dünü	4	3.33	NOT_A_LEMMA
ekranlı	7	3.33	NOT_A_LEMMA
emeğe	5	3.33	NOT_A_LEMMA
erden	5	3.33	NOT_A_NOUN
erimesi	7	3.33	NOT_A_LEMMA
etler	5	3.33	NOT_A_LEMMA
eşyanın	7	3.33	NOT_A_LEMMA
falcı	5	3.33	NOT_A_LEMMA
filmdir	7	3.33	NOT_A_LEMMA
fonları	7	3.33	NOT_A_LEMMA
gang	4	3.33	MANUAL_BLOCK
gariban	7	3.33	NOT_A_NOUN
gizleme	7	3.33	NOT_A_LEMMA
golüne	6	3.33	NOT_A_LEMMA
günahın	7	3.33	NOT_A_LEMMA
güneyli	7	3.33	NOT_A_LEMMA
güzele	6	3.33	NOT_A_LEMMA
halimle	7	3.33	NOT_A_LEMMA
halinle	7	3.33	NOT_A_LEMMA
hanedan	7	3.33	ALSO_OTHER_PART_OF_SPEECH
hatuna	6	3.33	NOT_A_LEMMA
hücuma	6	3.33	NOT_A_LEMMA
hükmünü	7	3.33	NOT_A_LEMMA
iflah	5	3.33	CIRCUMFLEX
ikonu	5	3.33	NOT_A_LEMMA
iradeyi	7	3.33	NOT_A_LEMMA
içince	6	3.33	NOT_A_LEMMA
işlendi	7	3.33	NOT_A_LEMMA
kahvemi	7	3.33	NOT_A_LEMMA
kaydın	6	3.33	NOT_A_LEMMA
kaymaya	7	3.33	NOT_A_LEMMA
kaçışı	6	3.33	NOT_A_LEMMA
kekler	6	3.33	NOT_A_LEMMA
keşfet	6	3.33	NOT_A_LEMMA
kiri	4	3.33	NOT_A_LEMMA
koşullu	7	3.33	NOT_A_LEMMA
kuzusu	6	3.33	NOT_A_LEMMA
kürkçü	6	3.33	NOT_A_LEMMA
küçüğüm	7	3.33	NOT_A_LEMMA
kızıyor	7	3.33	NOT_A_LEMMA
lime	4	3.33	NOT_A_NOUN
liranın	7	3.33	NOT_A_LEMMA
maço	4	3.33	MANUAL_BLOCK
minimal	7	3.33	ALSO_OTHER_PART_OF_SPEECH
morton	6	3.33	NOT_A_LEMMA
müezzin	7	3.33	MANUAL_BLOCK
mıydım	6	3.33	NOT_A_LEMMA
nedenin	7	3.33	NOT_A_LEMMA
ofisini	7	3.33	NOT_A_LEMMA
olaylı	6	3.33	NOT_A_LEMMA
oluşuna	7	3.33	NOT_A_LEMMA
ortaca	6	3.33	NOT_A_LEMMA
pekte	5	3.33	NOT_A_LEMMA
sarmak	6	3.33	NOT_A_NOUN
sarılma	7	3.33	NOT_A_LEMMA
seker	5	3.33	NOT_A_LEMMA
sezonki	7	3.33	NOT_A_LEMMA
sirkeci	7	3.33	NOT_A_LEMMA
sopası	6	3.33	NOT_A_LEMMA
suçluyu	7	3.33	NOT_A_LEMMA
süperdi	7	3.33	NOT_A_LEMMA
sıvıyı	6	3.33	NOT_A_LEMMA
sızı	4	3.33	TOPIC:disease
taburu	6	3.33	NOT_A_LEMMA
tadın	5	3.33	NOT_A_LEMMA
tamamla	7	3.33	NOT_A_LEMMA
tarımla	7	3.33	NOT_A_LEMMA
tipinin	7	3.33	NOT_A_LEMMA
tutarsa	7	3.33	NOT_A_LEMMA
tutmam	6	3.33	NOT_A_LEMMA
tutuş	5	3.33	NOT_A_LEMMA
tümünde	7	3.33	NOT_A_LEMMA
ufuklar	7	3.33	NOT_A_LEMMA
unutan	6	3.33	NOT_A_LEMMA
upuzun	6	3.33	NOT_A_NOUN
uzuyor	6	3.33	NOT_A_LEMMA
yakılır	7	3.33	NOT_A_LEMMA
yapıyla	7	3.33	NOT_A_LEMMA
yarışır	7	3.33	NOT_A_LEMMA
yasayan	7	3.33	NOT_A_LEMMA
yazıdan	7	3.33	NOT_A_LEMMA
yağları	7	3.33	NOT_A_LEMMA
yettiği	7	3.33	NOT_A_LEMMA
yitip	5	3.33	NOT_A_LEMMA
yıkarak	7	3.33	NOT_A_LEMMA
zayi	4	3.33	ALSO_OTHER_PART_OF_SPEECH
zihnini	7	3.33	NOT_A_LEMMA
çizip	5	3.33	NOT_A_LEMMA
çözüp	5	3.33	NOT_A_LEMMA
öfkenin	7	3.33	NOT_A_LEMMA
öper	4	3.33	NOT_A_LEMMA
öpüp	4	3.33	NOT_A_LEMMA
ümmeti	6	3.33	NOT_A_LEMMA
üzülür	6	3.33	NOT_A_LEMMA
şablonu	7	3.33	NOT_A_LEMMA
şehidi	6	3.33	NOT_A_LEMMA
şeritli	7	3.33	NOT_A_LEMMA
şovunu	6	3.33	NOT_A_LEMMA
şutu	4	3.33	NOT_A_LEMMA
ablan	5	3.32	NOT_A_LEMMA
adler	5	3.32	NOT_A_LEMMA
akını	5	3.32	NOT_A_LEMMA
alerjim	7	3.32	NOT_A_LEMMA
alkolü	6	3.32	NOT_A_LEMMA
anısını	7	3.32	NOT_A_LEMMA
arık	4	3.32	ALSO_OTHER_PART_OF_SPEECH
arıları	7	3.32	NOT_A_LEMMA
arınmış	7	3.32	NOT_A_LEMMA
asalak	6	3.32	ALSO_OTHER_PART_OF_SPEECH
ateşim	6	3.32	NOT_A_LEMMA
atladım	7	3.32	NOT_A_LEMMA
atman	5	3.32	NOT_A_LEMMA
avluya	6	3.32	NOT_A_LEMMA
ayrışma	7	3.32	NOT_A_LEMMA
açacağı	7	3.32	NOT_A_LEMMA
ağaçta	6	3.32	NOT_A_LEMMA
aştım	5	3.32	NOT_A_LEMMA
barın	5	3.32	NOT_A_LEMMA
basmaya	7	3.32	NOT_A_LEMMA
benimse	7	3.32	NOT_A_LEMMA
besle	5	3.32	NOT_A_LEMMA
beteri	6	3.32	NOT_A_LEMMA
bozdun	6	3.32	NOT_A_LEMMA
boğazım	7	3.32	NOT_A_LEMMA
canlıya	7	3.32	NOT_A_LEMMA
ceketi	6	3.32	NOT_A_LEMMA
daireyi	7	3.32	NOT_A_LEMMA
dalma	5	3.32	NOT_A_LEMMA
dansın	6	3.32	NOT_A_LEMMA
darı	4	3.32	INFLECTED_FORM
delme	5	3.32	NOT_A_LEMMA
denemiş	7	3.32	NOT_A_LEMMA
deriyi	6	3.32	NOT_A_LEMMA
devleri	7	3.32	NOT_A_LEMMA
dinlere	7	3.32	NOT_A_LEMMA
dinsiz	6	3.32	NOT_A_LEMMA
duralım	7	3.32	NOT_A_LEMMA
dururum	7	3.32	NOT_A_LEMMA
döküyor	7	3.32	NOT_A_LEMMA
dövmeye	7	3.32	NOT_A_LEMMA
düşene	6	3.32	NOT_A_LEMMA
elele	5	3.32	ALSO_OTHER_PART_OF_SPEECH
emer	4	3.32	NOT_A_LEMMA
emirle	6	3.32	NOT_A_LEMMA
emiyor	6	3.32	NOT_A_LEMMA
eşyaya	6	3.32	NOT_A_LEMMA
farka	5	3.32	NOT_A_LEMMA
fırsata	7	3.32	NOT_A_LEMMA
gavur	5	3.32	ALSO_OTHER_PART_OF_SPEECH
genelev	7	3.32	MANUAL_BLOCK
gidilen	7	3.32	NOT_A_LEMMA
gömülen	7	3.32	NOT_A_LEMMA
hazzı	5	3.32	NOT_A_LEMMA
hortumu	7	3.32	NOT_A_LEMMA
hüznü	5	3.32	NOT_A_LEMMA
hızın	5	3.32	NOT_A_LEMMA
ilaçla	6	3.32	NOT_A_LEMMA
ilerisi	7	3.32	NOT_A_LEMMA
ileten	6	3.32	NOT_A_LEMMA
ilgiden	7	3.32	NOT_A_LEMMA
iter	4	3.32	NOT_A_LEMMA
içte	4	3.32	NOT_A_LEMMA
kafi	4	3.32	NOT_A_NOUN
kapımız	7	3.32	NOT_A_LEMMA
karim	5	3.32	NOT_A_LEMMA
karta	5	3.32	NOT_A_LEMMA
kartalı	7	3.32	NOT_A_LEMMA
kartopu	7	3.32	ALSO_OTHER_PART_OF_SPEECH
kastım	6	3.32	NOT_A_LEMMA
kayış	5	3.32	VERB_FORM
kemiğin	7	3.32	NOT_A_LEMMA
kentten	7	3.32	NOT_A_LEMMA
keselim	7	3.32	NOT_A_LEMMA
kibarca	7	3.32	NOT_A_LEMMA
kiti	4	3.32	NOT_A_LEMMA
klarnet	7	3.32	CIRCUMFLEX
koparan	7	3.32	VERB_FORM
koşacak	7	3.32	NOT_A_LEMMA
kuklası	7	3.32	NOT_A_LEMMA
kuyunun	7	3.32	NOT_A_LEMMA
kuzum	5	3.32	NOT_A_LEMMA
kötünün	7	3.32	NOT_A_LEMMA
kıldığı	7	3.32	NOT_A_LEMMA
kılındı	7	3.32	NOT_A_LEMMA
limanın	7	3.32	NOT_A_LEMMA
matiz	5	3.32	ALSO_OTHER_PART_OF_SPEECH
menzile	7	3.32	MANUAL_BLOCK
metali	6	3.32	NOT_A_LEMMA
müsünüz	7	3.32	NOT_A_LEMMA
müydü	5	3.32	NOT_A_LEMMA
nehirde	7	3.32	NOT_A_LEMMA
nesini	6	3.32	NOT_A_LEMMA
neyiz	5	3.32	NOT_A_LEMMA
okurlar	7	3.32	NOT_A_LEMMA
omzuma	6	3.32	NOT_A_LEMMA
organın	7	3.32	NOT_A_LEMMA
plansız	7	3.32	NOT_A_LEMMA
provası	7	3.32	NOT_A_LEMMA
puslu	5	3.32	NOT_A_LEMMA
radyoyu	7	3.32	NOT_A_LEMMA
rami	4	3.32	MANUAL_BLOCK
robotun	7	3.32	NOT_A_LEMMA
sarkan	6	3.32	NOT_A_LEMMA
soktuğu	7	3.32	NOT_A_LEMMA
sıkar	5	3.32	NOT_A_LEMMA
tatlıyı	7	3.32	NOT_A_LEMMA
taşlara	7	3.32	NOT_A_LEMMA
tonda	5	3.32	NOT_A_LEMMA
tugayı	6	3.32	NOT_A_LEMMA
turşusu	7	3.32	NOT_A_LEMMA
tutkunu	7	3.32	NOT_A_LEMMA
türdeki	7	3.32	NOT_A_LEMMA
usulsüz	7	3.32	NOT_A_LEMMA
vadeden	7	3.32	NOT_A_LEMMA
yarabbi	7	3.32	MANUAL_BLOCK
yazdır	6	3.32	NOT_A_LEMMA
yağını	6	3.32	NOT_A_LEMMA
yurtiçi	7	3.32	ALSO_OTHER_PART_OF_SPEECH
yüzyılı	7	3.32	NOT_A_LEMMA
zaafı	5	3.32	NOT_A_LEMMA
çekerse	7	3.32	NOT_A_LEMMA
ötekine	7	3.32	NOT_A_LEMMA
üslupla	7	3.32	NOT_A_LEMMA
üstlük	6	3.32	NOT_A_LEMMA
üzer	4	3.32	VERB_FORM
üşüyor	6	3.32	NOT_A_LEMMA
ırkını	6	3.32	NOT_A_LEMMA
şartını	7	3.32	NOT_A_LEMMA
şekerin	7	3.32	NOT_A_LEMMA
absorbe	7	3.31	MANUAL_BLOCK
ahlaka	6	3.31	NOT_A_LEMMA
alışma	6	3.31	NOT_A_LEMMA
annecim	7	3.31	NOT_A_LEMMA
aramaz	6	3.31	NOT_A_LEMMA
atadığı	7	3.31	NOT_A_LEMMA
atlamış	7	3.31	NOT_A_LEMMA
atomun	6	3.31	NOT_A_LEMMA
ayarını	7	3.31	NOT_A_LEMMA
açlığa	6	3.31	NOT_A_LEMMA
açtınız	7	3.31	NOT_A_LEMMA
açılışa	7	3.31	NOT_A_LEMMA
aşacak	6	3.31	NOT_A_LEMMA
aşktır	6	3.31	NOT_A_LEMMA
bardağa	7	3.31	NOT_A_LEMMA
bayrama	7	3.31	NOT_A_LEMMA
bilmece	7	3.31	VERB_FORM
birikir	7	3.31	NOT_A_LEMMA
bokun	5	3.31	NOT_A_LEMMA
bozup	5	3.31	NOT_A_LEMMA
boşum	5	3.31	NOT_A_LEMMA
bula	4	3.31	VERB_FORM
bölmesi	7	3.31	NOT_A_LEMMA
büyüt	5	3.31	NOT_A_LEMMA
ciltte	6	3.31	NOT_A_LEMMA
dalgın	6	3.31	NOT_A_NOUN
dekolte	7	3.31	ALSO_OTHER_PART_OF_SPEECH
derede	6	3.31	NOT_A_LEMMA
divane	6	3.31	NOT_A_NOUN
donarak	7	3.31	NOT_A_LEMMA
döker	5	3.31	NOT_A_LEMMA
dışıdır	7	3.31	NOT_A_LEMMA
elmanın	7	3.31	NOT_A_LEMMA
emret	5	3.31	NOT_A_LEMMA
epeydir	7	3.31	ALSO_OTHER_PART_OF_SPEECH
etseler	7	3.31	NOT_A_LEMMA
eşli	4	3.31	NOT_A_LEMMA
fikirli	7	3.31	NOT_A_LEMMA
filonun	7	3.31	NOT_A_LEMMA
fine	4	3.31	NOT_A_LEMMA
fırıncı	7	3.31	NOT_A_LEMMA
gazali	6	3.31	NOT_A_LEMMA
gazdan	6	3.31	NOT_A_LEMMA
geveze	6	3.31	NOT_A_NOUN
gezdiği	7	3.31	NOT_A_LEMMA
giyerim	7	3.31	NOT_A_LEMMA
giymesi	7	3.31	NOT_A_LEMMA
gönderi	7	3.31	INFLECTED_FORM
görüşür	7	3.31	NOT_A_LEMMA
gülüş	5	3.31	NOT_A_LEMMA
hakime	6	3.31	NOT_A_LEMMA
harfin	6	3.31	NOT_A_LEMMA
hatadan	7	3.31	NOT_A_LEMMA
hatunum	7	3.31	NOT_A_LEMMA
herifi	6	3.31	NOT_A_LEMMA
incili	6	3.31	NOT_A_LEMMA
inmeden	7	3.31	NOT_A_LEMMA
isler	5	3.31	NOT_A_LEMMA
içtiğin	7	3.31	NOT_A_LEMMA
kahya	5	3.31	CIRCUMFLEX
kapanı	6	3.31	NOT_A_LEMMA
karşısı	7	3.31	NOT_A_LEMMA
kaçının	7	3.31	NOT_A_LEMMA
kişisin	7	3.31	NOT_A_LEMMA
kodun	5	3.31	NOT_A_LEMMA
kontu	5	3.31	NOT_A_LEMMA
kopacak	7	3.31	NOT_A_LEMMA
koştuğu	7	3.31	NOT_A_LEMMA
kremlin	7	3.31	NOT_A_LEMMA
kulağın	7	3.31	NOT_A_LEMMA
kuleler	7	3.31	NOT_A_LEMMA
kızıyım	7	3.31	NOT_A_LEMMA
makası	6	3.31	NOT_A_LEMMA
mavinin	7	3.31	NOT_A_LEMMA
mayası	6	3.31	NOT_A_LEMMA
mucidi	6	3.31	NOT_A_LEMMA
münasip	7	3.31	NOT_A_NOUN
neyini	6	3.31	NOT_A_LEMMA
neşeyle	7	3.31	NOT_A_LEMMA
odalara	7	3.31	NOT_A_LEMMA
odamı	5	3.31	NOT_A_LEMMA
onurdur	7	3.31	NOT_A_LEMMA
oyulmuş	7	3.31	NOT_A_LEMMA
parlar	6	3.31	NOT_A_LEMMA
postacı	7	3.31	NOT_A_LEMMA
pozlar	6	3.31	NOT_A_LEMMA
rezerve	7	3.31	NOT_A_LEMMA
rütbesi	7	3.31	NOT_A_LEMMA
salmış	6	3.31	NOT_A_LEMMA
salın	5	3.31	NOT_A_LEMMA
saracak	7	3.31	NOT_A_LEMMA
sayılık	7	3.31	NOT_A_LEMMA
sağla	5	3.31	NOT_A_LEMMA
semptom	7	3.31	TOPIC:disease
solmaz	6	3.31	NOT_A_LEMMA
sorsan	6	3.31	NOT_A_LEMMA
soyunu	6	3.31	NOT_A_LEMMA
soğudu	6	3.31	NOT_A_LEMMA
steril	6	3.31	NOT_A_NOUN
sürmeli	7	3.31	NOT_A_NOUN
tableti	7	3.31	NOT_A_LEMMA
takacak	7	3.31	NOT_A_LEMMA
takmaya	7	3.31	NOT_A_LEMMA
takmayı	7	3.31	NOT_A_LEMMA
tatlar	6	3.31	NOT_A_LEMMA
tatlıya	7	3.31	NOT_A_LEMMA
teoriyi	7	3.31	NOT_A_LEMMA
teşviki	7	3.31	NOT_A_LEMMA
umuda	5	3.31	NOT_A_LEMMA
uyuması	7	3.31	NOT_A_LEMMA
uzayı	5	3.31	NOT_A_LEMMA
vasfı	5	3.31	NOT_A_LEMMA
yaktığı	7	3.31	NOT_A_LEMMA
yanımız	7	3.31	NOT_A_LEMMA
yapışan	7	3.31	NOT_A_LEMMA
yasada	6	3.31	NOT_A_LEMMA
yönteme	7	3.31	NOT_A_LEMMA
zahir	5	3.31	ALSO_OTHER_PART_OF_SPEECH
çalsın	6	3.31	NOT_A_LEMMA
çalınır	7	3.31	NOT_A_LEMMA
çarpımı	7	3.31	NOT_A_LEMMA
çocuktu	7	3.31	NOT_A_LEMMA
çöle	4	3.31	NOT_A_LEMMA
çürüme	6	3.31	NOT_A_LEMMA
çıkılır	7	3.31	NOT_A_LEMMA
önemle	6	3.31	NOT_A_LEMMA
övgüyle	7	3.31	NOT_A_LEMMA
özrü	4	3.31	NOT_A_LEMMA
öğesi	5	3.31	NOT_A_LEMMA
ününü	5	3.31	NOT_A_LEMMA
üzecek	6	3.31	NOT_A_LEMMA
ırklar	6	3.31	NOT_A_LEMMA
ırktan	6	3.31	NOT_A_LEMMA
şafakta	7	3.31	NOT_A_LEMMA
şahsa	5	3.31	NOT_A_LEMMA
şansıma	7	3.31	NOT_A_LEMMA
şenel	5	3.31	NOT_A_LEMMA
adsız	5	3.30	NOT_A_LEMMA
analar	6	3.30	NOT_A_LEMMA
anıtlar	7	3.30	NOT_A_LEMMA
anıtsal	7	3.30	NOT_A_LEMMA
aranın	6	3.30	NOT_A_LEMMA
ayıdır	6	3.30	NOT_A_LEMMA
ayırdık	7	3.30	NOT_A_LEMMA
açtığın	7	3.30	NOT_A_LEMMA
açılın	6	3.30	NOT_A_LEMMA
ağar	4	3.30	NOT_A_LEMMA
ağzımda	7	3.30	NOT_A_LEMMA
babacım	7	3.30	NOT_A_LEMMA
babamda	7	3.30	NOT_A_LEMMA
bakmalı	7	3.30	NOT_A_LEMMA
bakışın	7	3.30	NOT_A_LEMMA
barışçı	7	3.30	NOT_A_LEMMA
batması	7	3.30	NOT_A_LEMMA
batırdı	7	3.30	NOT_A_LEMMA
belgin	6	3.30	NOT_A_NOUN
belirle	7	3.30	NOT_A_LEMMA
boynum	6	3.30	NOT_A_LEMMA
boğazda	7	3.30	NOT_A_LEMMA
bucağı	6	3.30	NOT_A_LEMMA
bura	4	3.30	VERB_FORM
böler	5	3.30	NOT_A_LEMMA
büründü	7	3.30	NOT_A_LEMMA
camını	6	3.30	NOT_A_LEMMA
cara	4	3.30	NOT_A_LEMMA
cinsini	7	3.30	NOT_A_LEMMA
dalın	5	3.30	NOT_A_LEMMA
demedin	7	3.30	NOT_A_LEMMA
derdimi	7	3.30	NOT_A_LEMMA
devirdi	7	3.30	NOT_A_LEMMA
dilerse	7	3.30	NOT_A_LEMMA
dilimin	7	3.30	NOT_A_LEMMA
donuyor	7	3.30	NOT_A_LEMMA
dövüşü	6	3.30	NOT_A_LEMMA
düzenle	7	3.30	NOT_A_LEMMA
düşür	5	3.30	NOT_A_LEMMA
edna	4	3.30	NOT_A_NOUN
elçiler	7	3.30	NOT_A_LEMMA
erir	4	3.30	NOT_A_LEMMA
etinden	7	3.30	NOT_A_LEMMA
faize	5	3.30	NOT_A_LEMMA
farenin	7	3.30	NOT_A_LEMMA
fidanı	6	3.30	NOT_A_LEMMA
fiiller	7	3.30	NOT_A_LEMMA
filim	5	3.30	NOT_A_LEMMA
fişleri	7	3.30	NOT_A_LEMMA
gazları	7	3.30	NOT_A_LEMMA
gazının	7	3.30	NOT_A_LEMMA
gele	4	3.30	VERB_FORM
gestapo	7	3.30	MANUAL_BLOCK
gezinin	7	3.30	NOT_A_LEMMA
geçişte	7	3.30	NOT_A_LEMMA
girildi	7	3.30	NOT_A_LEMMA
giyilen	7	3.30	NOT_A_LEMMA
göbekli	7	3.30	NOT_A_LEMMA
güllük	6	3.30	NOT_A_LEMMA
hama	4	3.30	NOT_A_LEMMA
hataydı	7	3.30	NOT_A_LEMMA
hayrına	7	3.30	NOT_A_LEMMA
imiz	4	3.30	NOT_A_LEMMA
indiği	6	3.30	NOT_A_LEMMA
inişe	5	3.30	NOT_A_LEMMA
inmesi	6	3.30	NOT_A_LEMMA
inşaata	7	3.30	NOT_A_LEMMA
isyanın	7	3.30	NOT_A_LEMMA
içmesi	6	3.30	NOT_A_LEMMA
iğneler	7	3.30	NOT_A_LEMMA
kadirli	7	3.30	NOT_A_LEMMA
kartla	6	3.30	NOT_A_LEMMA
karışıp	7	3.30	NOT_A_LEMMA
kaynama	7	3.30	NOT_A_LEMMA
kazasız	7	3.30	NOT_A_LEMMA
kazığa	6	3.30	NOT_A_LEMMA
kefaret	7	3.30	MANUAL_BLOCK
kolsuz	6	3.30	NOT_A_LEMMA
koşmayı	7	3.30	NOT_A_LEMMA
kralını	7	3.30	NOT_A_LEMMA
krizden	7	3.30	NOT_A_LEMMA
kurslar	7	3.30	NOT_A_LEMMA
kusmak	6	3.30	NOT_A_NOUN
kızdın	6	3.30	NOT_A_LEMMA
kıçına	6	3.30	NOT_A_LEMMA
lobisi	6	3.30	NOT_A_LEMMA
meal	4	3.30	TOPIC:religion
meni	4	3.30	INFLECTED_FORM
metalin	7	3.30	NOT_A_LEMMA
mevzusu	7	3.30	NOT_A_LEMMA
nelerle	7	3.30	NOT_A_LEMMA
olmasak	7	3.30	NOT_A_LEMMA
oynasın	7	3.30	NOT_A_LEMMA
paletli	7	3.30	NOT_A_LEMMA
paslı	5	3.30	NOT_A_LEMMA
pistin	6	3.30	NOT_A_LEMMA
piçleri	7	3.30	NOT_A_LEMMA
plajlar	7	3.30	NOT_A_LEMMA
reklama	7	3.30	NOT_A_LEMMA
ritüel	6	3.30	ALSO_OTHER_PART_OF_SPEECH
saldı	5	3.30	NOT_A_LEMMA
sallaya	7	3.30	NOT_A_LEMMA
sarın	5	3.30	NOT_A_LEMMA
seferin	7	3.30	NOT_A_LEMMA
sorudan	7	3.30	NOT_A_LEMMA
suyunda	7	3.30	NOT_A_LEMMA
sönen	5	3.30	NOT_A_LEMMA
sütunu	6	3.30	NOT_A_LEMMA
sütçü	5	3.30	NOT_A_LEMMA
sınama	6	3.30	NOT_A_LEMMA
sıçtım	6	3.30	NOT_A_LEMMA
tama	4	3.30	NOT_A_LEMMA
tanrıyı	7	3.30	NOT_A_LEMMA
tapan	5	3.30	VERB_FORM
taşıdım	7	3.30	NOT_A_LEMMA
toza	4	3.30	NOT_A_LEMMA
tutunma	7	3.30	NOT_A_LEMMA
ulusa	5	3.30	NOT_A_LEMMA
umar	4	3.30	VERB_FORM
umudumu	7	3.30	NOT_A_LEMMA
uğra	4	3.30	VERB_FORM
yalandı	7	3.30	NOT_A_LEMMA
yandığı	7	3.30	NOT_A_LEMMA
yasında	7	3.30	NOT_A_LEMMA
yaylada	7	3.30	NOT_A_LEMMA
yaşça	5	3.30	NOT_A_LEMMA
yenmeyi	7	3.30	NOT_A_LEMMA
yoruyor	7	3.30	NOT_A_LEMMA
yürürüm	7	3.30	NOT_A_LEMMA
zehiri	6	3.30	NOT_A_LEMMA
zeminin	7	3.30	NOT_A_LEMMA
zincire	7	3.30	NOT_A_LEMMA
zirveyi	7	3.30	NOT_A_LEMMA
çaktı	5	3.30	NOT_A_LEMMA
çatıda	6	3.30	NOT_A_LEMMA
çekler	6	3.30	NOT_A_LEMMA
çelişen	7	3.30	NOT_A_LEMMA
çipi	4	3.30	NOT_A_LEMMA
ödenmiş	7	3.30	NOT_A_LEMMA
ölmekte	7	3.30	NOT_A_LEMMA
ömre	4	3.30	NOT_A_LEMMA
öperim	6	3.30	NOT_A_LEMMA
ümidini	7	3.30	NOT_A_LEMMA
ısıtıcı	7	3.30	NOT_A_LEMMA
ışınlar	7	3.30	NOT_A_LEMMA
şahsım	6	3.30	NOT_A_LEMMA
şahı	4	3.30	NOT_A_LEMMA
şarkım	6	3.30	NOT_A_LEMMA
şaşırır	7	3.30	NOT_A_LEMMA
acelesi	7	3.29	NOT_A_LEMMA
acıtır	6	3.29	NOT_A_LEMMA
adalı	5	3.29	NOT_A_LEMMA
adımızı	7	3.29	NOT_A_LEMMA
akıma	5	3.29	NOT_A_LEMMA
akımlar	7	3.29	NOT_A_LEMMA
aldıysa	7	3.29	NOT_A_LEMMA
alin	4	3.29	NOT_A_LEMMA
alkole	6	3.29	NOT_A_LEMMA
alımlı	6	3.29	NOT_A_LEMMA
ararız	6	3.29	NOT_A_LEMMA
asılmış	7	3.29	NOT_A_LEMMA
atarsa	6	3.29	NOT_A_LEMMA
atlattı	7	3.29	NOT_A_LEMMA
atmadı	6	3.29	NOT_A_LEMMA
atılıp	6	3.29	NOT_A_LEMMA
atına	5	3.29	NOT_A_LEMMA
atınız	6	3.29	NOT_A_LEMMA
avare	5	3.29	NOT_A_NOUN
avlanan	7	3.29	NOT_A_LEMMA
aziziye	7	3.29	MANUAL_BLOCK
azmış	5	3.29	NOT_A_LEMMA
açığız	6	3.29	NOT_A_LEMMA
aşağısı	7	3.29	NOT_A_LEMMA
basarım	7	3.29	NOT_A_LEMMA
bilmeni	7	3.29	NOT_A_LEMMA
boynuzu	7	3.29	NOT_A_LEMMA
bozdum	6	3.29	NOT_A_LEMMA
camiden	7	3.29	NOT_A_LEMMA
davete	6	3.29	NOT_A_LEMMA
dedenin	7	3.29	NOT_A_LEMMA
dikine	6	3.29	NOT_A_NOUN
diskler	7	3.29	NOT_A_LEMMA
dişiler	7	3.29	NOT_A_LEMMA
dolardı	7	3.29	NOT_A_LEMMA
dolsun	6	3.29	NOT_A_LEMMA
doruğa	6	3.29	NOT_A_LEMMA
durumdu	7	3.29	NOT_A_LEMMA
döverek	7	3.29	NOT_A_LEMMA
dışsal	6	3.29	NOT_A_LEMMA
ekli	4	3.29	NOT_A_NOUN
ekliyor	7	3.29	NOT_A_LEMMA
ekstrem	7	3.29	NOT_A_NOUN
elmayı	6	3.29	NOT_A_LEMMA
emen	4	3.29	VERB_FORM
eşleşti	7	3.29	NOT_A_LEMMA
fanlar	6	3.29	NOT_A_LEMMA
feyzi	5	3.29	NOT_A_LEMMA
foton	5	3.29	NOT_A_LEMMA
füzesi	6	3.29	NOT_A_LEMMA
gemini	6	3.29	NOT_A_LEMMA
gezelim	7	3.29	NOT_A_LEMMA
geçeyim	7	3.29	NOT_A_LEMMA
girişe	6	3.29	NOT_A_LEMMA
gitmese	7	3.29	NOT_A_LEMMA
gökteki	7	3.29	NOT_A_LEMMA
göğsüme	7	3.29	NOT_A_LEMMA
günle	5	3.29	NOT_A_LEMMA
halkta	6	3.29	NOT_A_LEMMA
halktır	7	3.29	NOT_A_LEMMA
hanın	5	3.29	NOT_A_LEMMA
harıl	5	3.29	NOT_A_NOUN
iklimin	7	3.29	NOT_A_LEMMA
iksiri	6	3.29	NOT_A_LEMMA
iltihap	7	3.29	TOPIC:disease
isek	4	3.29	NOT_A_LEMMA
kapanıp	7	3.29	NOT_A_LEMMA
kapılan	7	3.29	NOT_A_LEMMA
kasın	5	3.29	NOT_A_LEMMA
katlar	6	3.29	NOT_A_LEMMA
kavmi	5	3.29	NOT_A_NOUN
kaybet	6	3.29	NOT_A_LEMMA
kedicik	7	3.29	NOT_A_LEMMA
kimyası	7	3.29	NOT_A_LEMMA
kitleyi	7	3.29	NOT_A_LEMMA
koduna	6	3.29	NOT_A_LEMMA
kolaj	5	3.29	CIRCUMFLEX
konar	5	3.29	NOT_A_LEMMA
konik	5	3.29	ALSO_OTHER_PART_OF_SPEECH
kopması	7	3.29	NOT_A_LEMMA
kubbeli	7	3.29	NOT_A_LEMMA
köftesi	7	3.29	NOT_A_LEMMA
kılıcın	7	3.29	NOT_A_LEMMA
kıtalar	7	3.29	NOT_A_LEMMA
kıyım	5	3.29	INFLECTED_FORM
kışları	7	3.29	NOT_A_LEMMA
maskara	7	3.29	ALSO_OTHER_PART_OF_SPEECH
maçtı	5	3.29	NOT_A_LEMMA
mevsime	7	3.29	NOT_A_LEMMA
mucit	5	3.29	ALSO_OTHER_PART_OF_SPEECH
musluğu	7	3.29	NOT_A_LEMMA
muzlu	5	3.29	NOT_A_LEMMA
nabzı	5	3.29	NOT_A_LEMMA
nette	5	3.29	NOT_A_LEMMA
nizami	6	3.29	NOT_A_NOUN
ocağa	5	3.29	NOT_A_LEMMA
omzunda	7	3.29	NOT_A_LEMMA
oralı	5	3.29	NOT_A_LEMMA
oynarız	7	3.29	NOT_A_LEMMA
parçada	7	3.29	NOT_A_LEMMA
pasa	4	3.29	NOT_A_LEMMA
patenti	7	3.29	NOT_A_LEMMA
renkle	6	3.29	NOT_A_LEMMA
resimle	7	3.29	NOT_A_LEMMA
sanarak	7	3.29	NOT_A_LEMMA
sancı	5	3.29	VERB_FORM
sayıdır	7	3.29	NOT_A_LEMMA
sevgini	7	3.29	NOT_A_LEMMA
sevişen	7	3.29	NOT_A_LEMMA
sikici	6	3.29	NOT_A_LEMMA
siyahlı	7	3.29	NOT_A_LEMMA
soruma	6	3.29	NOT_A_LEMMA
sporla	6	3.29	NOT_A_LEMMA
standı	6	3.29	NOT_A_LEMMA
sözdür	6	3.29	NOT_A_LEMMA
sıva	4	3.29	VERB_FORM
tabu	4	3.29	ALSO_OTHER_PART_OF_SPEECH
tacını	6	3.29	NOT_A_LEMMA
tadım	5	3.29	INFLECTED_FORM
talebin	7	3.29	NOT_A_LEMMA
taşlama	7	3.29	NOT_A_LEMMA
tekneye	7	3.29	NOT_A_LEMMA
terli	5	3.29	NOT_A_LEMMA
torbaya	7	3.29	NOT_A_LEMMA
tutarı	6	3.29	NOT_A_LEMMA
türküm	6	3.29	NOT_A_LEMMA
uğradık	7	3.29	NOT_A_LEMMA
yanmalı	7	3.29	NOT_A_LEMMA
yapılış	7	3.29	NOT_A_LEMMA
yatağan	7	3.29	TOPIC:weapons
yokuşu	6	3.29	NOT_A_LEMMA
yoldaşı	7	3.29	NOT_A_LEMMA
çaldın	6	3.29	NOT_A_LEMMA
çareyi	6	3.29	NOT_A_LEMMA
çaykara	7	3.29	MANUAL_BLOCK
çiçeğe	6	3.29	NOT_A_LEMMA
çoğalan	7	3.29	NOT_A_LEMMA
çölün	5	3.29	NOT_A_LEMMA
ödenmez	7	3.29	NOT_A_LEMMA
ödülle	6	3.29	NOT_A_LEMMA
ölse	4	3.29	NOT_A_LEMMA
ömrüne	6	3.29	NOT_A_LEMMA
öpüyor	6	3.29	NOT_A_LEMMA
övgüye	6	3.29	NOT_A_LEMMA
ücrete	6	3.29	NOT_A_LEMMA
üretmiş	7	3.29	NOT_A_LEMMA
üstüste	7	3.29	NOT_A_NOUN
üzme	4	3.29	VERB_FORM
şerbeti	7	3.29	NOT_A_LEMMA
abide	5	3.28	ALSO_OTHER_PART_OF_SPEECH
ablanın	7	3.28	NOT_A_LEMMA
adalara	7	3.28	NOT_A_LEMMA
aitsin	6	3.28	NOT_A_LEMMA
akıldan	7	3.28	NOT_A_LEMMA
alınız	6	3.28	NOT_A_LEMMA
artınca	7	3.28	NOT_A_LEMMA
artığı	6	3.28	NOT_A_LEMMA
atardı	6	3.28	NOT_A_LEMMA
atıldım	7	3.28	NOT_A_LEMMA
atını	5	3.28	NOT_A_LEMMA
avlamak	7	3.28	NOT_A_NOUN
ayarla	6	3.28	NOT_A_LEMMA
ayırmış	7	3.28	NOT_A_LEMMA
ağrıyı	6	3.28	NOT_A_LEMMA
bankta	6	3.28	NOT_A_LEMMA
belayı	6	3.28	NOT_A_LEMMA
beyliği	7	3.28	NOT_A_LEMMA
beğenip	7	3.28	NOT_A_LEMMA
biberi	6	3.28	NOT_A_LEMMA
bilince	7	3.28	NOT_A_LEMMA
birası	6	3.28	NOT_A_LEMMA
bitişi	6	3.28	NOT_A_LEMMA
bitkiyi	7	3.28	NOT_A_LEMMA
boğucu	6	3.28	NOT_A_LEMMA
böke	4	3.28	MANUAL_BLOCK
dayayıp	7	3.28	NOT_A_LEMMA
denirdi	7	3.28	NOT_A_LEMMA
dizim	5	3.28	INFLECTED_FORM
donu	4	3.28	NOT_A_LEMMA
dostuna	7	3.28	NOT_A_LEMMA
doğadan	7	3.28	NOT_A_LEMMA
doğmaz	6	3.28	NOT_A_LEMMA
dumana	6	3.28	NOT_A_LEMMA
duyarak	7	3.28	NOT_A_LEMMA
duyguya	7	3.28	NOT_A_LEMMA
dökerek	7	3.28	NOT_A_LEMMA
dönüşün	7	3.28	NOT_A_LEMMA
düşey	5	3.28	NOT_A_NOUN
düşse	5	3.28	NOT_A_LEMMA
düşsün	6	3.28	NOT_A_LEMMA
edinir	6	3.28	NOT_A_LEMMA
ekilen	6	3.28	NOT_A_LEMMA
etrafın	7	3.28	NOT_A_LEMMA
ettirip	7	3.28	NOT_A_LEMMA
euroya	6	3.28	NOT_A_LEMMA
eyler	5	3.28	NOT_A_LEMMA
eğilme	6	3.28	NOT_A_LEMMA
eşiği	5	3.28	NOT_A_LEMMA
fanı	4	3.28	NOT_A_LEMMA
fincanı	7	3.28	NOT_A_LEMMA
firmaya	7	3.28	NOT_A_LEMMA
forveti	7	3.28	NOT_A_LEMMA
galası	6	3.28	NOT_A_LEMMA
genleri	7	3.28	NOT_A_LEMMA
gezinen	7	3.28	NOT_A_LEMMA
geçilen	7	3.28	NOT_A_LEMMA
giyimi	6	3.28	NOT_A_LEMMA
granada	7	3.28	NOT_A_LEMMA
göreli	6	3.28	NOT_A_NOUN
hacmini	7	3.28	NOT_A_LEMMA
haçı	4	3.28	NOT_A_LEMMA
heyetin	7	3.28	NOT_A_LEMMA
idareye	7	3.28	NOT_A_LEMMA
ikinizi	7	3.28	NOT_A_LEMMA
inalcık	7	3.28	NOT_A_LEMMA
infazı	6	3.28	NOT_A_LEMMA
işleyiş	7	3.28	NOT_A_LEMMA
kamış	5	3.28	ALSO_OTHER_PART_OF_SPEECH
kaplanı	7	3.28	NOT_A_LEMMA
kaşıkla	7	3.28	NOT_A_LEMMA
kerpiç	6	3.28	ALSO_OTHER_PART_OF_SPEECH
kesmeyi	7	3.28	NOT_A_LEMMA
kokunu	6	3.28	NOT_A_LEMMA
kovanı	6	3.28	NOT_A_LEMMA
kralına	7	3.28	NOT_A_LEMMA
kullar	6	3.28	NOT_A_LEMMA
kutudan	7	3.28	NOT_A_LEMMA
mahçup	6	3.28	NOT_A_NOUN
manidar	7	3.28	NOT_A_NOUN
maçtır	6	3.28	NOT_A_LEMMA
mecazi	6	3.28	NOT_A_NOUN
noksan	6	3.28	ALSO_OTHER_PART_OF_SPEECH
oynadın	7	3.28	NOT_A_LEMMA
parçam	6	3.28	NOT_A_LEMMA
patlat	6	3.28	NOT_A_LEMMA
petrolü	7	3.28	NOT_A_LEMMA
pizzayı	7	3.28	NOT_A_LEMMA
primi	5	3.28	NOT_A_LEMMA
püresi	6	3.28	NOT_A_LEMMA
rabbani	7	3.28	NOT_A_NOUN
rahatla	7	3.28	NOT_A_LEMMA
ruhla	5	3.28	NOT_A_LEMMA
sabahki	7	3.28	NOT_A_LEMMA
salat	5	3.28	CIRCUMFLEX
sansa	5	3.28	NOT_A_LEMMA
savun	5	3.28	NOT_A_LEMMA
sekme	5	3.28	NOT_A_LEMMA
semi	4	3.28	INFLECTED_FORM
sertel	6	3.28	NOT_A_LEMMA
sevabı	6	3.28	NOT_A_LEMMA
sevdalı	7	3.28	NOT_A_LEMMA
seçelim	7	3.28	NOT_A_LEMMA
solisti	7	3.28	NOT_A_LEMMA
soyan	5	3.28	NOT_A_LEMMA
sualsiz	7	3.28	NOT_A_LEMMA
sussun	6	3.28	NOT_A_LEMMA
sürüşü	6	3.28	NOT_A_LEMMA
sıkılır	7	3.28	NOT_A_LEMMA
sıvılar	7	3.28	NOT_A_LEMMA
taşımaz	7	3.28	NOT_A_LEMMA
tektir	6	3.28	NOT_A_LEMMA
telin	5	3.28	INFLECTED_FORM
temele	6	3.28	NOT_A_LEMMA
tenisçi	7	3.28	NOT_A_LEMMA
teoriye	7	3.28	NOT_A_LEMMA
tiki	4	3.28	NOT_A_LEMMA
turunu	6	3.28	NOT_A_LEMMA
ucuzdur	7	3.28	NOT_A_LEMMA
ufaklık	7	3.28	ALSO_OTHER_PART_OF_SPEECH
umarak	6	3.28	NOT_A_LEMMA
vadiye	6	3.28	NOT_A_LEMMA
vapuru	6	3.28	NOT_A_LEMMA
varlar	6	3.28	NOT_A_LEMMA
veriye	6	3.28	NOT_A_LEMMA
vuruşta	7	3.28	NOT_A_LEMMA
vıcık	5	3.28	NOT_A_NOUN
yasaktı	7	3.28	NOT_A_LEMMA
yastığa	7	3.28	NOT_A_LEMMA
yazman	6	3.28	INFLECTED_FORM
yeleği	6	3.28	NOT_A_LEMMA
yenmez	6	3.28	NOT_A_LEMMA
yerlisi	7	3.28	NOT_A_LEMMA
yutmuş	6	3.28	NOT_A_LEMMA
çoğaldı	7	3.28	NOT_A_LEMMA
ödeyin	6	3.28	NOT_A_LEMMA
öneriyi	7	3.28	NOT_A_LEMMA
öznesi	6	3.28	NOT_A_LEMMA
üzülmüş	7	3.28	NOT_A_LEMMA
ıslahı	6	3.28	NOT_A_LEMMA
şahsıma	7	3.28	NOT_A_LEMMA
şişeler	7	3.28	NOT_A_LEMMA
şokta	5	3.28	NOT_A_LEMMA
adeti	5	3.27	NOT_A_LEMMA
adla	4	3.27	NOT_A_LEMMA
adımız	6	3.27	NOT_A_LEMMA
ahkam	5	3.27	CIRCUMFLEX
aksama	6	3.27	NOT_A_LEMMA
aleni	5	3.27	NOT_A_NOUN
allak	5	3.27	NOT_A_NOUN
altısı	6	3.27	NOT_A_LEMMA
ameli	5	3.27	NOT_A_NOUN
ameller	7	3.27	NOT_A_LEMMA
aramam	6	3.27	NOT_A_LEMMA
atımı	5	3.27	NOT_A_LEMMA
ayrıl	5	3.27	NOT_A_LEMMA
ayıplı	6	3.27	NOT_A_LEMMA
ayıptır	7	3.27	NOT_A_LEMMA
ağzımın	7	3.27	NOT_A_LEMMA
bağlan	6	3.27	NOT_A_LEMMA
beyine	6	3.27	NOT_A_LEMMA
biliniz	7	3.27	NOT_A_LEMMA
boğmak	6	3.27	NOT_A_NOUN
buhara	6	3.27	NOT_A_LEMMA
buluşun	7	3.27	NOT_A_LEMMA
burma	5	3.27	ALSO_OTHER_PART_OF_SPEECH
dağdaki	7	3.27	NOT_A_LEMMA
dağılma	7	3.27	NOT_A_LEMMA
deklare	7	3.27	NOT_A_NOUN
depreme	7	3.27	NOT_A_LEMMA
deyiş	5	3.27	VERB_FORM
dileme	6	3.27	NOT_A_LEMMA
dininde	7	3.27	NOT_A_LEMMA
dokunup	7	3.27	NOT_A_LEMMA
dola	4	3.27	NOT_A_LEMMA
durdun	6	3.27	NOT_A_LEMMA
düzlem	6	3.27	ALSO_OTHER_PART_OF_SPEECH
düğünün	7	3.27	NOT_A_LEMMA
düşeriz	7	3.27	NOT_A_LEMMA
esti	4	3.27	NOT_A_LEMMA
evrimin	7	3.27	NOT_A_LEMMA
feyyaz	6	3.27	NOT_A_NOUN
geçiniz	7	3.27	NOT_A_LEMMA
girmeli	7	3.27	NOT_A_LEMMA
gitmene	7	3.27	NOT_A_LEMMA
gitmeni	7	3.27	NOT_A_LEMMA
gölleri	7	3.27	NOT_A_LEMMA
götümü	6	3.27	NOT_A_LEMMA
göçe	4	3.27	NOT_A_LEMMA
göçün	5	3.27	NOT_A_LEMMA
gücüdür	7	3.27	NOT_A_LEMMA
güden	5	3.27	NOT_A_LEMMA
gürün	5	3.27	NOT_A_LEMMA
habire	6	3.27	ALSO_OTHER_PART_OF_SPEECH
hainlik	7	3.27	NOT_A_LEMMA
hevesi	6	3.27	NOT_A_LEMMA
ihtilaf	7	3.27	CIRCUMFLEX
ikramı	6	3.27	NOT_A_LEMMA
ilaçtır	7	3.27	NOT_A_LEMMA
ilçeden	7	3.27	NOT_A_LEMMA
ipliği	6	3.27	NOT_A_LEMMA
isminiz	7	3.27	NOT_A_LEMMA
içkiyi	6	3.27	NOT_A_LEMMA
kahvede	7	3.27	NOT_A_LEMMA
kaleden	7	3.27	NOT_A_LEMMA
kanyonu	7	3.27	NOT_A_LEMMA
kaosun	6	3.27	NOT_A_LEMMA
kapım	5	3.27	NOT_A_LEMMA
katile	6	3.27	NOT_A_LEMMA
katli	5	3.27	NOT_A_LEMMA
kavaklı	7	3.27	NOT_A_LEMMA
kaymış	6	3.27	NOT_A_LEMMA
kirası	6	3.27	NOT_A_LEMMA
kocama	6	3.27	NOT_A_LEMMA
kocamı	6	3.27	NOT_A_LEMMA
kokuya	6	3.27	NOT_A_LEMMA
konutu	6	3.27	NOT_A_LEMMA
kuralın	7	3.27	NOT_A_LEMMA
kuşçu	5	3.27	NOT_A_LEMMA
köpekle	7	3.27	NOT_A_LEMMA
köyümüz	7	3.27	NOT_A_LEMMA
küçüktü	7	3.27	NOT_A_LEMMA
kıllar	6	3.27	NOT_A_LEMMA
kıtası	6	3.27	NOT_A_LEMMA
linkini	7	3.27	NOT_A_LEMMA
linkler	7	3.27	NOT_A_LEMMA
madende	7	3.27	NOT_A_LEMMA
maki	4	3.27	MANUAL_BLOCK
mallara	7	3.27	NOT_A_LEMMA
mesaiye	7	3.27	NOT_A_LEMMA
mızrağı	7	3.27	NOT_A_LEMMA
nemi	4	3.27	NOT_A_LEMMA
odana	5	3.27	NOT_A_LEMMA
okunmuş	7	3.27	NOT_A_LEMMA
omuzlar	7	3.27	NOT_A_LEMMA
otizmli	7	3.27	NOT_A_LEMMA
oyumu	5	3.27	NOT_A_LEMMA
papaya	6	3.27	INFLECTED_FORM
paya	4	3.27	NOT_A_LEMMA
paşalar	7	3.27	NOT_A_LEMMA
paşam	5	3.27	NOT_A_LEMMA
perdede	7	3.27	NOT_A_LEMMA
periler	7	3.27	NOT_A_LEMMA
pipo	4	3.27	TOPIC:tobacco
sattık	6	3.27	NOT_A_LEMMA
saçıma	6	3.27	NOT_A_LEMMA
semtine	7	3.27	NOT_A_LEMMA
sersem	6	3.27	NOT_A_NOUN
sevgin	6	3.27	NOT_A_LEMMA
sevinir	7	3.27	NOT_A_LEMMA
siklet	6	3.27	NOT_A_LEMMA
skora	5	3.27	NOT_A_LEMMA
sunması	7	3.27	NOT_A_LEMMA
sınavım	7	3.27	NOT_A_LEMMA
taşırım	7	3.27	NOT_A_LEMMA
telaşa	6	3.27	NOT_A_LEMMA
topuna	6	3.27	NOT_A_LEMMA
tüpler	6	3.27	NOT_A_LEMMA
ufaktan	7	3.27	NOT_A_LEMMA
vuruşla	7	3.27	NOT_A_LEMMA
yamyam	6	3.27	NOT_A_NOUN
yapışır	7	3.27	NOT_A_LEMMA
yazınız	7	3.27	NOT_A_LEMMA
yaşatır	7	3.27	NOT_A_LEMMA
yaşlara	7	3.27	NOT_A_LEMMA
yelpaze	7	3.27	ALSO_OTHER_PART_OF_SPEECH
yunanlı	7	3.27	NOT_A_LEMMA
yönet	5	3.27	NOT_A_LEMMA
yükünün	7	3.27	NOT_A_LEMMA
çekimde	7	3.27	NOT_A_LEMMA
çekmece	7	3.27	VERB_FORM
çentik	6	3.27	ALSO_OTHER_PART_OF_SPEECH
çizilir	7	3.27	NOT_A_LEMMA
çöpten	6	3.27	NOT_A_LEMMA
çözmesi	7	3.27	NOT_A_LEMMA
ölçüler	7	3.27	NOT_A_LEMMA
öpüşmek	7	3.27	NOT_A_NOUN
ünlenen	7	3.27	NOT_A_LEMMA
üsse	4	3.27	NOT_A_LEMMA
üstümü	6	3.27	NOT_A_LEMMA
üyesine	7	3.27	NOT_A_LEMMA
üzüldük	7	3.27	NOT_A_LEMMA
üçlük	5	3.27	NOT_A_LEMMA
ısıtır	6	3.27	NOT_A_LEMMA
şovları	7	3.27	NOT_A_LEMMA
acısına	7	3.26	NOT_A_LEMMA
adımıza	7	3.26	NOT_A_LEMMA
akrabam	7	3.26	NOT_A_LEMMA
aksın	5	3.26	NOT_A_LEMMA
alanım	6	3.26	NOT_A_LEMMA
aldattı	7	3.26	NOT_A_LEMMA
arkan	5	3.26	NOT_A_LEMMA
artışla	7	3.26	NOT_A_LEMMA
atının	6	3.26	NOT_A_LEMMA
aynayı	6	3.26	NOT_A_LEMMA
açarsın	7	3.26	NOT_A_LEMMA
açıl	4	3.26	NOT_A_LEMMA
aşımı	5	3.26	NOT_A_LEMMA
baslar	6	3.26	NOT_A_LEMMA
bası	4	3.26	INFLECTED_FORM
batacak	7	3.26	NOT_A_LEMMA
bedelle	7	3.26	NOT_A_LEMMA
belalı	6	3.26	NOT_A_LEMMA
bengi	5	3.26	ALSO_OTHER_PART_OF_SPEECH
bilgini	7	3.26	NOT_A_LEMMA
bittik	6	3.26	NOT_A_LEMMA
boydak	6	3.26	ALSO_OTHER_PART_OF_SPEECH
bulanan	7	3.26	NOT_A_LEMMA
buyurur	7	3.26	NOT_A_LEMMA
buzlar	6	3.26	NOT_A_LEMMA
camda	5	3.26	NOT_A_LEMMA
cayman	6	3.26	NOT_A_LEMMA
davan	5	3.26	NOT_A_LEMMA
dehşeti	7	3.26	NOT_A_LEMMA
deneyde	7	3.26	NOT_A_LEMMA
deneye	6	3.26	NOT_A_LEMMA
dilimiz	7	3.26	NOT_A_LEMMA
direndi	7	3.26	NOT_A_LEMMA
diziyle	7	3.26	NOT_A_LEMMA
duaya	5	3.26	NOT_A_LEMMA
duruşun	7	3.26	NOT_A_LEMMA
duysa	5	3.26	NOT_A_LEMMA
duştan	6	3.26	NOT_A_LEMMA
dökmüş	6	3.26	NOT_A_LEMMA
dönek	5	3.26	NOT_A_NOUN
dünyama	7	3.26	NOT_A_LEMMA
emeğini	7	3.26	NOT_A_LEMMA
etekli	6	3.26	NOT_A_LEMMA
ettirin	7	3.26	NOT_A_LEMMA
fermanı	7	3.26	NOT_A_LEMMA
geçidin	7	3.26	NOT_A_LEMMA
golsüz	6	3.26	NOT_A_LEMMA
göredir	7	3.26	NOT_A_LEMMA
görülse	7	3.26	NOT_A_LEMMA
gözükse	7	3.26	NOT_A_LEMMA
haddimi	7	3.26	NOT_A_LEMMA
hallere	7	3.26	NOT_A_LEMMA
hami	4	3.26	NOT_A_NOUN
hatadır	7	3.26	NOT_A_LEMMA
heryere	7	3.26	NOT_A_LEMMA
hocamın	7	3.26	NOT_A_LEMMA
hükumet	7	3.26	CIRCUMFLEX
ilanını	7	3.26	NOT_A_LEMMA
inişi	5	3.26	NOT_A_LEMMA
izledin	7	3.26	NOT_A_LEMMA
izlerin	7	3.26	NOT_A_LEMMA
içeyim	6	3.26	NOT_A_LEMMA
içimiz	6	3.26	NOT_A_LEMMA
içkiye	6	3.26	NOT_A_LEMMA
içmedim	7	3.26	NOT_A_LEMMA
iğneyi	6	3.26	NOT_A_LEMMA
jürisi	6	3.26	NOT_A_LEMMA
kapağın	7	3.26	NOT_A_LEMMA
kapladı	7	3.26	NOT_A_LEMMA
kargı	5	3.26	VERB_FORM
kasanın	7	3.26	NOT_A_LEMMA
kasma	5	3.26	NOT_A_LEMMA
kavuşma	7	3.26	NOT_A_LEMMA
kayarak	7	3.26	NOT_A_LEMMA
kemikli	7	3.26	NOT_A_LEMMA
kesişen	7	3.26	NOT_A_LEMMA
kitabi	6	3.26	CIRCUMFLEX
kitapçı	7	3.26	NOT_A_LEMMA
krizini	7	3.26	NOT_A_LEMMA
kumdan	6	3.26	NOT_A_LEMMA
körlük	6	3.26	NOT_A_LEMMA
kıvama	6	3.26	NOT_A_LEMMA
ligleri	7	3.26	NOT_A_LEMMA
mademki	7	3.26	NOT_A_NOUN
maide	5	3.26	NOT_A_LEMMA
meblağ	6	3.26	CIRCUMFLEX
minör	5	3.26	ALSO_OTHER_PART_OF_SPEECH
mora	4	3.26	NOT_A_LEMMA
nasılım	7	3.26	NOT_A_LEMMA
nefsine	7	3.26	NOT_A_LEMMA
netlik	6	3.26	NOT_A_LEMMA
nurdan	6	3.26	NOT_A_LEMMA
ofisin	6	3.26	NOT_A_LEMMA
okulum	6	3.26	NOT_A_LEMMA
okumalı	7	3.26	NOT_A_LEMMA
oluşma	6	3.26	NOT_A_LEMMA
onaylar	7	3.26	NOT_A_LEMMA
oğlanın	7	3.26	NOT_A_LEMMA
oğlunuz	7	3.26	NOT_A_LEMMA
piçin	5	3.26	NOT_A_LEMMA
planla	6	3.26	NOT_A_LEMMA
pozu	4	3.26	NOT_A_LEMMA
puanlık	7	3.26	NOT_A_LEMMA
riskin	6	3.26	NOT_A_LEMMA
ritmini	7	3.26	NOT_A_LEMMA
rolün	5	3.26	NOT_A_LEMMA
ruhuma	6	3.26	NOT_A_LEMMA
rüyam	5	3.26	NOT_A_LEMMA
sabunu	6	3.26	NOT_A_LEMMA
sahipse	7	3.26	NOT_A_LEMMA
sarıya	6	3.26	NOT_A_LEMMA
saçıyor	7	3.26	NOT_A_LEMMA
seller	6	3.26	NOT_A_LEMMA
setler	6	3.26	NOT_A_LEMMA
seye	4	3.26	NOT_A_LEMMA
seçil	5	3.26	NOT_A_LEMMA
sokuldu	7	3.26	NOT_A_LEMMA
susmak	6	3.26	NOT_A_NOUN
suçumuz	7	3.26	NOT_A_LEMMA
sükunet	7	3.26	CIRCUMFLEX
sürümde	7	3.26	NOT_A_LEMMA
sıkılıp	7	3.26	NOT_A_LEMMA
taciri	6	3.26	NOT_A_LEMMA
takası	6	3.26	NOT_A_LEMMA
tezler	6	3.26	NOT_A_LEMMA
tunca	5	3.26	NOT_A_LEMMA
turneye	7	3.26	NOT_A_LEMMA
ucunun	6	3.26	NOT_A_LEMMA
uyandır	7	3.26	NOT_A_LEMMA
uyma	4	3.26	NOT_A_LEMMA
uzandı	6	3.26	NOT_A_LEMMA
verilse	7	3.26	NOT_A_LEMMA
yakıtlı	7	3.26	NOT_A_LEMMA
yanlışa	7	3.26	NOT_A_LEMMA
yatmayı	7	3.26	NOT_A_LEMMA
yavan	5	3.26	NOT_A_NOUN
yayar	5	3.26	NOT_A_LEMMA
yaşamım	7	3.26	NOT_A_LEMMA
yokuz	5	3.26	NOT_A_LEMMA
çatının	7	3.26	NOT_A_LEMMA
çeliği	6	3.26	NOT_A_LEMMA
çizildi	7	3.26	NOT_A_LEMMA
çıkarcı	7	3.26	NOT_A_NOUN
çıkılan	7	3.26	NOT_A_LEMMA
ödeneği	7	3.26	NOT_A_LEMMA
ölümüm	6	3.26	NOT_A_LEMMA
örter	5	3.26	NOT_A_LEMMA
özlemiş	7	3.26	NOT_A_LEMMA
öğütler	7	3.26	NOT_A_LEMMA
ünlüsü	6	3.26	NOT_A_LEMMA
şahsına	7	3.26	NOT_A_LEMMA
şefleri	7	3.26	NOT_A_LEMMA
şişti	5	3.26	NOT_A_LEMMA
addır	5	3.25	NOT_A_LEMMA
adımdır	7	3.25	NOT_A_LEMMA
ailedir	7	3.25	NOT_A_LEMMA
aleme	5	3.25	NOT_A_LEMMA
alevli	6	3.25	NOT_A_LEMMA
alnında	7	3.25	NOT_A_LEMMA
aranız	6	3.25	NOT_A_LEMMA
asırdır	7	3.25	NOT_A_LEMMA
atacağı	7	3.25	NOT_A_LEMMA
atardım	7	3.25	NOT_A_LEMMA
atışını	7	3.25	NOT_A_LEMMA
açarız	6	3.25	NOT_A_LEMMA
ağlarım	7	3.25	NOT_A_LEMMA
ağında	6	3.25	NOT_A_LEMMA
ağırdı	6	3.25	NOT_A_LEMMA
bacı	4	3.25	ALSO_OTHER_PART_OF_SPEECH
belgeli	7	3.25	NOT_A_LEMMA
bilmedi	7	3.25	NOT_A_LEMMA
biranın	7	3.25	NOT_A_LEMMA
birsel	6	3.25	NOT_A_LEMMA
bitme	5	3.25	NOT_A_LEMMA
boyacı	6	3.25	NOT_A_LEMMA
bölünen	7	3.25	NOT_A_LEMMA
caizse	6	3.25	NOT_A_LEMMA
cinse	5	3.25	NOT_A_LEMMA
dayanın	7	3.25	NOT_A_LEMMA
deccal	6	3.25	NOT_A_NOUN
deden	5	3.25	NOT_A_LEMMA
demeniz	7	3.25	NOT_A_LEMMA
dertler	7	3.25	NOT_A_LEMMA
devin	5	3.25	NOT_A_LEMMA
değindi	7	3.25	NOT_A_LEMMA
değişip	7	3.25	NOT_A_LEMMA
dizimi	6	3.25	NOT_A_LEMMA
dobra	5	3.25	NOT_A_NOUN
dokuzu	6	3.25	NOT_A_LEMMA
doğayla	7	3.25	NOT_A_LEMMA
duyana	6	3.25	NOT_A_LEMMA
duyum	5	3.25	INFLECTED_FORM
dönsem	6	3.25	NOT_A_LEMMA
düşerim	7	3.25	NOT_A_LEMMA
dışta	5	3.25	NOT_A_LEMMA
ekili	5	3.25	NOT_A_NOUN
emanete	7	3.25	NOT_A_LEMMA
enkazı	6	3.25	NOT_A_LEMMA
esprisi	7	3.25	NOT_A_LEMMA
evliydi	7	3.25	NOT_A_LEMMA
ezdi	4	3.25	NOT_A_LEMMA
ezme	4	3.25	NOT_A_LEMMA
faşizmi	7	3.25	NOT_A_LEMMA
fikirle	7	3.25	NOT_A_LEMMA
fuzuli	6	3.25	CIRCUMFLEX
fıçı	4	3.25	ALSO_OTHER_PART_OF_SPEECH
garajı	6	3.25	NOT_A_LEMMA
gezin	5	3.25	NOT_A_LEMMA
golcüsü	7	3.25	NOT_A_LEMMA
gururun	7	3.25	NOT_A_LEMMA
gömün	5	3.25	NOT_A_LEMMA
görücü	6	3.25	VERB_FORM
güldük	6	3.25	NOT_A_LEMMA
gıcır	5	3.25	ALSO_OTHER_PART_OF_SPEECH
hancı	5	3.25	NOT_A_LEMMA
hasadı	6	3.25	NOT_A_LEMMA
hayatim	7	3.25	NOT_A_LEMMA
ideali	6	3.25	NOT_A_LEMMA
idik	4	3.25	NOT_A_LEMMA
inanış	6	3.25	NOT_A_LEMMA
istekte	7	3.25	NOT_A_LEMMA
izinin	6	3.25	NOT_A_LEMMA
işlet	5	3.25	NOT_A_LEMMA
iştahı	6	3.25	NOT_A_LEMMA
kalkmaz	7	3.25	NOT_A_LEMMA
kalleş	6	3.25	NOT_A_NOUN
kapmak	6	3.25	NOT_A_NOUN
kartım	6	3.25	NOT_A_LEMMA
karıyı	6	3.25	NOT_A_LEMMA
kazansa	7	3.25	NOT_A_LEMMA
kazanım	7	3.25	INFLECTED_FORM
kaşif	5	3.25	CIRCUMFLEX
kiloya	6	3.25	NOT_A_LEMMA
klanı	5	3.25	NOT_A_LEMMA
kopma	5	3.25	NOT_A_LEMMA
kozlu	5	3.25	NOT_A_LEMMA
kuleden	7	3.25	NOT_A_LEMMA
kurarız	7	3.25	NOT_A_LEMMA
kurur	5	3.25	NOT_A_LEMMA
kusuyor	7	3.25	NOT_A_LEMMA
kutuplu	7	3.25	NOT_A_LEMMA
kuyudan	7	3.25	NOT_A_LEMMA
kümeye	6	3.25	NOT_A_LEMMA
kılını	6	3.25	NOT_A_LEMMA
kızımla	7	3.25	NOT_A_LEMMA
maymuna	7	3.25	NOT_A_LEMMA
maçımız	7	3.25	NOT_A_LEMMA
mağrur	6	3.25	NOT_A_NOUN
menüde	6	3.25	NOT_A_LEMMA
miladi	6	3.25	NOT_A_NOUN
monoton	7	3.25	NOT_A_NOUN
müjdeli	7	3.25	NOT_A_LEMMA
nara	4	3.25	INFLECTED_FORM
nesle	5	3.25	NOT_A_LEMMA
nicelik	7	3.25	NOT_A_LEMMA
nüsha	5	3.25	ALSO_OTHER_PART_OF_SPEECH
olundu	6	3.25	NOT_A_LEMMA
onarmak	7	3.25	NOT_A_NOUN
papalık	7	3.25	NOT_A_LEMMA
paradır	7	3.25	NOT_A_LEMMA
parlama	7	3.25	NOT_A_LEMMA
pratiği	7	3.25	NOT_A_LEMMA
rolde	5	3.25	NOT_A_LEMMA
sabrımı	7	3.25	NOT_A_LEMMA
salınan	7	3.25	NOT_A_LEMMA
sanmış	6	3.25	NOT_A_LEMMA
saydığı	7	3.25	NOT_A_LEMMA
seninim	7	3.25	NOT_A_LEMMA
sesinde	7	3.25	NOT_A_LEMMA
sormayı	7	3.25	NOT_A_LEMMA
sunduk	6	3.25	NOT_A_LEMMA
sunun	5	3.25	NOT_A_LEMMA
sustu	5	3.25	NOT_A_LEMMA
sönmüş	6	3.25	NOT_A_LEMMA
sına	4	3.25	NOT_A_LEMMA
sırra	5	3.25	NOT_A_LEMMA
tahtın	6	3.25	NOT_A_LEMMA
tahtını	7	3.25	NOT_A_LEMMA
takımım	7	3.25	NOT_A_LEMMA
tanedir	7	3.25	NOT_A_LEMMA
tavanda	7	3.25	NOT_A_LEMMA
taşıyın	7	3.25	NOT_A_LEMMA
tektaş	6	3.25	NOT_A_NOUN
tutukla	7	3.25	NOT_A_LEMMA
tutulup	7	3.25	NOT_A_LEMMA
tutuşan	7	3.25	NOT_A_LEMMA
türemiş	7	3.25	NOT_A_LEMMA
umum	4	3.25	NOT_A_NOUN
umuyor	6	3.25	NOT_A_LEMMA
uyuduğu	7	3.25	NOT_A_LEMMA
uzattım	7	3.25	NOT_A_LEMMA
vefalı	6	3.25	NOT_A_LEMMA
vurunca	7	3.25	NOT_A_LEMMA
yarıdan	7	3.25	NOT_A_LEMMA
yatağım	7	3.25	NOT_A_LEMMA
yayarak	7	3.25	NOT_A_LEMMA
yazsam	6	3.25	NOT_A_LEMMA
yazını	6	3.25	NOT_A_LEMMA
yoğurdu	7	3.25	NOT_A_LEMMA
yumru	5	3.25	ALSO_OTHER_PART_OF_SPEECH
yılım	5	3.25	NOT_A_LEMMA
zatın	5	3.25	NOT_A_LEMMA
zikri	5	3.25	NOT_A_LEMMA
çalın	5	3.25	NOT_A_LEMMA
çilesi	6	3.25	NOT_A_LEMMA
çıkalı	6	3.25	NOT_A_LEMMA
ördeği	6	3.25	NOT_A_LEMMA
özgürüm	7	3.25	NOT_A_LEMMA
ülkene	6	3.25	NOT_A_LEMMA
ırzına	6	3.25	NOT_A_LEMMA
ısırmak	7	3.25	NOT_A_NOUN
şaşırma	7	3.25	NOT_A_LEMMA
şoföre	6	3.25	NOT_A_LEMMA
abimi	5	3.24	NOT_A_LEMMA
acık	4	3.24	NOT_A_LEMMA
acımı	5	3.24	NOT_A_LEMMA
akması	6	3.24	NOT_A_LEMMA
aksan	5	3.24	VERB_FORM
amele	5	3.24	INFLECTED_FORM
atamam	6	3.24	NOT_A_LEMMA
atamaz	6	3.24	NOT_A_LEMMA
açıkgöz	7	3.24	NOT_A_NOUN
belen	5	3.24	VERB_FORM
bolluğu	7	3.24	NOT_A_LEMMA
borcumu	7	3.24	NOT_A_LEMMA
boyayı	6	3.24	NOT_A_LEMMA
bulunuz	7	3.24	NOT_A_LEMMA
bıçağın	7	3.24	NOT_A_LEMMA
damarlı	7	3.24	NOT_A_LEMMA
dağıtıp	7	3.24	NOT_A_LEMMA
dengeye	7	3.24	NOT_A_LEMMA
doğruca	7	3.24	NOT_A_LEMMA
döndün	6	3.24	NOT_A_LEMMA
dönmeli	7	3.24	NOT_A_LEMMA
edinin	6	3.24	NOT_A_LEMMA
ellerle	7	3.24	NOT_A_LEMMA
erikli	6	3.24	NOT_A_LEMMA
eserdir	7	3.24	NOT_A_LEMMA
eşinize	7	3.24	NOT_A_LEMMA
faizler	7	3.24	NOT_A_LEMMA
frene	5	3.24	NOT_A_LEMMA
giyinme	7	3.24	NOT_A_LEMMA
gollü	5	3.24	NOT_A_LEMMA
götlü	5	3.24	NOT_A_LEMMA
gülsün	6	3.24	NOT_A_LEMMA
gülüşün	7	3.24	NOT_A_LEMMA
hanesi	6	3.24	NOT_A_LEMMA
havasız	7	3.24	NOT_A_LEMMA
hedefte	7	3.24	NOT_A_LEMMA
insansı	7	3.24	NOT_A_LEMMA
izahı	5	3.24	NOT_A_LEMMA
işlemde	7	3.24	NOT_A_LEMMA
kaleler	7	3.24	NOT_A_LEMMA
kamyona	7	3.24	NOT_A_LEMMA
kanunda	7	3.24	NOT_A_LEMMA
katıdır	7	3.24	NOT_A_LEMMA
kayışı	6	3.24	NOT_A_LEMMA
kazığı	6	3.24	NOT_A_LEMMA
kili	4	3.24	NOT_A_LEMMA
kiminin	7	3.24	NOT_A_LEMMA
komada	6	3.24	NOT_A_LEMMA
kombin	6	3.24	NOT_A_LEMMA
komşuya	7	3.24	NOT_A_LEMMA
kork	4	3.24	NOT_A_LEMMA
kovulan	7	3.24	NOT_A_LEMMA
koşucu	6	3.24	NOT_A_LEMMA
krediyi	7	3.24	NOT_A_LEMMA
kuruşu	6	3.24	NOT_A_LEMMA
külotlu	7	3.24	NOT_A_LEMMA
kürklü	6	3.24	NOT_A_LEMMA
lala	4	3.24	ALSO_OTHER_PART_OF_SPEECH
linkte	6	3.24	NOT_A_LEMMA
maaşlar	7	3.24	NOT_A_LEMMA
madenin	7	3.24	NOT_A_LEMMA
maksim	6	3.24	NOT_A_LEMMA
mazi	4	3.24	ALSO_OTHER_PART_OF_SPEECH
mesajım	7	3.24	NOT_A_LEMMA
mile	4	3.24	NOT_A_LEMMA
motifi	6	3.24	NOT_A_LEMMA
münafık	7	3.24	NOT_A_NOUN
nedene	6	3.24	NOT_A_LEMMA
nehrine	7	3.24	NOT_A_LEMMA
nesiniz	7	3.24	NOT_A_LEMMA
neyimiz	7	3.24	NOT_A_LEMMA
nikahı	6	3.24	NOT_A_LEMMA
nüfuzlu	7	3.24	NOT_A_LEMMA
oluşmaz	7	3.24	NOT_A_LEMMA
papazın	7	3.24	NOT_A_LEMMA
portu	5	3.24	NOT_A_LEMMA
puanın	6	3.24	NOT_A_LEMMA
realist	7	3.24	NOT_A_NOUN
romana	6	3.24	NOT_A_LEMMA
saatli	6	3.24	NOT_A_LEMMA
sair	4	3.24	NOT_A_NOUN
salah	5	3.24	CIRCUMFLEX
salma	5	3.24	NOT_A_LEMMA
sansüre	7	3.24	NOT_A_LEMMA
sarkık	6	3.24	NOT_A_NOUN
saydı	5	3.24	NOT_A_LEMMA
saçlara	7	3.24	NOT_A_LEMMA
sağım	5	3.24	INFLECTED_FORM
secdeye	7	3.24	NOT_A_LEMMA
sele	4	3.24	INFLECTED_FORM
selüloz	7	3.24	ALSO_OTHER_PART_OF_SPEECH
semavi	6	3.24	NOT_A_NOUN
sepete	6	3.24	NOT_A_LEMMA
serttir	7	3.24	NOT_A_LEMMA
silik	5	3.24	NOT_A_NOUN
simidi	6	3.24	NOT_A_LEMMA
skorer	6	3.24	NOT_A_NOUN
soymaya	7	3.24	NOT_A_LEMMA
soğuyor	7	3.24	NOT_A_LEMMA
sünnete	7	3.24	NOT_A_LEMMA
süreye	6	3.24	NOT_A_LEMMA
sırma	5	3.24	ALSO_OTHER_PART_OF_SPEECH
sırtın	6	3.24	NOT_A_LEMMA
teklife	7	3.24	NOT_A_LEMMA
tezleri	7	3.24	NOT_A_LEMMA
titrek	6	3.24	NOT_A_NOUN
tuşla	5	3.24	NOT_A_LEMMA
uyumaz	6	3.24	NOT_A_LEMMA
uzanmak	7	3.24	NOT_A_NOUN
vakfına	7	3.24	NOT_A_LEMMA
varana	6	3.24	NOT_A_LEMMA
vergiye	7	3.24	NOT_A_LEMMA
vuralım	7	3.24	NOT_A_LEMMA
yalaka	6	3.24	ALSO_OTHER_PART_OF_SPEECH
yansın	6	3.24	NOT_A_LEMMA
yanılma	7	3.24	NOT_A_LEMMA
yağın	5	3.24	NOT_A_LEMMA
çantamı	7	3.24	NOT_A_LEMMA
çarlık	6	3.24	NOT_A_LEMMA
çırağı	6	3.24	NOT_A_LEMMA
örgülü	6	3.24	NOT_A_LEMMA
özler	5	3.24	NOT_A_LEMMA
ütopik	6	3.24	NOT_A_NOUN
şüpheci	7	3.24	NOT_A_LEMMA
acını	5	3.23	NOT_A_LEMMA
adini	5	3.23	NOT_A_LEMMA
ahıra	5	3.23	NOT_A_LEMMA
aktar	5	3.23	VERB_FORM
amirim	6	3.23	NOT_A_LEMMA
arabalı	7	3.23	NOT_A_LEMMA
arasıra	7	3.23	NOT_A_NOUN
arat	4	3.23	NOT_A_LEMMA
arzı	4	3.23	NOT_A_LEMMA
arının	6	3.23	NOT_A_LEMMA
avluda	6	3.23	NOT_A_LEMMA
açmadı	6	3.23	NOT_A_LEMMA
aşmaya	6	3.23	NOT_A_LEMMA
aşılama	7	3.23	NOT_A_LEMMA
babanla	7	3.23	NOT_A_LEMMA
bacağım	7	3.23	NOT_A_LEMMA
bakmadı	7	3.23	NOT_A_LEMMA
bantlar	7	3.23	NOT_A_LEMMA
bantlı	6	3.23	NOT_A_LEMMA
basılır	7	3.23	NOT_A_LEMMA
battığı	7	3.23	NOT_A_LEMMA
başlığa	7	3.23	NOT_A_LEMMA
binler	6	3.23	NOT_A_LEMMA
bohem	5	3.23	NOT_A_NOUN
boklu	5	3.23	NOT_A_LEMMA
bokunu	6	3.23	NOT_A_LEMMA
borunun	7	3.23	NOT_A_LEMMA
boynumu	7	3.23	NOT_A_LEMMA
bulsa	5	3.23	NOT_A_LEMMA
bulsak	6	3.23	NOT_A_LEMMA
bulu	4	3.23	NOT_A_LEMMA
buzu	4	3.23	NOT_A_LEMMA
cilalı	6	3.23	NOT_A_LEMMA
ciltlik	7	3.23	NOT_A_LEMMA
cübbeli	7	3.23	NOT_A_LEMMA
dedeler	7	3.23	NOT_A_LEMMA
dehası	6	3.23	NOT_A_LEMMA
deriye	6	3.23	NOT_A_LEMMA
deseler	7	3.23	NOT_A_LEMMA
devrini	7	3.23	NOT_A_LEMMA
değerle	7	3.23	NOT_A_LEMMA
dişim	5	3.23	NOT_A_LEMMA
dokuya	6	3.23	NOT_A_LEMMA
dolanıp	7	3.23	NOT_A_LEMMA
dolum	5	3.23	INFLECTED_FORM
dozunu	6	3.23	NOT_A_LEMMA
doğuma	6	3.23	NOT_A_LEMMA
durağa	6	3.23	NOT_A_LEMMA
dönsek	6	3.23	NOT_A_LEMMA
döverim	7	3.23	NOT_A_LEMMA
edendir	7	3.23	NOT_A_LEMMA
edermiş	7	3.23	NOT_A_LEMMA
eniştem	7	3.23	NOT_A_LEMMA
evvelki	7	3.23	NOT_A_LEMMA
ezer	4	3.23	NOT_A_LEMMA
farzdır	7	3.23	NOT_A_LEMMA
fırının	7	3.23	NOT_A_LEMMA
grubum	6	3.23	NOT_A_LEMMA
gökler	6	3.23	NOT_A_LEMMA
gömdü	5	3.23	NOT_A_LEMMA
gülse	5	3.23	NOT_A_LEMMA
gümbür	6	3.23	NOT_A_NOUN
gürgen	6	3.23	ALSO_OTHER_PART_OF_SPEECH
hasıl	5	3.23	ALSO_OTHER_PART_OF_SPEECH
hususta	7	3.23	NOT_A_LEMMA
hükmen	6	3.23	NOT_A_NOUN
iblisi	6	3.23	NOT_A_LEMMA
ikmali	6	3.23	NOT_A_LEMMA
ilmini	6	3.23	NOT_A_LEMMA
imzaya	6	3.23	NOT_A_LEMMA
inciler	7	3.23	NOT_A_LEMMA
inişli	6	3.23	NOT_A_LEMMA
isem	4	3.23	NOT_A_LEMMA
kabloyu	7	3.23	NOT_A_LEMMA
kafeler	7	3.23	NOT_A_LEMMA
kalecik	7	3.23	NOT_A_LEMMA
kalemim	7	3.23	NOT_A_LEMMA
kamptan	7	3.23	NOT_A_LEMMA
kanıta	6	3.23	NOT_A_LEMMA
kapıp	5	3.23	NOT_A_LEMMA
karede	6	3.23	NOT_A_LEMMA
karelik	7	3.23	NOT_A_LEMMA
karıma	6	3.23	NOT_A_LEMMA
karına	6	3.23	NOT_A_LEMMA
katmış	6	3.23	NOT_A_LEMMA
kayağı	6	3.23	NOT_A_LEMMA
kaçık	5	3.23	ALSO_OTHER_PART_OF_SPEECH
kaşları	7	3.23	NOT_A_LEMMA
kebir	5	3.23	NOT_A_NOUN
keseli	6	3.23	NOT_A_LEMMA
kimliğe	7	3.23	NOT_A_LEMMA
klasman	7	3.23	CIRCUMFLEX
klipler	7	3.23	NOT_A_LEMMA
konacak	7	3.23	NOT_A_LEMMA
korumam	7	3.23	NOT_A_LEMMA
kovalar	7	3.23	NOT_A_LEMMA
kumun	5	3.23	NOT_A_LEMMA
kürekle	7	3.23	NOT_A_LEMMA
kınayan	7	3.23	NOT_A_LEMMA
kızınız	7	3.23	NOT_A_LEMMA
lüksü	5	3.23	NOT_A_LEMMA
maaşla	6	3.23	NOT_A_LEMMA
maliki	6	3.23	NOT_A_LEMMA
malım	5	3.23	NOT_A_LEMMA
maçtaki	7	3.23	NOT_A_LEMMA
metne	5	3.23	NOT_A_LEMMA
mevzuyu	7	3.23	NOT_A_LEMMA
minyon	6	3.23	NOT_A_NOUN
modacı	6	3.23	NOT_A_LEMMA
obez	4	3.23	NOT_A_NOUN
ocaklar	7	3.23	NOT_A_LEMMA
odanıza	7	3.23	NOT_A_LEMMA
olum	4	3.23	NOT_A_LEMMA
ortağım	7	3.23	NOT_A_LEMMA
oruçlu	6	3.23	NOT_A_LEMMA
otların	7	3.23	NOT_A_LEMMA
pakette	7	3.23	NOT_A_LEMMA
puanım	6	3.23	NOT_A_LEMMA
rahata	6	3.23	NOT_A_LEMMA
sahibe	6	3.23	INFLECTED_FORM
sala	4	3.23	CIRCUMFLEX
sansürü	7	3.23	NOT_A_LEMMA
sayalım	7	3.23	NOT_A_LEMMA
saymayı	7	3.23	NOT_A_LEMMA
sikin	5	3.23	NOT_A_LEMMA
silahım	7	3.23	NOT_A_LEMMA
sokmayı	7	3.23	NOT_A_LEMMA
sonlara	7	3.23	NOT_A_LEMMA
sorgula	7	3.23	NOT_A_LEMMA
sormam	6	3.23	NOT_A_LEMMA
sorunda	7	3.23	NOT_A_LEMMA
suçlara	7	3.23	NOT_A_LEMMA
süratli	7	3.23	NOT_A_LEMMA
sıkışma	7	3.23	NOT_A_LEMMA
sırta	5	3.23	NOT_A_LEMMA
tahsili	7	3.23	NOT_A_LEMMA
tarza	5	3.23	NOT_A_LEMMA
taşınıp	7	3.23	NOT_A_LEMMA
tekeli	6	3.23	NOT_A_LEMMA
terimin	7	3.23	NOT_A_LEMMA
tutmalı	7	3.23	NOT_A_LEMMA
tuttun	6	3.23	NOT_A_LEMMA
uyarın	6	3.23	NOT_A_LEMMA
vahşeti	7	3.23	NOT_A_LEMMA
vakada	6	3.23	NOT_A_LEMMA
varıldı	7	3.23	NOT_A_LEMMA
varıp	5	3.23	NOT_A_LEMMA
yalar	5	3.23	NOT_A_LEMMA
yandık	6	3.23	VERB_FORM
yanığı	6	3.23	NOT_A_LEMMA
yatalak	7	3.23	NOT_A_NOUN
yatır	5	3.23	VERB_FORM
yatış	5	3.23	NOT_A_LEMMA
yaylaya	7	3.23	NOT_A_LEMMA
yağmaya	7	3.23	NOT_A_LEMMA
yendik	6	3.23	NOT_A_LEMMA
yerse	5	3.23	NOT_A_LEMMA
yetisi	6	3.23	NOT_A_LEMMA
yorumla	7	3.23	NOT_A_LEMMA
yürümüş	7	3.23	NOT_A_LEMMA
yıkayın	7	3.23	NOT_A_LEMMA
yılana	6	3.23	NOT_A_LEMMA
çayları	7	3.23	NOT_A_LEMMA
çayının	7	3.23	NOT_A_LEMMA
çeneni	6	3.23	NOT_A_LEMMA
çoktu	5	3.23	NOT_A_LEMMA
çoğulcu	7	3.23	NOT_A_NOUN
çöplüğe	7	3.23	NOT_A_LEMMA
çıkmazı	7	3.23	NOT_A_LEMMA
ödenir	6	3.23	NOT_A_LEMMA
ödevler	7	3.23	NOT_A_LEMMA
öldüğüm	7	3.23	NOT_A_LEMMA
öğretin	7	3.23	NOT_A_LEMMA
ünsüz	5	3.23	NOT_A_LEMMA
ısıtan	6	3.23	NOT_A_LEMMA
ıvır	4	3.23	NOT_A_NOUN
şakacı	6	3.23	NOT_A_LEMMA
şaraba	6	3.23	NOT_A_LEMMA
şartta	6	3.23	NOT_A_LEMMA
albümle	7	3.22	NOT_A_LEMMA
almada	6	3.22	NOT_A_LEMMA
amcaya	6	3.22	NOT_A_LEMMA
aradın	6	3.22	NOT_A_LEMMA
arması	6	3.22	NOT_A_LEMMA
asala	5	3.22	NOT_A_LEMMA
atiye	5	3.22	NOT_A_LEMMA
atomlar	7	3.22	NOT_A_LEMMA
atışlar	7	3.22	NOT_A_LEMMA
azizler	7	3.22	NOT_A_LEMMA
bacım	5	3.22	NOT_A_LEMMA
batma	5	3.22	NOT_A_LEMMA
bağdadi	7	3.22	NOT_A_NOUN
beyazın	7	3.22	NOT_A_LEMMA
biletin	7	3.22	NOT_A_LEMMA
bilgen	6	3.22	NOT_A_LEMMA
bitimi	6	3.22	NOT_A_LEMMA
bizdik	6	3.22	NOT_A_LEMMA
biçme	5	3.22	NOT_A_LEMMA
bozmaz	6	3.22	NOT_A_LEMMA
boğarak	7	3.22	NOT_A_LEMMA
budala	6	3.22	NOT_A_NOUN
bulandı	7	3.22	NOT_A_LEMMA
bullak	6	3.22	NOT_A_NOUN
buçukta	7	3.22	NOT_A_LEMMA
bütçeyi	7	3.22	NOT_A_LEMMA
canlıyı	7	3.22	NOT_A_LEMMA
cini	4	3.22	NOT_A_LEMMA
davam	5	3.22	NOT_A_LEMMA
demedik	7	3.22	NOT_A_LEMMA
detaya	6	3.22	NOT_A_LEMMA
deviren	7	3.22	NOT_A_LEMMA
diktim	6	3.22	NOT_A_LEMMA
diske	5	3.22	NOT_A_LEMMA
dona	4	3.22	NOT_A_LEMMA
dönene	6	3.22	NOT_A_LEMMA
etinin	6	3.22	NOT_A_LEMMA
geceyle	7	3.22	NOT_A_LEMMA
germe	5	3.22	NOT_A_LEMMA
gömülür	7	3.22	NOT_A_LEMMA
götüme	6	3.22	NOT_A_LEMMA
göçmeni	7	3.22	NOT_A_LEMMA
göçüp	5	3.22	NOT_A_LEMMA
gündüzü	7	3.22	NOT_A_LEMMA
günümün	7	3.22	NOT_A_LEMMA
hainin	6	3.22	NOT_A_LEMMA
hocalık	7	3.22	NOT_A_LEMMA
isleri	6	3.22	NOT_A_LEMMA
içmeyin	7	3.22	NOT_A_LEMMA
jetleri	7	3.22	NOT_A_LEMMA
kafada	6	3.22	NOT_A_LEMMA
kalkmam	7	3.22	NOT_A_LEMMA
kalıba	6	3.22	NOT_A_LEMMA
kanık	5	3.22	NOT_A_NOUN
kayadan	7	3.22	NOT_A_LEMMA
kodumun	7	3.22	NOT_A_LEMMA
konması	7	3.22	NOT_A_LEMMA
kopup	5	3.22	NOT_A_LEMMA
kraldan	7	3.22	NOT_A_LEMMA
kuyruğa	7	3.22	NOT_A_LEMMA
kuytu	5	3.22	NOT_A_NOUN
köpüğü	6	3.22	NOT_A_LEMMA
kötüsün	7	3.22	NOT_A_LEMMA
küresi	6	3.22	NOT_A_LEMMA
kıtlığı	7	3.22	NOT_A_LEMMA
kıtır	5	3.22	ALSO_OTHER_PART_OF_SPEECH
lafına	6	3.22	NOT_A_LEMMA
lekesiz	7	3.22	NOT_A_LEMMA
lifleri	7	3.22	NOT_A_LEMMA
maine	5	3.22	NOT_A_LEMMA
modayı	6	3.22	NOT_A_LEMMA
müminin	7	3.22	NOT_A_LEMMA
müşfik	6	3.22	NOT_A_NOUN
neşesi	6	3.22	NOT_A_LEMMA
oralar	6	3.22	NOT_A_LEMMA
oynatan	7	3.22	NOT_A_LEMMA
oğlumla	7	3.22	NOT_A_LEMMA
pelerin	7	3.22	INFLECTED_FORM
perili	6	3.22	NOT_A_LEMMA
pusuda	6	3.22	NOT_A_LEMMA
rama	4	3.22	NOT_A_LEMMA
sadist	6	3.22	NOT_A_NOUN
sarmaya	7	3.22	NOT_A_LEMMA
satması	7	3.22	NOT_A_LEMMA
savaşıp	7	3.22	NOT_A_LEMMA
seli	4	3.22	NOT_A_LEMMA
sestir	6	3.22	NOT_A_LEMMA
seyrini	7	3.22	NOT_A_LEMMA
sikip	5	3.22	NOT_A_LEMMA
silinip	7	3.22	NOT_A_LEMMA
silmiş	6	3.22	NOT_A_LEMMA
sokması	7	3.22	NOT_A_LEMMA
sondaki	7	3.22	NOT_A_LEMMA
soyları	7	3.22	NOT_A_LEMMA
soymak	6	3.22	NOT_A_NOUN
statta	6	3.22	NOT_A_LEMMA
subayın	7	3.22	NOT_A_LEMMA
tanımla	7	3.22	NOT_A_LEMMA
taşıtı	6	3.22	NOT_A_LEMMA
tekelci	7	3.22	NOT_A_LEMMA
tepkiye	7	3.22	NOT_A_LEMMA
tiryaki	7	3.22	ALSO_OTHER_PART_OF_SPEECH
tutkum	6	3.22	NOT_A_LEMMA
tüysüz	6	3.22	NOT_A_LEMMA
ulaşıma	7	3.22	NOT_A_LEMMA
uykuyu	6	3.22	NOT_A_LEMMA
uymadı	6	3.22	NOT_A_LEMMA
vahit	5	3.22	ALSO_OTHER_PART_OF_SPEECH
yaktık	6	3.22	NOT_A_LEMMA
yamada	6	3.22	NOT_A_LEMMA
yarda	5	3.22	INFLECTED_FORM
yaşamla	7	3.22	NOT_A_LEMMA
yolcuya	7	3.22	NOT_A_LEMMA
yutar	5	3.22	NOT_A_LEMMA
yuvalar	7	3.22	NOT_A_LEMMA
yüzsüz	6	3.22	NOT_A_NOUN
yüzümün	7	3.22	NOT_A_LEMMA
çantaya	7	3.22	NOT_A_LEMMA
çaremiz	7	3.22	NOT_A_LEMMA
çatışan	7	3.22	NOT_A_LEMMA
çiçeğim	7	3.22	NOT_A_LEMMA
çözdük	6	3.22	NOT_A_LEMMA
öylesi	6	3.22	NOT_A_NOUN
üzülen	6	3.22	NOT_A_LEMMA
üzülmez	7	3.22	NOT_A_LEMMA
ısındı	6	3.22	NOT_A_LEMMA
ısıtmak	7	3.22	NOT_A_NOUN
şekerci	7	3.22	NOT_A_LEMMA
şeyhler	7	3.22	NOT_A_LEMMA
şifremi	7	3.22	NOT_A_LEMMA
şuuru	5	3.22	NOT_A_LEMMA
abimiz	6	3.21	NOT_A_LEMMA
ablama	6	3.21	NOT_A_LEMMA
acelem	6	3.21	NOT_A_LEMMA
altınla	7	3.21	NOT_A_LEMMA
alıngan	7	3.21	NOT_A_NOUN
amcığı	6	3.21	NOT_A_LEMMA
atsan	5	3.21	NOT_A_LEMMA
aysan	5	3.21	NOT_A_LEMMA
aşıktım	7	3.21	NOT_A_LEMMA
bademli	7	3.21	NOT_A_LEMMA
bahçeyi	7	3.21	NOT_A_LEMMA
bakışlı	7	3.21	NOT_A_LEMMA
belada	6	3.21	NOT_A_LEMMA
binici	6	3.21	NOT_A_LEMMA
bolum	5	3.21	NOT_A_LEMMA
bunak	5	3.21	NOT_A_NOUN
bölerek	7	3.21	NOT_A_LEMMA
bıkmış	6	3.21	NOT_A_LEMMA
cenabı	6	3.21	NOT_A_LEMMA
ciltli	6	3.21	NOT_A_LEMMA
cümleye	7	3.21	NOT_A_LEMMA
dalıyor	7	3.21	NOT_A_LEMMA
darısı	6	3.21	NOT_A_LEMMA
dağıt	5	3.21	NOT_A_LEMMA
dediyse	7	3.21	NOT_A_LEMMA
demode	6	3.21	NOT_A_NOUN
denemez	7	3.21	NOT_A_LEMMA
denerim	7	3.21	NOT_A_LEMMA
denktaş	7	3.21	NOT_A_NOUN
dereler	7	3.21	NOT_A_LEMMA
deveci	6	3.21	NOT_A_LEMMA
diker	5	3.21	NOT_A_LEMMA
dizinde	7	3.21	NOT_A_LEMMA
dişimi	6	3.21	NOT_A_LEMMA
durursa	7	3.21	NOT_A_LEMMA
dönüşme	7	3.21	NOT_A_LEMMA
dövüyor	7	3.21	NOT_A_LEMMA
dünyan	6	3.21	NOT_A_LEMMA
ekmekle	7	3.21	NOT_A_LEMMA
esrarı	6	3.21	NOT_A_LEMMA
etmişse	7	3.21	NOT_A_LEMMA
evle	4	3.21	NOT_A_LEMMA
eğimi	5	3.21	NOT_A_LEMMA
fiziğe	6	3.21	NOT_A_LEMMA
fiziğin	7	3.21	NOT_A_LEMMA
fuarına	7	3.21	NOT_A_LEMMA
gelindi	7	3.21	NOT_A_LEMMA
geline	6	3.21	NOT_A_LEMMA
gelmese	7	3.21	NOT_A_LEMMA
geyikli	7	3.21	NOT_A_LEMMA
girişti	7	3.21	NOT_A_LEMMA
hacmine	7	3.21	NOT_A_LEMMA
hanim	5	3.21	NOT_A_LEMMA
haya	4	3.21	CIRCUMFLEX
hijyeni	7	3.21	NOT_A_LEMMA
hiçlik	6	3.21	NOT_A_LEMMA
hocama	6	3.21	NOT_A_LEMMA
ilahe	5	3.21	CIRCUMFLEX
ineği	5	3.21	NOT_A_LEMMA
işçiyi	6	3.21	NOT_A_LEMMA
jeti	4	3.21	NOT_A_LEMMA
kabusa	6	3.21	NOT_A_LEMMA
kalben	6	3.21	NOT_A_NOUN
kalemde	7	3.21	NOT_A_LEMMA
kapın	5	3.21	NOT_A_LEMMA
kavgacı	7	3.21	NOT_A_LEMMA
kayayı	6	3.21	NOT_A_LEMMA
kaybın	6	3.21	NOT_A_LEMMA
kaşıkçı	7	3.21	NOT_A_LEMMA
kenarlı	7	3.21	NOT_A_LEMMA
kesişme	7	3.21	NOT_A_LEMMA
keçe	4	3.21	ALSO_OTHER_PART_OF_SPEECH
kini	4	3.21	NOT_A_LEMMA
kirazlı	7	3.21	NOT_A_LEMMA
korsanı	7	3.21	NOT_A_LEMMA
koyunun	7	3.21	NOT_A_LEMMA
kumarda	7	3.21	NOT_A_LEMMA
kuşağa	6	3.21	NOT_A_LEMMA
kuşağın	7	3.21	NOT_A_LEMMA
köhne	5	3.21	NOT_A_NOUN
külçe	5	3.21	ALSO_OTHER_PART_OF_SPEECH
kürsüde	7	3.21	NOT_A_LEMMA
kıldık	6	3.21	NOT_A_LEMMA
kılın	5	3.21	NOT_A_LEMMA
kılınır	7	3.21	NOT_A_LEMMA
kırmayı	7	3.21	NOT_A_LEMMA
listem	6	3.21	NOT_A_LEMMA
maaşına	7	3.21	NOT_A_LEMMA
mahzun	6	3.21	NOT_A_NOUN
maketi	6	3.21	NOT_A_LEMMA
maksadı	7	3.21	NOT_A_LEMMA
manasız	7	3.21	NOT_A_LEMMA
mektuba	7	3.21	NOT_A_LEMMA
midi	4	3.21	NOT_A_NOUN
miydik	6	3.21	NOT_A_LEMMA
muhlis	6	3.21	NOT_A_NOUN
mührünü	7	3.21	NOT_A_LEMMA
normlar	7	3.21	NOT_A_LEMMA
okursun	7	3.21	NOT_A_LEMMA
olanda	6	3.21	NOT_A_LEMMA
onayına	7	3.21	NOT_A_LEMMA
pancarı	7	3.21	NOT_A_LEMMA
panosu	6	3.21	NOT_A_LEMMA
paravan	7	3.21	ALSO_OTHER_PART_OF_SPEECH
payın	5	3.21	NOT_A_LEMMA
pençesi	7	3.21	NOT_A_LEMMA
peşpeşe	7	3.21	NOT_A_NOUN
pine	4	3.21	NOT_A_LEMMA
pişkin	6	3.21	NOT_A_NOUN
saatimi	7	3.21	NOT_A_LEMMA
sallar	6	3.21	NOT_A_LEMMA
sarstı	6	3.21	NOT_A_LEMMA
sarıca	6	3.21	NOT_A_LEMMA
sava	4	3.21	VERB_FORM
seydi	5	3.21	NOT_A_LEMMA
seçerim	7	3.21	NOT_A_LEMMA
siker	5	3.21	NOT_A_LEMMA
siyahı	6	3.21	NOT_A_LEMMA
solmuş	6	3.21	NOT_A_LEMMA
sorarak	7	3.21	NOT_A_LEMMA
sorumu	6	3.21	NOT_A_LEMMA
sunmayı	7	3.21	NOT_A_LEMMA
sıçtın	6	3.21	NOT_A_LEMMA
tarihle	7	3.21	NOT_A_LEMMA
timsali	7	3.21	NOT_A_LEMMA
torunum	7	3.21	NOT_A_LEMMA
tutarız	7	3.21	NOT_A_LEMMA
tüketir	7	3.21	NOT_A_LEMMA
tüten	5	3.21	NOT_A_LEMMA
virüse	6	3.21	NOT_A_LEMMA
yalanla	7	3.21	NOT_A_LEMMA
yalayan	7	3.21	NOT_A_LEMMA
yaramış	7	3.21	NOT_A_LEMMA
yasını	6	3.21	NOT_A_LEMMA
yatalım	7	3.21	NOT_A_LEMMA
yattık	6	3.21	NOT_A_LEMMA
yazdan	6	3.21	NOT_A_LEMMA
yazlar	6	3.21	NOT_A_LEMMA
yazmadı	7	3.21	NOT_A_LEMMA
yağışın	7	3.21	NOT_A_LEMMA
yaşla	5	3.21	NOT_A_LEMMA
yelleri	7	3.21	NOT_A_LEMMA
yönelir	7	3.21	NOT_A_LEMMA
yıkacak	7	3.21	NOT_A_LEMMA
yıkımın	7	3.21	NOT_A_LEMMA
zalimce	7	3.21	NOT_A_LEMMA
çalkala	7	3.21	NOT_A_LEMMA
çağrıya	7	3.21	NOT_A_LEMMA
çözelim	7	3.21	NOT_A_LEMMA
ölmesin	7	3.21	NOT_A_LEMMA
örgütle	7	3.21	NOT_A_LEMMA
örülmüş	7	3.21	NOT_A_LEMMA
özelsin	7	3.21	NOT_A_LEMMA
özetler	7	3.21	NOT_A_LEMMA
özgürüz	7	3.21	NOT_A_LEMMA
şartla	6	3.21	NOT_A_LEMMA
şaşıran	7	3.21	NOT_A_LEMMA
şova	4	3.21	NOT_A_LEMMA
ablamı	6	3.20	NOT_A_LEMMA
adayım	6	3.20	NOT_A_LEMMA
altımda	7	3.20	NOT_A_LEMMA
andımız	7	3.20	NOT_A_LEMMA
aryan	5	3.20	NOT_A_LEMMA
asıp	4	3.20	NOT_A_LEMMA
atamak	6	3.20	NOT_A_NOUN
atfen	5	3.20	NOT_A_NOUN
atlıyor	7	3.20	NOT_A_LEMMA
aştığı	6	3.20	NOT_A_LEMMA
bağa	4	3.20	ALSO_OTHER_PART_OF_SPEECH
başarım	7	3.20	INFLECTED_FORM
bitmeli	7	3.20	NOT_A_LEMMA
bununda	7	3.20	NOT_A_LEMMA
bükük	5	3.20	NOT_A_NOUN
bıktık	6	3.20	NOT_A_LEMMA
casusu	6	3.20	NOT_A_LEMMA
dallama	7	3.20	ALSO_OTHER_PART_OF_SPEECH
dayağı	6	3.20	NOT_A_LEMMA
derbide	7	3.20	NOT_A_LEMMA
derneğe	7	3.20	NOT_A_LEMMA
doğrumu	7	3.20	NOT_A_LEMMA
dursa	5	3.20	NOT_A_LEMMA
dökecek	7	3.20	NOT_A_LEMMA
dönemem	7	3.20	NOT_A_LEMMA
dövüp	5	3.20	NOT_A_LEMMA
düşü	4	3.20	NOT_A_LEMMA
ekini	5	3.20	NOT_A_LEMMA
ekte	4	3.20	NOT_A_LEMMA
eridi	5	3.20	NOT_A_LEMMA
erişme	6	3.20	NOT_A_LEMMA
ermek	5	3.20	NOT_A_NOUN
erten	5	3.20	NOT_A_LEMMA
esirler	7	3.20	NOT_A_LEMMA
faizle	6	3.20	NOT_A_LEMMA
fanları	7	3.20	NOT_A_LEMMA
faysal	6	3.20	NOT_A_LEMMA
gelişip	7	3.20	NOT_A_LEMMA
giyimli	7	3.20	NOT_A_LEMMA
gölünde	7	3.20	NOT_A_LEMMA
gölünün	7	3.20	NOT_A_LEMMA
göçler	6	3.20	NOT_A_LEMMA
güzelin	7	3.20	NOT_A_LEMMA
hakemli	7	3.20	NOT_A_LEMMA
halası	6	3.20	NOT_A_LEMMA
halılar	7	3.20	NOT_A_LEMMA
hamleyi	7	3.20	NOT_A_LEMMA
haset	5	3.20	ALSO_OTHER_PART_OF_SPEECH
havuzlu	7	3.20	NOT_A_LEMMA
hizan	5	3.20	NOT_A_LEMMA
ileriyi	7	3.20	NOT_A_LEMMA
illet	5	3.20	ALSO_OTHER_PART_OF_SPEECH
izlesin	7	3.20	NOT_A_LEMMA
kalsak	6	3.20	NOT_A_LEMMA
kapıldı	7	3.20	NOT_A_LEMMA
kapıma	6	3.20	NOT_A_LEMMA
kartımı	7	3.20	NOT_A_LEMMA
katilim	7	3.20	NOT_A_LEMMA
katlama	7	3.20	NOT_A_LEMMA
kinci	5	3.20	NOT_A_NOUN
kocamla	7	3.20	NOT_A_LEMMA
koymaz	6	3.20	NOT_A_LEMMA
koçun	5	3.20	NOT_A_LEMMA
kumda	5	3.20	NOT_A_LEMMA
kürenin	7	3.20	NOT_A_LEMMA
kütüğü	6	3.20	NOT_A_LEMMA
kırması	7	3.20	NOT_A_LEMMA
kırılıp	7	3.20	NOT_A_LEMMA
lensler	7	3.20	NOT_A_LEMMA
lifli	5	3.20	NOT_A_LEMMA
maldan	6	3.20	NOT_A_LEMMA
modunu	6	3.20	NOT_A_LEMMA
nasılda	7	3.20	NOT_A_LEMMA
nere	4	3.20	NOT_A_NOUN
nettir	6	3.20	NOT_A_LEMMA
nispi	5	3.20	NOT_A_NOUN
okutan	6	3.20	NOT_A_LEMMA
olalı	5	3.20	NOT_A_LEMMA
oyundu	6	3.20	NOT_A_LEMMA
payıma	6	3.20	NOT_A_LEMMA
pisliğe	7	3.20	NOT_A_LEMMA
poposu	6	3.20	NOT_A_LEMMA
rayına	6	3.20	NOT_A_LEMMA
sarılın	7	3.20	NOT_A_LEMMA
sayıma	6	3.20	NOT_A_LEMMA
sineye	6	3.20	NOT_A_LEMMA
sormaz	6	3.20	NOT_A_LEMMA
sönüyor	7	3.20	NOT_A_LEMMA
süsler	6	3.20	NOT_A_LEMMA
sıfırın	7	3.20	NOT_A_LEMMA
tabirle	7	3.20	NOT_A_LEMMA
tadıyla	7	3.20	NOT_A_LEMMA
taşıdık	7	3.20	NOT_A_LEMMA
taşıdır	7	3.20	NOT_A_LEMMA
terasta	7	3.20	NOT_A_LEMMA
tipe	4	3.20	NOT_A_LEMMA
trio	4	3.20	NOT_A_NOUN
tuşları	7	3.20	NOT_A_LEMMA
tüfeğin	7	3.20	NOT_A_LEMMA
tümeni	6	3.20	NOT_A_LEMMA
uyarıda	7	3.20	NOT_A_LEMMA
uygundu	7	3.20	NOT_A_LEMMA
uymaya	6	3.20	NOT_A_LEMMA
uzatın	6	3.20	NOT_A_LEMMA
vitesli	7	3.20	NOT_A_LEMMA
yapımın	7	3.20	NOT_A_LEMMA
yarışçı	7	3.20	NOT_A_LEMMA
yaveri	6	3.20	NOT_A_LEMMA
yaşarsa	7	3.20	NOT_A_LEMMA
yememek	7	3.20	NOT_A_LEMMA
yemeni	6	3.20	VERB_FORM
yendim	6	3.20	NOT_A_LEMMA
yerdim	6	3.20	NOT_A_LEMMA
yetişme	7	3.20	NOT_A_LEMMA
yuttu	5	3.20	NOT_A_LEMMA
zarfın	6	3.20	NOT_A_LEMMA
zıplama	7	3.20	NOT_A_LEMMA
çaldık	6	3.20	NOT_A_LEMMA
çorbayı	7	3.20	NOT_A_LEMMA
çıksam	6	3.20	NOT_A_LEMMA
ırkına	6	3.20	NOT_A_LEMMA
ısırır	6	3.20	NOT_A_LEMMA
abicim	6	3.19	NOT_A_LEMMA
abonesi	7	3.19	NOT_A_LEMMA
acıttı	6	3.19	NOT_A_LEMMA
adadı	5	3.19	NOT_A_LEMMA
adammış	7	3.19	NOT_A_LEMMA
afacan	6	3.19	NOT_A_NOUN
alameti	7	3.19	NOT_A_LEMMA
almadın	7	3.19	NOT_A_LEMMA
almazsa	7	3.19	NOT_A_LEMMA
alınsa	6	3.19	NOT_A_LEMMA
alıştı	6	3.19	NOT_A_LEMMA
anadili	7	3.19	NOT_A_LEMMA
anasına	7	3.19	NOT_A_LEMMA
arttır	6	3.19	NOT_A_LEMMA
atamaya	7	3.19	NOT_A_LEMMA
atanmak	7	3.19	NOT_A_LEMMA
atılma	6	3.19	NOT_A_LEMMA
ağlatan	7	3.19	NOT_A_LEMMA
bakkala	7	3.19	NOT_A_LEMMA
basması	7	3.19	NOT_A_LEMMA
bayrağa	7	3.19	NOT_A_LEMMA
bazda	5	3.19	NOT_A_LEMMA
bağının	7	3.19	NOT_A_LEMMA
belim	5	3.19	NOT_A_LEMMA
belleğe	7	3.19	NOT_A_LEMMA
benzine	7	3.19	NOT_A_LEMMA
beğenme	7	3.19	NOT_A_LEMMA
bilene	6	3.19	NOT_A_LEMMA
bilirse	7	3.19	NOT_A_LEMMA
biralar	7	3.19	NOT_A_LEMMA
bodruma	7	3.19	NOT_A_LEMMA
böceğin	7	3.19	NOT_A_LEMMA
cihanda	7	3.19	NOT_A_LEMMA
dansını	7	3.19	NOT_A_LEMMA
defada	6	3.19	NOT_A_LEMMA
delisin	7	3.19	NOT_A_LEMMA
denmesi	7	3.19	NOT_A_LEMMA
devret	6	3.19	NOT_A_LEMMA
değiyor	7	3.19	NOT_A_LEMMA
dikeni	6	3.19	NOT_A_LEMMA
dilimde	7	3.19	NOT_A_LEMMA
doğması	7	3.19	NOT_A_LEMMA
dökük	5	3.19	NOT_A_NOUN
dünyamı	7	3.19	NOT_A_LEMMA
emreden	7	3.19	NOT_A_LEMMA
ezen	4	3.19	NOT_A_LEMMA
eğlenin	7	3.19	NOT_A_LEMMA
eğmek	5	3.19	NOT_A_NOUN
eşinizi	7	3.19	NOT_A_LEMMA
farları	7	3.19	NOT_A_LEMMA
frenler	7	3.19	NOT_A_LEMMA
girsem	6	3.19	NOT_A_LEMMA
gözümle	7	3.19	NOT_A_LEMMA
güneşle	7	3.19	NOT_A_LEMMA
hançeri	7	3.19	NOT_A_LEMMA
hapsine	7	3.19	NOT_A_LEMMA
horozu	6	3.19	NOT_A_LEMMA
hücreyi	7	3.19	NOT_A_LEMMA
kafesin	7	3.19	NOT_A_LEMMA
kapadım	7	3.19	NOT_A_LEMMA
kareyi	6	3.19	NOT_A_LEMMA
karılar	7	3.19	NOT_A_LEMMA
kasabı	6	3.19	NOT_A_LEMMA
kasılma	7	3.19	NOT_A_LEMMA
katkılı	7	3.19	NOT_A_LEMMA
kaçsın	6	3.19	NOT_A_LEMMA
kederi	6	3.19	NOT_A_LEMMA
kemancı	7	3.19	NOT_A_LEMMA
kemerin	7	3.19	NOT_A_LEMMA
kocaya	6	3.19	NOT_A_LEMMA
kovanın	7	3.19	NOT_A_LEMMA
koysun	6	3.19	NOT_A_LEMMA
kuaföre	7	3.19	NOT_A_LEMMA
kurbana	7	3.19	NOT_A_LEMMA
kuzeyli	7	3.19	NOT_A_LEMMA
küller	6	3.19	NOT_A_LEMMA
küpeli	6	3.19	NOT_A_LEMMA
küçülür	7	3.19	NOT_A_LEMMA
kılına	6	3.19	NOT_A_LEMMA
kızıp	5	3.19	NOT_A_LEMMA
lazımsa	7	3.19	NOT_A_LEMMA
lehinde	7	3.19	NOT_A_LEMMA
maaşa	5	3.19	NOT_A_LEMMA
masalar	7	3.19	NOT_A_LEMMA
mendili	7	3.19	NOT_A_LEMMA
muasır	6	3.19	NOT_A_NOUN
muavini	7	3.19	NOT_A_LEMMA
obur	4	3.19	NOT_A_NOUN
odamdan	7	3.19	NOT_A_LEMMA
okları	6	3.19	NOT_A_LEMMA
oluklu	6	3.19	NOT_A_LEMMA
onat	4	3.19	NOT_A_NOUN
onurla	6	3.19	NOT_A_LEMMA
optimal	7	3.19	NOT_A_NOUN
otogarı	7	3.19	NOT_A_LEMMA
oynak	5	3.19	NOT_A_NOUN
oynamam	7	3.19	NOT_A_LEMMA
ozanı	5	3.19	NOT_A_LEMMA
poşete	6	3.19	NOT_A_LEMMA
pullu	5	3.19	NOT_A_LEMMA
ressamı	7	3.19	NOT_A_LEMMA
romancı	7	3.19	NOT_A_LEMMA
sabiti	6	3.19	NOT_A_LEMMA
salağa	6	3.19	NOT_A_LEMMA
sapla	5	3.19	NOT_A_LEMMA
sağın	5	3.19	NOT_A_NOUN
sekizi	6	3.19	NOT_A_LEMMA
seçik	5	3.19	ALSO_OTHER_PART_OF_SPEECH
seçilip	7	3.19	NOT_A_LEMMA
sopalı	6	3.19	NOT_A_LEMMA
suçunun	7	3.19	NOT_A_LEMMA
suçuyla	7	3.19	NOT_A_LEMMA
sütle	5	3.19	NOT_A_LEMMA
sıhhi	5	3.19	NOT_A_NOUN
sırtlan	7	3.19	VERB_FORM
sığar	5	3.19	NOT_A_LEMMA
tada	4	3.19	NOT_A_LEMMA
takarım	7	3.19	NOT_A_LEMMA
takılar	7	3.19	NOT_A_LEMMA
talihli	7	3.19	NOT_A_LEMMA
taraklı	7	3.19	NOT_A_LEMMA
tavada	6	3.19	NOT_A_LEMMA
tene	4	3.19	NOT_A_LEMMA
tepkime	7	3.19	NOT_A_LEMMA
terket	6	3.19	NOT_A_LEMMA
testte	6	3.19	NOT_A_LEMMA
testten	7	3.19	NOT_A_LEMMA
tüketme	7	3.19	NOT_A_LEMMA
tırı	4	3.19	NOT_A_LEMMA
undan	5	3.19	NOT_A_LEMMA
utancı	6	3.19	NOT_A_LEMMA
uyarsa	6	3.19	NOT_A_LEMMA
uçuşunu	7	3.19	NOT_A_LEMMA
uğrayın	7	3.19	NOT_A_LEMMA
vaktine	7	3.19	NOT_A_LEMMA
varda	5	3.19	NOT_A_NOUN
vişneli	7	3.19	NOT_A_LEMMA
vurulup	7	3.19	NOT_A_LEMMA
yaren	5	3.19	CIRCUMFLEX
yazışma	7	3.19	NOT_A_LEMMA
yiyeyim	7	3.19	NOT_A_LEMMA
yurttan	7	3.19	NOT_A_LEMMA
yıkadım	7	3.19	NOT_A_LEMMA
zamandı	7	3.19	NOT_A_LEMMA
çarem	5	3.19	NOT_A_LEMMA
çatak	5	3.19	ALSO_OTHER_PART_OF_SPEECH
çayda	5	3.19	NOT_A_LEMMA
çöpler	6	3.19	NOT_A_LEMMA
çözüyor	7	3.19	NOT_A_LEMMA
ödevim	6	3.19	NOT_A_LEMMA
ömrümde	7	3.19	NOT_A_LEMMA
ömürler	7	3.19	NOT_A_LEMMA
ülkeyle	7	3.19	NOT_A_LEMMA
üründür	7	3.19	NOT_A_LEMMA
üssünü	6	3.19	NOT_A_LEMMA
şaibeli	7	3.19	NOT_A_LEMMA
şovda	5	3.19	NOT_A_LEMMA
ailenle	7	3.18	NOT_A_LEMMA
akarken	7	3.18	NOT_A_LEMMA
alnı	4	3.18	NOT_A_LEMMA
alnının	7	3.18	NOT_A_LEMMA
alsanız	7	3.18	NOT_A_LEMMA
alıştık	7	3.18	NOT_A_LEMMA
anlasın	7	3.18	NOT_A_LEMMA
araçlık	7	3.18	NOT_A_LEMMA
avlar	5	3.18	NOT_A_LEMMA
aynadan	7	3.18	NOT_A_LEMMA
ayrılın	7	3.18	NOT_A_LEMMA
ağaçlı	6	3.18	NOT_A_LEMMA
ağlamaz	7	3.18	NOT_A_LEMMA
aşması	6	3.18	NOT_A_LEMMA
bakamaz	7	3.18	NOT_A_LEMMA
baskıda	7	3.18	NOT_A_LEMMA
bastın	6	3.18	NOT_A_LEMMA
batırıp	7	3.18	NOT_A_LEMMA
bağnaz	6	3.18	NOT_A_NOUN
bağıl	5	3.18	ALSO_OTHER_PART_OF_SPEECH
başkaca	7	3.18	NOT_A_LEMMA
beşten	6	3.18	NOT_A_LEMMA
boşanan	7	3.18	NOT_A_LEMMA
bulutun	7	3.18	NOT_A_LEMMA
büyütüp	7	3.18	NOT_A_LEMMA
camına	6	3.18	NOT_A_LEMMA
danslar	7	3.18	NOT_A_LEMMA
dağılıp	7	3.18	NOT_A_LEMMA
denendi	7	3.18	NOT_A_LEMMA
dolaşma	7	3.18	NOT_A_LEMMA
dostuma	7	3.18	NOT_A_LEMMA
duyusu	6	3.18	NOT_A_LEMMA
düeti	5	3.18	NOT_A_LEMMA
ehline	6	3.18	NOT_A_LEMMA
etine	5	3.18	NOT_A_LEMMA
eyalete	7	3.18	NOT_A_LEMMA
farlar	6	3.18	NOT_A_LEMMA
fenalık	7	3.18	NOT_A_LEMMA
fiyatla	7	3.18	NOT_A_LEMMA
fotonun	7	3.18	NOT_A_LEMMA
gelmeme	7	3.18	NOT_A_LEMMA
golde	5	3.18	NOT_A_LEMMA
gölgeli	7	3.18	NOT_A_LEMMA
gürler	6	3.18	NOT_A_LEMMA
haliniz	7	3.18	NOT_A_LEMMA
hükmüne	7	3.18	NOT_A_LEMMA
idareyi	7	3.18	NOT_A_LEMMA
ildir	5	3.18	NOT_A_LEMMA
ilkler	6	3.18	NOT_A_LEMMA
ilçeyi	6	3.18	NOT_A_LEMMA
isini	5	3.18	NOT_A_LEMMA
kahveni	7	3.18	NOT_A_LEMMA
kalındı	7	3.18	NOT_A_LEMMA
karat	5	3.18	NOT_A_LEMMA
kayba	5	3.18	NOT_A_LEMMA
kaynana	7	3.18	VERB_FORM
kefeye	6	3.18	NOT_A_LEMMA
kiki	4	3.18	NOT_A_LEMMA
konforu	7	3.18	NOT_A_LEMMA
koçlar	6	3.18	NOT_A_LEMMA
kulede	6	3.18	NOT_A_LEMMA
kırdık	6	3.18	NOT_A_LEMMA
kıtaya	6	3.18	NOT_A_LEMMA
ligini	6	3.18	NOT_A_LEMMA
liginin	7	3.18	NOT_A_LEMMA
listeme	7	3.18	NOT_A_LEMMA
malıdır	7	3.18	NOT_A_LEMMA
manik	5	3.18	NOT_A_NOUN
masif	5	3.18	NOT_A_NOUN
menfur	6	3.18	NOT_A_NOUN
milyara	7	3.18	NOT_A_LEMMA
muadili	7	3.18	NOT_A_LEMMA
nafiz	5	3.18	NOT_A_NOUN
nicel	5	3.18	NOT_A_NOUN
ofisler	7	3.18	NOT_A_LEMMA
okullu	6	3.18	NOT_A_LEMMA
olaysız	7	3.18	NOT_A_LEMMA
olmazı	6	3.18	NOT_A_LEMMA
oluşun	6	3.18	NOT_A_LEMMA
ortağın	7	3.18	NOT_A_LEMMA
oynardı	7	3.18	NOT_A_LEMMA
palas	5	3.18	ALSO_OTHER_PART_OF_SPEECH
panelde	7	3.18	NOT_A_LEMMA
plaketi	7	3.18	NOT_A_LEMMA
projem	6	3.18	NOT_A_LEMMA
pulları	7	3.18	NOT_A_LEMMA
radarı	6	3.18	NOT_A_LEMMA
rahibin	7	3.18	NOT_A_LEMMA
rallisi	7	3.18	NOT_A_LEMMA
ruhlara	7	3.18	NOT_A_LEMMA
saflığı	7	3.18	NOT_A_LEMMA
sahipli	7	3.18	NOT_A_LEMMA
salar	5	3.18	NOT_A_LEMMA
sapa	4	3.18	NOT_A_NOUN
saya	4	3.18	VERB_FORM
seksten	7	3.18	NOT_A_LEMMA
setine	6	3.18	NOT_A_LEMMA
seveyim	7	3.18	NOT_A_LEMMA
seçmene	7	3.18	NOT_A_LEMMA
sorsana	7	3.18	NOT_A_LEMMA
sunarız	7	3.18	NOT_A_LEMMA
suru	4	3.18	NOT_A_LEMMA
sürse	5	3.18	NOT_A_LEMMA
sıktım	6	3.18	NOT_A_LEMMA
sığınır	7	3.18	NOT_A_LEMMA
tabuta	6	3.18	NOT_A_LEMMA
tabutu	6	3.18	NOT_A_LEMMA
taneli	6	3.18	NOT_A_LEMMA
tefrika	7	3.18	ALSO_OTHER_PART_OF_SPEECH
tekisin	7	3.18	NOT_A_LEMMA
tepkili	7	3.18	NOT_A_LEMMA
tesirli	7	3.18	NOT_A_LEMMA
tonuyla	7	3.18	NOT_A_LEMMA
toplan	6	3.18	NOT_A_LEMMA
tora	4	3.18	NOT_A_LEMMA
türlere	7	3.18	NOT_A_LEMMA
türlüsü	7	3.18	NOT_A_LEMMA
tırnağı	7	3.18	NOT_A_LEMMA
uman	4	3.18	NOT_A_LEMMA
ustaya	6	3.18	NOT_A_LEMMA
uçurdu	6	3.18	NOT_A_LEMMA
vaatler	7	3.18	NOT_A_LEMMA
varma	5	3.18	NOT_A_LEMMA
videolu	7	3.18	NOT_A_LEMMA
yadigar	7	3.18	CIRCUMFLEX
yakacık	7	3.18	NOT_A_LEMMA
yakayı	6	3.18	NOT_A_LEMMA
yandaşı	7	3.18	NOT_A_LEMMA
yapışıp	7	3.18	NOT_A_LEMMA
yasamak	7	3.18	NOT_A_NOUN
yasağın	7	3.18	NOT_A_LEMMA
yediden	7	3.18	NOT_A_LEMMA
yesek	5	3.18	NOT_A_LEMMA
yorumun	7	3.18	NOT_A_LEMMA
yumağı	6	3.18	NOT_A_LEMMA
yutma	5	3.18	NOT_A_LEMMA
yuttum	6	3.18	NOT_A_LEMMA
yünlü	5	3.18	NOT_A_LEMMA
yüzüyor	7	3.18	NOT_A_LEMMA
çanı	4	3.18	NOT_A_LEMMA
çarp	4	3.18	NOT_A_LEMMA
çekmeli	7	3.18	NOT_A_LEMMA
çokluk	6	3.18	ALSO_OTHER_PART_OF_SPEECH
çukurun	7	3.18	NOT_A_LEMMA
çıka	4	3.18	NOT_A_LEMMA
çıksan	6	3.18	NOT_A_LEMMA
çıktısı	7	3.18	NOT_A_LEMMA
öfkeye	6	3.18	NOT_A_LEMMA
önerme	6	3.18	NOT_A_LEMMA
öperek	6	3.18	NOT_A_LEMMA
öpeyim	6	3.18	NOT_A_LEMMA
özledi	6	3.18	NOT_A_LEMMA
üssünde	7	3.18	NOT_A_LEMMA
üzümün	6	3.18	NOT_A_LEMMA
üçünde	6	3.18	NOT_A_LEMMA
şefkati	7	3.18	NOT_A_LEMMA
şefler	6	3.18	NOT_A_LEMMA
şekere	6	3.18	NOT_A_LEMMA
şeyse	5	3.18	NOT_A_LEMMA
şişkin	6	3.18	NOT_A_NOUN
şurdan	6	3.18	NOT_A_LEMMA
acıktı	6	3.17	NOT_A_LEMMA
adayına	7	3.17	NOT_A_LEMMA
adetlik	7	3.17	NOT_A_LEMMA
alelade	7	3.17	CIRCUMFLEX
almasın	7	3.17	NOT_A_LEMMA
altıgen	7	3.17	ALSO_OTHER_PART_OF_SPEECH
alınsın	7	3.17	NOT_A_LEMMA
amcayı	6	3.17	NOT_A_LEMMA
asiler	6	3.17	NOT_A_LEMMA
aslolan	7	3.17	NOT_A_LEMMA
asmalı	6	3.17	NOT_A_LEMMA
asra	4	3.17	NOT_A_LEMMA
avlama	6	3.17	NOT_A_LEMMA
ayetin	6	3.17	NOT_A_LEMMA
aysal	5	3.17	NOT_A_LEMMA
azda	4	3.17	NOT_A_LEMMA
azını	5	3.17	NOT_A_LEMMA
ağaçlık	7	3.17	NOT_A_LEMMA
ağrıyan	7	3.17	NOT_A_LEMMA
aşıyı	5	3.17	NOT_A_LEMMA
bakışla	7	3.17	NOT_A_LEMMA
balonun	7	3.17	NOT_A_LEMMA
başıdır	7	3.17	NOT_A_LEMMA
beki	4	3.17	NOT_A_LEMMA
belasız	7	3.17	NOT_A_LEMMA
bezler	6	3.17	NOT_A_LEMMA
bilmeyi	7	3.17	NOT_A_LEMMA
birayı	6	3.17	NOT_A_LEMMA
böldü	5	3.17	NOT_A_LEMMA
bükücü	6	3.17	NOT_A_LEMMA
cebini	6	3.17	NOT_A_LEMMA
celine	6	3.17	NOT_A_LEMMA
cumalar	7	3.17	NOT_A_LEMMA
delidir	7	3.17	NOT_A_LEMMA
demeti	6	3.17	NOT_A_LEMMA
derinde	7	3.17	NOT_A_LEMMA
deseniz	7	3.17	NOT_A_LEMMA
dizeler	7	3.17	NOT_A_LEMMA
doğumun	7	3.17	NOT_A_LEMMA
dura	4	3.17	NOT_A_LEMMA
dururdu	7	3.17	NOT_A_LEMMA
duyurur	7	3.17	NOT_A_LEMMA
döktüğü	7	3.17	NOT_A_LEMMA
erişen	6	3.17	NOT_A_LEMMA
erleri	6	3.17	NOT_A_LEMMA
esenlik	7	3.17	VERB_FORM
etle	4	3.17	NOT_A_LEMMA
ezanın	6	3.17	NOT_A_LEMMA
eşeği	5	3.17	NOT_A_LEMMA
fareyi	6	3.17	NOT_A_LEMMA
farzet	6	3.17	NOT_A_LEMMA
gazabı	6	3.17	NOT_A_LEMMA
gecemi	6	3.17	NOT_A_LEMMA
geciken	7	3.17	NOT_A_LEMMA
gemici	6	3.17	NOT_A_LEMMA
gölden	6	3.17	NOT_A_LEMMA
görele	6	3.17	NOT_A_LEMMA
gözeten	7	3.17	NOT_A_LEMMA
haki	4	3.17	ALSO_OTHER_PART_OF_SPEECH
hasıla	6	3.17	CIRCUMFLEX
herbiri	7	3.17	NOT_A_NOUN
hiçsin	6	3.17	NOT_A_LEMMA
ilana	5	3.17	NOT_A_LEMMA
iyinin	6	3.17	NOT_A_LEMMA
izcilik	7	3.17	NOT_A_LEMMA
işlemle	7	3.17	NOT_A_LEMMA
kapakta	7	3.17	NOT_A_LEMMA
karması	7	3.17	NOT_A_LEMMA
kaygılı	7	3.17	NOT_A_LEMMA
kaçını	6	3.17	NOT_A_LEMMA
kaşı	4	3.17	NOT_A_LEMMA
keyfe	5	3.17	NOT_A_LEMMA
kodunun	7	3.17	NOT_A_LEMMA
konduğu	7	3.17	NOT_A_LEMMA
kontra	6	3.17	ALSO_OTHER_PART_OF_SPEECH
konumun	7	3.17	NOT_A_LEMMA
koyunca	7	3.17	NOT_A_LEMMA
kuruyan	7	3.17	NOT_A_LEMMA
kutsi	5	3.17	CIRCUMFLEX
kuzeyin	7	3.17	NOT_A_LEMMA
kılıp	5	3.17	NOT_A_LEMMA
kızıdır	7	3.17	NOT_A_LEMMA
lirik	5	3.17	ALSO_OTHER_PART_OF_SPEECH
lüzumu	6	3.17	NOT_A_LEMMA
maaşım	6	3.17	NOT_A_LEMMA
marketi	7	3.17	NOT_A_LEMMA
marşını	7	3.17	NOT_A_LEMMA
mata	4	3.17	NOT_A_LEMMA
mesaisi	7	3.17	NOT_A_LEMMA
miymiş	6	3.17	NOT_A_LEMMA
motorda	7	3.17	NOT_A_LEMMA
mukabil	7	3.17	NOT_A_NOUN
müjdeyi	7	3.17	NOT_A_LEMMA
müşrik	6	3.17	ALSO_OTHER_PART_OF_SPEECH
nefeste	7	3.17	NOT_A_LEMMA
odanız	6	3.17	NOT_A_LEMMA
orana	5	3.17	NOT_A_LEMMA
parca	5	3.17	NOT_A_LEMMA
pınarı	6	3.17	NOT_A_LEMMA
rahatı	6	3.17	NOT_A_LEMMA
refaha	6	3.17	NOT_A_LEMMA
rızkı	5	3.17	NOT_A_LEMMA
sakladı	7	3.17	NOT_A_LEMMA
sikine	6	3.17	NOT_A_LEMMA
soyadım	7	3.17	NOT_A_LEMMA
statüye	7	3.17	NOT_A_LEMMA
sürerse	7	3.17	NOT_A_LEMMA
sürüler	7	3.17	NOT_A_LEMMA
sürüme	6	3.17	NOT_A_LEMMA
sınai	5	3.17	NOT_A_NOUN
sıçıp	5	3.17	NOT_A_LEMMA
tatları	7	3.17	NOT_A_LEMMA
tavrın	6	3.17	NOT_A_LEMMA
tavırla	7	3.17	NOT_A_LEMMA
tebliği	7	3.17	NOT_A_LEMMA
tekdüze	7	3.17	NOT_A_NOUN
tekini	6	3.17	NOT_A_LEMMA
tekneyi	7	3.17	NOT_A_LEMMA
teline	6	3.17	NOT_A_LEMMA
tenin	5	3.17	NOT_A_LEMMA
tohumun	7	3.17	NOT_A_LEMMA
tondan	6	3.17	NOT_A_LEMMA
tulumu	6	3.17	NOT_A_LEMMA
tutkun	6	3.17	NOT_A_NOUN
tuzsuz	6	3.17	NOT_A_LEMMA
tükenme	7	3.17	NOT_A_LEMMA
tıkandı	7	3.17	NOT_A_LEMMA
uydurup	7	3.17	NOT_A_LEMMA
uyursun	7	3.17	NOT_A_LEMMA
uçuran	6	3.17	NOT_A_LEMMA
vagonu	6	3.17	NOT_A_LEMMA
valiye	6	3.17	NOT_A_LEMMA
varmaya	7	3.17	NOT_A_LEMMA
vere	4	3.17	VERB_FORM
vitesi	6	3.17	NOT_A_LEMMA
yanadır	7	3.17	NOT_A_LEMMA
yaylar	6	3.17	NOT_A_LEMMA
yazmaz	6	3.17	NOT_A_LEMMA
yaşasa	6	3.17	NOT_A_LEMMA
yeniyor	7	3.17	NOT_A_LEMMA
yoran	5	3.17	NOT_A_LEMMA
yutmak	6	3.17	NOT_A_NOUN
yüzüyle	7	3.17	NOT_A_LEMMA
çadırın	7	3.17	NOT_A_LEMMA
çürüyen	7	3.17	NOT_A_LEMMA
ödersin	7	3.17	NOT_A_LEMMA
ölüsü	5	3.17	NOT_A_LEMMA
önermek	7	3.17	NOT_A_NOUN
örtmeye	7	3.17	NOT_A_LEMMA
özde	4	3.17	NOT_A_LEMMA
ısısını	7	3.17	NOT_A_LEMMA
şaha	4	3.17	NOT_A_LEMMA
şaheser	7	3.17	ALSO_OTHER_PART_OF_SPEECH
acır	4	3.16	NOT_A_LEMMA
alayına	7	3.16	NOT_A_LEMMA
anketin	7	3.16	NOT_A_LEMMA
anıtın	6	3.16	NOT_A_LEMMA
aramada	7	3.16	NOT_A_LEMMA
arayıcı	7	3.16	NOT_A_LEMMA
aroması	7	3.16	NOT_A_LEMMA
arıcı	5	3.16	NOT_A_LEMMA
askerim	7	3.16	NOT_A_LEMMA
asılır	6	3.16	NOT_A_LEMMA
atlarım	7	3.16	NOT_A_LEMMA
açsan	5	3.16	NOT_A_LEMMA
ağıtlar	7	3.16	NOT_A_LEMMA
aşamayı	7	3.16	NOT_A_LEMMA
aşksız	6	3.16	NOT_A_LEMMA
aşılar	6	3.16	NOT_A_LEMMA
bayilik	7	3.16	NOT_A_LEMMA
bayılma	7	3.16	NOT_A_LEMMA
beleşe	6	3.16	NOT_A_LEMMA
binmeye	7	3.16	NOT_A_LEMMA
bitkiye	7	3.16	NOT_A_LEMMA
boğuyor	7	3.16	NOT_A_LEMMA
büyüdün	7	3.16	NOT_A_LEMMA
bıyığı	6	3.16	NOT_A_LEMMA
candır	6	3.16	NOT_A_LEMMA
cezanı	6	3.16	NOT_A_LEMMA
cilde	5	3.16	NOT_A_LEMMA
cildini	7	3.16	NOT_A_LEMMA
dereye	6	3.16	NOT_A_LEMMA
devreyi	7	3.16	NOT_A_LEMMA
değen	5	3.16	NOT_A_LEMMA
dileyip	7	3.16	NOT_A_LEMMA
dokuyu	6	3.16	NOT_A_LEMMA
doğduk	6	3.16	NOT_A_LEMMA
duvarla	7	3.16	NOT_A_LEMMA
dönüşe	6	3.16	NOT_A_LEMMA
dövüldü	7	3.16	NOT_A_LEMMA
düşleri	7	3.16	NOT_A_LEMMA
enerjim	7	3.16	NOT_A_LEMMA
eğitsel	7	3.16	NOT_A_NOUN
eşimden	7	3.16	NOT_A_LEMMA
fakire	6	3.16	NOT_A_LEMMA
fedai	5	3.16	CIRCUMFLEX
füzenin	7	3.16	NOT_A_LEMMA
fıtığı	6	3.16	NOT_A_LEMMA
gecikti	7	3.16	NOT_A_LEMMA
geriyor	7	3.16	NOT_A_LEMMA
giysin	6	3.16	NOT_A_LEMMA
göte	4	3.16	NOT_A_LEMMA
gülmez	6	3.16	NOT_A_LEMMA
halıda	6	3.16	NOT_A_LEMMA
hobisi	6	3.16	NOT_A_LEMMA
ifadede	7	3.16	NOT_A_LEMMA
ihracı	6	3.16	NOT_A_LEMMA
iledir	6	3.16	NOT_A_LEMMA
ilimize	7	3.16	NOT_A_LEMMA
iterek	6	3.16	NOT_A_LEMMA
içilmez	7	3.16	NOT_A_LEMMA
kaleli	6	3.16	NOT_A_LEMMA
kalkana	7	3.16	NOT_A_LEMMA
kamudan	7	3.16	NOT_A_LEMMA
karacan	7	3.16	NOT_A_LEMMA
kasayı	6	3.16	NOT_A_LEMMA
kattım	6	3.16	NOT_A_LEMMA
kentini	7	3.16	NOT_A_LEMMA
kesiti	6	3.16	NOT_A_LEMMA
killer	6	3.16	NOT_A_LEMMA
koda	4	3.16	NOT_A_LEMMA
kolejde	7	3.16	NOT_A_LEMMA
korona	6	3.16	NOT_A_LEMMA
koşmuş	6	3.16	NOT_A_LEMMA
krizde	6	3.16	NOT_A_LEMMA
kulaklı	7	3.16	NOT_A_LEMMA
kuşkulu	7	3.16	NOT_A_LEMMA
kötüyse	7	3.16	NOT_A_LEMMA
küçülen	7	3.16	NOT_A_LEMMA
kılarak	7	3.16	NOT_A_LEMMA
kınıyor	7	3.16	NOT_A_LEMMA
kırpma	6	3.16	NOT_A_LEMMA
muteber	7	3.16	NOT_A_NOUN
nefrete	7	3.16	NOT_A_LEMMA
nispet	6	3.16	ALSO_OTHER_PART_OF_SPEECH
nurlu	5	3.16	NOT_A_LEMMA
nöral	5	3.16	NOT_A_NOUN
okumaz	6	3.16	NOT_A_LEMMA
olara	5	3.16	NOT_A_LEMMA
olgudur	7	3.16	NOT_A_LEMMA
oluşuma	7	3.16	NOT_A_LEMMA
onaran	6	3.16	NOT_A_LEMMA
onluk	5	3.16	NOT_A_LEMMA
papanın	7	3.16	NOT_A_LEMMA
paralık	7	3.16	NOT_A_LEMMA
parladı	7	3.16	NOT_A_LEMMA
pişti	5	3.16	VERB_FORM
podyuma	7	3.16	NOT_A_LEMMA
provoke	7	3.16	NOT_A_NOUN
rakamın	7	3.16	NOT_A_LEMMA
rastlar	7	3.16	NOT_A_LEMMA
ringde	6	3.16	NOT_A_LEMMA
rüyaya	6	3.16	NOT_A_LEMMA
salağın	7	3.16	NOT_A_LEMMA
sarin	5	3.16	NOT_A_LEMMA
saylan	6	3.16	NOT_A_LEMMA
sayıdan	7	3.16	NOT_A_LEMMA
sağlı	5	3.16	NOT_A_LEMMA
sekste	6	3.16	NOT_A_LEMMA
serdi	5	3.16	NOT_A_LEMMA
sevemez	7	3.16	NOT_A_LEMMA
sevilir	7	3.16	NOT_A_LEMMA
siyahın	7	3.16	NOT_A_LEMMA
sundum	6	3.16	NOT_A_LEMMA
surede	6	3.16	NOT_A_LEMMA
sökmez	6	3.16	NOT_A_LEMMA
sıcaktı	7	3.16	NOT_A_LEMMA
sıktır	6	3.16	NOT_A_LEMMA
sınamak	7	3.16	NOT_A_NOUN
sırala	6	3.16	NOT_A_LEMMA
tabanda	7	3.16	NOT_A_LEMMA
tacizde	7	3.16	NOT_A_LEMMA
takmam	6	3.16	NOT_A_LEMMA
takımlı	7	3.16	NOT_A_LEMMA
tamdır	6	3.16	NOT_A_LEMMA
tarağı	6	3.16	NOT_A_LEMMA
taştır	6	3.16	NOT_A_LEMMA
tonuna	6	3.16	NOT_A_LEMMA
topunun	7	3.16	NOT_A_LEMMA
tutkuyu	7	3.16	NOT_A_LEMMA
tüfekçi	7	3.16	NOT_A_LEMMA
tıpatıp	7	3.16	NOT_A_NOUN
uykucu	6	3.16	NOT_A_LEMMA
uykumu	6	3.16	NOT_A_LEMMA
uzaması	7	3.16	NOT_A_LEMMA
vekilin	7	3.16	NOT_A_LEMMA
vura	4	3.16	NOT_A_LEMMA
vururuz	7	3.16	NOT_A_LEMMA
yakıtın	7	3.16	NOT_A_LEMMA
yatı	4	3.16	INFLECTED_FORM
yazınca	7	3.16	NOT_A_LEMMA
yedisi	6	3.16	NOT_A_LEMMA
yekpare	7	3.16	NOT_A_NOUN
zekiyim	7	3.16	NOT_A_LEMMA
çekinen	7	3.16	NOT_A_LEMMA
çekmem	6	3.16	NOT_A_LEMMA
çiftini	7	3.16	NOT_A_LEMMA
çobanı	6	3.16	NOT_A_LEMMA
çözülme	7	3.16	NOT_A_LEMMA
çıkışın	7	3.16	NOT_A_LEMMA
öderim	6	3.16	NOT_A_LEMMA
ölmüyor	7	3.16	NOT_A_LEMMA
ömründe	7	3.16	NOT_A_LEMMA
övmek	5	3.16	NOT_A_NOUN
ülkeyiz	7	3.16	NOT_A_LEMMA
üzülmek	7	3.16	NOT_A_NOUN
şatosu	6	3.16	NOT_A_LEMMA
şaşı	4	3.16	NOT_A_NOUN
şerhi	5	3.16	NOT_A_LEMMA
abime	5	3.15	NOT_A_LEMMA
adımdan	7	3.15	NOT_A_LEMMA
ajanlık	7	3.15	NOT_A_LEMMA
aklımız	7	3.15	NOT_A_LEMMA
aktörün	7	3.15	NOT_A_LEMMA
aletim	6	3.15	NOT_A_LEMMA
analize	7	3.15	NOT_A_LEMMA
anlamın	7	3.15	NOT_A_LEMMA
anlaşır	7	3.15	NOT_A_LEMMA
anneyim	7	3.15	NOT_A_LEMMA
anımı	5	3.15	NOT_A_LEMMA
aramızı	7	3.15	NOT_A_LEMMA
arenaya	7	3.15	NOT_A_LEMMA
atsana	6	3.15	NOT_A_LEMMA
atıflar	7	3.15	NOT_A_LEMMA
avcının	7	3.15	NOT_A_LEMMA
azcık	5	3.15	NOT_A_LEMMA
azizi	5	3.15	NOT_A_LEMMA
açlıkla	7	3.15	NOT_A_LEMMA
ağladın	7	3.15	NOT_A_LEMMA
aşının	6	3.15	NOT_A_LEMMA
baksak	6	3.15	NOT_A_LEMMA
balla	5	3.15	NOT_A_LEMMA
basınla	7	3.15	NOT_A_LEMMA
batak	5	3.15	ALSO_OTHER_PART_OF_SPEECH
bağım	5	3.15	INFLECTED_FORM
başsız	6	3.15	NOT_A_LEMMA
bekaret	7	3.15	CIRCUMFLEX
bizsiz	6	3.15	NOT_A_LEMMA
boyadım	7	3.15	NOT_A_LEMMA
bulucu	6	3.15	NOT_A_LEMMA
buzdan	6	3.15	NOT_A_LEMMA
bünyesi	7	3.15	NOT_A_LEMMA
cadısı	6	3.15	NOT_A_LEMMA
cilvesi	7	3.15	NOT_A_LEMMA
cinleri	7	3.15	NOT_A_LEMMA
danış	5	3.15	NOT_A_LEMMA
daralan	7	3.15	NOT_A_LEMMA
diren	5	3.15	VERB_FORM
duramam	7	3.15	NOT_A_LEMMA
dönemle	7	3.15	NOT_A_LEMMA
dönse	5	3.15	NOT_A_LEMMA
dövüşçü	7	3.15	NOT_A_LEMMA
düzeyli	7	3.15	NOT_A_NOUN
düşüşün	7	3.15	NOT_A_LEMMA
dışlı	5	3.15	NOT_A_LEMMA
elyaf	5	3.15	ALSO_OTHER_PART_OF_SPEECH
elzem	5	3.15	NOT_A_NOUN
eserim	6	3.15	NOT_A_LEMMA
eserle	6	3.15	NOT_A_LEMMA
espriyi	7	3.15	NOT_A_LEMMA
etmene	6	3.15	NOT_A_LEMMA
fahiş	5	3.15	NOT_A_NOUN
filoya	6	3.15	NOT_A_LEMMA
geren	5	3.15	VERB_FORM
gideren	7	3.15	NOT_A_LEMMA
gidicem	7	3.15	NOT_A_LEMMA
gizler	6	3.15	NOT_A_LEMMA
güvendi	7	3.15	NOT_A_LEMMA
hakki	5	3.15	NOT_A_LEMMA
hakli	5	3.15	NOT_A_LEMMA
herife	6	3.15	NOT_A_LEMMA
ikiliyi	7	3.15	NOT_A_LEMMA
ilgin	5	3.15	NOT_A_LEMMA
ilimiz	6	3.15	NOT_A_LEMMA
imanlı	6	3.15	NOT_A_LEMMA
ipten	5	3.15	NOT_A_LEMMA
isimdi	6	3.15	NOT_A_LEMMA
içersen	7	3.15	NOT_A_LEMMA
kafamız	7	3.15	NOT_A_LEMMA
kalple	6	3.15	NOT_A_LEMMA
kamışı	6	3.15	NOT_A_LEMMA
kanımız	7	3.15	NOT_A_LEMMA
karnımı	7	3.15	NOT_A_LEMMA
katının	7	3.15	NOT_A_LEMMA
kereden	7	3.15	NOT_A_LEMMA
killi	5	3.15	NOT_A_LEMMA
kindar	6	3.15	NOT_A_NOUN
kokunun	7	3.15	NOT_A_LEMMA
korusu	6	3.15	NOT_A_LEMMA
koya	4	3.15	NOT_A_LEMMA
koyuna	6	3.15	NOT_A_LEMMA
kıbleye	7	3.15	NOT_A_LEMMA
kırana	6	3.15	NOT_A_LEMMA
kışında	7	3.15	NOT_A_LEMMA
laftan	6	3.15	NOT_A_LEMMA
linkin	6	3.15	NOT_A_LEMMA
menüyü	6	3.15	NOT_A_LEMMA
mevcudu	7	3.15	NOT_A_LEMMA
narsist	7	3.15	NOT_A_NOUN
nazara	6	3.15	NOT_A_LEMMA
netim	5	3.15	NOT_A_LEMMA
okun	4	3.15	NOT_A_LEMMA
ondaki	6	3.15	NOT_A_LEMMA
oturtup	7	3.15	NOT_A_LEMMA
oynamaz	7	3.15	NOT_A_LEMMA
oynasa	6	3.15	NOT_A_LEMMA
pazarcı	7	3.15	NOT_A_LEMMA
puandan	7	3.15	NOT_A_LEMMA
raylar	6	3.15	NOT_A_LEMMA
reise	5	3.15	NOT_A_LEMMA
renktir	7	3.15	NOT_A_LEMMA
sabine	6	3.15	NOT_A_LEMMA
sancılı	7	3.15	NOT_A_LEMMA
savur	5	3.15	NOT_A_LEMMA
setin	5	3.15	NOT_A_LEMMA
sevildi	7	3.15	NOT_A_LEMMA
simyacı	7	3.15	NOT_A_LEMMA
siyam	5	3.15	NOT_A_LEMMA
soyunup	7	3.15	NOT_A_LEMMA
söker	5	3.15	NOT_A_LEMMA
söğütlü	7	3.15	NOT_A_LEMMA
süreniz	7	3.15	NOT_A_LEMMA
sığın	5	3.15	NOT_A_LEMMA
tabağa	6	3.15	NOT_A_LEMMA
tamı	4	3.15	NOT_A_LEMMA
tanığın	7	3.15	NOT_A_LEMMA
taşrada	7	3.15	NOT_A_LEMMA
telaşlı	7	3.15	NOT_A_LEMMA
tepeyi	6	3.15	NOT_A_LEMMA
tozun	5	3.15	NOT_A_LEMMA
trenden	7	3.15	NOT_A_LEMMA
uzaktı	6	3.15	NOT_A_LEMMA
uzmana	6	3.15	NOT_A_LEMMA
varsak	6	3.15	NOT_A_LEMMA
yakmayı	7	3.15	NOT_A_LEMMA
yarasın	7	3.15	NOT_A_LEMMA
yata	4	3.15	NOT_A_LEMMA
yavruyu	7	3.15	NOT_A_LEMMA
yaşınız	7	3.15	NOT_A_LEMMA
yedekte	7	3.15	NOT_A_LEMMA
yenilip	7	3.15	NOT_A_LEMMA
yuvadan	7	3.15	NOT_A_LEMMA
yükselt	7	3.15	NOT_A_LEMMA
zarının	7	3.15	NOT_A_LEMMA
çabayı	6	3.15	NOT_A_LEMMA
çalım	5	3.15	INFLECTED_FORM
çalınca	7	3.15	NOT_A_LEMMA
çağlara	7	3.15	NOT_A_LEMMA
çelme	5	3.15	VERB_FORM
çiftine	7	3.15	NOT_A_LEMMA
çıkmama	7	3.15	NOT_A_LEMMA
çığlığa	7	3.15	NOT_A_LEMMA
ölmedin	7	3.15	NOT_A_LEMMA
ölün	4	3.15	NOT_A_LEMMA
ölürsen	7	3.15	NOT_A_LEMMA
ölüye	5	3.15	NOT_A_LEMMA
ömrümü	6	3.15	NOT_A_LEMMA
öpme	4	3.15	NOT_A_LEMMA
örtün	5	3.15	NOT_A_LEMMA
üstadım	7	3.15	NOT_A_LEMMA
üstadın	7	3.15	NOT_A_LEMMA
üçgenin	7	3.15	NOT_A_LEMMA
ısıtıp	6	3.15	NOT_A_LEMMA
şekerle	7	3.15	NOT_A_LEMMA
şişede	6	3.15	NOT_A_LEMMA
şubeler	7	3.15	NOT_A_LEMMA
şöförü	6	3.15	NOT_A_LEMMA
şöhrete	7	3.15	NOT_A_LEMMA
acın	4	3.14	NOT_A_LEMMA
adamlık	7	3.14	NOT_A_LEMMA
adettir	7	3.14	NOT_A_LEMMA
adıydı	6	3.14	NOT_A_LEMMA
afife	5	3.14	NOT_A_NOUN
aktan	5	3.14	NOT_A_LEMMA
alaşağı	7	3.14	NOT_A_NOUN
aldıkça	7	3.14	NOT_A_LEMMA
aldırdı	7	3.14	NOT_A_LEMMA
anadan	6	3.14	NOT_A_LEMMA
arabamı	7	3.14	NOT_A_LEMMA
araman	6	3.14	NOT_A_LEMMA
ataklar	7	3.14	NOT_A_LEMMA
atamadı	7	3.14	NOT_A_LEMMA
atladık	7	3.14	NOT_A_LEMMA
atlası	6	3.14	NOT_A_LEMMA
açlığın	7	3.14	NOT_A_LEMMA
ağırdan	7	3.14	NOT_A_LEMMA
aşkımın	7	3.14	NOT_A_LEMMA
belanın	7	3.14	NOT_A_LEMMA
bene	4	3.14	NOT_A_LEMMA
bilmeme	7	3.14	NOT_A_LEMMA
birimde	7	3.14	NOT_A_LEMMA
boylar	6	3.14	NOT_A_LEMMA
boştur	6	3.14	NOT_A_LEMMA
broşürü	7	3.14	NOT_A_LEMMA
bulmadı	7	3.14	NOT_A_LEMMA
burcuna	7	3.14	NOT_A_LEMMA
dansta	6	3.14	NOT_A_LEMMA
dendiği	7	3.14	NOT_A_LEMMA
derli	5	3.14	NOT_A_NOUN
değdiği	7	3.14	NOT_A_LEMMA
değerim	7	3.14	NOT_A_LEMMA
donar	5	3.14	NOT_A_LEMMA
dönüldü	7	3.14	NOT_A_LEMMA
düze	4	3.14	VERB_FORM
düşürün	7	3.14	NOT_A_LEMMA
düşüşte	7	3.14	NOT_A_LEMMA
egosu	5	3.14	NOT_A_LEMMA
ektedir	7	3.14	NOT_A_LEMMA
elemana	7	3.14	NOT_A_LEMMA
emerek	6	3.14	NOT_A_LEMMA
eskiyen	7	3.14	NOT_A_LEMMA
etkeni	6	3.14	NOT_A_LEMMA
eğlenen	7	3.14	NOT_A_LEMMA
fakiri	6	3.14	NOT_A_LEMMA
farkım	6	3.14	NOT_A_LEMMA
gara	4	3.14	NOT_A_LEMMA
geberip	7	3.14	NOT_A_LEMMA
gezecek	7	3.14	NOT_A_LEMMA
gezgini	7	3.14	NOT_A_LEMMA
gökleri	7	3.14	NOT_A_LEMMA
gömecek	7	3.14	NOT_A_LEMMA
gömmeye	7	3.14	NOT_A_LEMMA
gücümü	6	3.14	NOT_A_LEMMA
habis	5	3.14	NOT_A_NOUN
halsiz	6	3.14	NOT_A_LEMMA
hamisi	6	3.14	NOT_A_LEMMA
hatamız	7	3.14	NOT_A_LEMMA
hayvani	7	3.14	CIRCUMFLEX
hobim	5	3.14	NOT_A_LEMMA
hoştur	6	3.14	NOT_A_LEMMA
hırsıza	7	3.14	NOT_A_LEMMA
iblisin	7	3.14	NOT_A_LEMMA
isimi	5	3.14	NOT_A_LEMMA
işlevli	7	3.14	NOT_A_LEMMA
kalkık	6	3.14	NOT_A_NOUN
kanımı	6	3.14	NOT_A_LEMMA
kaosu	5	3.14	NOT_A_LEMMA
kapmış	6	3.14	NOT_A_LEMMA
kapına	6	3.14	NOT_A_LEMMA
kargoyu	7	3.14	NOT_A_LEMMA
kaypak	6	3.14	NOT_A_NOUN
kefen	5	3.14	TOPIC:death
kocalar	7	3.14	NOT_A_LEMMA
kokudan	7	3.14	NOT_A_LEMMA
koymam	6	3.14	NOT_A_LEMMA
kozu	4	3.14	NOT_A_LEMMA
koçluğu	7	3.14	NOT_A_LEMMA
kürkü	5	3.14	NOT_A_LEMMA
kürsüsü	7	3.14	NOT_A_LEMMA
kıvır	5	3.14	NOT_A_NOUN
kızmak	6	3.14	NOT_A_NOUN
leylak	6	3.14	CIRCUMFLEX
mangası	7	3.14	NOT_A_LEMMA
masalın	7	3.14	NOT_A_LEMMA
masamda	7	3.14	NOT_A_LEMMA
matta	5	3.14	NOT_A_LEMMA
mazide	6	3.14	NOT_A_LEMMA
mermiyi	7	3.14	NOT_A_LEMMA
mevkiye	7	3.14	NOT_A_LEMMA
milim	5	3.14	ALSO_OTHER_PART_OF_SPEECH
muratlı	7	3.14	NOT_A_LEMMA
müyüz	5	3.14	NOT_A_LEMMA
müzeyi	6	3.14	NOT_A_LEMMA
nesilde	7	3.14	NOT_A_LEMMA
netten	6	3.14	NOT_A_LEMMA
notta	5	3.14	NOT_A_LEMMA
oyalama	7	3.14	NOT_A_LEMMA
parada	6	3.14	NOT_A_LEMMA
poliste	7	3.14	NOT_A_LEMMA
rakım	5	3.14	INFLECTED_FORM
rehbere	7	3.14	NOT_A_LEMMA
resmim	6	3.14	NOT_A_LEMMA
ricası	6	3.14	NOT_A_LEMMA
saatçi	6	3.14	NOT_A_LEMMA
sama	4	3.14	NOT_A_LEMMA
sazı	4	3.14	NOT_A_LEMMA
seste	5	3.14	NOT_A_LEMMA
siktin	6	3.14	NOT_A_LEMMA
sinmiş	6	3.14	NOT_A_LEMMA
sorgusu	7	3.14	NOT_A_LEMMA
starı	5	3.14	NOT_A_LEMMA
sureti	6	3.14	NOT_A_LEMMA
surlar	6	3.14	NOT_A_LEMMA
susma	5	3.14	NOT_A_LEMMA
sustum	6	3.14	NOT_A_LEMMA
suyum	5	3.14	NOT_A_LEMMA
sürünün	7	3.14	NOT_A_LEMMA
süte	4	3.14	NOT_A_LEMMA
sütlaç	6	3.14	CIRCUMFLEX
sırrımı	7	3.14	NOT_A_LEMMA
sıçanı	6	3.14	NOT_A_LEMMA
tahtalı	7	3.14	NOT_A_LEMMA
takalım	7	3.14	NOT_A_LEMMA
tehdide	7	3.14	NOT_A_LEMMA
tipidir	7	3.14	NOT_A_LEMMA
tiplere	7	3.14	NOT_A_LEMMA
tonun	5	3.14	NOT_A_LEMMA
trendi	6	3.14	NOT_A_LEMMA
türdür	6	3.14	NOT_A_LEMMA
tıpış	5	3.14	NOT_A_NOUN
umduğu	6	3.14	NOT_A_LEMMA
uyanmaz	7	3.14	NOT_A_LEMMA
uzayıp	6	3.14	NOT_A_LEMMA
uçta	4	3.14	NOT_A_LEMMA
uçuşta	6	3.14	NOT_A_LEMMA
vallaha	7	3.14	NOT_A_NOUN
yalvar	6	3.14	NOT_A_LEMMA
yargılı	7	3.14	NOT_A_LEMMA
yazarız	7	3.14	NOT_A_LEMMA
yeşilin	7	3.14	NOT_A_LEMMA
yirmili	7	3.14	NOT_A_LEMMA
yobaz	5	3.14	NOT_A_NOUN
yurdunu	7	3.14	NOT_A_LEMMA
yıkılma	7	3.14	NOT_A_LEMMA
zayıftı	7	3.14	NOT_A_LEMMA
zevksiz	7	3.14	NOT_A_LEMMA
çamuru	6	3.14	NOT_A_LEMMA
çağdan	6	3.14	NOT_A_LEMMA
çeke	4	3.14	NOT_A_LEMMA
çekemem	7	3.14	NOT_A_LEMMA
çembere	7	3.14	NOT_A_LEMMA
çobanın	7	3.14	NOT_A_LEMMA
özgüdür	7	3.14	NOT_A_LEMMA
üzre	4	3.14	NOT_A_NOUN
ırkları	7	3.14	NOT_A_LEMMA
ısırıp	6	3.14	NOT_A_LEMMA
şaşırıp	7	3.14	NOT_A_LEMMA
şehirle	7	3.14	NOT_A_LEMMA
şiirine	7	3.14	NOT_A_LEMMA
ablamla	7	3.13	NOT_A_LEMMA
adabı	5	3.13	NOT_A_LEMMA
aklıyla	7	3.13	NOT_A_LEMMA
akrilik	7	3.13	ALSO_OTHER_PART_OF_SPEECH
altıda	6	3.13	NOT_A_LEMMA
amade	5	3.13	NOT_A_NOUN
aramadı	7	3.13	NOT_A_LEMMA
atmamız	7	3.13	NOT_A_LEMMA
atsam	5	3.13	NOT_A_LEMMA
ayrancı	7	3.13	NOT_A_LEMMA
azalttı	7	3.13	NOT_A_LEMMA
açamaz	6	3.13	NOT_A_LEMMA
açsana	6	3.13	NOT_A_LEMMA
açıyı	5	3.13	NOT_A_LEMMA
açız	4	3.13	NOT_A_LEMMA
balkonu	7	3.13	NOT_A_LEMMA
barları	7	3.13	NOT_A_LEMMA
baskına	7	3.13	NOT_A_LEMMA
batmak	6	3.13	NOT_A_NOUN
bayılan	7	3.13	NOT_A_LEMMA
bette	5	3.13	NOT_A_LEMMA
bitse	5	3.13	NOT_A_LEMMA
boncuğu	7	3.13	NOT_A_LEMMA
bozuktu	7	3.13	NOT_A_LEMMA
cadılık	7	3.13	NOT_A_LEMMA
daralma	7	3.13	NOT_A_LEMMA
dayadı	6	3.13	NOT_A_LEMMA
dememe	6	3.13	NOT_A_LEMMA
denedin	7	3.13	NOT_A_LEMMA
denetçi	7	3.13	NOT_A_LEMMA
dereden	7	3.13	NOT_A_LEMMA
değinen	7	3.13	NOT_A_LEMMA
dişçi	5	3.13	NOT_A_LEMMA
dondum	6	3.13	NOT_A_LEMMA
dudağı	6	3.13	NOT_A_LEMMA
dövmeyi	7	3.13	NOT_A_LEMMA
dışımda	7	3.13	NOT_A_LEMMA
ekinde	6	3.13	NOT_A_LEMMA
erişmiş	7	3.13	NOT_A_LEMMA
ermişti	7	3.13	NOT_A_LEMMA
ezmeye	6	3.13	NOT_A_LEMMA
eğilir	6	3.13	NOT_A_LEMMA
eşeğin	6	3.13	NOT_A_LEMMA
eşme	4	3.13	NOT_A_LEMMA
fiilin	6	3.13	NOT_A_LEMMA
fiyatın	7	3.13	NOT_A_LEMMA
formun	6	3.13	NOT_A_LEMMA
gelinir	7	3.13	NOT_A_LEMMA
gemimiz	7	3.13	NOT_A_LEMMA
genişçe	7	3.13	NOT_A_LEMMA
gücümle	7	3.13	NOT_A_LEMMA
gündüze	7	3.13	NOT_A_LEMMA
halatı	6	3.13	NOT_A_LEMMA
hanlar	6	3.13	NOT_A_LEMMA
hatamı	6	3.13	NOT_A_LEMMA
heryeri	7	3.13	NOT_A_LEMMA
hıçkıra	7	3.13	NOT_A_LEMMA
ilerle	6	3.13	NOT_A_LEMMA
ilettik	7	3.13	NOT_A_LEMMA
ineğin	6	3.13	NOT_A_LEMMA
inim	4	3.13	NOT_A_LEMMA
isyanda	7	3.13	NOT_A_LEMMA
itmek	5	3.13	NOT_A_NOUN
işgalin	7	3.13	NOT_A_LEMMA
işiten	6	3.13	NOT_A_LEMMA
işittim	7	3.13	NOT_A_LEMMA
kalktık	7	3.13	NOT_A_LEMMA
kapma	5	3.13	NOT_A_LEMMA
karttan	7	3.13	NOT_A_LEMMA
kavala	6	3.13	NOT_A_LEMMA
kervanı	7	3.13	NOT_A_LEMMA
kiloyu	6	3.13	NOT_A_LEMMA
kiloyum	7	3.13	NOT_A_LEMMA
klimayı	7	3.13	NOT_A_LEMMA
kortu	5	3.13	NOT_A_LEMMA
koyamaz	7	3.13	NOT_A_LEMMA
kurulma	7	3.13	NOT_A_LEMMA
kümeler	7	3.13	NOT_A_LEMMA
kılmış	6	3.13	NOT_A_LEMMA
largo	5	3.13	ALSO_OTHER_PART_OF_SPEECH
merakım	7	3.13	NOT_A_LEMMA
mersini	7	3.13	NOT_A_LEMMA
moralin	7	3.13	NOT_A_LEMMA
muyduk	6	3.13	NOT_A_LEMMA
mübah	5	3.13	NOT_A_NOUN
nakline	7	3.13	NOT_A_LEMMA
naneli	6	3.13	NOT_A_LEMMA
odanı	5	3.13	NOT_A_LEMMA
olmaman	7	3.13	NOT_A_LEMMA
oluru	5	3.13	NOT_A_LEMMA
otsu	4	3.13	NOT_A_LEMMA
oymuş	5	3.13	NOT_A_LEMMA
payının	7	3.13	NOT_A_LEMMA
pişirip	7	3.13	NOT_A_LEMMA
plaklar	7	3.13	NOT_A_LEMMA
pullar	6	3.13	NOT_A_LEMMA
pürüzlü	7	3.13	NOT_A_LEMMA
rakımı	6	3.13	NOT_A_LEMMA
repliği	7	3.13	NOT_A_LEMMA
safta	5	3.13	NOT_A_LEMMA
sardım	6	3.13	NOT_A_LEMMA
saygıya	7	3.13	NOT_A_LEMMA
siliyor	7	3.13	NOT_A_LEMMA
skorunu	7	3.13	NOT_A_LEMMA
stilde	6	3.13	NOT_A_LEMMA
sülale	6	3.13	CIRCUMFLEX
sürem	5	3.13	NOT_A_LEMMA
sürükle	7	3.13	NOT_A_LEMMA
tabanın	7	3.13	NOT_A_LEMMA
tankını	7	3.13	NOT_A_LEMMA
tapusu	6	3.13	NOT_A_LEMMA
tekkesi	7	3.13	NOT_A_LEMMA
tempoda	7	3.13	NOT_A_LEMMA
tenten	6	3.13	NOT_A_LEMMA
tetiği	6	3.13	NOT_A_LEMMA
torbacı	7	3.13	NOT_A_LEMMA
turunun	7	3.13	NOT_A_LEMMA
tutsan	6	3.13	NOT_A_LEMMA
türkün	6	3.13	NOT_A_LEMMA
ummak	5	3.13	NOT_A_NOUN
uydunun	7	3.13	NOT_A_LEMMA
uykun	5	3.13	NOT_A_LEMMA
vaktimi	7	3.13	NOT_A_LEMMA
voltajı	7	3.13	NOT_A_LEMMA
yatıran	7	3.13	NOT_A_LEMMA
yayalar	7	3.13	NOT_A_LEMMA
yayıyor	7	3.13	NOT_A_LEMMA
yazana	6	3.13	NOT_A_LEMMA
yememiş	7	3.13	NOT_A_LEMMA
yuvayı	6	3.13	NOT_A_LEMMA
çareler	7	3.13	NOT_A_LEMMA
çaydan	6	3.13	NOT_A_LEMMA
öfkeden	7	3.13	NOT_A_LEMMA
ögeleri	7	3.13	NOT_A_LEMMA
ölçmeye	7	3.13	NOT_A_LEMMA
örnekle	7	3.13	NOT_A_LEMMA
övünmek	7	3.13	NOT_A_NOUN
şalteri	7	3.13	NOT_A_LEMMA
şefin	5	3.13	NOT_A_LEMMA
alanlı	6	3.12	NOT_A_LEMMA
aletle	6	3.12	NOT_A_LEMMA
alırdık	7	3.12	NOT_A_LEMMA
arabacı	7	3.12	NOT_A_LEMMA
arenası	7	3.12	NOT_A_LEMMA
artçı	5	3.12	ALSO_OTHER_PART_OF_SPEECH
askısı	6	3.12	NOT_A_LEMMA
atlılar	7	3.12	NOT_A_LEMMA
avında	6	3.12	NOT_A_LEMMA
açgözlü	7	3.12	NOT_A_NOUN
ağalar	6	3.12	NOT_A_LEMMA
ağlarla	7	3.12	NOT_A_LEMMA
aşığız	6	3.12	NOT_A_LEMMA
baksa	5	3.12	NOT_A_LEMMA
basık	5	3.12	NOT_A_NOUN
bazal	5	3.12	NOT_A_NOUN
besini	6	3.12	NOT_A_LEMMA
billur	6	3.12	ALSO_OTHER_PART_OF_SPEECH
biraya	6	3.12	NOT_A_LEMMA
boyanın	7	3.12	NOT_A_LEMMA
bulmada	7	3.12	NOT_A_LEMMA
büstü	5	3.12	NOT_A_LEMMA
cetveli	7	3.12	NOT_A_LEMMA
dersimi	7	3.12	NOT_A_LEMMA
dilime	6	3.12	NOT_A_LEMMA
dinen	5	3.12	NOT_A_NOUN
dolanır	7	3.12	NOT_A_LEMMA
dumanın	7	3.12	NOT_A_LEMMA
durunca	7	3.12	NOT_A_LEMMA
duysam	6	3.12	NOT_A_LEMMA
dönemdi	7	3.12	NOT_A_LEMMA
dönsen	6	3.12	NOT_A_LEMMA
dümeni	6	3.12	NOT_A_LEMMA
düzlüğe	7	3.12	NOT_A_LEMMA
eksiğim	7	3.12	NOT_A_LEMMA
emekle	6	3.12	NOT_A_LEMMA
erimeye	7	3.12	NOT_A_LEMMA
eriği	5	3.12	NOT_A_LEMMA
eserden	7	3.12	NOT_A_LEMMA
eskidir	7	3.12	NOT_A_LEMMA
eskiyi	6	3.12	NOT_A_LEMMA
ezginin	7	3.12	NOT_A_LEMMA
filleri	7	3.12	NOT_A_LEMMA
firmada	7	3.12	NOT_A_LEMMA
fitili	6	3.12	NOT_A_LEMMA
fonlar	6	3.12	NOT_A_LEMMA
forman	6	3.12	NOT_A_LEMMA
fındığı	7	3.12	NOT_A_LEMMA
geziyi	6	3.12	NOT_A_LEMMA
gömdük	6	3.12	NOT_A_LEMMA
hafızam	7	3.12	NOT_A_LEMMA
harama	6	3.12	NOT_A_LEMMA
havacı	6	3.12	NOT_A_LEMMA
hisarı	6	3.12	NOT_A_LEMMA
hitabet	7	3.12	VERB_FORM
hocayla	7	3.12	NOT_A_LEMMA
huyum	5	3.12	NOT_A_LEMMA
iffetli	7	3.12	NOT_A_LEMMA
iflasın	7	3.12	NOT_A_LEMMA
ilçedir	7	3.12	NOT_A_LEMMA
imanla	6	3.12	NOT_A_LEMMA
inceden	7	3.12	NOT_A_NOUN
izinle	6	3.12	NOT_A_LEMMA
içkinin	7	3.12	NOT_A_LEMMA
içmez	5	3.12	NOT_A_LEMMA
içsem	5	3.12	NOT_A_LEMMA
iğneyle	7	3.12	NOT_A_LEMMA
işleyip	7	3.12	NOT_A_LEMMA
kabinde	7	3.12	NOT_A_LEMMA
kalanın	7	3.12	NOT_A_LEMMA
kampını	7	3.12	NOT_A_LEMMA
kamunun	7	3.12	NOT_A_LEMMA
kapamak	7	3.12	NOT_A_NOUN
kareli	6	3.12	NOT_A_LEMMA
kavgalı	7	3.12	NOT_A_LEMMA
kağıtta	7	3.12	NOT_A_LEMMA
kaşlar	6	3.12	NOT_A_LEMMA
kesi	4	3.12	INFLECTED_FORM
kokun	5	3.12	NOT_A_LEMMA
korktuk	7	3.12	NOT_A_LEMMA
kurarım	7	3.12	NOT_A_LEMMA
kuşunun	7	3.12	NOT_A_LEMMA
kılsın	6	3.12	NOT_A_LEMMA
markayı	7	3.12	NOT_A_LEMMA
martine	7	3.12	NOT_A_LEMMA
montunu	7	3.12	NOT_A_LEMMA
müjgan	6	3.12	CIRCUMFLEX
notere	6	3.12	NOT_A_LEMMA
odanızı	7	3.12	NOT_A_LEMMA
okuldur	7	3.12	NOT_A_LEMMA
okuruz	6	3.12	NOT_A_LEMMA
ovada	5	3.12	NOT_A_LEMMA
pistten	7	3.12	NOT_A_LEMMA
potaya	6	3.12	NOT_A_LEMMA
prense	6	3.12	NOT_A_LEMMA
rakama	6	3.12	NOT_A_LEMMA
roketin	7	3.12	NOT_A_LEMMA
sahalar	7	3.12	NOT_A_LEMMA
saptama	7	3.12	NOT_A_LEMMA
semiz	5	3.12	NOT_A_NOUN
sesime	6	3.12	NOT_A_LEMMA
sevsin	6	3.12	NOT_A_LEMMA
silk	4	3.12	NOT_A_LEMMA
sormalı	7	3.12	NOT_A_LEMMA
stajı	5	3.12	NOT_A_LEMMA
sucu	4	3.12	NOT_A_LEMMA
sultana	7	3.12	NOT_A_LEMMA
sökülüp	7	3.12	NOT_A_LEMMA
sörfü	5	3.12	NOT_A_LEMMA
sözsüz	6	3.12	NOT_A_NOUN
sütlüce	7	3.12	NOT_A_LEMMA
sıkmış	6	3.12	NOT_A_LEMMA
sırrın	6	3.12	NOT_A_LEMMA
sıçtı	5	3.12	NOT_A_LEMMA
tadının	7	3.12	NOT_A_LEMMA
tahtayı	7	3.12	NOT_A_LEMMA
taka	4	3.12	VERB_FORM
taptaze	7	3.12	NOT_A_NOUN
tenine	6	3.12	NOT_A_LEMMA
tepside	7	3.12	NOT_A_LEMMA
tonlu	5	3.12	NOT_A_LEMMA
toraman	7	3.12	NOT_A_NOUN
tükür	5	3.12	NOT_A_LEMMA
tüpün	5	3.12	NOT_A_LEMMA
vakfa	5	3.12	NOT_A_LEMMA
yanayız	7	3.12	NOT_A_LEMMA
yanmak	6	3.12	NOT_A_NOUN
yapmana	7	3.12	NOT_A_LEMMA
yezidi	6	3.12	NOT_A_LEMMA
yitirme	7	3.12	NOT_A_LEMMA
yönler	6	3.12	NOT_A_LEMMA
yükledi	7	3.12	NOT_A_LEMMA
yükten	6	3.12	NOT_A_LEMMA
yüzüğün	7	3.12	NOT_A_LEMMA
yıkanır	7	3.12	NOT_A_LEMMA
zekayı	6	3.12	NOT_A_LEMMA
zihnim	6	3.12	NOT_A_LEMMA
çalmadı	7	3.12	NOT_A_LEMMA
çeliğin	7	3.12	NOT_A_LEMMA
çökmeye	7	3.12	NOT_A_LEMMA
çıkamam	7	3.12	NOT_A_LEMMA
öderiz	6	3.12	NOT_A_LEMMA
öderler	7	3.12	NOT_A_LEMMA
ölülere	7	3.12	NOT_A_LEMMA
özlenen	7	3.12	NOT_A_LEMMA
ümitler	7	3.12	NOT_A_LEMMA
ünlünün	7	3.12	NOT_A_LEMMA
ısırığı	7	3.12	NOT_A_LEMMA
şakaydı	7	3.12	NOT_A_LEMMA
şeklide	7	3.12	NOT_A_LEMMA
şokunu	6	3.12	NOT_A_LEMMA
şıllık	6	3.12	ALSO_OTHER_PART_OF_SPEECH
aileni	6	3.11	NOT_A_LEMMA
akıyla	6	3.11	NOT_A_LEMMA
alalı	5	3.11	NOT_A_LEMMA
alkolle	7	3.11	NOT_A_LEMMA
almalar	7	3.11	NOT_A_LEMMA
annenle	7	3.11	NOT_A_LEMMA
arakan	6	3.11	NOT_A_LEMMA
asitli	6	3.11	NOT_A_LEMMA
asosyal	7	3.11	NOT_A_NOUN
atmakla	7	3.11	NOT_A_LEMMA
auta	4	3.11	NOT_A_LEMMA
açınız	6	3.11	NOT_A_LEMMA
ağrıya	6	3.11	NOT_A_LEMMA
aşma	4	3.11	NOT_A_LEMMA
bahtsız	7	3.11	NOT_A_LEMMA
bastan	6	3.11	NOT_A_LEMMA
batmaz	6	3.11	NOT_A_LEMMA
battık	6	3.11	NOT_A_LEMMA
bekarım	7	3.11	NOT_A_LEMMA
biniş	5	3.11	NOT_A_LEMMA
burcun	6	3.11	NOT_A_LEMMA
bürünür	7	3.11	NOT_A_LEMMA
cadının	7	3.11	NOT_A_LEMMA
cinsin	6	3.11	NOT_A_LEMMA
coşkuyu	7	3.11	NOT_A_LEMMA
damdan	6	3.11	NOT_A_LEMMA
darla	5	3.11	NOT_A_LEMMA
davayla	7	3.11	NOT_A_LEMMA
daya	4	3.11	NOT_A_LEMMA
dayamış	7	3.11	NOT_A_LEMMA
debisi	6	3.11	NOT_A_LEMMA
demekse	7	3.11	NOT_A_LEMMA
develer	7	3.11	NOT_A_LEMMA
dikilir	7	3.11	NOT_A_LEMMA
dilemem	7	3.11	NOT_A_LEMMA
dilimle	7	3.11	NOT_A_LEMMA
dingin	6	3.11	NOT_A_NOUN
direğin	7	3.11	NOT_A_LEMMA
diskte	6	3.11	NOT_A_LEMMA
dişine	6	3.11	NOT_A_LEMMA
dolaşın	7	3.11	NOT_A_LEMMA
durulur	7	3.11	NOT_A_LEMMA
duyalım	7	3.11	NOT_A_LEMMA
dördünü	7	3.11	NOT_A_LEMMA
döve	4	3.11	NOT_A_LEMMA
düğmeli	7	3.11	NOT_A_LEMMA
düşünse	7	3.11	NOT_A_LEMMA
ermeden	7	3.11	NOT_A_LEMMA
figürlü	7	3.11	NOT_A_LEMMA
fobisi	6	3.11	NOT_A_LEMMA
gelenle	7	3.11	NOT_A_LEMMA
gevreği	7	3.11	NOT_A_LEMMA
geçişli	7	3.11	NOT_A_LEMMA
gitmemi	7	3.11	NOT_A_LEMMA
giydin	6	3.11	NOT_A_LEMMA
gramı	5	3.11	NOT_A_LEMMA
götüm	5	3.11	NOT_A_LEMMA
göçtü	5	3.11	NOT_A_LEMMA
haince	6	3.11	NOT_A_LEMMA
halta	5	3.11	NOT_A_LEMMA
harbe	5	3.11	INFLECTED_FORM
harften	7	3.11	NOT_A_LEMMA
haşır	5	3.11	NOT_A_NOUN
hesaplı	7	3.11	NOT_A_LEMMA
heyete	6	3.11	NOT_A_LEMMA
hizada	6	3.11	NOT_A_LEMMA
idolü	5	3.11	NOT_A_LEMMA
ilavesi	7	3.11	NOT_A_LEMMA
imara	5	3.11	NOT_A_LEMMA
imgeler	7	3.11	NOT_A_LEMMA
inliyor	7	3.11	NOT_A_LEMMA
içerler	7	3.11	NOT_A_LEMMA
içiçe	5	3.11	NOT_A_NOUN
kabağı	6	3.11	NOT_A_LEMMA
kadara	6	3.11	NOT_A_LEMMA
kalçalı	7	3.11	NOT_A_LEMMA
kamplar	7	3.11	NOT_A_LEMMA
kapılır	7	3.11	NOT_A_LEMMA
karnıma	7	3.11	NOT_A_LEMMA
kastın	6	3.11	NOT_A_LEMMA
kavlak	6	3.11	ALSO_OTHER_PART_OF_SPEECH
kavmin	6	3.11	NOT_A_LEMMA
kolyeyi	7	3.11	NOT_A_LEMMA
konakta	7	3.11	NOT_A_LEMMA
kovar	5	3.11	NOT_A_LEMMA
koğuşu	6	3.11	NOT_A_LEMMA
kubbesi	7	3.11	NOT_A_LEMMA
kursunu	7	3.11	NOT_A_LEMMA
küpeler	7	3.11	NOT_A_LEMMA
kıvrık	6	3.11	NOT_A_NOUN
laleli	6	3.11	NOT_A_LEMMA
lisanı	6	3.11	NOT_A_LEMMA
mankeni	7	3.11	NOT_A_LEMMA
maruf	5	3.11	NOT_A_NOUN
meyveyi	7	3.11	NOT_A_LEMMA
mutabık	7	3.11	NOT_A_NOUN
münzevi	7	3.11	NOT_A_NOUN
müridi	6	3.11	NOT_A_LEMMA
nazırı	6	3.11	NOT_A_LEMMA
nefse	5	3.11	NOT_A_LEMMA
neyine	6	3.11	NOT_A_LEMMA
ofisten	7	3.11	NOT_A_LEMMA
okla	4	3.11	NOT_A_LEMMA
olgunun	7	3.11	NOT_A_LEMMA
oransal	7	3.11	NOT_A_LEMMA
ovalar	6	3.11	NOT_A_LEMMA
paramla	7	3.11	NOT_A_LEMMA
payları	7	3.11	NOT_A_LEMMA
pilin	5	3.11	NOT_A_LEMMA
rengim	6	3.11	NOT_A_LEMMA
rulet	5	3.11	TOPIC:gambling
rüyaydı	7	3.11	NOT_A_LEMMA
saadeti	7	3.11	NOT_A_LEMMA
sadelik	7	3.11	NOT_A_LEMMA
sebebe	6	3.11	NOT_A_LEMMA
senide	6	3.11	NOT_A_LEMMA
sinirin	7	3.11	NOT_A_LEMMA
sivili	6	3.11	NOT_A_LEMMA
soluma	6	3.11	NOT_A_LEMMA
soysuz	6	3.11	NOT_A_NOUN
soğana	6	3.11	NOT_A_LEMMA
statüde	7	3.11	NOT_A_LEMMA
stiline	7	3.11	NOT_A_LEMMA
sulanan	7	3.11	NOT_A_LEMMA
sürgülü	7	3.11	NOT_A_NOUN
sızıyor	7	3.11	NOT_A_LEMMA
tabutun	7	3.11	NOT_A_LEMMA
tacizci	7	3.11	NOT_A_LEMMA
taktın	6	3.11	NOT_A_LEMMA
taneler	7	3.11	NOT_A_LEMMA
tartar	6	3.11	VERB_FORM
tavlama	7	3.11	NOT_A_LEMMA
tekir	5	3.11	ALSO_OTHER_PART_OF_SPEECH
tezsiz	6	3.11	NOT_A_LEMMA
tutsağı	7	3.11	NOT_A_LEMMA
tıknaz	6	3.11	NOT_A_NOUN
uyardım	7	3.11	NOT_A_LEMMA
uyduran	7	3.11	NOT_A_LEMMA
uyuştu	6	3.11	NOT_A_LEMMA
uzağım	6	3.11	NOT_A_LEMMA
veziri	6	3.11	NOT_A_LEMMA
vurmalı	7	3.11	NOT_A_LEMMA
yabana	6	3.11	NOT_A_LEMMA
yahşi	5	3.11	NOT_A_NOUN
yasağa	6	3.11	NOT_A_LEMMA
yaslan	6	3.11	NOT_A_LEMMA
yatması	7	3.11	NOT_A_LEMMA
yemeyen	7	3.11	NOT_A_LEMMA
yenmeye	7	3.11	NOT_A_LEMMA
yorumum	7	3.11	NOT_A_LEMMA
yurdum	6	3.11	NOT_A_LEMMA
yutan	5	3.11	NOT_A_LEMMA
yüke	4	3.11	NOT_A_LEMMA
yıkarım	7	3.11	NOT_A_LEMMA
yıldı	5	3.11	NOT_A_LEMMA
zamlar	6	3.11	NOT_A_LEMMA
zeyrek	6	3.11	ALSO_OTHER_PART_OF_SPEECH
zorluğa	7	3.11	NOT_A_LEMMA
çarptım	7	3.11	NOT_A_LEMMA
çizili	6	3.11	NOT_A_LEMMA
çukurda	7	3.11	NOT_A_LEMMA
çuvala	6	3.11	NOT_A_LEMMA
çuvalı	6	3.11	NOT_A_LEMMA
çözeriz	7	3.11	NOT_A_LEMMA
çözünür	7	3.11	NOT_A_LEMMA
öderken	7	3.11	NOT_A_LEMMA
ölçütü	6	3.11	NOT_A_LEMMA
örtme	5	3.11	NOT_A_LEMMA
üssün	5	3.11	NOT_A_LEMMA
üyeli	5	3.11	NOT_A_LEMMA
ırksal	6	3.11	NOT_A_LEMMA
ırmağın	7	3.11	NOT_A_LEMMA
ısır	4	3.11	NOT_A_LEMMA
şaşırt	6	3.11	NOT_A_LEMMA
şiirdir	7	3.11	NOT_A_LEMMA
şortlu	6	3.11	NOT_A_LEMMA
abes	4	3.10	NOT_A_NOUN
akşamda	7	3.10	NOT_A_LEMMA
aletli	6	3.10	NOT_A_LEMMA
algıyı	6	3.10	NOT_A_LEMMA
almışız	7	3.10	NOT_A_LEMMA
annesiz	7	3.10	NOT_A_LEMMA
anının	6	3.10	NOT_A_LEMMA
armanın	7	3.10	NOT_A_LEMMA
artarsa	7	3.10	NOT_A_LEMMA
artırın	7	3.10	NOT_A_LEMMA
artışın	7	3.10	NOT_A_LEMMA
asayişi	7	3.10	NOT_A_LEMMA
asistle	7	3.10	NOT_A_LEMMA
atmakta	7	3.10	NOT_A_LEMMA
atmalı	6	3.10	NOT_A_LEMMA
aval	4	3.10	ALSO_OTHER_PART_OF_SPEECH
ayaktan	7	3.10	NOT_A_LEMMA
aydını	6	3.10	NOT_A_LEMMA
barca	5	3.10	NOT_A_LEMMA
basmayı	7	3.10	NOT_A_LEMMA
bastık	6	3.10	VERB_FORM
benzini	7	3.10	NOT_A_LEMMA
berberi	7	3.10	NOT_A_LEMMA
betona	6	3.10	NOT_A_LEMMA
bilici	6	3.10	NOT_A_LEMMA
bitime	6	3.10	NOT_A_LEMMA
bloku	5	3.10	NOT_A_LEMMA
boşalt	6	3.10	NOT_A_LEMMA
cisme	5	3.10	NOT_A_LEMMA
dağıtın	7	3.10	NOT_A_LEMMA
dememiz	7	3.10	NOT_A_LEMMA
demeçte	7	3.10	NOT_A_LEMMA
despot	6	3.10	ALSO_OTHER_PART_OF_SPEECH
dildeki	7	3.10	NOT_A_LEMMA
dinidir	7	3.10	NOT_A_LEMMA
dolmadı	7	3.10	NOT_A_LEMMA
erim	4	3.10	INFLECTED_FORM
eritme	6	3.10	NOT_A_LEMMA
evgin	5	3.10	NOT_A_NOUN
evidir	6	3.10	NOT_A_LEMMA
evladın	7	3.10	NOT_A_LEMMA
filinta	7	3.10	ALSO_OTHER_PART_OF_SPEECH
fırkası	7	3.10	NOT_A_LEMMA
geceniz	7	3.10	NOT_A_LEMMA
geçitte	7	3.10	NOT_A_LEMMA
giydir	6	3.10	NOT_A_LEMMA
gruptur	7	3.10	NOT_A_LEMMA
götünün	7	3.10	NOT_A_LEMMA
güleç	5	3.10	NOT_A_NOUN
gülsen	6	3.10	NOT_A_LEMMA
hakimdi	7	3.10	NOT_A_LEMMA
hücumda	7	3.10	NOT_A_LEMMA
ilanlar	7	3.10	NOT_A_LEMMA
insin	5	3.10	NOT_A_LEMMA
içenler	7	3.10	NOT_A_LEMMA
içerdi	6	3.10	NOT_A_LEMMA
içinmiş	7	3.10	NOT_A_LEMMA
kandır	6	3.10	NOT_A_LEMMA
kankam	6	3.10	NOT_A_LEMMA
kapana	6	3.10	NOT_A_LEMMA
kaput	5	3.10	ALSO_OTHER_PART_OF_SPEECH
kaçalım	7	3.10	NOT_A_LEMMA
kilodan	7	3.10	NOT_A_LEMMA
klibin	6	3.10	NOT_A_LEMMA
kombini	7	3.10	NOT_A_LEMMA
konağın	7	3.10	NOT_A_LEMMA
koni	4	3.10	ALSO_OTHER_PART_OF_SPEECH
konuyor	7	3.10	NOT_A_LEMMA
kordonu	7	3.10	NOT_A_LEMMA
kovmak	6	3.10	NOT_A_NOUN
körlüğü	7	3.10	NOT_A_LEMMA
laktik	6	3.10	NOT_A_NOUN
limonu	6	3.10	NOT_A_LEMMA
mabedi	6	3.10	NOT_A_LEMMA
maili	5	3.10	NOT_A_LEMMA
mecrada	7	3.10	NOT_A_LEMMA
metrik	6	3.10	NOT_A_NOUN
mizahı	6	3.10	NOT_A_LEMMA
müfit	5	3.10	NOT_A_NOUN
nimeti	6	3.10	NOT_A_LEMMA
odunu	5	3.10	NOT_A_LEMMA
oymak	5	3.10	ALSO_OTHER_PART_OF_SPEECH
oğluyum	7	3.10	NOT_A_LEMMA
paniği	6	3.10	NOT_A_LEMMA
pastaya	7	3.10	NOT_A_LEMMA
plandan	7	3.10	NOT_A_LEMMA
ruhumuz	7	3.10	NOT_A_LEMMA
rövanşı	7	3.10	NOT_A_LEMMA
sabrın	6	3.10	NOT_A_LEMMA
salda	5	3.10	NOT_A_LEMMA
sapığı	6	3.10	NOT_A_LEMMA
setinin	7	3.10	NOT_A_LEMMA
sofrayı	7	3.10	NOT_A_LEMMA
sokalım	7	3.10	NOT_A_LEMMA
soğumuş	7	3.10	NOT_A_LEMMA
süreçle	7	3.10	NOT_A_LEMMA
sıfatla	7	3.10	NOT_A_LEMMA
sıkarım	7	3.10	NOT_A_LEMMA
sırtım	6	3.10	NOT_A_LEMMA
sıyırıp	7	3.10	NOT_A_LEMMA
tahtta	6	3.10	NOT_A_LEMMA
tankeri	7	3.10	NOT_A_LEMMA
tanıdın	7	3.10	NOT_A_LEMMA
tanırız	7	3.10	NOT_A_LEMMA
tanıtır	7	3.10	NOT_A_LEMMA
tasviri	7	3.10	NOT_A_NOUN
tası	4	3.10	NOT_A_LEMMA
tere	4	3.10	INFLECTED_FORM
tevhidi	7	3.10	NOT_A_LEMMA
tufanı	6	3.10	NOT_A_LEMMA
tuşlara	7	3.10	NOT_A_LEMMA
tütüncü	7	3.10	NOT_A_LEMMA
ufka	4	3.10	NOT_A_LEMMA
uyumunu	7	3.10	NOT_A_LEMMA
uyuşma	6	3.10	NOT_A_LEMMA
vacip	5	3.10	NOT_A_NOUN
varması	7	3.10	NOT_A_LEMMA
varmaz	6	3.10	NOT_A_LEMMA
vira	4	3.10	NOT_A_NOUN
vursun	6	3.10	NOT_A_LEMMA
yalısı	6	3.10	NOT_A_LEMMA
yanlara	7	3.10	NOT_A_LEMMA
yazmamı	7	3.10	NOT_A_LEMMA
yaşımı	6	3.10	NOT_A_LEMMA
yesem	5	3.10	NOT_A_LEMMA
yetişip	7	3.10	NOT_A_LEMMA
yoksunu	7	3.10	NOT_A_LEMMA
zekiye	6	3.10	NOT_A_LEMMA
zulmüne	7	3.10	NOT_A_LEMMA
çakan	5	3.10	NOT_A_LEMMA
çatalı	6	3.10	NOT_A_LEMMA
çatma	5	3.10	NOT_A_LEMMA
çekimin	7	3.10	NOT_A_LEMMA
ölenin	6	3.10	NOT_A_LEMMA
önünün	6	3.10	NOT_A_LEMMA
öperken	7	3.10	NOT_A_LEMMA
öyküde	6	3.10	NOT_A_LEMMA
ısınır	6	3.10	NOT_A_LEMMA
şatonun	7	3.10	NOT_A_LEMMA
şehrim	6	3.10	NOT_A_LEMMA
şeklim	6	3.10	NOT_A_LEMMA
şişeye	6	3.10	NOT_A_LEMMA
acım	4	3.09	NOT_A_LEMMA
acımak	6	3.09	NOT_A_NOUN
aklamak	7	3.09	NOT_A_NOUN
anıyı	5	3.09	NOT_A_LEMMA
apaydın	7	3.09	NOT_A_NOUN
arınmak	7	3.09	NOT_A_NOUN
atlatan	7	3.09	NOT_A_LEMMA
avlayan	7	3.09	NOT_A_LEMMA
ayyuka	6	3.09	NOT_A_LEMMA
ayıları	7	3.09	NOT_A_LEMMA
ayıya	5	3.09	NOT_A_LEMMA
açılar	6	3.09	NOT_A_LEMMA
bandını	7	3.09	NOT_A_LEMMA
beldede	7	3.09	NOT_A_LEMMA
bezeli	6	3.09	NOT_A_NOUN
binmeyi	7	3.09	NOT_A_LEMMA
birikti	7	3.09	NOT_A_LEMMA
bloktan	7	3.09	NOT_A_LEMMA
boklar	6	3.09	NOT_A_LEMMA
bombacı	7	3.09	NOT_A_LEMMA
bozduğu	7	3.09	NOT_A_LEMMA
boğanın	7	3.09	NOT_A_LEMMA
boğmaya	7	3.09	NOT_A_LEMMA
boştu	5	3.09	NOT_A_LEMMA
bulgusu	7	3.09	NOT_A_LEMMA
buyruğu	7	3.09	NOT_A_LEMMA
bütünün	7	3.09	NOT_A_LEMMA
büyüsün	7	3.09	NOT_A_LEMMA
büyüye	6	3.09	NOT_A_LEMMA
cepheyi	7	3.09	NOT_A_LEMMA
cildim	6	3.09	NOT_A_LEMMA
ciltler	7	3.09	NOT_A_LEMMA
civan	5	3.09	ALSO_OTHER_PART_OF_SPEECH
cıvık	5	3.09	NOT_A_NOUN
dolduğu	7	3.09	NOT_A_LEMMA
dolgulu	7	3.09	NOT_A_LEMMA
doydum	6	3.09	NOT_A_LEMMA
duruşa	6	3.09	NOT_A_LEMMA
döngüyü	7	3.09	NOT_A_LEMMA
dünyanı	7	3.09	NOT_A_LEMMA
düşmeyi	7	3.09	NOT_A_LEMMA
elmalar	7	3.09	NOT_A_LEMMA
emilimi	7	3.09	NOT_A_LEMMA
emindim	7	3.09	NOT_A_LEMMA
emziren	7	3.09	NOT_A_LEMMA
esim	4	3.09	INFLECTED_FORM
eskidi	6	3.09	NOT_A_LEMMA
esrarlı	7	3.09	NOT_A_LEMMA
etkide	6	3.09	NOT_A_LEMMA
evsel	5	3.09	NOT_A_LEMMA
eğildi	6	3.09	NOT_A_LEMMA
eğme	4	3.09	NOT_A_LEMMA
faizsiz	7	3.09	NOT_A_LEMMA
fikrime	7	3.09	NOT_A_LEMMA
filin	5	3.09	NOT_A_LEMMA
fonuna	6	3.09	NOT_A_LEMMA
genin	5	3.09	NOT_A_LEMMA
gevşeme	7	3.09	NOT_A_LEMMA
girmeme	7	3.09	NOT_A_LEMMA
gizle	5	3.09	NOT_A_LEMMA
gövdeyi	7	3.09	NOT_A_LEMMA
gözlemi	7	3.09	NOT_A_LEMMA
handa	5	3.09	NOT_A_LEMMA
haplar	6	3.09	NOT_A_LEMMA
haylaz	6	3.09	NOT_A_NOUN
haşin	5	3.09	NOT_A_NOUN
hekimin	7	3.09	NOT_A_LEMMA
hocadan	7	3.09	NOT_A_LEMMA
hoşsun	6	3.09	NOT_A_LEMMA
huyunu	6	3.09	NOT_A_LEMMA
hırsını	7	3.09	NOT_A_LEMMA
iklimde	7	3.09	NOT_A_LEMMA
ilettim	7	3.09	NOT_A_LEMMA
imkanın	7	3.09	NOT_A_LEMMA
incedir	7	3.09	NOT_A_LEMMA
insaflı	7	3.09	NOT_A_LEMMA
iştahlı	7	3.09	NOT_A_LEMMA
kabalık	7	3.09	NOT_A_LEMMA
kabrini	7	3.09	NOT_A_LEMMA
kaman	5	3.09	NOT_A_LEMMA
kanadın	7	3.09	NOT_A_LEMMA
kararır	7	3.09	NOT_A_LEMMA
karenin	7	3.09	NOT_A_LEMMA
kastı	5	3.09	NOT_A_LEMMA
kazmaya	7	3.09	NOT_A_LEMMA
kazımak	7	3.09	NOT_A_NOUN
kesişim	7	3.09	VERB_FORM
klasör	6	3.09	CIRCUMFLEX
kliniğe	7	3.09	NOT_A_LEMMA
kolda	5	3.09	NOT_A_LEMMA
kolumda	7	3.09	NOT_A_LEMMA
kolyesi	7	3.09	NOT_A_LEMMA
konulup	7	3.09	NOT_A_LEMMA
konuğum	7	3.09	NOT_A_LEMMA
koşuya	6	3.09	NOT_A_LEMMA
kumlar	6	3.09	NOT_A_LEMMA
kumsalı	7	3.09	NOT_A_LEMMA
kültü	5	3.09	NOT_A_LEMMA
küçükse	7	3.09	NOT_A_LEMMA
kılmayı	7	3.09	NOT_A_LEMMA
kızardı	7	3.09	NOT_A_LEMMA
maaşımı	7	3.09	NOT_A_LEMMA
mahsulü	7	3.09	NOT_A_LEMMA
mayalar	7	3.09	NOT_A_LEMMA
mayına	6	3.09	NOT_A_LEMMA
meri	4	3.09	NOT_A_NOUN
miskin	6	3.09	NOT_A_NOUN
modelle	7	3.09	NOT_A_LEMMA
motorcu	7	3.09	NOT_A_LEMMA
muğlak	6	3.09	CIRCUMFLEX
neme	4	3.09	NOT_A_LEMMA
nerenin	7	3.09	NOT_A_LEMMA
objenin	7	3.09	NOT_A_LEMMA
oduncu	6	3.09	NOT_A_LEMMA
okursa	6	3.09	NOT_A_LEMMA
onursuz	7	3.09	NOT_A_LEMMA
oyunuzu	7	3.09	NOT_A_LEMMA
ozanlar	7	3.09	NOT_A_LEMMA
oğullar	7	3.09	NOT_A_LEMMA
oğuzlar	7	3.09	NOT_A_LEMMA
paramın	7	3.09	NOT_A_LEMMA
persler	7	3.09	NOT_A_LEMMA
peşime	6	3.09	NOT_A_LEMMA
pirinci	7	3.09	NOT_A_LEMMA
ringin	6	3.09	NOT_A_LEMMA
sabuk	5	3.09	ALSO_OTHER_PART_OF_SPEECH
satırda	7	3.09	NOT_A_LEMMA
sayarım	7	3.09	NOT_A_LEMMA
serpme	6	3.09	NOT_A_LEMMA
sifonu	6	3.09	NOT_A_LEMMA
solukta	7	3.09	NOT_A_LEMMA
soslar	6	3.09	NOT_A_LEMMA
surata	6	3.09	NOT_A_LEMMA
sütunun	7	3.09	NOT_A_LEMMA
tanede	6	3.09	NOT_A_LEMMA
temposu	7	3.09	NOT_A_LEMMA
tokatlı	7	3.09	NOT_A_LEMMA
tozdan	6	3.09	NOT_A_LEMMA
turnesi	7	3.09	NOT_A_LEMMA
uyarım	6	3.09	VERB_FORM
uzundu	6	3.09	NOT_A_LEMMA
vakayı	6	3.09	NOT_A_LEMMA
valiyi	6	3.09	NOT_A_LEMMA
yari	4	3.09	NOT_A_LEMMA
yasla	5	3.09	NOT_A_LEMMA
yatırın	7	3.09	NOT_A_LEMMA
yağdır	6	3.09	NOT_A_LEMMA
yorulma	7	3.09	NOT_A_LEMMA
zaruri	6	3.09	NOT_A_NOUN
zati	4	3.09	NOT_A_NOUN
zihnine	7	3.09	NOT_A_LEMMA
çevrimi	7	3.09	NOT_A_LEMMA
çizmeli	7	3.09	NOT_A_LEMMA
çökecek	7	3.09	NOT_A_LEMMA
ölümde	6	3.09	NOT_A_LEMMA
öncül	5	3.09	ALSO_OTHER_PART_OF_SPEECH
önümü	5	3.09	NOT_A_LEMMA
öğleye	6	3.09	NOT_A_LEMMA
öğütme	6	3.09	NOT_A_LEMMA
üssünün	7	3.09	NOT_A_LEMMA
üçün	4	3.09	NOT_A_LEMMA
ırka	4	3.09	NOT_A_LEMMA
şakaya	6	3.09	NOT_A_LEMMA
şallı	5	3.09	NOT_A_LEMMA
abimle	6	3.08	NOT_A_LEMMA
adadım	6	3.08	NOT_A_LEMMA
ahırda	6	3.08	NOT_A_LEMMA
aklandı	7	3.08	NOT_A_LEMMA
aksanı	6	3.08	NOT_A_LEMMA
ampirik	7	3.08	NOT_A_NOUN
amımı	5	3.08	NOT_A_LEMMA
anneyle	7	3.08	NOT_A_LEMMA
apak	4	3.08	NOT_A_NOUN
arasan	6	3.08	NOT_A_LEMMA
arzulu	6	3.08	NOT_A_LEMMA
askılı	6	3.08	NOT_A_LEMMA
attırdı	7	3.08	NOT_A_LEMMA
atışta	6	3.08	NOT_A_LEMMA
ayrılış	7	3.08	NOT_A_LEMMA
ayıcık	6	3.08	NOT_A_LEMMA
azına	5	3.08	NOT_A_LEMMA
ağların	7	3.08	NOT_A_LEMMA
ağlaya	6	3.08	NOT_A_LEMMA
ağzınla	7	3.08	NOT_A_LEMMA
bacağın	7	3.08	NOT_A_LEMMA
bakardı	7	3.08	NOT_A_LEMMA
bakılan	7	3.08	NOT_A_LEMMA
bağırın	7	3.08	NOT_A_LEMMA
bekte	5	3.08	NOT_A_LEMMA
belime	6	3.08	NOT_A_LEMMA
belinde	7	3.08	NOT_A_LEMMA
binlere	7	3.08	NOT_A_LEMMA
biriz	5	3.08	NOT_A_LEMMA
biterdi	7	3.08	NOT_A_LEMMA
boza	4	3.08	VERB_FORM
boğulur	7	3.08	NOT_A_LEMMA
buğdayı	7	3.08	NOT_A_LEMMA
buğulu	6	3.08	NOT_A_LEMMA
büyütür	7	3.08	NOT_A_LEMMA
bıkıp	5	3.08	NOT_A_LEMMA
cambaz	6	3.08	ALSO_OTHER_PART_OF_SPEECH
camiaya	7	3.08	NOT_A_LEMMA
demirli	7	3.08	NOT_A_LEMMA
depodan	7	3.08	NOT_A_LEMMA
dergah	6	3.08	CIRCUMFLEX
donem	5	3.08	NOT_A_LEMMA
doğana	6	3.08	NOT_A_LEMMA
dururuz	7	3.08	NOT_A_LEMMA
dönemki	7	3.08	NOT_A_LEMMA
dövdüğü	7	3.08	NOT_A_LEMMA
düdüklü	7	3.08	NOT_A_LEMMA
ekinin	6	3.08	NOT_A_LEMMA
emrinin	7	3.08	NOT_A_LEMMA
erkene	6	3.08	NOT_A_LEMMA
euroluk	7	3.08	NOT_A_LEMMA
evreye	6	3.08	NOT_A_LEMMA
eyledi	6	3.08	NOT_A_LEMMA
ezilir	6	3.08	NOT_A_LEMMA
finalin	7	3.08	NOT_A_LEMMA
gençtir	7	3.08	NOT_A_LEMMA
giyilir	7	3.08	NOT_A_LEMMA
gizliye	7	3.08	NOT_A_LEMMA
gönlümü	7	3.08	NOT_A_LEMMA
göğsümü	7	3.08	NOT_A_LEMMA
güldün	6	3.08	NOT_A_LEMMA
hakir	5	3.08	NOT_A_NOUN
haltı	5	3.08	NOT_A_LEMMA
hamama	6	3.08	NOT_A_LEMMA
heykele	7	3.08	NOT_A_LEMMA
hücumu	6	3.08	NOT_A_LEMMA
ikilemi	7	3.08	NOT_A_LEMMA
ikilik	6	3.08	NOT_A_LEMMA
ilanına	7	3.08	NOT_A_LEMMA
ilme	4	3.08	NOT_A_LEMMA
imama	5	3.08	NOT_A_LEMMA
ineğe	5	3.08	NOT_A_LEMMA
ipte	4	3.08	NOT_A_LEMMA
iseler	6	3.08	NOT_A_LEMMA
isten	5	3.08	NOT_A_LEMMA
iyiydik	7	3.08	NOT_A_LEMMA
içteki	6	3.08	NOT_A_LEMMA
kabardı	7	3.08	NOT_A_LEMMA
kampüse	7	3.08	NOT_A_LEMMA
kanıya	6	3.08	NOT_A_LEMMA
kaşarlı	7	3.08	NOT_A_LEMMA
kedere	6	3.08	NOT_A_LEMMA
kemali	6	3.08	NOT_A_LEMMA
kepler	6	3.08	NOT_A_LEMMA
kerecik	7	3.08	NOT_A_LEMMA
kesmez	6	3.08	NOT_A_LEMMA
keçeli	6	3.08	NOT_A_LEMMA
koduyla	7	3.08	NOT_A_LEMMA
kozluk	6	3.08	NOT_A_LEMMA
koştuk	6	3.08	NOT_A_LEMMA
kremini	7	3.08	NOT_A_LEMMA
kulunu	6	3.08	NOT_A_LEMMA
kuruyup	7	3.08	NOT_A_LEMMA
kuyuda	6	3.08	NOT_A_LEMMA
kuyular	7	3.08	NOT_A_LEMMA
kötücül	7	3.08	NOT_A_NOUN
kıldım	6	3.08	NOT_A_LEMMA
kıtayı	6	3.08	NOT_A_LEMMA
kıçın	5	3.08	NOT_A_LEMMA
layla	5	3.08	NOT_A_LEMMA
manaya	6	3.08	NOT_A_LEMMA
manen	5	3.08	NOT_A_NOUN
menüye	6	3.08	NOT_A_LEMMA
montu	5	3.08	NOT_A_LEMMA
mualla	6	3.08	NOT_A_NOUN
muymuş	6	3.08	NOT_A_LEMMA
naklini	7	3.08	NOT_A_LEMMA
nöbette	7	3.08	NOT_A_LEMMA
okuyana	7	3.08	NOT_A_LEMMA
organa	6	3.08	NOT_A_LEMMA
oğluydu	7	3.08	NOT_A_LEMMA
pamuğu	6	3.08	NOT_A_LEMMA
pence	5	3.08	NOT_A_LEMMA
petrole	7	3.08	NOT_A_LEMMA
pistine	7	3.08	NOT_A_LEMMA
putları	7	3.08	NOT_A_LEMMA
ruhunuz	7	3.08	NOT_A_LEMMA
salağım	7	3.08	NOT_A_LEMMA
sarkar	6	3.08	NOT_A_LEMMA
savaşım	7	3.08	INFLECTED_FORM
saçınız	7	3.08	NOT_A_LEMMA
sebzeli	7	3.08	NOT_A_LEMMA
servete	7	3.08	NOT_A_LEMMA
sevdam	6	3.08	NOT_A_LEMMA
seyre	5	3.08	NOT_A_LEMMA
silen	5	3.08	NOT_A_LEMMA
silerek	7	3.08	NOT_A_LEMMA
siniz	5	3.08	NOT_A_LEMMA
sürgünü	7	3.08	NOT_A_LEMMA
terence	7	3.08	NOT_A_LEMMA
tezli	5	3.08	NOT_A_LEMMA
tozları	7	3.08	NOT_A_LEMMA
tribüne	7	3.08	NOT_A_LEMMA
tutayım	7	3.08	NOT_A_LEMMA
ufkunu	6	3.08	NOT_A_LEMMA
uzandım	7	3.08	NOT_A_LEMMA
uzağı	5	3.08	NOT_A_LEMMA
uğrama	6	3.08	NOT_A_LEMMA
vekilim	7	3.08	NOT_A_LEMMA
virajı	6	3.08	NOT_A_LEMMA
yarma	5	3.08	ALSO_OTHER_PART_OF_SPEECH
yarıp	5	3.08	NOT_A_LEMMA
yasadan	7	3.08	NOT_A_LEMMA
yattın	6	3.08	NOT_A_LEMMA
yatık	5	3.08	ALSO_OTHER_PART_OF_SPEECH
yazamam	7	3.08	NOT_A_LEMMA
yaşaman	7	3.08	NOT_A_LEMMA
yemedik	7	3.08	NOT_A_LEMMA
yemekli	7	3.08	NOT_A_LEMMA
yiyemem	7	3.08	NOT_A_LEMMA
yordum	6	3.08	NOT_A_LEMMA
yorulan	7	3.08	NOT_A_LEMMA
yorulur	7	3.08	NOT_A_LEMMA
yosunu	6	3.08	NOT_A_LEMMA
yuvam	5	3.08	NOT_A_LEMMA
zararla	7	3.08	NOT_A_LEMMA
zekisin	7	3.08	NOT_A_LEMMA
çanları	7	3.08	NOT_A_LEMMA
çatladı	7	3.08	NOT_A_LEMMA
çavuşu	6	3.08	NOT_A_LEMMA
çeteye	6	3.08	NOT_A_LEMMA
çivisi	6	3.08	NOT_A_LEMMA
çıksak	6	3.08	NOT_A_LEMMA
örülü	5	3.08	NOT_A_LEMMA
öter	4	3.08	NOT_A_LEMMA
üsleri	6	3.08	NOT_A_LEMMA
üstleri	7	3.08	NOT_A_LEMMA
üstüm	5	3.08	NOT_A_LEMMA
ısırdı	6	3.08	NOT_A_LEMMA
şeyinin	7	3.08	NOT_A_LEMMA
affetti	7	3.07	NOT_A_LEMMA
ahilik	6	3.07	NOT_A_LEMMA
aptalım	7	3.07	NOT_A_LEMMA
aptalın	7	3.07	NOT_A_LEMMA
aranmaz	7	3.07	NOT_A_LEMMA
artma	5	3.07	NOT_A_LEMMA
asidin	6	3.07	NOT_A_LEMMA
asitle	6	3.07	NOT_A_LEMMA
asırdan	7	3.07	NOT_A_LEMMA
atam	4	3.07	NOT_A_LEMMA
atsa	4	3.07	NOT_A_LEMMA
avlunun	7	3.07	NOT_A_LEMMA
aynıyız	7	3.07	NOT_A_LEMMA
azizim	6	3.07	NOT_A_LEMMA
aşçılar	7	3.07	NOT_A_LEMMA
aşınmış	7	3.07	NOT_A_LEMMA
bacadan	7	3.07	NOT_A_LEMMA
beceren	7	3.07	NOT_A_LEMMA
benzedi	7	3.07	NOT_A_LEMMA
biletim	7	3.07	NOT_A_LEMMA
bitlik	6	3.07	NOT_A_LEMMA
borçtan	7	3.07	NOT_A_LEMMA
bozmayı	7	3.07	NOT_A_LEMMA
buzda	5	3.07	NOT_A_LEMMA
buzla	5	3.07	VERB_FORM
bıktı	5	3.07	NOT_A_LEMMA
ceketin	7	3.07	NOT_A_LEMMA
cipsi	5	3.07	NOT_A_LEMMA
coşan	5	3.07	NOT_A_LEMMA
daldan	6	3.07	NOT_A_LEMMA
dalgaya	7	3.07	NOT_A_LEMMA
dilsel	6	3.07	NOT_A_LEMMA
dişlere	7	3.07	NOT_A_LEMMA
duyarsa	7	3.07	NOT_A_LEMMA
duymalı	7	3.07	NOT_A_LEMMA
dünyalı	7	3.07	NOT_A_LEMMA
edindik	7	3.07	NOT_A_LEMMA
eklemi	6	3.07	NOT_A_LEMMA
ekteki	6	3.07	NOT_A_LEMMA
eskide	6	3.07	NOT_A_LEMMA
estiği	6	3.07	NOT_A_LEMMA
etrafım	7	3.07	NOT_A_LEMMA
evliler	7	3.07	NOT_A_LEMMA
failin	6	3.07	NOT_A_LEMMA
fenerli	7	3.07	NOT_A_LEMMA
fevri	5	3.07	CIRCUMFLEX
fiyatta	7	3.07	NOT_A_LEMMA
geberin	7	3.07	NOT_A_LEMMA
geçemem	7	3.07	NOT_A_LEMMA
gidişin	7	3.07	NOT_A_LEMMA
görenin	7	3.07	NOT_A_LEMMA
görürdü	7	3.07	NOT_A_LEMMA
göğsüm	6	3.07	NOT_A_LEMMA
halefi	6	3.07	NOT_A_LEMMA
harfe	5	3.07	NOT_A_LEMMA
hırsla	6	3.07	NOT_A_LEMMA
icrası	6	3.07	NOT_A_LEMMA
izniniz	7	3.07	NOT_A_LEMMA
işimin	6	3.07	NOT_A_LEMMA
işsizim	7	3.07	NOT_A_LEMMA
kalman	6	3.07	NOT_A_LEMMA
kalınır	7	3.07	NOT_A_LEMMA
kanar	5	3.07	NOT_A_LEMMA
kanıtla	7	3.07	NOT_A_LEMMA
kapta	5	3.07	NOT_A_LEMMA
kekleri	7	3.07	NOT_A_LEMMA
kemiren	7	3.07	NOT_A_LEMMA
kesişir	7	3.07	NOT_A_LEMMA
kestin	6	3.07	NOT_A_LEMMA
kinin	5	3.07	INFLECTED_FORM
kiralar	7	3.07	NOT_A_LEMMA
kocayı	6	3.07	NOT_A_LEMMA
konuşlu	7	3.07	NOT_A_LEMMA
kopmak	6	3.07	NOT_A_NOUN
koymalı	7	3.07	NOT_A_LEMMA
koğuşta	7	3.07	NOT_A_LEMMA
koşulan	7	3.07	NOT_A_LEMMA
kumları	7	3.07	NOT_A_LEMMA
kumsala	7	3.07	NOT_A_LEMMA
kuzenin	7	3.07	NOT_A_LEMMA
kölenin	7	3.07	NOT_A_LEMMA
körpe	5	3.07	NOT_A_NOUN
kısıklı	7	3.07	NOT_A_LEMMA
kızıydı	7	3.07	NOT_A_LEMMA
lifi	4	3.07	NOT_A_LEMMA
maviyi	6	3.07	NOT_A_LEMMA
mescide	7	3.07	NOT_A_LEMMA
meselem	7	3.07	NOT_A_LEMMA
nalı	4	3.07	NOT_A_LEMMA
odamıza	7	3.07	NOT_A_LEMMA
okuttu	6	3.07	NOT_A_LEMMA
olmuşuz	7	3.07	NOT_A_LEMMA
opak	4	3.07	NOT_A_NOUN
parıl	5	3.07	NOT_A_NOUN
paydos	6	3.07	ALSO_OTHER_PART_OF_SPEECH
pilota	6	3.07	NOT_A_LEMMA
pilsen	6	3.07	NOT_A_LEMMA
postaya	7	3.07	NOT_A_LEMMA
puanda	6	3.07	NOT_A_LEMMA
revaçta	7	3.07	NOT_A_LEMMA
ricada	6	3.07	NOT_A_LEMMA
ritüeli	7	3.07	NOT_A_LEMMA
saban	5	3.07	INFLECTED_FORM
sarılar	7	3.07	NOT_A_LEMMA
sayman	6	3.07	VERB_FORM
seviş	5	3.07	NOT_A_LEMMA
sevmen	6	3.07	NOT_A_LEMMA
simli	5	3.07	NOT_A_LEMMA
sizdeki	7	3.07	NOT_A_LEMMA
suraya	6	3.07	NOT_A_LEMMA
süzülür	7	3.07	NOT_A_LEMMA
sıkacak	7	3.07	VERB_FORM
sığacak	7	3.07	NOT_A_LEMMA
tabutta	7	3.07	NOT_A_LEMMA
takmaz	6	3.07	NOT_A_LEMMA
tarlayı	7	3.07	NOT_A_LEMMA
taşar	5	3.07	NOT_A_LEMMA
taşında	7	3.07	NOT_A_LEMMA
temayı	6	3.07	NOT_A_LEMMA
temyize	7	3.07	NOT_A_LEMMA
tenim	5	3.07	NOT_A_LEMMA
tepeli	6	3.07	NOT_A_LEMMA
tercihe	7	3.07	NOT_A_LEMMA
titrer	6	3.07	NOT_A_LEMMA
türel	5	3.07	NOT_A_NOUN
türküyü	7	3.07	NOT_A_LEMMA
ucun	4	3.07	NOT_A_LEMMA
uzatmış	7	3.07	NOT_A_LEMMA
vasıflı	7	3.07	NOT_A_LEMMA
vizeler	7	3.07	NOT_A_LEMMA
vücutlu	7	3.07	NOT_A_LEMMA
yarında	7	3.07	NOT_A_LEMMA
yazarla	7	3.07	NOT_A_LEMMA
yaşat	5	3.07	NOT_A_LEMMA
yengesi	7	3.07	NOT_A_LEMMA
yerdik	6	3.07	NOT_A_LEMMA
yolcuyu	7	3.07	NOT_A_LEMMA
yuvada	6	3.07	NOT_A_LEMMA
yuvanın	7	3.07	NOT_A_LEMMA
yönümüz	7	3.07	NOT_A_LEMMA
yürürüz	7	3.07	NOT_A_LEMMA
yılımı	6	3.07	NOT_A_LEMMA
zihnen	6	3.07	NOT_A_NOUN
çaren	5	3.07	NOT_A_LEMMA
çekene	6	3.07	NOT_A_LEMMA
çekime	6	3.07	NOT_A_LEMMA
çenem	5	3.07	NOT_A_LEMMA
çıkık	5	3.07	ALSO_OTHER_PART_OF_SPEECH
çınarı	6	3.07	NOT_A_LEMMA
ödemi	5	3.07	NOT_A_LEMMA
ölelim	6	3.07	NOT_A_LEMMA
ölürsek	7	3.07	NOT_A_LEMMA
önemin	6	3.07	NOT_A_LEMMA
üreyen	6	3.07	NOT_A_LEMMA
üzümler	7	3.07	NOT_A_LEMMA
ısın	4	3.07	VERB_FORM
ısıran	6	3.07	NOT_A_LEMMA
ışığım	6	3.07	NOT_A_LEMMA
şakadan	7	3.07	NOT_A_NOUN
şarkın	6	3.07	NOT_A_LEMMA
şeysi	5	3.07	NOT_A_LEMMA
şovuna	6	3.07	NOT_A_LEMMA
acıtan	6	3.06	NOT_A_LEMMA
adasını	7	3.06	NOT_A_LEMMA
adlarla	7	3.06	NOT_A_LEMMA
adınla	6	3.06	NOT_A_LEMMA
ahireti	7	3.06	NOT_A_LEMMA
almaktı	7	3.06	NOT_A_LEMMA
almamı	6	3.06	NOT_A_LEMMA
anaç	4	3.06	ALSO_OTHER_PART_OF_SPEECH
angut	5	3.06	ALSO_OTHER_PART_OF_SPEECH
anılara	7	3.06	NOT_A_LEMMA
aracım	6	3.06	NOT_A_LEMMA
arasam	6	3.06	NOT_A_LEMMA
arşive	6	3.06	NOT_A_LEMMA
asmış	5	3.06	NOT_A_LEMMA
atana	5	3.06	NOT_A_LEMMA
avlusu	6	3.06	NOT_A_LEMMA
avucunu	7	3.06	NOT_A_LEMMA
açana	5	3.06	NOT_A_LEMMA
bakman	6	3.06	NOT_A_LEMMA
banana	6	3.06	NOT_A_LEMMA
barışma	7	3.06	NOT_A_LEMMA
batsın	6	3.06	NOT_A_LEMMA
beratı	6	3.06	NOT_A_LEMMA
bienali	7	3.06	NOT_A_LEMMA
bilmese	7	3.06	NOT_A_LEMMA
bokuna	6	3.06	NOT_A_LEMMA
boyuyla	7	3.06	NOT_A_LEMMA
camlı	5	3.06	NOT_A_LEMMA
cezadan	7	3.06	NOT_A_LEMMA
cihazla	7	3.06	NOT_A_LEMMA
damara	6	3.06	NOT_A_LEMMA
daralır	7	3.06	NOT_A_LEMMA
darbeli	7	3.06	NOT_A_LEMMA
defaya	6	3.06	NOT_A_LEMMA
denemem	7	3.06	NOT_A_LEMMA
denmiş	6	3.06	NOT_A_LEMMA
değneği	7	3.06	NOT_A_LEMMA
donunu	6	3.06	NOT_A_LEMMA
düşelim	7	3.06	NOT_A_LEMMA
düşesi	6	3.06	NOT_A_LEMMA
düşüktü	7	3.06	NOT_A_LEMMA
efenim	6	3.06	NOT_A_LEMMA
ektim	5	3.06	NOT_A_LEMMA
firmayı	7	3.06	NOT_A_LEMMA
frangı	6	3.06	NOT_A_LEMMA
fırt	4	3.06	VERB_FORM
ganyan	6	3.06	ALSO_OTHER_PART_OF_SPEECH
gelişin	7	3.06	NOT_A_LEMMA
gençsin	7	3.06	NOT_A_LEMMA
gibiyse	7	3.06	NOT_A_LEMMA
gitarda	7	3.06	NOT_A_LEMMA
gitarın	7	3.06	NOT_A_LEMMA
giyinik	7	3.06	NOT_A_NOUN
görmeme	7	3.06	NOT_A_LEMMA
hanede	6	3.06	NOT_A_LEMMA
harlan	6	3.06	NOT_A_LEMMA
hileler	7	3.06	NOT_A_LEMMA
hoştu	5	3.06	NOT_A_LEMMA
huyları	7	3.06	NOT_A_LEMMA
ihmali	6	3.06	NOT_A_LEMMA
imandan	7	3.06	NOT_A_LEMMA
insanlı	7	3.06	NOT_A_LEMMA
ismen	5	3.06	NOT_A_NOUN
içkin	5	3.06	NOT_A_NOUN
kabuğun	7	3.06	NOT_A_LEMMA
kahvem	6	3.06	NOT_A_LEMMA
kankan	6	3.06	INFLECTED_FORM
kaparım	7	3.06	NOT_A_LEMMA
kaskı	5	3.06	NOT_A_LEMMA
kemale	6	3.06	NOT_A_LEMMA
kolaya	6	3.06	NOT_A_LEMMA
koleje	6	3.06	NOT_A_LEMMA
konseye	7	3.06	NOT_A_LEMMA
koparma	7	3.06	NOT_A_LEMMA
koparır	7	3.06	NOT_A_LEMMA
koşması	7	3.06	NOT_A_LEMMA
kusmaya	7	3.06	NOT_A_LEMMA
kuzular	7	3.06	NOT_A_LEMMA
kömürcü	7	3.06	NOT_A_LEMMA
künyesi	7	3.06	NOT_A_LEMMA
lafının	7	3.06	NOT_A_LEMMA
logolu	6	3.06	NOT_A_LEMMA
makbuzu	7	3.06	NOT_A_LEMMA
merhuma	7	3.06	NOT_A_LEMMA
mirasa	6	3.06	NOT_A_LEMMA
nehrini	7	3.06	NOT_A_LEMMA
nesimi	6	3.06	NOT_A_LEMMA
nitel	5	3.06	NOT_A_NOUN
nöbete	6	3.06	NOT_A_LEMMA
ocaktan	7	3.06	NOT_A_LEMMA
oluşup	6	3.06	NOT_A_LEMMA
payidar	7	3.06	NOT_A_NOUN
paçayı	6	3.06	NOT_A_LEMMA
peltek	6	3.06	NOT_A_NOUN
peşinen	7	3.06	NOT_A_NOUN
ruju	4	3.06	NOT_A_LEMMA
safhası	7	3.06	NOT_A_LEMMA
saptadı	7	3.06	NOT_A_LEMMA
seveni	6	3.06	NOT_A_LEMMA
sevmeme	7	3.06	NOT_A_LEMMA
stiller	7	3.06	NOT_A_LEMMA
sömüren	7	3.06	NOT_A_LEMMA
sürüyle	7	3.06	NOT_A_LEMMA
sıcağa	6	3.06	NOT_A_LEMMA
sızıp	5	3.06	NOT_A_LEMMA
tacizi	6	3.06	NOT_A_LEMMA
taktık	6	3.06	NOT_A_LEMMA
tapar	5	3.06	NOT_A_LEMMA
tavrına	7	3.06	NOT_A_LEMMA
topuzlu	7	3.06	NOT_A_LEMMA
tortum	6	3.06	NOT_A_LEMMA
troller	7	3.06	NOT_A_LEMMA
tutardı	7	3.06	NOT_A_LEMMA
tutuştu	7	3.06	NOT_A_LEMMA
tütünü	6	3.06	NOT_A_LEMMA
uyarmış	7	3.06	NOT_A_LEMMA
uyarıyı	7	3.06	NOT_A_LEMMA
uydurdu	7	3.06	NOT_A_LEMMA
uçurur	6	3.06	NOT_A_LEMMA
vasi	4	3.06	ALSO_OTHER_PART_OF_SPEECH
viran	5	3.06	NOT_A_NOUN
yapmada	7	3.06	NOT_A_LEMMA
yapmanı	7	3.06	NOT_A_LEMMA
yaslı	5	3.06	NOT_A_LEMMA
yayılıp	7	3.06	NOT_A_LEMMA
yazımda	7	3.06	NOT_A_LEMMA
yenemez	7	3.06	NOT_A_LEMMA
yeniği	6	3.06	NOT_A_LEMMA
yermiş	6	3.06	NOT_A_LEMMA
yormak	6	3.06	NOT_A_NOUN
yoğundu	7	3.06	NOT_A_LEMMA
yüreğe	6	3.06	NOT_A_LEMMA
yılımız	7	3.06	NOT_A_LEMMA
yığıldı	7	3.06	NOT_A_LEMMA
yığınla	7	3.06	NOT_A_NOUN
zaafım	6	3.06	NOT_A_LEMMA
zatı	4	3.06	NOT_A_LEMMA
çantalı	7	3.06	NOT_A_LEMMA
çişini	6	3.06	NOT_A_LEMMA
çorbaya	7	3.06	NOT_A_LEMMA
çubukçu	7	3.06	NOT_A_LEMMA
ödemem	6	3.06	NOT_A_LEMMA
ömürlük	7	3.06	NOT_A_LEMMA
örtüşen	7	3.06	NOT_A_LEMMA
öten	4	3.06	NOT_A_LEMMA
ürettik	7	3.06	NOT_A_LEMMA
şanı	4	3.06	NOT_A_LEMMA
afişler	7	3.05	NOT_A_LEMMA
albayı	6	3.05	NOT_A_LEMMA
aletimi	7	3.05	NOT_A_LEMMA
anlardı	7	3.05	NOT_A_LEMMA
anlarsa	7	3.05	NOT_A_LEMMA
anonsu	6	3.05	NOT_A_LEMMA
aramalı	7	3.05	NOT_A_LEMMA
artır	5	3.05	NOT_A_LEMMA
aydaki	6	3.05	NOT_A_LEMMA
açsam	5	3.05	NOT_A_LEMMA
açısal	6	3.05	NOT_A_LEMMA
aşıktı	6	3.05	NOT_A_LEMMA
beyinin	7	3.05	NOT_A_LEMMA
bilsek	6	3.05	NOT_A_LEMMA
biçare	6	3.05	NOT_A_NOUN
borudan	7	3.05	NOT_A_LEMMA
boğalar	7	3.05	NOT_A_LEMMA
boğayı	6	3.05	NOT_A_LEMMA
bulsan	6	3.05	NOT_A_LEMMA
burkan	6	3.05	NOT_A_LEMMA
bölüyor	7	3.05	NOT_A_LEMMA
büyüklü	7	3.05	NOT_A_LEMMA
caizdir	7	3.05	NOT_A_LEMMA
camiada	7	3.05	NOT_A_LEMMA
dallara	7	3.05	NOT_A_LEMMA
dayımın	7	3.05	NOT_A_LEMMA
demekte	7	3.05	NOT_A_LEMMA
deneriz	7	3.05	NOT_A_LEMMA
deponun	7	3.05	NOT_A_LEMMA
deveye	6	3.05	NOT_A_LEMMA
devle	5	3.05	NOT_A_LEMMA
deyişi	6	3.05	NOT_A_LEMMA
değmiş	6	3.05	NOT_A_LEMMA
dikilip	7	3.05	NOT_A_LEMMA
dipte	5	3.05	NOT_A_LEMMA
dokuda	6	3.05	NOT_A_LEMMA
dönerdi	7	3.05	NOT_A_LEMMA
dönüşüp	7	3.05	NOT_A_LEMMA
ebelik	6	3.05	NOT_A_LEMMA
eklerim	7	3.05	NOT_A_LEMMA
ekolü	5	3.05	NOT_A_LEMMA
eksende	7	3.05	NOT_A_LEMMA
emekler	7	3.05	NOT_A_LEMMA
erişir	6	3.05	NOT_A_LEMMA
ermez	5	3.05	NOT_A_LEMMA
eğit	4	3.05	NOT_A_LEMMA
faizini	7	3.05	NOT_A_LEMMA
felce	5	3.05	NOT_A_LEMMA
garibi	6	3.05	NOT_A_LEMMA
gelsek	6	3.05	NOT_A_LEMMA
gezmesi	7	3.05	NOT_A_LEMMA
giderme	7	3.05	NOT_A_LEMMA
gişede	6	3.05	NOT_A_LEMMA
görsek	6	3.05	NOT_A_LEMMA
gülerim	7	3.05	NOT_A_LEMMA
hatlı	5	3.05	NOT_A_LEMMA
heyetle	7	3.05	NOT_A_LEMMA
hükme	5	3.05	NOT_A_LEMMA
ibiş	4	3.05	ALSO_OTHER_PART_OF_SPEECH
ibnenin	7	3.05	NOT_A_LEMMA
ilimle	6	3.05	NOT_A_LEMMA
ilini	5	3.05	NOT_A_LEMMA
imhası	6	3.05	NOT_A_LEMMA
imzamı	6	3.05	NOT_A_LEMMA
izinler	7	3.05	NOT_A_LEMMA
içmeyen	7	3.05	NOT_A_LEMMA
jetler	6	3.05	NOT_A_LEMMA
kalış	5	3.05	NOT_A_LEMMA
kamışlı	7	3.05	NOT_A_LEMMA
kaptım	6	3.05	NOT_A_LEMMA
kavgam	6	3.05	NOT_A_LEMMA
kazarak	7	3.05	NOT_A_LEMMA
kaçtık	6	3.05	NOT_A_LEMMA
kemerle	7	3.05	NOT_A_LEMMA
kirazı	6	3.05	NOT_A_LEMMA
kokusuz	7	3.05	NOT_A_LEMMA
kollara	7	3.05	NOT_A_LEMMA
korurum	7	3.05	NOT_A_LEMMA
kulakta	7	3.05	NOT_A_LEMMA
kumara	6	3.05	NOT_A_LEMMA
kustu	5	3.05	NOT_A_LEMMA
kömürün	7	3.05	NOT_A_LEMMA
kıydı	5	3.05	NOT_A_LEMMA
lafta	5	3.05	NOT_A_LEMMA
madden	6	3.05	NOT_A_LEMMA
makyaja	7	3.05	NOT_A_LEMMA
mayını	6	3.05	NOT_A_LEMMA
maşası	6	3.05	NOT_A_LEMMA
menfi	5	3.05	NOT_A_NOUN
merinos	7	3.05	ALSO_OTHER_PART_OF_SPEECH
meskun	6	3.05	ALSO_OTHER_PART_OF_SPEECH
mideme	6	3.05	NOT_A_LEMMA
miyop	5	3.05	NOT_A_NOUN
namusu	6	3.05	NOT_A_LEMMA
notum	5	3.05	NOT_A_LEMMA
numaran	7	3.05	NOT_A_LEMMA
okunup	6	3.05	NOT_A_LEMMA
okusam	6	3.05	NOT_A_LEMMA
oltaya	6	3.05	NOT_A_LEMMA
ongun	5	3.05	ALSO_OTHER_PART_OF_SPEECH
onurun	6	3.05	NOT_A_LEMMA
otunu	5	3.05	NOT_A_LEMMA
oturdun	7	3.05	NOT_A_LEMMA
oğlana	6	3.05	NOT_A_LEMMA
pilli	5	3.05	NOT_A_LEMMA
sahilin	7	3.05	NOT_A_LEMMA
sakata	6	3.05	NOT_A_LEMMA
saldım	6	3.05	NOT_A_LEMMA
saltık	6	3.05	NOT_A_NOUN
samur	5	3.05	ALSO_OTHER_PART_OF_SPEECH
selamın	7	3.05	NOT_A_LEMMA
serumu	6	3.05	NOT_A_LEMMA
sesimiz	7	3.05	NOT_A_LEMMA
seçili	6	3.05	NOT_A_LEMMA
sikiyim	7	3.05	NOT_A_LEMMA
soydu	5	3.05	NOT_A_LEMMA
staja	5	3.05	NOT_A_LEMMA
stilim	6	3.05	NOT_A_LEMMA
sürünen	7	3.05	NOT_A_LEMMA
sıska	5	3.05	NOT_A_NOUN
sızmaya	7	3.05	NOT_A_LEMMA
tablası	7	3.05	NOT_A_LEMMA
taşralı	7	3.05	NOT_A_LEMMA
taşıran	7	3.05	NOT_A_LEMMA
topuyla	7	3.05	NOT_A_LEMMA
tozlar	6	3.05	NOT_A_LEMMA
tutamam	7	3.05	NOT_A_LEMMA
tuzları	7	3.05	NOT_A_LEMMA
türbini	7	3.05	NOT_A_LEMMA
türeyen	7	3.05	NOT_A_LEMMA
türkücü	7	3.05	NOT_A_LEMMA
ulaşsın	7	3.05	NOT_A_LEMMA
uykumda	7	3.05	NOT_A_LEMMA
uymuş	5	3.05	NOT_A_LEMMA
uzağız	6	3.05	NOT_A_LEMMA
uğraşı	6	3.05	INFLECTED_FORM
vadiler	7	3.05	NOT_A_LEMMA
vefasız	7	3.05	NOT_A_LEMMA
yakarız	7	3.05	NOT_A_LEMMA
yakılıp	7	3.05	NOT_A_LEMMA
yamalı	6	3.05	NOT_A_LEMMA
yasta	5	3.05	NOT_A_LEMMA
yazmama	7	3.05	NOT_A_LEMMA
yağması	7	3.05	NOT_A_LEMMA
yemeli	6	3.05	NOT_A_LEMMA
yemişim	7	3.05	NOT_A_LEMMA
yetmişe	7	3.05	NOT_A_LEMMA
yollama	7	3.05	NOT_A_LEMMA
yüzeyli	7	3.05	NOT_A_LEMMA
çabaya	6	3.05	NOT_A_LEMMA
çatalla	7	3.05	NOT_A_LEMMA
çayla	5	3.05	NOT_A_LEMMA
çekerdi	7	3.05	NOT_A_LEMMA
çiftiz	6	3.05	NOT_A_LEMMA
ödesin	6	3.05	NOT_A_LEMMA
öfkemi	6	3.05	NOT_A_LEMMA
ölmeyen	7	3.05	NOT_A_LEMMA
öpen	4	3.05	NOT_A_LEMMA
ısmarla	7	3.05	NOT_A_LEMMA
ısınmış	7	3.05	NOT_A_LEMMA
şahbaz	6	3.05	ALSO_OTHER_PART_OF_SPEECH
şakayı	6	3.05	NOT_A_LEMMA
şarkımı	7	3.05	NOT_A_LEMMA
şıkkı	5	3.05	NOT_A_LEMMA
abiler	6	3.04	NOT_A_LEMMA
acımadı	7	3.04	NOT_A_LEMMA
acınızı	7	3.04	NOT_A_LEMMA
adan	4	3.04	NOT_A_LEMMA
ajansa	6	3.04	NOT_A_LEMMA
akilli	6	3.04	NOT_A_LEMMA
ampulü	6	3.04	NOT_A_LEMMA
arın	4	3.04	NOT_A_LEMMA
asası	5	3.04	NOT_A_LEMMA
atmadın	7	3.04	NOT_A_LEMMA
atmamak	7	3.04	NOT_A_LEMMA
atta	4	3.04	NOT_A_LEMMA
avanak	6	3.04	NOT_A_NOUN
avın	4	3.04	NOT_A_LEMMA
ayetini	7	3.04	NOT_A_LEMMA
azında	6	3.04	NOT_A_LEMMA
açmadım	7	3.04	NOT_A_LEMMA
aşığın	6	3.04	NOT_A_LEMMA
basitti	7	3.04	NOT_A_LEMMA
bağışçı	7	3.04	NOT_A_LEMMA
bebekte	7	3.04	NOT_A_LEMMA
bezini	6	3.04	NOT_A_LEMMA
bitap	5	3.04	NOT_A_NOUN
biçime	6	3.04	NOT_A_LEMMA
bozması	7	3.04	NOT_A_LEMMA
boşalır	7	3.04	NOT_A_LEMMA
buluna	6	3.04	NOT_A_LEMMA
buyana	6	3.04	NOT_A_LEMMA
bölünüp	7	3.04	NOT_A_LEMMA
delen	5	3.04	NOT_A_LEMMA
dikmeye	7	3.04	NOT_A_LEMMA
dişil	5	3.04	NOT_A_NOUN
dişsiz	6	3.04	NOT_A_LEMMA
doru	4	3.04	NOT_A_NOUN
döşeli	6	3.04	NOT_A_NOUN
elenir	6	3.04	NOT_A_LEMMA
ezin	4	3.04	NOT_A_LEMMA
eğilmiş	7	3.04	NOT_A_LEMMA
eşeğe	5	3.04	NOT_A_LEMMA
eşlerin	7	3.04	NOT_A_LEMMA
fakirin	7	3.04	NOT_A_LEMMA
fırçayı	7	3.04	NOT_A_LEMMA
gamalı	6	3.04	NOT_A_LEMMA
gazıyla	7	3.04	NOT_A_LEMMA
gelmemi	7	3.04	NOT_A_LEMMA
getirse	7	3.04	NOT_A_LEMMA
giysem	6	3.04	NOT_A_LEMMA
gömüp	5	3.04	NOT_A_LEMMA
göremem	7	3.04	NOT_A_LEMMA
görgülü	7	3.04	NOT_A_LEMMA
göçen	5	3.04	NOT_A_LEMMA
göğsün	6	3.04	NOT_A_LEMMA
güdül	5	3.04	NOT_A_LEMMA
hakında	7	3.04	NOT_A_LEMMA
haltlar	7	3.04	NOT_A_LEMMA
hamurun	7	3.04	NOT_A_LEMMA
hatlara	7	3.04	NOT_A_LEMMA
haşa	4	3.04	NOT_A_NOUN
hedefli	7	3.04	NOT_A_LEMMA
icraatı	7	3.04	NOT_A_LEMMA
ihbarda	7	3.04	NOT_A_LEMMA
ilhamı	6	3.04	NOT_A_LEMMA
indiler	7	3.04	NOT_A_LEMMA
ismimin	7	3.04	NOT_A_LEMMA
kalksam	7	3.04	NOT_A_LEMMA
kaslara	7	3.04	NOT_A_LEMMA
kasrı	5	3.04	NOT_A_LEMMA
katkıyı	7	3.04	NOT_A_LEMMA
kayıkçı	7	3.04	NOT_A_LEMMA
kazıma	6	3.04	NOT_A_LEMMA
kazısı	6	3.04	NOT_A_LEMMA
kisvesi	7	3.04	NOT_A_LEMMA
kolin	5	3.04	NOT_A_LEMMA
konusun	7	3.04	NOT_A_LEMMA
korktun	7	3.04	NOT_A_LEMMA
kotası	6	3.04	NOT_A_LEMMA
kuluna	6	3.04	NOT_A_LEMMA
kusan	5	3.04	NOT_A_LEMMA
kuşattı	7	3.04	NOT_A_LEMMA
köşkün	6	3.04	NOT_A_LEMMA
külah	5	3.04	CIRCUMFLEX
küreği	6	3.04	NOT_A_LEMMA
kızacak	7	3.04	NOT_A_LEMMA
midenin	7	3.04	NOT_A_LEMMA
mimarın	7	3.04	NOT_A_LEMMA
nagehan	7	3.04	NOT_A_NOUN
notası	6	3.04	NOT_A_LEMMA
nutku	5	3.04	NOT_A_LEMMA
okulumu	7	3.04	NOT_A_LEMMA
okurdu	6	3.04	NOT_A_LEMMA
olmamam	7	3.04	NOT_A_LEMMA
pasını	6	3.04	NOT_A_LEMMA
patojen	7	3.04	NOT_A_NOUN
payda	5	3.04	INFLECTED_FORM
pekiyi	6	3.04	ALSO_OTHER_PART_OF_SPEECH
postayı	7	3.04	NOT_A_LEMMA
raddeye	7	3.04	NOT_A_LEMMA
rakibim	7	3.04	NOT_A_LEMMA
satışın	7	3.04	NOT_A_LEMMA
sayınız	7	3.04	NOT_A_LEMMA
semaya	6	3.04	NOT_A_LEMMA
seriler	7	3.04	NOT_A_LEMMA
serim	5	3.04	INFLECTED_FORM
sesiz	5	3.04	NOT_A_LEMMA
sevinen	7	3.04	NOT_A_LEMMA
sikinde	7	3.04	NOT_A_LEMMA
sikme	5	3.04	NOT_A_LEMMA
silmeyi	7	3.04	NOT_A_LEMMA
sise	4	3.04	NOT_A_LEMMA
sofi	4	3.04	NOT_A_NOUN
soluyor	7	3.04	NOT_A_LEMMA
soyuna	6	3.04	NOT_A_LEMMA
stilin	6	3.04	NOT_A_LEMMA
söve	4	3.04	VERB_FORM
sütunlu	7	3.04	NOT_A_LEMMA
sıklık	6	3.04	NOT_A_LEMMA
sıçarım	7	3.04	NOT_A_LEMMA
tanıtın	7	3.04	NOT_A_LEMMA
tapulu	6	3.04	NOT_A_LEMMA
tasması	7	3.04	NOT_A_LEMMA
taşmış	6	3.04	NOT_A_LEMMA
taşıtın	7	3.04	NOT_A_LEMMA
telsizi	7	3.04	NOT_A_LEMMA
teriyle	7	3.04	NOT_A_LEMMA
tescili	7	3.04	NOT_A_LEMMA
timleri	7	3.04	NOT_A_LEMMA
toplara	7	3.04	NOT_A_LEMMA
tutumlu	7	3.04	NOT_A_LEMMA
tünelde	7	3.04	NOT_A_LEMMA
ulaştır	7	3.04	NOT_A_LEMMA
unsurun	7	3.04	NOT_A_LEMMA
uydum	5	3.04	NOT_A_LEMMA
uymayı	6	3.04	NOT_A_LEMMA
uçması	6	3.04	NOT_A_LEMMA
vebali	6	3.04	NOT_A_LEMMA
vermede	7	3.04	NOT_A_LEMMA
yazmalı	7	3.04	NOT_A_LEMMA
yağdığı	7	3.04	NOT_A_LEMMA
yememiz	7	3.04	NOT_A_LEMMA
yeşeren	7	3.04	NOT_A_LEMMA
yiyordu	7	3.04	NOT_A_LEMMA
yırttım	7	3.04	NOT_A_LEMMA
zarları	7	3.04	NOT_A_LEMMA
çakmağı	7	3.04	NOT_A_LEMMA
çalmaz	6	3.04	NOT_A_LEMMA
çanağı	6	3.04	NOT_A_LEMMA
çanlar	6	3.04	NOT_A_LEMMA
çarşafı	7	3.04	NOT_A_LEMMA
çatlağı	7	3.04	NOT_A_LEMMA
çatılı	6	3.04	NOT_A_LEMMA
çevrem	6	3.04	NOT_A_LEMMA
çimlere	7	3.04	NOT_A_LEMMA
çizelim	7	3.04	NOT_A_LEMMA
çoğalma	7	3.04	NOT_A_LEMMA
çözerek	7	3.04	NOT_A_LEMMA
çürüyor	7	3.04	NOT_A_LEMMA
çınarlı	7	3.04	NOT_A_LEMMA
önermiş	7	3.04	NOT_A_LEMMA
önümüzü	7	3.04	NOT_A_LEMMA
övdü	4	3.04	NOT_A_LEMMA
üstsüz	6	3.04	NOT_A_LEMMA
şarjlı	6	3.04	NOT_A_LEMMA
şefinin	7	3.04	NOT_A_LEMMA
şeyhin	6	3.04	NOT_A_LEMMA
şivesi	6	3.04	NOT_A_LEMMA
şubenin	7	3.04	NOT_A_LEMMA
acelen	6	3.03	NOT_A_LEMMA
acemice	7	3.03	NOT_A_LEMMA
acıdım	6	3.03	NOT_A_LEMMA
acıyan	6	3.03	NOT_A_LEMMA
affına	6	3.03	NOT_A_LEMMA
ailesel	7	3.03	NOT_A_LEMMA
almayıp	7	3.03	NOT_A_LEMMA
amine	5	3.03	NOT_A_LEMMA
anımız	6	3.03	NOT_A_LEMMA
araklı	6	3.03	NOT_A_LEMMA
arandı	6	3.03	NOT_A_LEMMA
artsın	6	3.03	NOT_A_LEMMA
asiller	7	3.03	NOT_A_LEMMA
avlanır	7	3.03	NOT_A_LEMMA
ayım	4	3.03	NOT_A_LEMMA
babayla	7	3.03	NOT_A_LEMMA
bandın	6	3.03	NOT_A_LEMMA
bavulu	6	3.03	NOT_A_LEMMA
bedii	5	3.03	ALSO_OTHER_PART_OF_SPEECH
benliği	7	3.03	NOT_A_LEMMA
berrin	6	3.03	NOT_A_LEMMA
biberli	7	3.03	NOT_A_LEMMA
bilinse	7	3.03	NOT_A_LEMMA
bombok	6	3.03	NOT_A_NOUN
botun	5	3.03	NOT_A_LEMMA
bozgun	6	3.03	ALSO_OTHER_PART_OF_SPEECH
bülbülü	7	3.03	NOT_A_LEMMA
cevizin	7	3.03	NOT_A_LEMMA
demesin	7	3.03	NOT_A_LEMMA
denirse	7	3.03	NOT_A_LEMMA
derki	5	3.03	NOT_A_LEMMA
dolarda	7	3.03	NOT_A_LEMMA
duygun	6	3.03	NOT_A_NOUN
döngüye	7	3.03	NOT_A_LEMMA
dörder	6	3.03	NOT_A_NOUN
dövün	5	3.03	NOT_A_LEMMA
ediş	4	3.03	NOT_A_LEMMA
edişi	5	3.03	NOT_A_LEMMA
elenmiş	7	3.03	NOT_A_LEMMA
emilir	6	3.03	NOT_A_LEMMA
engele	6	3.03	NOT_A_LEMMA
enzimi	6	3.03	NOT_A_LEMMA
erkenci	7	3.03	NOT_A_LEMMA
esneme	6	3.03	NOT_A_LEMMA
etmişiz	7	3.03	NOT_A_LEMMA
faizin	6	3.03	NOT_A_LEMMA
fide	4	3.03	INFLECTED_FORM
forumda	7	3.03	NOT_A_LEMMA
geçsek	6	3.03	NOT_A_LEMMA
girsek	6	3.03	NOT_A_LEMMA
göldeki	7	3.03	NOT_A_LEMMA
gömer	5	3.03	NOT_A_LEMMA
halamın	7	3.03	NOT_A_LEMMA
halan	5	3.03	NOT_A_LEMMA
halıyı	6	3.03	NOT_A_LEMMA
hanenin	7	3.03	NOT_A_LEMMA
hayatin	7	3.03	NOT_A_LEMMA
hole	4	3.03	NOT_A_LEMMA
hoyrat	6	3.03	ALSO_OTHER_PART_OF_SPEECH
hunlar	6	3.03	NOT_A_LEMMA
idamını	7	3.03	NOT_A_LEMMA
ikinize	7	3.03	NOT_A_LEMMA
imamlık	7	3.03	NOT_A_LEMMA
içerdim	7	3.03	NOT_A_LEMMA
işti	4	3.03	NOT_A_LEMMA
kaim	4	3.03	NOT_A_NOUN
kargoya	7	3.03	NOT_A_LEMMA
kartta	6	3.03	NOT_A_LEMMA
karıya	6	3.03	NOT_A_LEMMA
katla	5	3.03	NOT_A_LEMMA
kaydım	6	3.03	NOT_A_LEMMA
kaçtın	6	3.03	NOT_A_LEMMA
kediyle	7	3.03	NOT_A_LEMMA
kekin	5	3.03	NOT_A_LEMMA
keseyim	7	3.03	NOT_A_LEMMA
kessin	6	3.03	NOT_A_LEMMA
keçiler	7	3.03	INFLECTED_FORM
kontağı	7	3.03	NOT_A_LEMMA
koysak	6	3.03	NOT_A_LEMMA
koyucu	6	3.03	NOT_A_LEMMA
koşalım	7	3.03	NOT_A_LEMMA
kreması	7	3.03	NOT_A_LEMMA
kucağa	6	3.03	NOT_A_LEMMA
kupayla	7	3.03	NOT_A_LEMMA
kupkuru	7	3.03	NOT_A_NOUN
kurası	6	3.03	NOT_A_LEMMA
köşkler	7	3.03	NOT_A_LEMMA
küçüldü	7	3.03	NOT_A_LEMMA
madara	6	3.03	NOT_A_NOUN
makinem	7	3.03	NOT_A_LEMMA
metale	6	3.03	NOT_A_LEMMA
mükafat	7	3.03	CIRCUMFLEX
mısırı	6	3.03	NOT_A_LEMMA
nedime	6	3.03	INFLECTED_FORM
nüfuzu	6	3.03	NOT_A_LEMMA
okuya	5	3.03	NOT_A_LEMMA
ordayım	7	3.03	NOT_A_LEMMA
payla	5	3.03	NOT_A_LEMMA
rafta	5	3.03	NOT_A_LEMMA
rahime	6	3.03	NOT_A_LEMMA
safına	6	3.03	NOT_A_LEMMA
sanı	4	3.03	INFLECTED_FORM
sayacak	7	3.03	NOT_A_LEMMA
selden	6	3.03	NOT_A_LEMMA
seriyor	7	3.03	NOT_A_LEMMA
severse	7	3.03	NOT_A_LEMMA
sevmeni	7	3.03	NOT_A_LEMMA
sevsem	6	3.03	NOT_A_LEMMA
siste	5	3.03	NOT_A_LEMMA
sitemi	6	3.03	NOT_A_LEMMA
sosunu	6	3.03	NOT_A_LEMMA
soyundu	7	3.03	NOT_A_LEMMA
susup	5	3.03	NOT_A_LEMMA
süzülüp	7	3.03	NOT_A_LEMMA
takması	7	3.03	NOT_A_LEMMA
takınca	7	3.03	NOT_A_LEMMA
tanınma	7	3.03	NOT_A_LEMMA
tarihim	7	3.03	NOT_A_LEMMA
tempoyu	7	3.03	NOT_A_LEMMA
terler	6	3.03	NOT_A_LEMMA
turisti	7	3.03	NOT_A_LEMMA
tutana	6	3.03	NOT_A_LEMMA
uyuduk	6	3.03	NOT_A_LEMMA
uyumuna	7	3.03	NOT_A_LEMMA
uyutmak	7	3.03	NOT_A_LEMMA
uçalım	6	3.03	NOT_A_LEMMA
uçtuğu	6	3.03	NOT_A_LEMMA
uçurumu	7	3.03	NOT_A_LEMMA
uğratma	7	3.03	NOT_A_LEMMA
vadesi	6	3.03	NOT_A_LEMMA
vakanın	7	3.03	NOT_A_LEMMA
varılır	7	3.03	NOT_A_LEMMA
verişi	6	3.03	NOT_A_LEMMA
virüslü	7	3.03	NOT_A_LEMMA
yalman	6	3.03	ALSO_OTHER_PART_OF_SPEECH
yapıtın	7	3.03	NOT_A_LEMMA
yatmam	6	3.03	NOT_A_LEMMA
yayıp	5	3.03	NOT_A_LEMMA
yağa	4	3.03	NOT_A_LEMMA
yağla	5	3.03	NOT_A_LEMMA
yetme	5	3.03	NOT_A_LEMMA
zalimin	7	3.03	NOT_A_LEMMA
zırhını	7	3.03	NOT_A_LEMMA
çabanın	7	3.03	NOT_A_LEMMA
çakıldı	7	3.03	NOT_A_LEMMA
çiftli	6	3.03	NOT_A_LEMMA
çizin	5	3.03	NOT_A_LEMMA
çözünen	7	3.03	NOT_A_LEMMA
önemser	7	3.03	NOT_A_LEMMA
öpecek	6	3.03	NOT_A_LEMMA
örneğe	6	3.03	NOT_A_LEMMA
ünden	5	3.03	NOT_A_LEMMA
üstel	5	3.03	NOT_A_NOUN
şeride	6	3.03	NOT_A_LEMMA
şovlar	6	3.03	NOT_A_LEMMA
şovunda	7	3.03	NOT_A_LEMMA
şubede	6	3.03	NOT_A_LEMMA
ahde	4	3.02	NOT_A_LEMMA
alete	5	3.02	NOT_A_LEMMA
arsayı	6	3.02	NOT_A_LEMMA
arılara	7	3.02	NOT_A_LEMMA
atarsam	7	3.02	NOT_A_LEMMA
attıran	7	3.02	NOT_A_LEMMA
ayetten	7	3.02	NOT_A_LEMMA
ayracı	6	3.02	NOT_A_LEMMA
azmini	6	3.02	NOT_A_LEMMA
açarsa	6	3.02	NOT_A_LEMMA
açsa	4	3.02	NOT_A_LEMMA
basalım	7	3.02	NOT_A_LEMMA
batıyı	6	3.02	NOT_A_LEMMA
bağımız	7	3.02	NOT_A_LEMMA
bensem	6	3.02	NOT_A_LEMMA
beze	4	3.02	VERB_FORM
bezinin	7	3.02	NOT_A_LEMMA
bizse	5	3.02	NOT_A_LEMMA
boyandı	7	3.02	NOT_A_LEMMA
buluta	6	3.02	NOT_A_LEMMA
burslar	7	3.02	NOT_A_LEMMA
coşar	5	3.02	NOT_A_LEMMA
dayatma	7	3.02	NOT_A_LEMMA
delile	6	3.02	NOT_A_LEMMA
dereyi	6	3.02	NOT_A_LEMMA
devirip	7	3.02	NOT_A_LEMMA
dikin	5	3.02	NOT_A_LEMMA
dileğin	7	3.02	NOT_A_LEMMA
dipten	6	3.02	NOT_A_LEMMA
dire	4	3.02	NOT_A_LEMMA
doğrul	6	3.02	NOT_A_LEMMA
dökelim	7	3.02	NOT_A_LEMMA
dönmeme	7	3.02	NOT_A_LEMMA
düşe	4	3.02	NOT_A_LEMMA
edepli	6	3.02	NOT_A_NOUN
egoist	6	3.02	NOT_A_NOUN
ehlinin	7	3.02	NOT_A_LEMMA
emindi	6	3.02	NOT_A_LEMMA
emindir	7	3.02	NOT_A_LEMMA
enkazın	7	3.02	NOT_A_LEMMA
esaslar	7	3.02	NOT_A_LEMMA
eğiten	6	3.02	NOT_A_LEMMA
filli	5	3.02	NOT_A_LEMMA
flama	5	3.02	CIRCUMFLEX
geçsem	6	3.02	NOT_A_LEMMA
gönlün	6	3.02	NOT_A_LEMMA
göstere	7	3.02	NOT_A_LEMMA
gübresi	7	3.02	NOT_A_LEMMA
güneyin	7	3.02	NOT_A_LEMMA
hayırla	7	3.02	NOT_A_LEMMA
hazzın	6	3.02	NOT_A_LEMMA
heceli	6	3.02	NOT_A_LEMMA
hevesim	7	3.02	NOT_A_LEMMA
hüzünle	7	3.02	NOT_A_LEMMA
inciten	7	3.02	NOT_A_LEMMA
irin	4	3.02	VERB_FORM
isti	4	3.02	NOT_A_LEMMA
içsin	5	3.02	NOT_A_LEMMA
iğneli	6	3.02	NOT_A_LEMMA
işimde	6	3.02	NOT_A_LEMMA
jantlar	7	3.02	NOT_A_LEMMA
kadarla	7	3.02	NOT_A_LEMMA
kasede	6	3.02	NOT_A_LEMMA
kayacı	6	3.02	NOT_A_LEMMA
kaymaz	6	3.02	NOT_A_LEMMA
kaçarım	7	3.02	NOT_A_LEMMA
kedimi	6	3.02	NOT_A_LEMMA
kerimi	6	3.02	NOT_A_LEMMA
kilden	6	3.02	NOT_A_LEMMA
kolumuz	7	3.02	NOT_A_LEMMA
koluyla	7	3.02	NOT_A_LEMMA
konarak	7	3.02	NOT_A_LEMMA
koparak	7	3.02	NOT_A_LEMMA
koton	5	3.02	NOT_A_NOUN
krizle	6	3.02	NOT_A_LEMMA
kuleyi	6	3.02	NOT_A_LEMMA
kulum	5	3.02	NOT_A_LEMMA
kulüple	7	3.02	NOT_A_LEMMA
kumaşın	7	3.02	NOT_A_LEMMA
kumla	5	3.02	VERB_FORM
kustum	6	3.02	NOT_A_LEMMA
kuştur	6	3.02	NOT_A_LEMMA
kökünün	7	3.02	NOT_A_LEMMA
mele	4	3.02	NOT_A_LEMMA
metroyu	7	3.02	NOT_A_LEMMA
metruk	6	3.02	ALSO_OTHER_PART_OF_SPEECH
mirasçı	7	3.02	NOT_A_LEMMA
morga	5	3.02	NOT_A_LEMMA
mülkünü	7	3.02	NOT_A_LEMMA
müzmin	6	3.02	NOT_A_NOUN
nala	4	3.02	NOT_A_LEMMA
narlı	5	3.02	NOT_A_LEMMA
nefise	6	3.02	NOT_A_LEMMA
odan	4	3.02	NOT_A_LEMMA
okurdum	7	3.02	NOT_A_LEMMA
okşuyor	7	3.02	NOT_A_LEMMA
ovaları	7	3.02	NOT_A_LEMMA
oynattı	7	3.02	NOT_A_LEMMA
pasajı	6	3.02	NOT_A_LEMMA
pekmezi	7	3.02	NOT_A_LEMMA
polisim	7	3.02	NOT_A_LEMMA
potada	6	3.02	NOT_A_LEMMA
raporla	7	3.02	NOT_A_LEMMA
sabrını	7	3.02	NOT_A_LEMMA
sakızlı	7	3.02	NOT_A_LEMMA
saplar	6	3.02	NOT_A_LEMMA
sarkıt	6	3.02	VERB_FORM
sarmaş	6	3.02	NOT_A_LEMMA
satalım	7	3.02	NOT_A_LEMMA
satımı	6	3.02	NOT_A_LEMMA
sekizde	7	3.02	NOT_A_LEMMA
senim	5	3.02	NOT_A_LEMMA
seçmeyi	7	3.02	NOT_A_LEMMA
seçsin	6	3.02	NOT_A_LEMMA
sokulur	7	3.02	NOT_A_LEMMA
sonlar	6	3.02	NOT_A_LEMMA
soğuksu	7	3.02	NOT_A_LEMMA
susadım	7	3.02	NOT_A_LEMMA
söndür	6	3.02	NOT_A_LEMMA
sözüdür	7	3.02	NOT_A_LEMMA
sürüye	6	3.02	NOT_A_LEMMA
sızar	5	3.02	NOT_A_LEMMA
tabakta	7	3.02	NOT_A_LEMMA
tanrılı	7	3.02	NOT_A_LEMMA
tekniğe	7	3.02	NOT_A_LEMMA
tezgaha	7	3.02	NOT_A_LEMMA
topta	5	3.02	NOT_A_LEMMA
toru	4	3.02	NOT_A_LEMMA
turdan	6	3.02	NOT_A_LEMMA
tutunan	7	3.02	NOT_A_LEMMA
tuzun	5	3.02	NOT_A_LEMMA
tüfekli	7	3.02	NOT_A_LEMMA
türedi	6	3.02	NOT_A_NOUN
ucuzluk	7	3.02	NOT_A_LEMMA
umduğum	7	3.02	NOT_A_LEMMA
utanır	6	3.02	NOT_A_LEMMA
uyanışı	7	3.02	NOT_A_LEMMA
uçlarda	7	3.02	NOT_A_LEMMA
uçuştan	7	3.02	NOT_A_LEMMA
uğramaz	7	3.02	NOT_A_LEMMA
vadiyi	6	3.02	NOT_A_LEMMA
vakur	5	3.02	NOT_A_NOUN
valim	5	3.02	NOT_A_LEMMA
vararak	7	3.02	NOT_A_LEMMA
veledi	6	3.02	NOT_A_LEMMA
vitese	6	3.02	NOT_A_LEMMA
yakına	6	3.02	NOT_A_LEMMA
yanımı	6	3.02	NOT_A_LEMMA
yarıldı	7	3.02	NOT_A_LEMMA
yaşan	5	3.02	NOT_A_LEMMA
yenidir	7	3.02	NOT_A_LEMMA
yeşilli	7	3.02	NOT_A_LEMMA
yorar	5	3.02	NOT_A_LEMMA
yuman	5	3.02	NOT_A_LEMMA
yönetip	7	3.02	NOT_A_LEMMA
yüzümüz	7	3.02	NOT_A_LEMMA
yıkın	5	3.02	NOT_A_LEMMA
yıllığı	7	3.02	NOT_A_LEMMA
yığılma	7	3.02	NOT_A_LEMMA
zevkim	6	3.02	NOT_A_LEMMA
zihnimi	7	3.02	NOT_A_LEMMA
çakıyor	7	3.02	NOT_A_LEMMA
çandır	6	3.02	NOT_A_NOUN
çantam	6	3.02	NOT_A_LEMMA
çekiçle	7	3.02	NOT_A_LEMMA
çekişli	7	3.02	NOT_A_LEMMA
çileli	6	3.02	NOT_A_LEMMA
çizmeyi	7	3.02	NOT_A_LEMMA
çubuğun	7	3.02	NOT_A_LEMMA
çöplüğü	7	3.02	NOT_A_LEMMA
ölmüşüm	7	3.02	NOT_A_LEMMA
ölüden	6	3.02	NOT_A_LEMMA
ölüyüm	6	3.02	NOT_A_LEMMA
örtünün	7	3.02	NOT_A_LEMMA
övünen	6	3.02	NOT_A_LEMMA
özensiz	7	3.02	NOT_A_LEMMA
üremek	6	3.02	NOT_A_NOUN
üzüldün	7	3.02	NOT_A_LEMMA
ışıma	5	3.02	NOT_A_LEMMA
şaire	5	3.02	INFLECTED_FORM
şuurlu	6	3.02	NOT_A_LEMMA
adar	4	3.01	NOT_A_LEMMA
ahmakça	7	3.01	NOT_A_LEMMA
akkor	5	3.01	NOT_A_NOUN
almasa	6	3.01	NOT_A_LEMMA
alışır	6	3.01	NOT_A_LEMMA
andırır	7	3.01	NOT_A_LEMMA
aparatı	7	3.01	NOT_A_LEMMA
aptala	6	3.01	NOT_A_LEMMA
aslının	7	3.01	NOT_A_LEMMA
avuca	5	3.01	NOT_A_LEMMA
aydının	7	3.01	NOT_A_LEMMA
azabını	7	3.01	NOT_A_LEMMA
açarsan	7	3.01	NOT_A_LEMMA
açmalı	6	3.01	NOT_A_LEMMA
açıda	5	3.01	NOT_A_LEMMA
ağca	4	3.01	NOT_A_LEMMA
ağıza	5	3.01	NOT_A_LEMMA
bakarsa	7	3.01	NOT_A_LEMMA
ballıca	7	3.01	NOT_A_LEMMA
balosu	6	3.01	NOT_A_LEMMA
bağlıca	7	3.01	NOT_A_LEMMA
başarıp	7	3.01	NOT_A_LEMMA
berbere	7	3.01	NOT_A_LEMMA
bilete	6	3.01	NOT_A_LEMMA
binmesi	7	3.01	NOT_A_LEMMA
bitenin	7	3.01	NOT_A_LEMMA
boyayıp	7	3.01	NOT_A_LEMMA
bölmeli	7	3.01	NOT_A_LEMMA
cevapta	7	3.01	NOT_A_LEMMA
civelek	7	3.01	ALSO_OTHER_PART_OF_SPEECH
dalışı	6	3.01	NOT_A_LEMMA
damgalı	7	3.01	NOT_A_LEMMA
dargın	6	3.01	NOT_A_NOUN
dayanıp	7	3.01	NOT_A_LEMMA
denesin	7	3.01	NOT_A_LEMMA
derecik	7	3.01	NOT_A_LEMMA
dermiş	6	3.01	NOT_A_LEMMA
deyiz	5	3.01	NOT_A_LEMMA
diktik	6	3.01	NOT_A_LEMMA
dosttur	7	3.01	NOT_A_LEMMA
duasına	7	3.01	NOT_A_LEMMA
egeli	5	3.01	NOT_A_LEMMA
ekersen	7	3.01	NOT_A_LEMMA
ekledik	7	3.01	NOT_A_LEMMA
emridir	7	3.01	NOT_A_LEMMA
erdemi	6	3.01	NOT_A_LEMMA
erince	6	3.01	NOT_A_LEMMA
erkekçe	7	3.01	NOT_A_LEMMA
esareti	7	3.01	NOT_A_LEMMA
eteğin	6	3.01	NOT_A_LEMMA
eğlenme	7	3.01	NOT_A_LEMMA
faizli	6	3.01	NOT_A_LEMMA
fazı	4	3.01	NOT_A_LEMMA
fenerin	7	3.01	NOT_A_LEMMA
fotolar	7	3.01	NOT_A_LEMMA
futsal	6	3.01	NOT_A_LEMMA
gerildi	7	3.01	NOT_A_LEMMA
gidiniz	7	3.01	NOT_A_LEMMA
girerdi	7	3.01	NOT_A_LEMMA
giyinir	7	3.01	NOT_A_LEMMA
giymem	6	3.01	NOT_A_LEMMA
göğüste	7	3.01	NOT_A_LEMMA
günüme	6	3.01	NOT_A_LEMMA
hasım	5	3.01	INFLECTED_FORM
haznesi	7	3.01	NOT_A_LEMMA
hukukla	7	3.01	NOT_A_LEMMA
hüseyni	7	3.01	CIRCUMFLEX
hıyarın	7	3.01	NOT_A_LEMMA
idmana	6	3.01	NOT_A_LEMMA
inmedi	6	3.01	NOT_A_LEMMA
ipekten	7	3.01	NOT_A_LEMMA
itilmiş	7	3.01	NOT_A_LEMMA
iğneden	7	3.01	NOT_A_LEMMA
iğnenin	7	3.01	NOT_A_LEMMA
işimden	7	3.01	NOT_A_LEMMA
kalktın	7	3.01	NOT_A_LEMMA
karımla	7	3.01	NOT_A_LEMMA
kassam	6	3.01	NOT_A_LEMMA
kayası	6	3.01	NOT_A_LEMMA
kazana	6	3.01	NOT_A_LEMMA
keseriz	7	3.01	NOT_A_LEMMA
kilom	5	3.01	NOT_A_LEMMA
kimyevi	7	3.01	CIRCUMFLEX
kirin	5	3.01	NOT_A_LEMMA
kolaysa	7	3.01	NOT_A_LEMMA
konmak	6	3.01	NOT_A_NOUN
kovası	6	3.01	NOT_A_LEMMA
koymadı	7	3.01	NOT_A_LEMMA
koyman	6	3.01	NOT_A_LEMMA
kucakta	7	3.01	NOT_A_NOUN
kupadan	7	3.01	NOT_A_LEMMA
kuşunu	6	3.01	NOT_A_LEMMA
köfteci	7	3.01	NOT_A_LEMMA
küçülme	7	3.01	NOT_A_LEMMA
kılmaz	6	3.01	NOT_A_LEMMA
kızılca	7	3.01	NOT_A_LEMMA
lehçesi	7	3.01	NOT_A_LEMMA
limitli	7	3.01	NOT_A_LEMMA
losyonu	7	3.01	NOT_A_LEMMA
makasla	7	3.01	NOT_A_LEMMA
malının	7	3.01	NOT_A_LEMMA
marşlar	7	3.01	NOT_A_LEMMA
modanın	7	3.01	NOT_A_LEMMA
morluk	6	3.01	NOT_A_LEMMA
müspet	6	3.01	NOT_A_NOUN
mısırda	7	3.01	NOT_A_LEMMA
objesi	6	3.01	NOT_A_LEMMA
odunsu	6	3.01	NOT_A_LEMMA
okşayan	7	3.01	NOT_A_LEMMA
paranla	7	3.01	NOT_A_LEMMA
parla	5	3.01	NOT_A_LEMMA
pedalı	6	3.01	NOT_A_LEMMA
pişir	5	3.01	NOT_A_LEMMA
puta	4	3.01	NOT_A_LEMMA
radyoya	7	3.01	NOT_A_LEMMA
rahmine	7	3.01	NOT_A_LEMMA
resulü	6	3.01	NOT_A_LEMMA
revire	6	3.01	NOT_A_LEMMA
rotada	6	3.01	NOT_A_LEMMA
ruhudur	7	3.01	NOT_A_LEMMA
salçalı	7	3.01	NOT_A_LEMMA
sanmak	6	3.01	NOT_A_NOUN
sapları	7	3.01	NOT_A_LEMMA
sapması	7	3.01	NOT_A_LEMMA
satmaz	6	3.01	NOT_A_LEMMA
savcıyı	7	3.01	NOT_A_LEMMA
saçımın	7	3.01	NOT_A_LEMMA
sigaram	7	3.01	NOT_A_LEMMA
soktuk	6	3.01	NOT_A_LEMMA
somalı	6	3.01	NOT_A_LEMMA
sopayı	6	3.01	NOT_A_LEMMA
sorsak	6	3.01	NOT_A_LEMMA
soğur	5	3.01	NOT_A_LEMMA
sularla	7	3.01	NOT_A_LEMMA
susacak	7	3.01	NOT_A_LEMMA
sürümün	7	3.01	NOT_A_LEMMA
sıçmak	6	3.01	NOT_A_NOUN
tasa	4	3.01	INFLECTED_FORM
telini	6	3.01	NOT_A_LEMMA
tellere	7	3.01	NOT_A_LEMMA
tutsa	5	3.01	NOT_A_LEMMA
uzama	5	3.01	NOT_A_LEMMA
uçlar	5	3.01	NOT_A_LEMMA
vereni	6	3.01	NOT_A_LEMMA
vermese	7	3.01	NOT_A_LEMMA
yaram	5	3.01	NOT_A_LEMMA
yazarsa	7	3.01	NOT_A_LEMMA
yağlama	7	3.01	NOT_A_LEMMA
yumak	5	3.01	ALSO_OTHER_PART_OF_SPEECH
yüküne	6	3.01	NOT_A_LEMMA
yıkayan	7	3.01	NOT_A_LEMMA
yılla	5	3.01	NOT_A_LEMMA
zabit	5	3.01	ALSO_OTHER_PART_OF_SPEECH
zahiri	6	3.01	NOT_A_NOUN
zamansa	7	3.01	NOT_A_LEMMA
zorun	5	3.01	NOT_A_LEMMA
çatıştı	7	3.01	NOT_A_LEMMA
çayımı	6	3.01	NOT_A_LEMMA
çekse	5	3.01	NOT_A_LEMMA
ölçüsüz	7	3.01	NOT_A_LEMMA
ölüsünü	7	3.01	NOT_A_LEMMA
öpmeyi	6	3.01	NOT_A_LEMMA
övgüyü	6	3.01	NOT_A_LEMMA
özün	4	3.01	NOT_A_LEMMA
özünden	7	3.01	NOT_A_LEMMA
ülkeni	6	3.01	NOT_A_LEMMA
üyeliğe	7	3.01	NOT_A_LEMMA
üzümcü	6	3.01	NOT_A_LEMMA
şanstır	7	3.01	NOT_A_LEMMA
şapkayı	7	3.01	NOT_A_LEMMA
şeriata	7	3.01	NOT_A_LEMMA
şeritte	7	3.01	NOT_A_LEMMA
